2026-05-08T10:44:08.636045Z  INFO tailwindcss_oxide::scanner: Provided sources:
2026-05-08T10:44:08.636096Z  INFO tailwindcss_oxide::scanner: Source: PublicSourceEntry { base: "/home/afdal/Laboratorium/PROJECT/extensionadminaksent", pattern: "**/*", negated: false }
2026-05-08T10:44:08.636160Z  INFO tailwindcss_oxide::scanner: Optimized sources:
2026-05-08T10:44:08.636168Z  INFO tailwindcss_oxide::scanner: Source: Auto { base: "/home/afdal/Laboratorium/PROJECT/extensionadminaksent" }
2026-05-08T10:44:11.164890Z  INFO tailwindcss_oxide::scanner: Provided sources:
2026-05-08T10:44:11.164943Z  INFO tailwindcss_oxide::scanner: Source: PublicSourceEntry { base: "/home/afdal/Laboratorium/PROJECT/extensionadminaksent", pattern: "**/*", negated: false }
2026-05-08T10:44:11.164990Z  INFO tailwindcss_oxide::scanner: Optimized sources:
2026-05-08T10:44:11.165000Z  INFO tailwindcss_oxide::scanner: Source: Auto { base: "/home/afdal/Laboratorium/PROJECT/extensionadminaksent" }
2026-05-08T10:44:11.165179Z  INFO scan_sources: tailwindcss_oxide::scanner: enter
2026-05-08T10:44:11.165960Z  INFO scan_sources: tailwindcss_oxide::scanner: Discovering "/home/afdal/Laboratorium/PROJECT/extensionadminaksent/index.html"
2026-05-08T10:44:11.166108Z  INFO scan_sources: tailwindcss_oxide::scanner: Discovering "/home/afdal/Laboratorium/PROJECT/extensionadminaksent/tailwind.config.js"
2026-05-08T10:44:11.166149Z  INFO scan_sources: tailwindcss_oxide::scanner: Discovering "/home/afdal/Laboratorium/PROJECT/extensionadminaksent/.browserslistrc"
2026-05-08T10:44:11.166186Z  INFO scan_sources: tailwindcss_oxide::scanner: Discovering "/home/afdal/Laboratorium/PROJECT/extensionadminaksent/scripts"
2026-05-08T10:44:11.166263Z  INFO scan_sources: tailwindcss_oxide::scanner: Discovering "/home/afdal/Laboratorium/PROJECT/extensionadminaksent/scripts/modify-typeorm.cjs"
2026-05-08T10:44:11.166312Z  INFO scan_sources: tailwindcss_oxide::scanner: Discovering "/home/afdal/Laboratorium/PROJECT/extensionadminaksent/cypress"
2026-05-08T10:44:11.166384Z  INFO scan_sources: tailwindcss_oxide::scanner: Discovering "/home/afdal/Laboratorium/PROJECT/extensionadminaksent/cypress/fixtures"
2026-05-08T10:44:11.166446Z  INFO scan_sources: tailwindcss_oxide::scanner: Discovering "/home/afdal/Laboratorium/PROJECT/extensionadminaksent/cypress/fixtures/example.json"
2026-05-08T10:44:11.166504Z  INFO scan_sources: tailwindcss_oxide::scanner: Discovering "/home/afdal/Laboratorium/PROJECT/extensionadminaksent/cypress/e2e"
2026-05-08T10:44:11.166577Z  INFO scan_sources: tailwindcss_oxide::scanner: Discovering "/home/afdal/Laboratorium/PROJECT/extensionadminaksent/cypress/e2e/test.cy.ts"
2026-05-08T10:44:11.166618Z  INFO scan_sources: tailwindcss_oxide::scanner: Discovering "/home/afdal/Laboratorium/PROJECT/extensionadminaksent/cypress/support"
2026-05-08T10:44:11.166687Z  INFO scan_sources: tailwindcss_oxide::scanner: Discovering "/home/afdal/Laboratorium/PROJECT/extensionadminaksent/cypress/support/e2e.ts"
2026-05-08T10:44:11.166719Z  INFO scan_sources: tailwindcss_oxide::scanner: Discovering "/home/afdal/Laboratorium/PROJECT/extensionadminaksent/cypress/support/commands.ts"
2026-05-08T10:44:11.167003Z  INFO scan_sources: tailwindcss_oxide::scanner: Discovering "/home/afdal/Laboratorium/PROJECT/extensionadminaksent/.vscode"
2026-05-08T10:44:11.167106Z  INFO scan_sources: tailwindcss_oxide::scanner: Discovering "/home/afdal/Laboratorium/PROJECT/extensionadminaksent/.vscode/extensions.json"
2026-05-08T10:44:11.167683Z  INFO scan_sources: tailwindcss_oxide::scanner: Discovering "/home/afdal/Laboratorium/PROJECT/extensionadminaksent/readme.md"
2026-05-08T10:44:11.167750Z  INFO scan_sources: tailwindcss_oxide::scanner: Discovering "/home/afdal/Laboratorium/PROJECT/extensionadminaksent/src"
2026-05-08T10:44:11.167842Z  INFO scan_sources: tailwindcss_oxide::scanner: Discovering "/home/afdal/Laboratorium/PROJECT/extensionadminaksent/src/hook"
2026-05-08T10:44:11.167915Z  INFO scan_sources: tailwindcss_oxide::scanner: Discovering "/home/afdal/Laboratorium/PROJECT/extensionadminaksent/src/hook/share-target.ts"
2026-05-08T10:44:11.167978Z  INFO scan_sources: tailwindcss_oxide::scanner: Discovering "/home/afdal/Laboratorium/PROJECT/extensionadminaksent/src/hook/requests"
2026-05-08T10:44:11.168047Z  INFO scan_sources: tailwindcss_oxide::scanner: Discovering "/home/afdal/Laboratorium/PROJECT/extensionadminaksent/src/hook/requests/customer.ts"
2026-05-08T10:44:11.168107Z  INFO scan_sources: tailwindcss_oxide::scanner: Discovering "/home/afdal/Laboratorium/PROJECT/extensionadminaksent/src/components"
2026-05-08T10:44:11.168172Z  INFO scan_sources: tailwindcss_oxide::scanner: Discovering "/home/afdal/Laboratorium/PROJECT/extensionadminaksent/src/components/ExploreContainer.css"
2026-05-08T10:44:11.168211Z  INFO scan_sources: tailwindcss_oxide::scanner: Discovering "/home/afdal/Laboratorium/PROJECT/extensionadminaksent/src/components/customer"
2026-05-08T10:44:11.168275Z  INFO scan_sources: tailwindcss_oxide::scanner: Discovering "/home/afdal/Laboratorium/PROJECT/extensionadminaksent/src/components/customer/SelectCustomer.tsx"
2026-05-08T10:44:11.168312Z  INFO scan_sources: tailwindcss_oxide::scanner: Discovering "/home/afdal/Laboratorium/PROJECT/extensionadminaksent/src/components/customer/PaymentDetailCustomer.tsx"
2026-05-08T10:44:11.168345Z  INFO scan_sources: tailwindcss_oxide::scanner: Discovering "/home/afdal/Laboratorium/PROJECT/extensionadminaksent/src/components/customer/DetailCardCustomer.tsx"
2026-05-08T10:44:11.168395Z  INFO scan_sources: tailwindcss_oxide::scanner: Discovering "/home/afdal/Laboratorium/PROJECT/extensionadminaksent/src/components/input"
2026-05-08T10:44:11.168457Z  INFO scan_sources: tailwindcss_oxide::scanner: Discovering "/home/afdal/Laboratorium/PROJECT/extensionadminaksent/src/components/input/DateTimeInputText.tsx"
2026-05-08T10:44:11.172797Z  INFO scan_sources: tailwindcss_oxide::scanner: Discovering "/home/afdal/Laboratorium/PROJECT/extensionadminaksent/src/components/input/DateTimeInput.tsx"
2026-05-08T10:44:11.173404Z  INFO scan_sources: tailwindcss_oxide::scanner: Discovering "/home/afdal/Laboratorium/PROJECT/extensionadminaksent/src/components/input/ImagePicker.tsx"
2026-05-08T10:44:11.173759Z  INFO scan_sources: tailwindcss_oxide::scanner: Discovering "/home/afdal/Laboratorium/PROJECT/extensionadminaksent/src/components/layout"
2026-05-08T10:44:11.173963Z  INFO scan_sources: tailwindcss_oxide::scanner: Discovering "/home/afdal/Laboratorium/PROJECT/extensionadminaksent/src/components/layout/BaseLayout.tsx"
2026-05-08T10:44:11.174062Z  INFO scan_sources: tailwindcss_oxide::scanner: Discovering "/home/afdal/Laboratorium/PROJECT/extensionadminaksent/src/components/list"
2026-05-08T10:44:11.174136Z  INFO scan_sources: tailwindcss_oxide::scanner: Discovering "/home/afdal/Laboratorium/PROJECT/extensionadminaksent/src/components/list/DataList.tsx"
2026-05-08T10:44:11.174167Z  INFO scan_sources: tailwindcss_oxide::scanner: Discovering "/home/afdal/Laboratorium/PROJECT/extensionadminaksent/src/components/list/DataListScrolling.tsx"
2026-05-08T10:44:11.175391Z  INFO scan_sources: tailwindcss_oxide::scanner: Discovering "/home/afdal/Laboratorium/PROJECT/extensionadminaksent/src/components/ExploreContainer.tsx"
2026-05-08T10:44:11.175459Z  INFO scan_sources: tailwindcss_oxide::scanner: Discovering "/home/afdal/Laboratorium/PROJECT/extensionadminaksent/src/components/toolbars"
2026-05-08T10:44:11.175592Z  INFO scan_sources: tailwindcss_oxide::scanner: Discovering "/home/afdal/Laboratorium/PROJECT/extensionadminaksent/src/components/toolbars/HeaderFilterChip.tsx"
2026-05-08T10:44:11.175640Z  INFO scan_sources: tailwindcss_oxide::scanner: Discovering "/home/afdal/Laboratorium/PROJECT/extensionadminaksent/src/components/toolbars/TextSearch.tsx"
2026-05-08T10:44:11.175712Z  INFO scan_sources: tailwindcss_oxide::scanner: Discovering "/home/afdal/Laboratorium/PROJECT/extensionadminaksent/src/theme"
2026-05-08T10:44:11.175815Z  INFO scan_sources: tailwindcss_oxide::scanner: Discovering "/home/afdal/Laboratorium/PROJECT/extensionadminaksent/src/theme/variables.css"
2026-05-08T10:44:11.175857Z  INFO scan_sources: tailwindcss_oxide::scanner: Discovering "/home/afdal/Laboratorium/PROJECT/extensionadminaksent/src/theme/global.css"
2026-05-08T10:44:11.175916Z  INFO scan_sources: tailwindcss_oxide::scanner: Discovering "/home/afdal/Laboratorium/PROJECT/extensionadminaksent/src/App.tsx"
2026-05-08T10:44:11.175974Z  INFO scan_sources: tailwindcss_oxide::scanner: Discovering "/home/afdal/Laboratorium/PROJECT/extensionadminaksent/src/utils"
2026-05-08T10:44:11.176047Z  INFO scan_sources: tailwindcss_oxide::scanner: Discovering "/home/afdal/Laboratorium/PROJECT/extensionadminaksent/src/utils/cookie.ts"
2026-05-08T10:44:11.176078Z  INFO scan_sources: tailwindcss_oxide::scanner: Discovering "/home/afdal/Laboratorium/PROJECT/extensionadminaksent/src/utils/helpers.ts"
2026-05-08T10:44:11.176121Z  INFO scan_sources: tailwindcss_oxide::scanner: Discovering "/home/afdal/Laboratorium/PROJECT/extensionadminaksent/src/utils/payment.ts"
2026-05-08T10:44:11.176172Z  INFO scan_sources: tailwindcss_oxide::scanner: Discovering "/home/afdal/Laboratorium/PROJECT/extensionadminaksent/src/vite-env.d.ts"
2026-05-08T10:44:11.176212Z  INFO scan_sources: tailwindcss_oxide::scanner: Discovering "/home/afdal/Laboratorium/PROJECT/extensionadminaksent/src/App.test.tsx"
2026-05-08T10:44:11.176244Z  INFO scan_sources: tailwindcss_oxide::scanner: Discovering "/home/afdal/Laboratorium/PROJECT/extensionadminaksent/src/setupTests.ts"
2026-05-08T10:44:11.176289Z  INFO scan_sources: tailwindcss_oxide::scanner: Discovering "/home/afdal/Laboratorium/PROJECT/extensionadminaksent/src/databases"
2026-05-08T10:44:11.176423Z  INFO scan_sources: tailwindcss_oxide::scanner: Discovering "/home/afdal/Laboratorium/PROJECT/extensionadminaksent/src/databases/migrations"
2026-05-08T10:44:11.178370Z  INFO scan_sources: tailwindcss_oxide::scanner: Discovering "/home/afdal/Laboratorium/PROJECT/extensionadminaksent/src/databases/migrations/1772192135876-Init.ts"
2026-05-08T10:44:11.178659Z  INFO scan_sources: tailwindcss_oxide::scanner: Discovering "/home/afdal/Laboratorium/PROJECT/extensionadminaksent/src/databases/data-source.cli.ts"
2026-05-08T10:44:11.178915Z  INFO scan_sources: tailwindcss_oxide::scanner: Discovering "/home/afdal/Laboratorium/PROJECT/extensionadminaksent/src/databases/sqlite-params.ts"
2026-05-08T10:44:11.179080Z  INFO scan_sources: tailwindcss_oxide::scanner: Discovering "/home/afdal/Laboratorium/PROJECT/extensionadminaksent/src/databases/entities"
2026-05-08T10:44:11.179261Z  INFO scan_sources: tailwindcss_oxide::scanner: Discovering "/home/afdal/Laboratorium/PROJECT/extensionadminaksent/src/databases/entities/payment-customer.ts"
2026-05-08T10:44:11.179435Z  INFO scan_sources: tailwindcss_oxide::scanner: Discovering "/home/afdal/Laboratorium/PROJECT/extensionadminaksent/src/databases/data-source.runtime.ts"
2026-05-08T10:44:11.179609Z  INFO scan_sources: tailwindcss_oxide::scanner: Discovering "/home/afdal/Laboratorium/PROJECT/extensionadminaksent/src/databases/utilities.ts"
2026-05-08T10:44:11.179782Z  INFO scan_sources: tailwindcss_oxide::scanner: Discovering "/home/afdal/Laboratorium/PROJECT/extensionadminaksent/src/types"
2026-05-08T10:44:11.179961Z  INFO scan_sources: tailwindcss_oxide::scanner: Discovering "/home/afdal/Laboratorium/PROJECT/extensionadminaksent/src/types/customer.ts"
2026-05-08T10:44:11.182587Z  INFO scan_sources: tailwindcss_oxide::scanner: Discovering "/home/afdal/Laboratorium/PROJECT/extensionadminaksent/src/pages"
2026-05-08T10:44:11.182699Z  INFO scan_sources: tailwindcss_oxide::scanner: Discovering "/home/afdal/Laboratorium/PROJECT/extensionadminaksent/src/pages/Customer"
2026-05-08T10:44:11.182767Z  INFO scan_sources: tailwindcss_oxide::scanner: Discovering "/home/afdal/Laboratorium/PROJECT/extensionadminaksent/src/pages/Customer/Customer.tsx"
2026-05-08T10:44:11.182806Z  INFO scan_sources: tailwindcss_oxide::scanner: Discovering "/home/afdal/Laboratorium/PROJECT/extensionadminaksent/src/pages/Customer/Customer.example"
2026-05-08T10:44:11.182850Z  INFO scan_sources: tailwindcss_oxide::scanner: Discovering "/home/afdal/Laboratorium/PROJECT/extensionadminaksent/src/pages/Home"
2026-05-08T10:44:11.182925Z  INFO scan_sources: tailwindcss_oxide::scanner: Discovering "/home/afdal/Laboratorium/PROJECT/extensionadminaksent/src/pages/Home/Home.css"
2026-05-08T10:44:11.182960Z  INFO scan_sources: tailwindcss_oxide::scanner: Discovering "/home/afdal/Laboratorium/PROJECT/extensionadminaksent/src/pages/Home/Home.tsx"
2026-05-08T10:44:11.183003Z  INFO scan_sources: tailwindcss_oxide::scanner: Discovering "/home/afdal/Laboratorium/PROJECT/extensionadminaksent/src/pages/Validation"
2026-05-08T10:44:11.183062Z  INFO scan_sources: tailwindcss_oxide::scanner: Discovering "/home/afdal/Laboratorium/PROJECT/extensionadminaksent/src/pages/Validation/ValidationPage.tsx"
2026-05-08T10:44:11.183104Z  INFO scan_sources: tailwindcss_oxide::scanner: Discovering "/home/afdal/Laboratorium/PROJECT/extensionadminaksent/src/pages/Unpaid"
2026-05-08T10:44:11.183159Z  INFO scan_sources: tailwindcss_oxide::scanner: Discovering "/home/afdal/Laboratorium/PROJECT/extensionadminaksent/src/pages/Unpaid/Unpaid.tsx"
2026-05-08T10:44:11.183199Z  INFO scan_sources: tailwindcss_oxide::scanner: Discovering "/home/afdal/Laboratorium/PROJECT/extensionadminaksent/src/pages/Payment"
2026-05-08T10:44:11.183257Z  INFO scan_sources: tailwindcss_oxide::scanner: Discovering "/home/afdal/Laboratorium/PROJECT/extensionadminaksent/src/pages/Payment/Payment.example"
2026-05-08T10:44:11.183286Z  INFO scan_sources: tailwindcss_oxide::scanner: Discovering "/home/afdal/Laboratorium/PROJECT/extensionadminaksent/src/pages/Payment/Payment.tsx"
2026-05-08T10:44:11.183334Z  INFO scan_sources: tailwindcss_oxide::scanner: Discovering "/home/afdal/Laboratorium/PROJECT/extensionadminaksent/src/context"
2026-05-08T10:44:11.183393Z  INFO scan_sources: tailwindcss_oxide::scanner: Discovering "/home/afdal/Laboratorium/PROJECT/extensionadminaksent/src/context/app-context.ts"
2026-05-08T10:44:11.183428Z  INFO scan_sources: tailwindcss_oxide::scanner: Discovering "/home/afdal/Laboratorium/PROJECT/extensionadminaksent/src/main.tsx"
2026-05-08T10:44:11.183565Z  INFO scan_sources: tailwindcss_oxide::scanner: Discovering "/home/afdal/Laboratorium/PROJECT/extensionadminaksent/capacitor.config.ts"
2026-05-08T10:44:11.183604Z  INFO scan_sources: tailwindcss_oxide::scanner: Discovering "/home/afdal/Laboratorium/PROJECT/extensionadminaksent/cypress.config.ts"
2026-05-08T10:44:11.183633Z  INFO scan_sources: tailwindcss_oxide::scanner: Discovering "/home/afdal/Laboratorium/PROJECT/extensionadminaksent/package.json"
2026-05-08T10:44:11.183734Z  INFO scan_sources: tailwindcss_oxide::scanner: Discovering "/home/afdal/Laboratorium/PROJECT/extensionadminaksent/vite.config.ts.timestamp-1772340183302-ce57645161e1c.mjs"
2026-05-08T10:44:11.183773Z  INFO scan_sources: tailwindcss_oxide::scanner: Discovering "/home/afdal/Laboratorium/PROJECT/extensionadminaksent/public"
2026-05-08T10:44:11.183844Z  INFO scan_sources: tailwindcss_oxide::scanner: Discovering "/home/afdal/Laboratorium/PROJECT/extensionadminaksent/public/manifest.json"
2026-05-08T10:44:11.183876Z  INFO scan_sources: tailwindcss_oxide::scanner: Discovering "/home/afdal/Laboratorium/PROJECT/extensionadminaksent/public/assets"
2026-05-08T10:44:11.183975Z  INFO scan_sources: tailwindcss_oxide::scanner: Discovering "/home/afdal/Laboratorium/PROJECT/extensionadminaksent/ionic.starter.json"
2026-05-08T10:44:11.184063Z  INFO scan_sources: tailwindcss_oxide::scanner: Discovering "/home/afdal/Laboratorium/PROJECT/extensionadminaksent/eslint.config.js"
2026-05-08T10:44:11.184090Z  INFO scan_sources: tailwindcss_oxide::scanner: Discovering "/home/afdal/Laboratorium/PROJECT/extensionadminaksent/ionic.config.json"
2026-05-08T10:44:11.184114Z  INFO scan_sources: tailwindcss_oxide::scanner: Discovering "/home/afdal/Laboratorium/PROJECT/extensionadminaksent/tsconfig.json"
2026-05-08T10:44:11.184141Z  INFO scan_sources: tailwindcss_oxide::scanner: Discovering "/home/afdal/Laboratorium/PROJECT/extensionadminaksent/vite.config.ts.timestamp-1772935398807-b66555c0dcdaf.mjs"
2026-05-08T10:44:11.184171Z  INFO scan_sources: tailwindcss_oxide::scanner: Discovering "/home/afdal/Laboratorium/PROJECT/extensionadminaksent/sample.md"
2026-05-08T10:44:11.184220Z  INFO scan_sources: tailwindcss_oxide::scanner: Discovering "/home/afdal/Laboratorium/PROJECT/extensionadminaksent/android"
2026-05-08T10:44:11.184854Z  INFO scan_sources: tailwindcss_oxide::scanner: Discovering "/home/afdal/Laboratorium/PROJECT/extensionadminaksent/android/.kotlin"
2026-05-08T10:44:11.185148Z  INFO scan_sources: tailwindcss_oxide::scanner: Discovering "/home/afdal/Laboratorium/PROJECT/extensionadminaksent/android/.kotlin/sessions"
2026-05-08T10:44:11.185373Z  INFO scan_sources: tailwindcss_oxide::scanner: Discovering "/home/afdal/Laboratorium/PROJECT/extensionadminaksent/android/gradlew.bat"
2026-05-08T10:44:11.185624Z  INFO scan_sources: tailwindcss_oxide::scanner: Discovering "/home/afdal/Laboratorium/PROJECT/extensionadminaksent/android/variables.gradle"
2026-05-08T10:44:11.186525Z  INFO scan_sources: tailwindcss_oxide::scanner: Discovering "/home/afdal/Laboratorium/PROJECT/extensionadminaksent/android/build.gradle"
2026-05-08T10:44:11.186796Z  INFO scan_sources: tailwindcss_oxide::scanner: Discovering "/home/afdal/Laboratorium/PROJECT/extensionadminaksent/android/capacitor.settings.gradle"
2026-05-08T10:44:11.187084Z  INFO scan_sources: tailwindcss_oxide::scanner: Discovering "/home/afdal/Laboratorium/PROJECT/extensionadminaksent/android/gradle"
2026-05-08T10:44:11.187332Z  INFO scan_sources: tailwindcss_oxide::scanner: Discovering "/home/afdal/Laboratorium/PROJECT/extensionadminaksent/android/gradle/wrapper"
2026-05-08T10:44:11.187616Z  INFO scan_sources: tailwindcss_oxide::scanner: Discovering "/home/afdal/Laboratorium/PROJECT/extensionadminaksent/android/gradle/wrapper/gradle-wrapper.properties"
2026-05-08T10:44:11.187838Z  INFO scan_sources: tailwindcss_oxide::scanner: Discovering "/home/afdal/Laboratorium/PROJECT/extensionadminaksent/android/settings.gradle"
2026-05-08T10:44:11.188085Z  INFO scan_sources: tailwindcss_oxide::scanner: Discovering "/home/afdal/Laboratorium/PROJECT/extensionadminaksent/android/app"
2026-05-08T10:44:11.189254Z  INFO scan_sources: tailwindcss_oxide::scanner: Discovering "/home/afdal/Laboratorium/PROJECT/extensionadminaksent/android/app/src"
2026-05-08T10:44:11.190127Z  INFO scan_sources: tailwindcss_oxide::scanner: Discovering "/home/afdal/Laboratorium/PROJECT/extensionadminaksent/android/app/src/main"
2026-05-08T10:44:11.190893Z  INFO scan_sources: tailwindcss_oxide::scanner: Discovering "/home/afdal/Laboratorium/PROJECT/extensionadminaksent/android/app/src/main/AndroidManifest.xml.orig"
2026-05-08T10:44:11.191147Z  INFO scan_sources: tailwindcss_oxide::scanner: Discovering "/home/afdal/Laboratorium/PROJECT/extensionadminaksent/android/app/src/main/res"
2026-05-08T10:44:11.191382Z  INFO scan_sources: tailwindcss_oxide::scanner: Discovering "/home/afdal/Laboratorium/PROJECT/extensionadminaksent/android/app/src/main/res/drawable-land-xhdpi"
2026-05-08T10:44:11.191619Z  INFO scan_sources: tailwindcss_oxide::scanner: Discovering "/home/afdal/Laboratorium/PROJECT/extensionadminaksent/android/app/src/main/res/drawable-land-xxhdpi"
2026-05-08T10:44:11.191849Z  INFO scan_sources: tailwindcss_oxide::scanner: Discovering "/home/afdal/Laboratorium/PROJECT/extensionadminaksent/android/app/src/main/res/drawable-v24"
2026-05-08T10:44:11.192041Z  INFO scan_sources: tailwindcss_oxide::scanner: Discovering "/home/afdal/Laboratorium/PROJECT/extensionadminaksent/android/app/src/main/res/drawable-v24/ic_launcher_foreground.xml"
2026-05-08T10:44:11.192201Z  INFO scan_sources: tailwindcss_oxide::scanner: Discovering "/home/afdal/Laboratorium/PROJECT/extensionadminaksent/android/app/src/main/res/drawable-port-xxxhdpi"
2026-05-08T10:44:11.192405Z  INFO scan_sources: tailwindcss_oxide::scanner: Discovering "/home/afdal/Laboratorium/PROJECT/extensionadminaksent/android/app/src/main/res/drawable-land-xxxhdpi"
2026-05-08T10:44:11.192638Z  INFO scan_sources: tailwindcss_oxide::scanner: Discovering "/home/afdal/Laboratorium/PROJECT/extensionadminaksent/android/app/src/main/res/drawable-port-xxhdpi"
2026-05-08T10:44:11.193347Z  INFO scan_sources: tailwindcss_oxide::scanner: Discovering "/home/afdal/Laboratorium/PROJECT/extensionadminaksent/android/app/src/main/res/mipmap-hdpi"
2026-05-08T10:44:11.193985Z  INFO scan_sources: tailwindcss_oxide::scanner: Discovering "/home/afdal/Laboratorium/PROJECT/extensionadminaksent/android/app/src/main/res/drawable-land-hdpi"
2026-05-08T10:44:11.194116Z  INFO scan_sources: tailwindcss_oxide::scanner: Discovering "/home/afdal/Laboratorium/PROJECT/extensionadminaksent/android/app/src/main/res/xml"
2026-05-08T10:44:11.194186Z  INFO scan_sources: tailwindcss_oxide::scanner: Discovering "/home/afdal/Laboratorium/PROJECT/extensionadminaksent/android/app/src/main/res/xml/file_paths.xml"
2026-05-08T10:44:11.194261Z  INFO scan_sources: tailwindcss_oxide::scanner: Discovering "/home/afdal/Laboratorium/PROJECT/extensionadminaksent/android/app/src/main/res/mipmap-xhdpi"
2026-05-08T10:44:11.194406Z  INFO scan_sources: tailwindcss_oxide::scanner: Discovering "/home/afdal/Laboratorium/PROJECT/extensionadminaksent/android/app/src/main/res/drawable-land-mdpi"
2026-05-08T10:44:11.194643Z  INFO scan_sources: tailwindcss_oxide::scanner: Discovering "/home/afdal/Laboratorium/PROJECT/extensionadminaksent/android/app/src/main/res/drawable-port-hdpi"
2026-05-08T10:44:11.194743Z  INFO scan_sources: tailwindcss_oxide::scanner: Discovering "/home/afdal/Laboratorium/PROJECT/extensionadminaksent/android/app/src/main/res/mipmap-xxhdpi"
2026-05-08T10:44:11.194828Z  INFO scan_sources: tailwindcss_oxide::scanner: Discovering "/home/afdal/Laboratorium/PROJECT/extensionadminaksent/android/app/src/main/res/mipmap-mdpi"
2026-05-08T10:44:11.194916Z  INFO scan_sources: tailwindcss_oxide::scanner: Discovering "/home/afdal/Laboratorium/PROJECT/extensionadminaksent/android/app/src/main/res/drawable"
2026-05-08T10:44:11.194985Z  INFO scan_sources: tailwindcss_oxide::scanner: Discovering "/home/afdal/Laboratorium/PROJECT/extensionadminaksent/android/app/src/main/res/drawable/ic_launcher_background.xml"
2026-05-08T10:44:11.195028Z  INFO scan_sources: tailwindcss_oxide::scanner: Discovering "/home/afdal/Laboratorium/PROJECT/extensionadminaksent/android/app/src/main/res/drawable-port-xhdpi"
2026-05-08T10:44:11.195100Z  INFO scan_sources: tailwindcss_oxide::scanner: Discovering "/home/afdal/Laboratorium/PROJECT/extensionadminaksent/android/app/src/main/res/mipmap-xxxhdpi"
2026-05-08T10:44:11.195182Z  INFO scan_sources: tailwindcss_oxide::scanner: Discovering "/home/afdal/Laboratorium/PROJECT/extensionadminaksent/android/app/src/main/res/layout"
2026-05-08T10:44:11.195239Z  INFO scan_sources: tailwindcss_oxide::scanner: Discovering "/home/afdal/Laboratorium/PROJECT/extensionadminaksent/android/app/src/main/res/layout/activity_main.xml"
2026-05-08T10:44:11.195281Z  INFO scan_sources: tailwindcss_oxide::scanner: Discovering "/home/afdal/Laboratorium/PROJECT/extensionadminaksent/android/app/src/main/res/mipmap-anydpi-v26"
2026-05-08T10:44:11.195341Z  INFO scan_sources: tailwindcss_oxide::scanner: Discovering "/home/afdal/Laboratorium/PROJECT/extensionadminaksent/android/app/src/main/res/mipmap-anydpi-v26/ic_launcher_round.xml"
2026-05-08T10:44:11.195372Z  INFO scan_sources: tailwindcss_oxide::scanner: Discovering "/home/afdal/Laboratorium/PROJECT/extensionadminaksent/android/app/src/main/res/mipmap-anydpi-v26/ic_launcher.xml"
2026-05-08T10:44:11.195414Z  INFO scan_sources: tailwindcss_oxide::scanner: Discovering "/home/afdal/Laboratorium/PROJECT/extensionadminaksent/android/app/src/main/res/drawable-port-mdpi"
2026-05-08T10:44:11.195500Z  INFO scan_sources: tailwindcss_oxide::scanner: Discovering "/home/afdal/Laboratorium/PROJECT/extensionadminaksent/android/app/src/main/res/values"
2026-05-08T10:44:11.195572Z  INFO scan_sources: tailwindcss_oxide::scanner: Discovering "/home/afdal/Laboratorium/PROJECT/extensionadminaksent/android/app/src/main/res/values/strings.xml"
2026-05-08T10:44:11.195602Z  INFO scan_sources: tailwindcss_oxide::scanner: Discovering "/home/afdal/Laboratorium/PROJECT/extensionadminaksent/android/app/src/main/res/values/ic_launcher_background.xml"
2026-05-08T10:44:11.195645Z  INFO scan_sources: tailwindcss_oxide::scanner: Discovering "/home/afdal/Laboratorium/PROJECT/extensionadminaksent/android/app/src/main/res/values/styles.xml"
2026-05-08T10:44:11.195701Z  INFO scan_sources: tailwindcss_oxide::scanner: Discovering "/home/afdal/Laboratorium/PROJECT/extensionadminaksent/android/app/src/main/java"
2026-05-08T10:44:11.195763Z  INFO scan_sources: tailwindcss_oxide::scanner: Discovering "/home/afdal/Laboratorium/PROJECT/extensionadminaksent/android/app/src/main/java/io"
2026-05-08T10:44:11.195840Z  INFO scan_sources: tailwindcss_oxide::scanner: Discovering "/home/afdal/Laboratorium/PROJECT/extensionadminaksent/android/app/src/main/java/io/ionic"
2026-05-08T10:44:11.195912Z  INFO scan_sources: tailwindcss_oxide::scanner: Discovering "/home/afdal/Laboratorium/PROJECT/extensionadminaksent/android/app/src/main/java/io/ionic/starter"
2026-05-08T10:44:11.195995Z  INFO scan_sources: tailwindcss_oxide::scanner: Discovering "/home/afdal/Laboratorium/PROJECT/extensionadminaksent/android/app/src/main/java/io/ionic/starter/MainActivity.java"
2026-05-08T10:44:11.196056Z  INFO scan_sources: tailwindcss_oxide::scanner: Discovering "/home/afdal/Laboratorium/PROJECT/extensionadminaksent/android/app/src/main/assets"
2026-05-08T10:44:11.196195Z  INFO scan_sources: tailwindcss_oxide::scanner: Discovering "/home/afdal/Laboratorium/PROJECT/extensionadminaksent/android/app/src/main/AndroidManifest.xml"
2026-05-08T10:44:11.196251Z  INFO scan_sources: tailwindcss_oxide::scanner: Discovering "/home/afdal/Laboratorium/PROJECT/extensionadminaksent/android/app/src/androidTest"
2026-05-08T10:44:11.196323Z  INFO scan_sources: tailwindcss_oxide::scanner: Discovering "/home/afdal/Laboratorium/PROJECT/extensionadminaksent/android/app/src/androidTest/java"
2026-05-08T10:44:11.196386Z  INFO scan_sources: tailwindcss_oxide::scanner: Discovering "/home/afdal/Laboratorium/PROJECT/extensionadminaksent/android/app/src/androidTest/java/com"
2026-05-08T10:44:11.196463Z  INFO scan_sources: tailwindcss_oxide::scanner: Discovering "/home/afdal/Laboratorium/PROJECT/extensionadminaksent/android/app/src/androidTest/java/com/getcapacitor"
2026-05-08T10:44:11.196556Z  INFO scan_sources: tailwindcss_oxide::scanner: Discovering "/home/afdal/Laboratorium/PROJECT/extensionadminaksent/android/app/src/androidTest/java/com/getcapacitor/myapp"
2026-05-08T10:44:11.196624Z  INFO scan_sources: tailwindcss_oxide::scanner: Discovering "/home/afdal/Laboratorium/PROJECT/extensionadminaksent/android/app/src/androidTest/java/com/getcapacitor/myapp/ExampleInstrumentedTest.java"
2026-05-08T10:44:11.196706Z  INFO scan_sources: tailwindcss_oxide::scanner: Discovering "/home/afdal/Laboratorium/PROJECT/extensionadminaksent/android/app/src/test"
2026-05-08T10:44:11.196774Z  INFO scan_sources: tailwindcss_oxide::scanner: Discovering "/home/afdal/Laboratorium/PROJECT/extensionadminaksent/android/app/src/test/java"
2026-05-08T10:44:11.196837Z  INFO scan_sources: tailwindcss_oxide::scanner: Discovering "/home/afdal/Laboratorium/PROJECT/extensionadminaksent/android/app/src/test/java/com"
2026-05-08T10:44:11.196903Z  INFO scan_sources: tailwindcss_oxide::scanner: Discovering "/home/afdal/Laboratorium/PROJECT/extensionadminaksent/android/app/src/test/java/com/getcapacitor"
2026-05-08T10:44:11.196976Z  INFO scan_sources: tailwindcss_oxide::scanner: Discovering "/home/afdal/Laboratorium/PROJECT/extensionadminaksent/android/app/src/test/java/com/getcapacitor/myapp"
2026-05-08T10:44:11.197042Z  INFO scan_sources: tailwindcss_oxide::scanner: Discovering "/home/afdal/Laboratorium/PROJECT/extensionadminaksent/android/app/src/test/java/com/getcapacitor/myapp/ExampleUnitTest.java"
2026-05-08T10:44:11.197123Z  INFO scan_sources: tailwindcss_oxide::scanner: Discovering "/home/afdal/Laboratorium/PROJECT/extensionadminaksent/android/app/build.gradle"
2026-05-08T10:44:11.197158Z  INFO scan_sources: tailwindcss_oxide::scanner: Discovering "/home/afdal/Laboratorium/PROJECT/extensionadminaksent/android/app/proguard-rules.pro"
2026-05-08T10:44:11.197198Z  INFO scan_sources: tailwindcss_oxide::scanner: Discovering "/home/afdal/Laboratorium/PROJECT/extensionadminaksent/android/app/capacitor.build.gradle"
2026-05-08T10:44:11.197307Z  INFO scan_sources: tailwindcss_oxide::scanner: Discovering "/home/afdal/Laboratorium/PROJECT/extensionadminaksent/android/gradle.properties"
2026-05-08T10:44:11.197388Z  INFO scan_sources: tailwindcss_oxide::scanner: Discovering "/home/afdal/Laboratorium/PROJECT/extensionadminaksent/android/gradlew"
2026-05-08T10:44:11.197745Z  INFO scan_sources: tailwindcss_oxide::scanner: Discovering "/home/afdal/Laboratorium/PROJECT/extensionadminaksent/vite.config.ts.timestamp-1772936090735-8093763ebc8e8.mjs"
2026-05-08T10:44:11.197938Z  INFO scan_sources: tailwindcss_oxide::scanner: Discovering "/home/afdal/Laboratorium/PROJECT/extensionadminaksent/vite.config.ts"
2026-05-08T10:44:11.198109Z  INFO scan_sources: tailwindcss_oxide::scanner: Discovering "/home/afdal/Laboratorium/PROJECT/extensionadminaksent/tsconfig.node.json"
2026-05-08T10:44:11.198333Z  INFO scan_sources: tailwindcss_oxide::scanner: exit
2026-05-08T10:44:11.198570Z  INFO extract_candidates: tailwindcss_oxide::scanner: enter
2026-05-08T10:44:11.198765Z  INFO extract_candidates:read_all_files: tailwindcss_oxide::scanner: enter
2026-05-08T10:44:11.198874Z  INFO extract_candidates:read_all_files: tailwindcss_oxide::scanner: Reading 86 file(s)
2026-05-08T10:44:11.199542Z  INFO tailwindcss_oxide::scanner: Reading "/home/afdal/Laboratorium/PROJECT/extensionadminaksent/index.html"
2026-05-08T10:44:11.199817Z  INFO tailwindcss_oxide::scanner: Reading "/home/afdal/Laboratorium/PROJECT/extensionadminaksent/tailwind.config.js"
2026-05-08T10:44:11.199974Z  INFO tailwindcss_oxide::scanner: Reading "/home/afdal/Laboratorium/PROJECT/extensionadminaksent/.browserslistrc"
2026-05-08T10:44:11.200093Z  INFO tailwindcss_oxide::scanner: Reading "/home/afdal/Laboratorium/PROJECT/extensionadminaksent/scripts/modify-typeorm.cjs"
2026-05-08T10:44:11.200207Z  INFO tailwindcss_oxide::scanner: Reading "/home/afdal/Laboratorium/PROJECT/extensionadminaksent/cypress/fixtures/example.json"
2026-05-08T10:44:11.201699Z  INFO tailwindcss_oxide::scanner: Reading "/home/afdal/Laboratorium/PROJECT/extensionadminaksent/src/pages/Payment/Payment.example"
2026-05-08T10:44:11.201817Z  INFO tailwindcss_oxide::scanner: Reading "/home/afdal/Laboratorium/PROJECT/extensionadminaksent/src/pages/Payment/Payment.tsx"
2026-05-08T10:44:11.201829Z  INFO tailwindcss_oxide::scanner: Reading "/home/afdal/Laboratorium/PROJECT/extensionadminaksent/src/components/ExploreContainer.tsx"
2026-05-08T10:44:11.201871Z  INFO tailwindcss_oxide::scanner: Reading "/home/afdal/Laboratorium/PROJECT/extensionadminaksent/src/context/app-context.ts"
2026-05-08T10:44:11.201873Z  INFO tailwindcss_oxide::scanner: Reading "/home/afdal/Laboratorium/PROJECT/extensionadminaksent/src/components/toolbars/HeaderFilterChip.tsx"
2026-05-08T10:44:11.201898Z  INFO tailwindcss_oxide::scanner: Reading "/home/afdal/Laboratorium/PROJECT/extensionadminaksent/src/main.tsx"
2026-05-08T10:44:11.201905Z  INFO tailwindcss_oxide::scanner: Reading "/home/afdal/Laboratorium/PROJECT/extensionadminaksent/src/components/toolbars/TextSearch.tsx"
2026-05-08T10:44:11.201926Z  INFO tailwindcss_oxide::scanner: Reading "/home/afdal/Laboratorium/PROJECT/extensionadminaksent/capacitor.config.ts"
2026-05-08T10:44:11.201938Z  INFO tailwindcss_oxide::scanner: Reading "/home/afdal/Laboratorium/PROJECT/extensionadminaksent/src/App.tsx"
2026-05-08T10:44:11.201969Z  INFO tailwindcss_oxide::scanner: Reading "/home/afdal/Laboratorium/PROJECT/extensionadminaksent/src/utils/cookie.ts"
2026-05-08T10:44:11.202000Z  INFO tailwindcss_oxide::scanner: Reading "/home/afdal/Laboratorium/PROJECT/extensionadminaksent/src/utils/helpers.ts"
2026-05-08T10:44:11.202037Z  INFO tailwindcss_oxide::scanner: Reading "/home/afdal/Laboratorium/PROJECT/extensionadminaksent/src/utils/payment.ts"
2026-05-08T10:44:11.202129Z  INFO tailwindcss_oxide::scanner: Reading "/home/afdal/Laboratorium/PROJECT/extensionadminaksent/cypress.config.ts"
2026-05-08T10:44:11.202179Z  INFO tailwindcss_oxide::scanner: Reading "/home/afdal/Laboratorium/PROJECT/extensionadminaksent/package.json"
2026-05-08T10:44:11.202240Z  INFO tailwindcss_oxide::scanner: Reading "/home/afdal/Laboratorium/PROJECT/extensionadminaksent/vite.config.ts.timestamp-1772340183302-ce57645161e1c.mjs"
2026-05-08T10:44:11.202268Z  INFO tailwindcss_oxide::scanner: Reading "/home/afdal/Laboratorium/PROJECT/extensionadminaksent/public/manifest.json"
2026-05-08T10:44:11.202295Z  INFO tailwindcss_oxide::scanner: Reading "/home/afdal/Laboratorium/PROJECT/extensionadminaksent/ionic.starter.json"
2026-05-08T10:44:11.202322Z  INFO tailwindcss_oxide::scanner: Reading "/home/afdal/Laboratorium/PROJECT/extensionadminaksent/eslint.config.js"
2026-05-08T10:44:11.202346Z  INFO tailwindcss_oxide::scanner: Reading "/home/afdal/Laboratorium/PROJECT/extensionadminaksent/ionic.config.json"
2026-05-08T10:44:11.202371Z  INFO tailwindcss_oxide::scanner: Reading "/home/afdal/Laboratorium/PROJECT/extensionadminaksent/tsconfig.json"
2026-05-08T10:44:11.202402Z  INFO tailwindcss_oxide::scanner: Reading "/home/afdal/Laboratorium/PROJECT/extensionadminaksent/vite.config.ts.timestamp-1772935398807-b66555c0dcdaf.mjs"
2026-05-08T10:44:11.202428Z  INFO tailwindcss_oxide::scanner: Reading "/home/afdal/Laboratorium/PROJECT/extensionadminaksent/sample.md"
2026-05-08T10:44:11.202486Z  INFO tailwindcss_oxide::scanner: Reading "/home/afdal/Laboratorium/PROJECT/extensionadminaksent/android/gradlew.bat"
2026-05-08T10:44:11.202530Z  INFO tailwindcss_oxide::scanner: Reading "/home/afdal/Laboratorium/PROJECT/extensionadminaksent/android/variables.gradle"
2026-05-08T10:44:11.202556Z  INFO tailwindcss_oxide::scanner: Reading "/home/afdal/Laboratorium/PROJECT/extensionadminaksent/android/build.gradle"
2026-05-08T10:44:11.202582Z  INFO tailwindcss_oxide::scanner: Reading "/home/afdal/Laboratorium/PROJECT/extensionadminaksent/android/capacitor.settings.gradle"
2026-05-08T10:44:11.202615Z  INFO tailwindcss_oxide::scanner: Reading "/home/afdal/Laboratorium/PROJECT/extensionadminaksent/android/gradle/wrapper/gradle-wrapper.properties"
2026-05-08T10:44:11.202639Z  INFO tailwindcss_oxide::scanner: Reading "/home/afdal/Laboratorium/PROJECT/extensionadminaksent/android/settings.gradle"
2026-05-08T10:44:11.202679Z  INFO tailwindcss_oxide::scanner: Reading "/home/afdal/Laboratorium/PROJECT/extensionadminaksent/android/app/src/main/AndroidManifest.xml.orig"
2026-05-08T10:44:11.202707Z  INFO tailwindcss_oxide::scanner: Reading "/home/afdal/Laboratorium/PROJECT/extensionadminaksent/android/app/src/main/res/drawable-v24/ic_launcher_foreground.xml"
2026-05-08T10:44:11.202733Z  INFO tailwindcss_oxide::scanner: Reading "/home/afdal/Laboratorium/PROJECT/extensionadminaksent/android/app/src/main/res/xml/file_paths.xml"
2026-05-08T10:44:11.202764Z  INFO tailwindcss_oxide::scanner: Reading "/home/afdal/Laboratorium/PROJECT/extensionadminaksent/android/app/src/main/res/drawable/ic_launcher_background.xml"
2026-05-08T10:44:11.202798Z  INFO tailwindcss_oxide::scanner: Reading "/home/afdal/Laboratorium/PROJECT/extensionadminaksent/android/app/src/main/res/layout/activity_main.xml"
2026-05-08T10:44:11.202825Z  INFO tailwindcss_oxide::scanner: Reading "/home/afdal/Laboratorium/PROJECT/extensionadminaksent/android/app/src/main/res/mipmap-anydpi-v26/ic_launcher_round.xml"
2026-05-08T10:44:11.202849Z  INFO tailwindcss_oxide::scanner: Reading "/home/afdal/Laboratorium/PROJECT/extensionadminaksent/android/app/src/main/res/mipmap-anydpi-v26/ic_launcher.xml"
2026-05-08T10:44:11.202874Z  INFO tailwindcss_oxide::scanner: Reading "/home/afdal/Laboratorium/PROJECT/extensionadminaksent/android/app/src/main/res/values/strings.xml"
2026-05-08T10:44:11.202901Z  INFO tailwindcss_oxide::scanner: Reading "/home/afdal/Laboratorium/PROJECT/extensionadminaksent/android/app/src/main/res/values/ic_launcher_background.xml"
2026-05-08T10:44:11.202922Z  INFO tailwindcss_oxide::scanner: Reading "/home/afdal/Laboratorium/PROJECT/extensionadminaksent/android/app/src/main/res/values/styles.xml"
2026-05-08T10:44:11.202956Z  INFO tailwindcss_oxide::scanner: Reading "/home/afdal/Laboratorium/PROJECT/extensionadminaksent/android/app/src/main/java/io/ionic/starter/MainActivity.java"
2026-05-08T10:44:11.202986Z  INFO tailwindcss_oxide::scanner: Reading "/home/afdal/Laboratorium/PROJECT/extensionadminaksent/android/app/src/main/AndroidManifest.xml"
2026-05-08T10:44:11.203010Z  INFO tailwindcss_oxide::scanner: Reading "/home/afdal/Laboratorium/PROJECT/extensionadminaksent/android/app/src/androidTest/java/com/getcapacitor/myapp/ExampleInstrumentedTest.java"
2026-05-08T10:44:11.203035Z  INFO tailwindcss_oxide::scanner: Reading "/home/afdal/Laboratorium/PROJECT/extensionadminaksent/android/app/src/test/java/com/getcapacitor/myapp/ExampleUnitTest.java"
2026-05-08T10:44:11.203070Z  INFO tailwindcss_oxide::scanner: Reading "/home/afdal/Laboratorium/PROJECT/extensionadminaksent/android/app/build.gradle"
2026-05-08T10:44:11.203094Z  INFO tailwindcss_oxide::scanner: Reading "/home/afdal/Laboratorium/PROJECT/extensionadminaksent/android/app/proguard-rules.pro"
2026-05-08T10:44:11.203121Z  INFO tailwindcss_oxide::scanner: Reading "/home/afdal/Laboratorium/PROJECT/extensionadminaksent/android/app/capacitor.build.gradle"
2026-05-08T10:44:11.203151Z  INFO tailwindcss_oxide::scanner: Reading "/home/afdal/Laboratorium/PROJECT/extensionadminaksent/android/gradle.properties"
2026-05-08T10:44:11.203189Z  INFO tailwindcss_oxide::scanner: Reading "/home/afdal/Laboratorium/PROJECT/extensionadminaksent/android/gradlew"
2026-05-08T10:44:11.203236Z  INFO tailwindcss_oxide::scanner: Reading "/home/afdal/Laboratorium/PROJECT/extensionadminaksent/vite.config.ts.timestamp-1772936090735-8093763ebc8e8.mjs"
2026-05-08T10:44:11.203262Z  INFO tailwindcss_oxide::scanner: Reading "/home/afdal/Laboratorium/PROJECT/extensionadminaksent/vite.config.ts"
2026-05-08T10:44:11.203337Z  INFO tailwindcss_oxide::scanner: Reading "/home/afdal/Laboratorium/PROJECT/extensionadminaksent/src/vite-env.d.ts"
2026-05-08T10:44:11.203608Z  INFO tailwindcss_oxide::scanner: Reading "/home/afdal/Laboratorium/PROJECT/extensionadminaksent/cypress/e2e/test.cy.ts"
2026-05-08T10:44:11.203614Z  INFO tailwindcss_oxide::scanner: Reading "/home/afdal/Laboratorium/PROJECT/extensionadminaksent/src/App.test.tsx"
2026-05-08T10:44:11.205056Z  INFO tailwindcss_oxide::scanner: Reading "/home/afdal/Laboratorium/PROJECT/extensionadminaksent/cypress/support/e2e.ts"
2026-05-08T10:44:11.205322Z  INFO tailwindcss_oxide::scanner: Reading "/home/afdal/Laboratorium/PROJECT/extensionadminaksent/src/setupTests.ts"
2026-05-08T10:44:11.207521Z  INFO tailwindcss_oxide::scanner: Reading "/home/afdal/Laboratorium/PROJECT/extensionadminaksent/cypress/support/commands.ts"
2026-05-08T10:44:11.207665Z  INFO tailwindcss_oxide::scanner: Reading "/home/afdal/Laboratorium/PROJECT/extensionadminaksent/src/databases/data-source.cli.ts"
2026-05-08T10:44:11.207711Z  INFO tailwindcss_oxide::scanner: Reading "/home/afdal/Laboratorium/PROJECT/extensionadminaksent/src/databases/sqlite-params.ts"
2026-05-08T10:44:11.207954Z  INFO tailwindcss_oxide::scanner: Reading "/home/afdal/Laboratorium/PROJECT/extensionadminaksent/.vscode/extensions.json"
2026-05-08T10:44:11.207990Z  INFO tailwindcss_oxide::scanner: Reading "/home/afdal/Laboratorium/PROJECT/extensionadminaksent/readme.md"
2026-05-08T10:44:11.208028Z  INFO tailwindcss_oxide::scanner: Reading "/home/afdal/Laboratorium/PROJECT/extensionadminaksent/src/hook/share-target.ts"
2026-05-08T10:44:11.208075Z  INFO tailwindcss_oxide::scanner: Reading "/home/afdal/Laboratorium/PROJECT/extensionadminaksent/src/hook/requests/customer.ts"
2026-05-08T10:44:11.208134Z  INFO tailwindcss_oxide::scanner: Reading "/home/afdal/Laboratorium/PROJECT/extensionadminaksent/src/components/customer/SelectCustomer.tsx"
2026-05-08T10:44:11.208177Z  INFO tailwindcss_oxide::scanner: Reading "/home/afdal/Laboratorium/PROJECT/extensionadminaksent/src/components/customer/PaymentDetailCustomer.tsx"
2026-05-08T10:44:11.208202Z  INFO tailwindcss_oxide::scanner: Reading "/home/afdal/Laboratorium/PROJECT/extensionadminaksent/src/components/customer/DetailCardCustomer.tsx"
2026-05-08T10:44:11.209169Z  INFO tailwindcss_oxide::scanner: Reading "/home/afdal/Laboratorium/PROJECT/extensionadminaksent/src/databases/entities/payment-customer.ts"
2026-05-08T10:44:11.209317Z  INFO tailwindcss_oxide::scanner: Reading "/home/afdal/Laboratorium/PROJECT/extensionadminaksent/src/databases/migrations/1772192135876-Init.ts"
2026-05-08T10:44:11.209356Z  INFO tailwindcss_oxide::scanner: Reading "/home/afdal/Laboratorium/PROJECT/extensionadminaksent/src/components/layout/BaseLayout.tsx"
2026-05-08T10:44:11.209411Z  INFO tailwindcss_oxide::scanner: Reading "/home/afdal/Laboratorium/PROJECT/extensionadminaksent/src/components/list/DataList.tsx"
2026-05-08T10:44:11.209692Z  INFO tailwindcss_oxide::scanner: Reading "/home/afdal/Laboratorium/PROJECT/extensionadminaksent/src/databases/data-source.runtime.ts"
2026-05-08T10:44:11.211606Z  INFO tailwindcss_oxide::scanner: Reading "/home/afdal/Laboratorium/PROJECT/extensionadminaksent/src/components/list/DataListScrolling.tsx"
2026-05-08T10:44:11.211685Z  INFO tailwindcss_oxide::scanner: Reading "/home/afdal/Laboratorium/PROJECT/extensionadminaksent/src/types/customer.ts"
2026-05-08T10:44:11.211783Z  INFO tailwindcss_oxide::scanner: Reading "/home/afdal/Laboratorium/PROJECT/extensionadminaksent/src/pages/Customer/Customer.tsx"
2026-05-08T10:44:11.211885Z  INFO tailwindcss_oxide::scanner: Reading "/home/afdal/Laboratorium/PROJECT/extensionadminaksent/src/components/input/DateTimeInputText.tsx"
2026-05-08T10:44:11.211920Z  INFO tailwindcss_oxide::scanner: Reading "/home/afdal/Laboratorium/PROJECT/extensionadminaksent/src/components/input/DateTimeInput.tsx"
2026-05-08T10:44:11.211946Z  INFO tailwindcss_oxide::scanner: Reading "/home/afdal/Laboratorium/PROJECT/extensionadminaksent/src/components/input/ImagePicker.tsx"
2026-05-08T10:44:11.212079Z  INFO tailwindcss_oxide::scanner: Reading "/home/afdal/Laboratorium/PROJECT/extensionadminaksent/src/pages/Customer/Customer.example"
2026-05-08T10:44:11.212171Z  INFO tailwindcss_oxide::scanner: Reading "/home/afdal/Laboratorium/PROJECT/extensionadminaksent/src/pages/Home/Home.tsx"
2026-05-08T10:44:11.212246Z  INFO tailwindcss_oxide::scanner: Reading "/home/afdal/Laboratorium/PROJECT/extensionadminaksent/src/databases/utilities.ts"
2026-05-08T10:44:11.215315Z  INFO tailwindcss_oxide::scanner: Reading "/home/afdal/Laboratorium/PROJECT/extensionadminaksent/src/pages/Unpaid/Unpaid.tsx"
2026-05-08T10:44:11.215493Z  INFO tailwindcss_oxide::scanner: Reading "/home/afdal/Laboratorium/PROJECT/extensionadminaksent/src/pages/Validation/ValidationPage.tsx"
2026-05-08T10:44:11.215558Z  INFO tailwindcss_oxide::scanner: Reading "/home/afdal/Laboratorium/PROJECT/extensionadminaksent/tsconfig.node.json"
2026-05-08T10:44:11.228554Z  INFO extract_candidates:read_all_files: tailwindcss_oxide::scanner: exit
2026-05-08T10:44:11.228618Z  INFO extract_candidates:parse_all_blobs: tailwindcss_oxide::scanner: enter
2026-05-08T10:44:11.228628Z  INFO extract_candidates:parse_all_blobs:extract: tailwindcss_oxide::scanner: enter
2026-05-08T10:44:11.254940Z  INFO extract_candidates:parse_all_blobs:extract: tailwindcss_oxide::scanner: exit
2026-05-08T10:44:11.255306Z  INFO extract_candidates:parse_all_blobs: tailwindcss_oxide::scanner: exit
2026-05-08T10:44:11.255680Z  INFO extract_candidates:read_all_files: tailwindcss_oxide::scanner: enter
2026-05-08T10:44:11.256057Z  INFO extract_candidates:read_all_files: tailwindcss_oxide::scanner: Reading 4 file(s)
2026-05-08T10:44:11.256648Z  INFO tailwindcss_oxide::scanner: Reading "/home/afdal/Laboratorium/PROJECT/extensionadminaksent/src/components/ExploreContainer.css"
2026-05-08T10:44:11.257236Z  INFO tailwindcss_oxide::scanner: Reading "/home/afdal/Laboratorium/PROJECT/extensionadminaksent/src/theme/global.css"
2026-05-08T10:44:11.257533Z  INFO tailwindcss_oxide::scanner: Reading "/home/afdal/Laboratorium/PROJECT/extensionadminaksent/src/pages/Home/Home.css"
2026-05-08T10:44:11.257612Z  INFO tailwindcss_oxide::scanner: Reading "/home/afdal/Laboratorium/PROJECT/extensionadminaksent/src/theme/variables.css"
2026-05-08T10:44:11.258265Z  INFO extract_candidates:read_all_files: tailwindcss_oxide::scanner: exit
2026-05-08T10:44:11.258301Z  INFO extract_candidates:extract_css_variables: tailwindcss_oxide::scanner: enter
2026-05-08T10:44:11.258312Z  INFO extract_candidates:extract_css_variables:extract: tailwindcss_oxide::scanner: enter
2026-05-08T10:44:11.258402Z  INFO extract_candidates:extract_css_variables:extract: tailwindcss_oxide::scanner: exit
2026-05-08T10:44:11.258421Z  INFO extract_candidates:extract_css_variables: tailwindcss_oxide::scanner: exit
2026-05-08T10:44:11.259177Z  INFO extract_candidates: tailwindcss_oxide::scanner: exit
2026-05-08T10:44:11.261412Z  INFO get_files: tailwindcss_oxide::scanner: enter
2026-05-08T10:44:11.261440Z  INFO get_files:scan_sources: tailwindcss_oxide::scanner: enter
2026-05-08T10:44:11.262172Z  INFO get_files:scan_sources: tailwindcss_oxide::scanner: Discovering "/home/afdal/Laboratorium/PROJECT/extensionadminaksent/scripts"
2026-05-08T10:44:11.262298Z  INFO get_files:scan_sources: tailwindcss_oxide::scanner: Discovering "/home/afdal/Laboratorium/PROJECT/extensionadminaksent/cypress"
2026-05-08T10:44:11.262370Z  INFO get_files:scan_sources: tailwindcss_oxide::scanner: Discovering "/home/afdal/Laboratorium/PROJECT/extensionadminaksent/cypress/fixtures"
2026-05-08T10:44:11.262462Z  INFO get_files:scan_sources: tailwindcss_oxide::scanner: Discovering "/home/afdal/Laboratorium/PROJECT/extensionadminaksent/cypress/e2e"
2026-05-08T10:44:11.262564Z  INFO get_files:scan_sources: tailwindcss_oxide::scanner: Discovering "/home/afdal/Laboratorium/PROJECT/extensionadminaksent/cypress/support"
2026-05-08T10:44:11.262645Z  INFO get_files:scan_sources: tailwindcss_oxide::scanner: Discovering "/home/afdal/Laboratorium/PROJECT/extensionadminaksent/.vscode"
2026-05-08T10:44:11.262774Z  INFO get_files:scan_sources: tailwindcss_oxide::scanner: Discovering "/home/afdal/Laboratorium/PROJECT/extensionadminaksent/src"
2026-05-08T10:44:11.262829Z  INFO get_files:scan_sources: tailwindcss_oxide::scanner: Discovering "/home/afdal/Laboratorium/PROJECT/extensionadminaksent/src/hook"
2026-05-08T10:44:11.262900Z  INFO get_files:scan_sources: tailwindcss_oxide::scanner: Discovering "/home/afdal/Laboratorium/PROJECT/extensionadminaksent/src/hook/requests"
2026-05-08T10:44:11.262976Z  INFO get_files:scan_sources: tailwindcss_oxide::scanner: Discovering "/home/afdal/Laboratorium/PROJECT/extensionadminaksent/src/components"
2026-05-08T10:44:11.263048Z  INFO get_files:scan_sources: tailwindcss_oxide::scanner: Discovering "/home/afdal/Laboratorium/PROJECT/extensionadminaksent/src/components/customer"
2026-05-08T10:44:11.263148Z  INFO get_files:scan_sources: tailwindcss_oxide::scanner: Discovering "/home/afdal/Laboratorium/PROJECT/extensionadminaksent/src/components/input"
2026-05-08T10:44:11.263232Z  INFO get_files:scan_sources: tailwindcss_oxide::scanner: Discovering "/home/afdal/Laboratorium/PROJECT/extensionadminaksent/src/components/layout"
2026-05-08T10:44:11.263305Z  INFO get_files:scan_sources: tailwindcss_oxide::scanner: Discovering "/home/afdal/Laboratorium/PROJECT/extensionadminaksent/src/components/list"
2026-05-08T10:44:11.263407Z  INFO get_files:scan_sources: tailwindcss_oxide::scanner: Discovering "/home/afdal/Laboratorium/PROJECT/extensionadminaksent/src/components/toolbars"
2026-05-08T10:44:11.263512Z  INFO get_files:scan_sources: tailwindcss_oxide::scanner: Discovering "/home/afdal/Laboratorium/PROJECT/extensionadminaksent/src/theme"
2026-05-08T10:44:11.263606Z  INFO get_files:scan_sources: tailwindcss_oxide::scanner: Discovering "/home/afdal/Laboratorium/PROJECT/extensionadminaksent/src/utils"
2026-05-08T10:44:11.263736Z  INFO get_files:scan_sources: tailwindcss_oxide::scanner: Discovering "/home/afdal/Laboratorium/PROJECT/extensionadminaksent/src/databases"
2026-05-08T10:44:11.263808Z  INFO get_files:scan_sources: tailwindcss_oxide::scanner: Discovering "/home/afdal/Laboratorium/PROJECT/extensionadminaksent/src/databases/migrations"
2026-05-08T10:44:11.263928Z  INFO get_files:scan_sources: tailwindcss_oxide::scanner: Discovering "/home/afdal/Laboratorium/PROJECT/extensionadminaksent/src/databases/entities"
2026-05-08T10:44:11.264030Z  INFO get_files:scan_sources: tailwindcss_oxide::scanner: Discovering "/home/afdal/Laboratorium/PROJECT/extensionadminaksent/src/types"
2026-05-08T10:44:11.264098Z  INFO get_files:scan_sources: tailwindcss_oxide::scanner: Discovering "/home/afdal/Laboratorium/PROJECT/extensionadminaksent/src/pages"
2026-05-08T10:44:11.264156Z  INFO get_files:scan_sources: tailwindcss_oxide::scanner: Discovering "/home/afdal/Laboratorium/PROJECT/extensionadminaksent/src/pages/Customer"
2026-05-08T10:44:11.264234Z  INFO get_files:scan_sources: tailwindcss_oxide::scanner: Discovering "/home/afdal/Laboratorium/PROJECT/extensionadminaksent/src/pages/Home"
2026-05-08T10:44:11.264317Z  INFO get_files:scan_sources: tailwindcss_oxide::scanner: Discovering "/home/afdal/Laboratorium/PROJECT/extensionadminaksent/src/pages/Validation"
2026-05-08T10:44:11.264394Z  INFO get_files:scan_sources: tailwindcss_oxide::scanner: Discovering "/home/afdal/Laboratorium/PROJECT/extensionadminaksent/src/pages/Unpaid"
2026-05-08T10:44:11.264481Z  INFO get_files:scan_sources: tailwindcss_oxide::scanner: Discovering "/home/afdal/Laboratorium/PROJECT/extensionadminaksent/src/pages/Payment"
2026-05-08T10:44:11.264572Z  INFO get_files:scan_sources: tailwindcss_oxide::scanner: Discovering "/home/afdal/Laboratorium/PROJECT/extensionadminaksent/src/context"
2026-05-08T10:44:11.264802Z  INFO get_files:scan_sources: tailwindcss_oxide::scanner: Discovering "/home/afdal/Laboratorium/PROJECT/extensionadminaksent/public"
2026-05-08T10:44:11.264894Z  INFO get_files:scan_sources: tailwindcss_oxide::scanner: Discovering "/home/afdal/Laboratorium/PROJECT/extensionadminaksent/public/assets"
2026-05-08T10:44:11.265077Z  INFO get_files:scan_sources: tailwindcss_oxide::scanner: Discovering "/home/afdal/Laboratorium/PROJECT/extensionadminaksent/android"
2026-05-08T10:44:11.265437Z  INFO get_files:scan_sources: tailwindcss_oxide::scanner: Discovering "/home/afdal/Laboratorium/PROJECT/extensionadminaksent/android/.kotlin"
2026-05-08T10:44:11.265514Z  INFO get_files:scan_sources: tailwindcss_oxide::scanner: Discovering "/home/afdal/Laboratorium/PROJECT/extensionadminaksent/android/.kotlin/sessions"
2026-05-08T10:44:11.265693Z  INFO get_files:scan_sources: tailwindcss_oxide::scanner: Discovering "/home/afdal/Laboratorium/PROJECT/extensionadminaksent/android/gradle"
2026-05-08T10:44:11.265738Z  INFO get_files:scan_sources: tailwindcss_oxide::scanner: Discovering "/home/afdal/Laboratorium/PROJECT/extensionadminaksent/android/gradle/wrapper"
2026-05-08T10:44:11.265813Z  INFO get_files:scan_sources: tailwindcss_oxide::scanner: Discovering "/home/afdal/Laboratorium/PROJECT/extensionadminaksent/android/app"
2026-05-08T10:44:11.265942Z  INFO get_files:scan_sources: tailwindcss_oxide::scanner: Discovering "/home/afdal/Laboratorium/PROJECT/extensionadminaksent/android/app/src"
2026-05-08T10:44:11.266024Z  INFO get_files:scan_sources: tailwindcss_oxide::scanner: Discovering "/home/afdal/Laboratorium/PROJECT/extensionadminaksent/android/app/src/main"
2026-05-08T10:44:11.266098Z  INFO get_files:scan_sources: tailwindcss_oxide::scanner: Discovering "/home/afdal/Laboratorium/PROJECT/extensionadminaksent/android/app/src/main/res"
2026-05-08T10:44:11.266158Z  INFO get_files:scan_sources: tailwindcss_oxide::scanner: Discovering "/home/afdal/Laboratorium/PROJECT/extensionadminaksent/android/app/src/main/res/drawable-land-xhdpi"
2026-05-08T10:44:11.266227Z  INFO get_files:scan_sources: tailwindcss_oxide::scanner: Discovering "/home/afdal/Laboratorium/PROJECT/extensionadminaksent/android/app/src/main/res/drawable-land-xxhdpi"
2026-05-08T10:44:11.266305Z  INFO get_files:scan_sources: tailwindcss_oxide::scanner: Discovering "/home/afdal/Laboratorium/PROJECT/extensionadminaksent/android/app/src/main/res/drawable-v24"
2026-05-08T10:44:11.266377Z  INFO get_files:scan_sources: tailwindcss_oxide::scanner: Discovering "/home/afdal/Laboratorium/PROJECT/extensionadminaksent/android/app/src/main/res/drawable-port-xxxhdpi"
2026-05-08T10:44:11.266450Z  INFO get_files:scan_sources: tailwindcss_oxide::scanner: Discovering "/home/afdal/Laboratorium/PROJECT/extensionadminaksent/android/app/src/main/res/drawable-land-xxxhdpi"
2026-05-08T10:44:11.266534Z  INFO get_files:scan_sources: tailwindcss_oxide::scanner: Discovering "/home/afdal/Laboratorium/PROJECT/extensionadminaksent/android/app/src/main/res/drawable-port-xxhdpi"
2026-05-08T10:44:11.266595Z  INFO get_files:scan_sources: tailwindcss_oxide::scanner: Discovering "/home/afdal/Laboratorium/PROJECT/extensionadminaksent/android/app/src/main/res/mipmap-hdpi"
2026-05-08T10:44:11.266668Z  INFO get_files:scan_sources: tailwindcss_oxide::scanner: Discovering "/home/afdal/Laboratorium/PROJECT/extensionadminaksent/android/app/src/main/res/drawable-land-hdpi"
2026-05-08T10:44:11.266722Z  INFO get_files:scan_sources: tailwindcss_oxide::scanner: Discovering "/home/afdal/Laboratorium/PROJECT/extensionadminaksent/android/app/src/main/res/xml"
2026-05-08T10:44:11.266785Z  INFO get_files:scan_sources: tailwindcss_oxide::scanner: Discovering "/home/afdal/Laboratorium/PROJECT/extensionadminaksent/android/app/src/main/res/mipmap-xhdpi"
2026-05-08T10:44:11.266841Z  INFO get_files:scan_sources: tailwindcss_oxide::scanner: Discovering "/home/afdal/Laboratorium/PROJECT/extensionadminaksent/android/app/src/main/res/drawable-land-mdpi"
2026-05-08T10:44:11.266891Z  INFO get_files:scan_sources: tailwindcss_oxide::scanner: Discovering "/home/afdal/Laboratorium/PROJECT/extensionadminaksent/android/app/src/main/res/drawable-port-hdpi"
2026-05-08T10:44:11.266940Z  INFO get_files:scan_sources: tailwindcss_oxide::scanner: Discovering "/home/afdal/Laboratorium/PROJECT/extensionadminaksent/android/app/src/main/res/mipmap-xxhdpi"
2026-05-08T10:44:11.266997Z  INFO get_files:scan_sources: tailwindcss_oxide::scanner: Discovering "/home/afdal/Laboratorium/PROJECT/extensionadminaksent/android/app/src/main/res/mipmap-mdpi"
2026-05-08T10:44:11.267061Z  INFO get_files:scan_sources: tailwindcss_oxide::scanner: Discovering "/home/afdal/Laboratorium/PROJECT/extensionadminaksent/android/app/src/main/res/drawable"
2026-05-08T10:44:11.267149Z  INFO get_files:scan_sources: tailwindcss_oxide::scanner: Discovering "/home/afdal/Laboratorium/PROJECT/extensionadminaksent/android/app/src/main/res/drawable-port-xhdpi"
2026-05-08T10:44:11.267223Z  INFO get_files:scan_sources: tailwindcss_oxide::scanner: Discovering "/home/afdal/Laboratorium/PROJECT/extensionadminaksent/android/app/src/main/res/mipmap-xxxhdpi"
2026-05-08T10:44:11.267315Z  INFO get_files:scan_sources: tailwindcss_oxide::scanner: Discovering "/home/afdal/Laboratorium/PROJECT/extensionadminaksent/android/app/src/main/res/layout"
2026-05-08T10:44:11.267440Z  INFO get_files:scan_sources: tailwindcss_oxide::scanner: Discovering "/home/afdal/Laboratorium/PROJECT/extensionadminaksent/android/app/src/main/res/mipmap-anydpi-v26"
2026-05-08T10:44:11.267577Z  INFO get_files:scan_sources: tailwindcss_oxide::scanner: Discovering "/home/afdal/Laboratorium/PROJECT/extensionadminaksent/android/app/src/main/res/drawable-port-mdpi"
2026-05-08T10:44:11.267675Z  INFO get_files:scan_sources: tailwindcss_oxide::scanner: Discovering "/home/afdal/Laboratorium/PROJECT/extensionadminaksent/android/app/src/main/res/values"
2026-05-08T10:44:11.267832Z  INFO get_files:scan_sources: tailwindcss_oxide::scanner: Discovering "/home/afdal/Laboratorium/PROJECT/extensionadminaksent/android/app/src/main/java"
2026-05-08T10:44:11.267916Z  INFO get_files:scan_sources: tailwindcss_oxide::scanner: Discovering "/home/afdal/Laboratorium/PROJECT/extensionadminaksent/android/app/src/main/java/io"
2026-05-08T10:44:11.267989Z  INFO get_files:scan_sources: tailwindcss_oxide::scanner: Discovering "/home/afdal/Laboratorium/PROJECT/extensionadminaksent/android/app/src/main/java/io/ionic"
2026-05-08T10:44:11.268063Z  INFO get_files:scan_sources: tailwindcss_oxide::scanner: Discovering "/home/afdal/Laboratorium/PROJECT/extensionadminaksent/android/app/src/main/java/io/ionic/starter"
2026-05-08T10:44:11.268177Z  INFO get_files:scan_sources: tailwindcss_oxide::scanner: Discovering "/home/afdal/Laboratorium/PROJECT/extensionadminaksent/android/app/src/main/assets"
2026-05-08T10:44:11.268318Z  INFO get_files:scan_sources: tailwindcss_oxide::scanner: Discovering "/home/afdal/Laboratorium/PROJECT/extensionadminaksent/android/app/src/androidTest"
2026-05-08T10:44:11.268380Z  INFO get_files:scan_sources: tailwindcss_oxide::scanner: Discovering "/home/afdal/Laboratorium/PROJECT/extensionadminaksent/android/app/src/androidTest/java"
2026-05-08T10:44:11.268435Z  INFO get_files:scan_sources: tailwindcss_oxide::scanner: Discovering "/home/afdal/Laboratorium/PROJECT/extensionadminaksent/android/app/src/androidTest/java/com"
2026-05-08T10:44:11.268513Z  INFO get_files:scan_sources: tailwindcss_oxide::scanner: Discovering "/home/afdal/Laboratorium/PROJECT/extensionadminaksent/android/app/src/androidTest/java/com/getcapacitor"
2026-05-08T10:44:11.268583Z  INFO get_files:scan_sources: tailwindcss_oxide::scanner: Discovering "/home/afdal/Laboratorium/PROJECT/extensionadminaksent/android/app/src/androidTest/java/com/getcapacitor/myapp"
2026-05-08T10:44:11.268693Z  INFO get_files:scan_sources: tailwindcss_oxide::scanner: Discovering "/home/afdal/Laboratorium/PROJECT/extensionadminaksent/android/app/src/test"
2026-05-08T10:44:11.268761Z  INFO get_files:scan_sources: tailwindcss_oxide::scanner: Discovering "/home/afdal/Laboratorium/PROJECT/extensionadminaksent/android/app/src/test/java"
2026-05-08T10:44:11.268833Z  INFO get_files:scan_sources: tailwindcss_oxide::scanner: Discovering "/home/afdal/Laboratorium/PROJECT/extensionadminaksent/android/app/src/test/java/com"
2026-05-08T10:44:11.268909Z  INFO get_files:scan_sources: tailwindcss_oxide::scanner: Discovering "/home/afdal/Laboratorium/PROJECT/extensionadminaksent/android/app/src/test/java/com/getcapacitor"
2026-05-08T10:44:11.268981Z  INFO get_files:scan_sources: tailwindcss_oxide::scanner: Discovering "/home/afdal/Laboratorium/PROJECT/extensionadminaksent/android/app/src/test/java/com/getcapacitor/myapp"
2026-05-08T10:44:11.269425Z  INFO get_files:scan_sources: tailwindcss_oxide::scanner: exit
2026-05-08T10:44:11.269569Z  INFO get_files: tailwindcss_oxide::scanner: exit
2026-05-08T10:44:11.270098Z  INFO get_globs: tailwindcss_oxide::scanner: enter
2026-05-08T10:44:11.270112Z  INFO get_globs:scan_sources: tailwindcss_oxide::scanner: enter
2026-05-08T10:44:11.270795Z  INFO get_globs:scan_sources: tailwindcss_oxide::scanner: Discovering "/home/afdal/Laboratorium/PROJECT/extensionadminaksent/scripts"
2026-05-08T10:44:11.270907Z  INFO get_globs:scan_sources: tailwindcss_oxide::scanner: Discovering "/home/afdal/Laboratorium/PROJECT/extensionadminaksent/cypress"
2026-05-08T10:44:11.270975Z  INFO get_globs:scan_sources: tailwindcss_oxide::scanner: Discovering "/home/afdal/Laboratorium/PROJECT/extensionadminaksent/cypress/fixtures"
2026-05-08T10:44:11.271071Z  INFO get_globs:scan_sources: tailwindcss_oxide::scanner: Discovering "/home/afdal/Laboratorium/PROJECT/extensionadminaksent/cypress/e2e"
2026-05-08T10:44:11.271172Z  INFO get_globs:scan_sources: tailwindcss_oxide::scanner: Discovering "/home/afdal/Laboratorium/PROJECT/extensionadminaksent/cypress/support"
2026-05-08T10:44:11.271275Z  INFO get_globs:scan_sources: tailwindcss_oxide::scanner: Discovering "/home/afdal/Laboratorium/PROJECT/extensionadminaksent/.vscode"
2026-05-08T10:44:11.271419Z  INFO get_globs:scan_sources: tailwindcss_oxide::scanner: Discovering "/home/afdal/Laboratorium/PROJECT/extensionadminaksent/src"
2026-05-08T10:44:11.271500Z  INFO get_globs:scan_sources: tailwindcss_oxide::scanner: Discovering "/home/afdal/Laboratorium/PROJECT/extensionadminaksent/src/hook"
2026-05-08T10:44:11.271596Z  INFO get_globs:scan_sources: tailwindcss_oxide::scanner: Discovering "/home/afdal/Laboratorium/PROJECT/extensionadminaksent/src/hook/requests"
2026-05-08T10:44:11.271693Z  INFO get_globs:scan_sources: tailwindcss_oxide::scanner: Discovering "/home/afdal/Laboratorium/PROJECT/extensionadminaksent/src/components"
2026-05-08T10:44:11.271795Z  INFO get_globs:scan_sources: tailwindcss_oxide::scanner: Discovering "/home/afdal/Laboratorium/PROJECT/extensionadminaksent/src/components/customer"
2026-05-08T10:44:11.271909Z  INFO get_globs:scan_sources: tailwindcss_oxide::scanner: Discovering "/home/afdal/Laboratorium/PROJECT/extensionadminaksent/src/components/input"
2026-05-08T10:44:11.272020Z  INFO get_globs:scan_sources: tailwindcss_oxide::scanner: Discovering "/home/afdal/Laboratorium/PROJECT/extensionadminaksent/src/components/layout"
2026-05-08T10:44:11.272110Z  INFO get_globs:scan_sources: tailwindcss_oxide::scanner: Discovering "/home/afdal/Laboratorium/PROJECT/extensionadminaksent/src/components/list"
2026-05-08T10:44:11.272221Z  INFO get_globs:scan_sources: tailwindcss_oxide::scanner: Discovering "/home/afdal/Laboratorium/PROJECT/extensionadminaksent/src/components/toolbars"
2026-05-08T10:44:11.272327Z  INFO get_globs:scan_sources: tailwindcss_oxide::scanner: Discovering "/home/afdal/Laboratorium/PROJECT/extensionadminaksent/src/theme"
2026-05-08T10:44:11.272450Z  INFO get_globs:scan_sources: tailwindcss_oxide::scanner: Discovering "/home/afdal/Laboratorium/PROJECT/extensionadminaksent/src/utils"
2026-05-08T10:44:11.272619Z  INFO get_globs:scan_sources: tailwindcss_oxide::scanner: Discovering "/home/afdal/Laboratorium/PROJECT/extensionadminaksent/src/databases"
2026-05-08T10:44:11.272698Z  INFO get_globs:scan_sources: tailwindcss_oxide::scanner: Discovering "/home/afdal/Laboratorium/PROJECT/extensionadminaksent/src/databases/migrations"
2026-05-08T10:44:11.272802Z  INFO get_globs:scan_sources: tailwindcss_oxide::scanner: Discovering "/home/afdal/Laboratorium/PROJECT/extensionadminaksent/src/databases/entities"
2026-05-08T10:44:11.272915Z  INFO get_globs:scan_sources: tailwindcss_oxide::scanner: Discovering "/home/afdal/Laboratorium/PROJECT/extensionadminaksent/src/types"
2026-05-08T10:44:11.272993Z  INFO get_globs:scan_sources: tailwindcss_oxide::scanner: Discovering "/home/afdal/Laboratorium/PROJECT/extensionadminaksent/src/pages"
2026-05-08T10:44:11.273055Z  INFO get_globs:scan_sources: tailwindcss_oxide::scanner: Discovering "/home/afdal/Laboratorium/PROJECT/extensionadminaksent/src/pages/Customer"
2026-05-08T10:44:11.273155Z  INFO get_globs:scan_sources: tailwindcss_oxide::scanner: Discovering "/home/afdal/Laboratorium/PROJECT/extensionadminaksent/src/pages/Home"
2026-05-08T10:44:11.273244Z  INFO get_globs:scan_sources: tailwindcss_oxide::scanner: Discovering "/home/afdal/Laboratorium/PROJECT/extensionadminaksent/src/pages/Validation"
2026-05-08T10:44:11.273331Z  INFO get_globs:scan_sources: tailwindcss_oxide::scanner: Discovering "/home/afdal/Laboratorium/PROJECT/extensionadminaksent/src/pages/Unpaid"
2026-05-08T10:44:11.273417Z  INFO get_globs:scan_sources: tailwindcss_oxide::scanner: Discovering "/home/afdal/Laboratorium/PROJECT/extensionadminaksent/src/pages/Payment"
2026-05-08T10:44:11.273531Z  INFO get_globs:scan_sources: tailwindcss_oxide::scanner: Discovering "/home/afdal/Laboratorium/PROJECT/extensionadminaksent/src/context"
2026-05-08T10:44:11.273757Z  INFO get_globs:scan_sources: tailwindcss_oxide::scanner: Discovering "/home/afdal/Laboratorium/PROJECT/extensionadminaksent/public"
2026-05-08T10:44:11.273847Z  INFO get_globs:scan_sources: tailwindcss_oxide::scanner: Discovering "/home/afdal/Laboratorium/PROJECT/extensionadminaksent/public/assets"
2026-05-08T10:44:11.274066Z  INFO get_globs:scan_sources: tailwindcss_oxide::scanner: Discovering "/home/afdal/Laboratorium/PROJECT/extensionadminaksent/android"
2026-05-08T10:44:11.274438Z  INFO get_globs:scan_sources: tailwindcss_oxide::scanner: Discovering "/home/afdal/Laboratorium/PROJECT/extensionadminaksent/android/.kotlin"
2026-05-08T10:44:11.274514Z  INFO get_globs:scan_sources: tailwindcss_oxide::scanner: Discovering "/home/afdal/Laboratorium/PROJECT/extensionadminaksent/android/.kotlin/sessions"
2026-05-08T10:44:11.274720Z  INFO get_globs:scan_sources: tailwindcss_oxide::scanner: Discovering "/home/afdal/Laboratorium/PROJECT/extensionadminaksent/android/gradle"
2026-05-08T10:44:11.274797Z  INFO get_globs:scan_sources: tailwindcss_oxide::scanner: Discovering "/home/afdal/Laboratorium/PROJECT/extensionadminaksent/android/gradle/wrapper"
2026-05-08T10:44:11.274906Z  INFO get_globs:scan_sources: tailwindcss_oxide::scanner: Discovering "/home/afdal/Laboratorium/PROJECT/extensionadminaksent/android/app"
2026-05-08T10:44:11.275061Z  INFO get_globs:scan_sources: tailwindcss_oxide::scanner: Discovering "/home/afdal/Laboratorium/PROJECT/extensionadminaksent/android/app/src"
2026-05-08T10:44:11.275146Z  INFO get_globs:scan_sources: tailwindcss_oxide::scanner: Discovering "/home/afdal/Laboratorium/PROJECT/extensionadminaksent/android/app/src/main"
2026-05-08T10:44:11.275245Z  INFO get_globs:scan_sources: tailwindcss_oxide::scanner: Discovering "/home/afdal/Laboratorium/PROJECT/extensionadminaksent/android/app/src/main/res"
2026-05-08T10:44:11.275331Z  INFO get_globs:scan_sources: tailwindcss_oxide::scanner: Discovering "/home/afdal/Laboratorium/PROJECT/extensionadminaksent/android/app/src/main/res/drawable-land-xhdpi"
2026-05-08T10:44:11.275420Z  INFO get_globs:scan_sources: tailwindcss_oxide::scanner: Discovering "/home/afdal/Laboratorium/PROJECT/extensionadminaksent/android/app/src/main/res/drawable-land-xxhdpi"
2026-05-08T10:44:11.275516Z  INFO get_globs:scan_sources: tailwindcss_oxide::scanner: Discovering "/home/afdal/Laboratorium/PROJECT/extensionadminaksent/android/app/src/main/res/drawable-v24"
2026-05-08T10:44:11.275618Z  INFO get_globs:scan_sources: tailwindcss_oxide::scanner: Discovering "/home/afdal/Laboratorium/PROJECT/extensionadminaksent/android/app/src/main/res/drawable-port-xxxhdpi"
2026-05-08T10:44:11.275700Z  INFO get_globs:scan_sources: tailwindcss_oxide::scanner: Discovering "/home/afdal/Laboratorium/PROJECT/extensionadminaksent/android/app/src/main/res/drawable-land-xxxhdpi"
2026-05-08T10:44:11.275787Z  INFO get_globs:scan_sources: tailwindcss_oxide::scanner: Discovering "/home/afdal/Laboratorium/PROJECT/extensionadminaksent/android/app/src/main/res/drawable-port-xxhdpi"
2026-05-08T10:44:11.275871Z  INFO get_globs:scan_sources: tailwindcss_oxide::scanner: Discovering "/home/afdal/Laboratorium/PROJECT/extensionadminaksent/android/app/src/main/res/mipmap-hdpi"
2026-05-08T10:44:11.275965Z  INFO get_globs:scan_sources: tailwindcss_oxide::scanner: Discovering "/home/afdal/Laboratorium/PROJECT/extensionadminaksent/android/app/src/main/res/drawable-land-hdpi"
2026-05-08T10:44:11.276048Z  INFO get_globs:scan_sources: tailwindcss_oxide::scanner: Discovering "/home/afdal/Laboratorium/PROJECT/extensionadminaksent/android/app/src/main/res/xml"
2026-05-08T10:44:11.276147Z  INFO get_globs:scan_sources: tailwindcss_oxide::scanner: Discovering "/home/afdal/Laboratorium/PROJECT/extensionadminaksent/android/app/src/main/res/mipmap-xhdpi"
2026-05-08T10:44:11.276240Z  INFO get_globs:scan_sources: tailwindcss_oxide::scanner: Discovering "/home/afdal/Laboratorium/PROJECT/extensionadminaksent/android/app/src/main/res/drawable-land-mdpi"
2026-05-08T10:44:11.276321Z  INFO get_globs:scan_sources: tailwindcss_oxide::scanner: Discovering "/home/afdal/Laboratorium/PROJECT/extensionadminaksent/android/app/src/main/res/drawable-port-hdpi"
2026-05-08T10:44:11.276404Z  INFO get_globs:scan_sources: tailwindcss_oxide::scanner: Discovering "/home/afdal/Laboratorium/PROJECT/extensionadminaksent/android/app/src/main/res/mipmap-xxhdpi"
2026-05-08T10:44:11.276510Z  INFO get_globs:scan_sources: tailwindcss_oxide::scanner: Discovering "/home/afdal/Laboratorium/PROJECT/extensionadminaksent/android/app/src/main/res/mipmap-mdpi"
2026-05-08T10:44:11.276603Z  INFO get_globs:scan_sources: tailwindcss_oxide::scanner: Discovering "/home/afdal/Laboratorium/PROJECT/extensionadminaksent/android/app/src/main/res/drawable"
2026-05-08T10:44:11.276699Z  INFO get_globs:scan_sources: tailwindcss_oxide::scanner: Discovering "/home/afdal/Laboratorium/PROJECT/extensionadminaksent/android/app/src/main/res/drawable-port-xhdpi"
2026-05-08T10:44:11.276777Z  INFO get_globs:scan_sources: tailwindcss_oxide::scanner: Discovering "/home/afdal/Laboratorium/PROJECT/extensionadminaksent/android/app/src/main/res/mipmap-xxxhdpi"
2026-05-08T10:44:11.276879Z  INFO get_globs:scan_sources: tailwindcss_oxide::scanner: Discovering "/home/afdal/Laboratorium/PROJECT/extensionadminaksent/android/app/src/main/res/layout"
2026-05-08T10:44:11.276973Z  INFO get_globs:scan_sources: tailwindcss_oxide::scanner: Discovering "/home/afdal/Laboratorium/PROJECT/extensionadminaksent/android/app/src/main/res/mipmap-anydpi-v26"
2026-05-08T10:44:11.277084Z  INFO get_globs:scan_sources: tailwindcss_oxide::scanner: Discovering "/home/afdal/Laboratorium/PROJECT/extensionadminaksent/android/app/src/main/res/drawable-port-mdpi"
2026-05-08T10:44:11.277166Z  INFO get_globs:scan_sources: tailwindcss_oxide::scanner: Discovering "/home/afdal/Laboratorium/PROJECT/extensionadminaksent/android/app/src/main/res/values"
2026-05-08T10:44:11.277310Z  INFO get_globs:scan_sources: tailwindcss_oxide::scanner: Discovering "/home/afdal/Laboratorium/PROJECT/extensionadminaksent/android/app/src/main/java"
2026-05-08T10:44:11.277380Z  INFO get_globs:scan_sources: tailwindcss_oxide::scanner: Discovering "/home/afdal/Laboratorium/PROJECT/extensionadminaksent/android/app/src/main/java/io"
2026-05-08T10:44:11.277450Z  INFO get_globs:scan_sources: tailwindcss_oxide::scanner: Discovering "/home/afdal/Laboratorium/PROJECT/extensionadminaksent/android/app/src/main/java/io/ionic"
2026-05-08T10:44:11.277540Z  INFO get_globs:scan_sources: tailwindcss_oxide::scanner: Discovering "/home/afdal/Laboratorium/PROJECT/extensionadminaksent/android/app/src/main/java/io/ionic/starter"
2026-05-08T10:44:11.277660Z  INFO get_globs:scan_sources: tailwindcss_oxide::scanner: Discovering "/home/afdal/Laboratorium/PROJECT/extensionadminaksent/android/app/src/main/assets"
2026-05-08T10:44:11.277816Z  INFO get_globs:scan_sources: tailwindcss_oxide::scanner: Discovering "/home/afdal/Laboratorium/PROJECT/extensionadminaksent/android/app/src/androidTest"
2026-05-08T10:44:11.277884Z  INFO get_globs:scan_sources: tailwindcss_oxide::scanner: Discovering "/home/afdal/Laboratorium/PROJECT/extensionadminaksent/android/app/src/androidTest/java"
2026-05-08T10:44:11.277959Z  INFO get_globs:scan_sources: tailwindcss_oxide::scanner: Discovering "/home/afdal/Laboratorium/PROJECT/extensionadminaksent/android/app/src/androidTest/java/com"
2026-05-08T10:44:11.278029Z  INFO get_globs:scan_sources: tailwindcss_oxide::scanner: Discovering "/home/afdal/Laboratorium/PROJECT/extensionadminaksent/android/app/src/androidTest/java/com/getcapacitor"
2026-05-08T10:44:11.278106Z  INFO get_globs:scan_sources: tailwindcss_oxide::scanner: Discovering "/home/afdal/Laboratorium/PROJECT/extensionadminaksent/android/app/src/androidTest/java/com/getcapacitor/myapp"
2026-05-08T10:44:11.278230Z  INFO get_globs:scan_sources: tailwindcss_oxide::scanner: Discovering "/home/afdal/Laboratorium/PROJECT/extensionadminaksent/android/app/src/test"
2026-05-08T10:44:11.278296Z  INFO get_globs:scan_sources: tailwindcss_oxide::scanner: Discovering "/home/afdal/Laboratorium/PROJECT/extensionadminaksent/android/app/src/test/java"
2026-05-08T10:44:11.278362Z  INFO get_globs:scan_sources: tailwindcss_oxide::scanner: Discovering "/home/afdal/Laboratorium/PROJECT/extensionadminaksent/android/app/src/test/java/com"
2026-05-08T10:44:11.278432Z  INFO get_globs:scan_sources: tailwindcss_oxide::scanner: Discovering "/home/afdal/Laboratorium/PROJECT/extensionadminaksent/android/app/src/test/java/com/getcapacitor"
2026-05-08T10:44:11.278549Z  INFO get_globs:scan_sources: tailwindcss_oxide::scanner: Discovering "/home/afdal/Laboratorium/PROJECT/extensionadminaksent/android/app/src/test/java/com/getcapacitor/myapp"
2026-05-08T10:44:11.279001Z  INFO get_globs:scan_sources: tailwindcss_oxide::scanner: exit
2026-05-08T10:44:11.298925Z  INFO get_globs: tailwindcss_oxide::scanner: exit
2026-05-08T10:44:11.392874Z  INFO tailwindcss_oxide::scanner: Provided sources:
2026-05-08T10:44:11.392928Z  INFO tailwindcss_oxide::scanner: Source: PublicSourceEntry { base: "/home/afdal/Laboratorium/PROJECT/extensionadminaksent", pattern: "**/*", negated: false }
2026-05-08T10:44:11.392987Z  INFO tailwindcss_oxide::scanner: Optimized sources:
2026-05-08T10:44:11.392996Z  INFO tailwindcss_oxide::scanner: Source: Auto { base: "/home/afdal/Laboratorium/PROJECT/extensionadminaksent" }
2026-05-08T10:44:11.403218Z  INFO tailwindcss_oxide::scanner: Provided sources:
2026-05-08T10:44:11.403256Z  INFO tailwindcss_oxide::scanner: Source: PublicSourceEntry { base: "/home/afdal/Laboratorium/PROJECT/extensionadminaksent", pattern: "**/*", negated: false }
2026-05-08T10:44:11.403300Z  INFO tailwindcss_oxide::scanner: Optimized sources:
2026-05-08T10:44:11.403308Z  INFO tailwindcss_oxide::scanner: Source: Auto { base: "/home/afdal/Laboratorium/PROJECT/extensionadminaksent" }
2026-05-08T10:44:11.410947Z  INFO tailwindcss_oxide::scanner: Provided sources:
2026-05-08T10:44:11.411011Z  INFO tailwindcss_oxide::scanner: Source: PublicSourceEntry { base: "/home/afdal/Laboratorium/PROJECT/extensionadminaksent", pattern: "**/*", negated: false }
2026-05-08T10:44:11.411064Z  INFO tailwindcss_oxide::scanner: Optimized sources:
2026-05-08T10:44:11.411072Z  INFO tailwindcss_oxide::scanner: Source: Auto { base: "/home/afdal/Laboratorium/PROJECT/extensionadminaksent" }
2026-05-08T10:44:11.417668Z  INFO tailwindcss_oxide::scanner: Provided sources:
2026-05-08T10:44:11.417705Z  INFO tailwindcss_oxide::scanner: Source: PublicSourceEntry { base: "/home/afdal/Laboratorium/PROJECT/extensionadminaksent", pattern: "**/*", negated: false }
2026-05-08T10:44:11.417753Z  INFO tailwindcss_oxide::scanner: Optimized sources:
2026-05-08T10:44:11.417761Z  INFO tailwindcss_oxide::scanner: Source: Auto { base: "/home/afdal/Laboratorium/PROJECT/extensionadminaksent" }
2026-05-08T10:44:11.423881Z  INFO tailwindcss_oxide::scanner: Provided sources:
2026-05-08T10:44:11.423930Z  INFO tailwindcss_oxide::scanner: Source: PublicSourceEntry { base: "/home/afdal/Laboratorium/PROJECT/extensionadminaksent", pattern: "**/*", negated: false }
2026-05-08T10:44:11.423969Z  INFO tailwindcss_oxide::scanner: Optimized sources:
2026-05-08T10:44:11.423976Z  INFO tailwindcss_oxide::scanner: Source: Auto { base: "/home/afdal/Laboratorium/PROJECT/extensionadminaksent" }
2026-05-08T10:44:11.431848Z  INFO tailwindcss_oxide::scanner: Provided sources:
2026-05-08T10:44:11.431905Z  INFO tailwindcss_oxide::scanner: Source: PublicSourceEntry { base: "/home/afdal/Laboratorium/PROJECT/extensionadminaksent", pattern: "**/*", negated: false }
2026-05-08T10:44:11.431956Z  INFO tailwindcss_oxide::scanner: Optimized sources:
2026-05-08T10:44:11.431963Z  INFO tailwindcss_oxide::scanner: Source: Auto { base: "/home/afdal/Laboratorium/PROJECT/extensionadminaksent" }
2026-05-08T10:44:11.444948Z  INFO tailwindcss_oxide::scanner: Provided sources:
2026-05-08T10:44:11.445011Z  INFO tailwindcss_oxide::scanner: Source: PublicSourceEntry { base: "/home/afdal/Laboratorium/PROJECT/extensionadminaksent", pattern: "**/*", negated: false }
2026-05-08T10:44:11.445060Z  INFO tailwindcss_oxide::scanner: Optimized sources:
2026-05-08T10:44:11.445068Z  INFO tailwindcss_oxide::scanner: Source: Auto { base: "/home/afdal/Laboratorium/PROJECT/extensionadminaksent" }
2026-05-08T10:44:11.467767Z  INFO tailwindcss_oxide::scanner: Provided sources:
2026-05-08T10:44:11.467814Z  INFO tailwindcss_oxide::scanner: Source: PublicSourceEntry { base: "/home/afdal/Laboratorium/PROJECT/extensionadminaksent", pattern: "**/*", negated: false }
2026-05-08T10:44:11.467857Z  INFO tailwindcss_oxide::scanner: Optimized sources:
2026-05-08T10:44:11.467864Z  INFO tailwindcss_oxide::scanner: Source: Auto { base: "/home/afdal/Laboratorium/PROJECT/extensionadminaksent" }
2026-05-08T10:44:11.472082Z  INFO tailwindcss_oxide::scanner: Provided sources:
2026-05-08T10:44:11.472151Z  INFO tailwindcss_oxide::scanner: Source: PublicSourceEntry { base: "/home/afdal/Laboratorium/PROJECT/extensionadminaksent", pattern: "**/*", negated: false }
2026-05-08T10:44:11.472224Z  INFO tailwindcss_oxide::scanner: Optimized sources:
2026-05-08T10:44:11.472268Z  INFO tailwindcss_oxide::scanner: Source: Auto { base: "/home/afdal/Laboratorium/PROJECT/extensionadminaksent" }
2026-05-08T10:44:11.492846Z  INFO tailwindcss_oxide::scanner: Provided sources:
2026-05-08T10:44:11.492903Z  INFO tailwindcss_oxide::scanner: Source: PublicSourceEntry { base: "/home/afdal/Laboratorium/PROJECT/extensionadminaksent", pattern: "**/*", negated: false }
2026-05-08T10:44:11.492948Z  INFO tailwindcss_oxide::scanner: Optimized sources:
2026-05-08T10:44:11.492955Z  INFO tailwindcss_oxide::scanner: Source: Auto { base: "/home/afdal/Laboratorium/PROJECT/extensionadminaksent" }
2026-05-08T10:44:11.506216Z  INFO tailwindcss_oxide::scanner: Provided sources:
2026-05-08T10:44:11.506291Z  INFO tailwindcss_oxide::scanner: Source: PublicSourceEntry { base: "/home/afdal/Laboratorium/PROJECT/extensionadminaksent", pattern: "**/*", negated: false }
2026-05-08T10:44:11.506351Z  INFO tailwindcss_oxide::scanner: Optimized sources:
2026-05-08T10:44:11.506361Z  INFO tailwindcss_oxide::scanner: Source: Auto { base: "/home/afdal/Laboratorium/PROJECT/extensionadminaksent" }
2026-05-08T10:50:51.383653Z  INFO scan_sources: tailwindcss_oxide::scanner: enter
2026-05-08T10:50:51.384507Z  INFO scan_sources: tailwindcss_oxide::scanner: Discovering "/home/afdal/Laboratorium/PROJECT/extensionadminaksent/scripts"
2026-05-08T10:50:51.384612Z  INFO scan_sources: tailwindcss_oxide::scanner: Discovering "/home/afdal/Laboratorium/PROJECT/extensionadminaksent/cypress"
2026-05-08T10:50:51.384671Z  INFO scan_sources: tailwindcss_oxide::scanner: Discovering "/home/afdal/Laboratorium/PROJECT/extensionadminaksent/cypress/fixtures"
2026-05-08T10:50:51.384745Z  INFO scan_sources: tailwindcss_oxide::scanner: Discovering "/home/afdal/Laboratorium/PROJECT/extensionadminaksent/cypress/e2e"
2026-05-08T10:50:51.384814Z  INFO scan_sources: tailwindcss_oxide::scanner: Discovering "/home/afdal/Laboratorium/PROJECT/extensionadminaksent/cypress/support"
2026-05-08T10:50:51.384904Z  INFO scan_sources: tailwindcss_oxide::scanner: Discovering "/home/afdal/Laboratorium/PROJECT/extensionadminaksent/.vscode"
2026-05-08T10:50:51.385029Z  INFO scan_sources: tailwindcss_oxide::scanner: Discovering "/home/afdal/Laboratorium/PROJECT/extensionadminaksent/src"
2026-05-08T10:50:51.385089Z  INFO scan_sources: tailwindcss_oxide::scanner: Discovering "/home/afdal/Laboratorium/PROJECT/extensionadminaksent/src/hook"
2026-05-08T10:50:51.385157Z  INFO scan_sources: tailwindcss_oxide::scanner: Discovering "/home/afdal/Laboratorium/PROJECT/extensionadminaksent/src/hook/requests"
2026-05-08T10:50:51.385211Z  INFO scan_sources: tailwindcss_oxide::scanner: Discovering "/home/afdal/Laboratorium/PROJECT/extensionadminaksent/src/hook/requests/customer.ts"
2026-05-08T10:50:51.385254Z  INFO scan_sources: tailwindcss_oxide::scanner: Discovering "/home/afdal/Laboratorium/PROJECT/extensionadminaksent/src/components"
2026-05-08T10:50:51.385322Z  INFO scan_sources: tailwindcss_oxide::scanner: Discovering "/home/afdal/Laboratorium/PROJECT/extensionadminaksent/src/components/customer"
2026-05-08T10:50:51.385421Z  INFO scan_sources: tailwindcss_oxide::scanner: Discovering "/home/afdal/Laboratorium/PROJECT/extensionadminaksent/src/components/input"
2026-05-08T10:50:51.385528Z  INFO scan_sources: tailwindcss_oxide::scanner: Discovering "/home/afdal/Laboratorium/PROJECT/extensionadminaksent/src/components/layout"
2026-05-08T10:50:51.385599Z  INFO scan_sources: tailwindcss_oxide::scanner: Discovering "/home/afdal/Laboratorium/PROJECT/extensionadminaksent/src/components/list"
2026-05-08T10:50:51.385689Z  INFO scan_sources: tailwindcss_oxide::scanner: Discovering "/home/afdal/Laboratorium/PROJECT/extensionadminaksent/src/components/toolbars"
2026-05-08T10:50:51.385776Z  INFO scan_sources: tailwindcss_oxide::scanner: Discovering "/home/afdal/Laboratorium/PROJECT/extensionadminaksent/src/theme"
2026-05-08T10:50:51.385873Z  INFO scan_sources: tailwindcss_oxide::scanner: Discovering "/home/afdal/Laboratorium/PROJECT/extensionadminaksent/src/utils"
2026-05-08T10:50:51.386025Z  INFO scan_sources: tailwindcss_oxide::scanner: Discovering "/home/afdal/Laboratorium/PROJECT/extensionadminaksent/src/databases"
2026-05-08T10:50:51.386109Z  INFO scan_sources: tailwindcss_oxide::scanner: Discovering "/home/afdal/Laboratorium/PROJECT/extensionadminaksent/src/databases/migrations"
2026-05-08T10:50:51.386218Z  INFO scan_sources: tailwindcss_oxide::scanner: Discovering "/home/afdal/Laboratorium/PROJECT/extensionadminaksent/src/databases/entities"
2026-05-08T10:50:51.386324Z  INFO scan_sources: tailwindcss_oxide::scanner: Discovering "/home/afdal/Laboratorium/PROJECT/extensionadminaksent/src/types"
2026-05-08T10:50:51.386399Z  INFO scan_sources: tailwindcss_oxide::scanner: Discovering "/home/afdal/Laboratorium/PROJECT/extensionadminaksent/src/pages"
2026-05-08T10:50:51.386464Z  INFO scan_sources: tailwindcss_oxide::scanner: Discovering "/home/afdal/Laboratorium/PROJECT/extensionadminaksent/src/pages/Customer"
2026-05-08T10:50:51.386583Z  INFO scan_sources: tailwindcss_oxide::scanner: Discovering "/home/afdal/Laboratorium/PROJECT/extensionadminaksent/src/pages/Home"
2026-05-08T10:50:51.386677Z  INFO scan_sources: tailwindcss_oxide::scanner: Discovering "/home/afdal/Laboratorium/PROJECT/extensionadminaksent/src/pages/Validation"
2026-05-08T10:50:51.386749Z  INFO scan_sources: tailwindcss_oxide::scanner: Discovering "/home/afdal/Laboratorium/PROJECT/extensionadminaksent/src/pages/Unpaid"
2026-05-08T10:50:51.386818Z  INFO scan_sources: tailwindcss_oxide::scanner: Discovering "/home/afdal/Laboratorium/PROJECT/extensionadminaksent/src/pages/Payment"
2026-05-08T10:50:51.386906Z  INFO scan_sources: tailwindcss_oxide::scanner: Discovering "/home/afdal/Laboratorium/PROJECT/extensionadminaksent/src/context"
2026-05-08T10:50:51.387129Z  INFO scan_sources: tailwindcss_oxide::scanner: Discovering "/home/afdal/Laboratorium/PROJECT/extensionadminaksent/public"
2026-05-08T10:50:51.387211Z  INFO scan_sources: tailwindcss_oxide::scanner: Discovering "/home/afdal/Laboratorium/PROJECT/extensionadminaksent/public/assets"
2026-05-08T10:50:51.387415Z  INFO scan_sources: tailwindcss_oxide::scanner: Discovering "/home/afdal/Laboratorium/PROJECT/extensionadminaksent/android"
2026-05-08T10:50:51.387790Z  INFO scan_sources: tailwindcss_oxide::scanner: Discovering "/home/afdal/Laboratorium/PROJECT/extensionadminaksent/android/.kotlin"
2026-05-08T10:50:51.387870Z  INFO scan_sources: tailwindcss_oxide::scanner: Discovering "/home/afdal/Laboratorium/PROJECT/extensionadminaksent/android/.kotlin/sessions"
2026-05-08T10:50:51.388058Z  INFO scan_sources: tailwindcss_oxide::scanner: Discovering "/home/afdal/Laboratorium/PROJECT/extensionadminaksent/android/gradle"
2026-05-08T10:50:51.388124Z  INFO scan_sources: tailwindcss_oxide::scanner: Discovering "/home/afdal/Laboratorium/PROJECT/extensionadminaksent/android/gradle/wrapper"
2026-05-08T10:50:51.388244Z  INFO scan_sources: tailwindcss_oxide::scanner: Discovering "/home/afdal/Laboratorium/PROJECT/extensionadminaksent/android/app"
2026-05-08T10:50:51.388412Z  INFO scan_sources: tailwindcss_oxide::scanner: Discovering "/home/afdal/Laboratorium/PROJECT/extensionadminaksent/android/app/src"
2026-05-08T10:50:51.388545Z  INFO scan_sources: tailwindcss_oxide::scanner: Discovering "/home/afdal/Laboratorium/PROJECT/extensionadminaksent/android/app/src/main"
2026-05-08T10:50:51.388656Z  INFO scan_sources: tailwindcss_oxide::scanner: Discovering "/home/afdal/Laboratorium/PROJECT/extensionadminaksent/android/app/src/main/res"
2026-05-08T10:50:51.388736Z  INFO scan_sources: tailwindcss_oxide::scanner: Discovering "/home/afdal/Laboratorium/PROJECT/extensionadminaksent/android/app/src/main/res/drawable-land-xhdpi"
2026-05-08T10:50:51.388807Z  INFO scan_sources: tailwindcss_oxide::scanner: Discovering "/home/afdal/Laboratorium/PROJECT/extensionadminaksent/android/app/src/main/res/drawable-land-xxhdpi"
2026-05-08T10:50:51.388871Z  INFO scan_sources: tailwindcss_oxide::scanner: Discovering "/home/afdal/Laboratorium/PROJECT/extensionadminaksent/android/app/src/main/res/drawable-v24"
2026-05-08T10:50:51.388976Z  INFO scan_sources: tailwindcss_oxide::scanner: Discovering "/home/afdal/Laboratorium/PROJECT/extensionadminaksent/android/app/src/main/res/drawable-port-xxxhdpi"
2026-05-08T10:50:51.389046Z  INFO scan_sources: tailwindcss_oxide::scanner: Discovering "/home/afdal/Laboratorium/PROJECT/extensionadminaksent/android/app/src/main/res/drawable-land-xxxhdpi"
2026-05-08T10:50:51.389108Z  INFO scan_sources: tailwindcss_oxide::scanner: Discovering "/home/afdal/Laboratorium/PROJECT/extensionadminaksent/android/app/src/main/res/drawable-port-xxhdpi"
2026-05-08T10:50:51.389165Z  INFO scan_sources: tailwindcss_oxide::scanner: Discovering "/home/afdal/Laboratorium/PROJECT/extensionadminaksent/android/app/src/main/res/mipmap-hdpi"
2026-05-08T10:50:51.389508Z  INFO scan_sources: tailwindcss_oxide::scanner: Discovering "/home/afdal/Laboratorium/PROJECT/extensionadminaksent/android/app/src/main/res/drawable-land-hdpi"
2026-05-08T10:50:51.389609Z  INFO scan_sources: tailwindcss_oxide::scanner: Discovering "/home/afdal/Laboratorium/PROJECT/extensionadminaksent/android/app/src/main/res/xml"
2026-05-08T10:50:51.389696Z  INFO scan_sources: tailwindcss_oxide::scanner: Discovering "/home/afdal/Laboratorium/PROJECT/extensionadminaksent/android/app/src/main/res/mipmap-xhdpi"
2026-05-08T10:50:51.389784Z  INFO scan_sources: tailwindcss_oxide::scanner: Discovering "/home/afdal/Laboratorium/PROJECT/extensionadminaksent/android/app/src/main/res/drawable-land-mdpi"
2026-05-08T10:50:51.389862Z  INFO scan_sources: tailwindcss_oxide::scanner: Discovering "/home/afdal/Laboratorium/PROJECT/extensionadminaksent/android/app/src/main/res/drawable-port-hdpi"
2026-05-08T10:50:51.390376Z  INFO scan_sources: tailwindcss_oxide::scanner: Discovering "/home/afdal/Laboratorium/PROJECT/extensionadminaksent/android/app/src/main/res/mipmap-xxhdpi"
2026-05-08T10:50:51.390541Z  INFO scan_sources: tailwindcss_oxide::scanner: Discovering "/home/afdal/Laboratorium/PROJECT/extensionadminaksent/android/app/src/main/res/mipmap-mdpi"
2026-05-08T10:50:51.390647Z  INFO scan_sources: tailwindcss_oxide::scanner: Discovering "/home/afdal/Laboratorium/PROJECT/extensionadminaksent/android/app/src/main/res/drawable"
2026-05-08T10:50:51.390737Z  INFO scan_sources: tailwindcss_oxide::scanner: Discovering "/home/afdal/Laboratorium/PROJECT/extensionadminaksent/android/app/src/main/res/drawable-port-xhdpi"
2026-05-08T10:50:51.390800Z  INFO scan_sources: tailwindcss_oxide::scanner: Discovering "/home/afdal/Laboratorium/PROJECT/extensionadminaksent/android/app/src/main/res/mipmap-xxxhdpi"
2026-05-08T10:50:51.390867Z  INFO scan_sources: tailwindcss_oxide::scanner: Discovering "/home/afdal/Laboratorium/PROJECT/extensionadminaksent/android/app/src/main/res/layout"
2026-05-08T10:50:51.390938Z  INFO scan_sources: tailwindcss_oxide::scanner: Discovering "/home/afdal/Laboratorium/PROJECT/extensionadminaksent/android/app/src/main/res/mipmap-anydpi-v26"
2026-05-08T10:50:51.391024Z  INFO scan_sources: tailwindcss_oxide::scanner: Discovering "/home/afdal/Laboratorium/PROJECT/extensionadminaksent/android/app/src/main/res/drawable-port-mdpi"
2026-05-08T10:50:51.391100Z  INFO scan_sources: tailwindcss_oxide::scanner: Discovering "/home/afdal/Laboratorium/PROJECT/extensionadminaksent/android/app/src/main/res/values"
2026-05-08T10:50:51.391213Z  INFO scan_sources: tailwindcss_oxide::scanner: Discovering "/home/afdal/Laboratorium/PROJECT/extensionadminaksent/android/app/src/main/java"
2026-05-08T10:50:51.391276Z  INFO scan_sources: tailwindcss_oxide::scanner: Discovering "/home/afdal/Laboratorium/PROJECT/extensionadminaksent/android/app/src/main/java/io"
2026-05-08T10:50:51.391331Z  INFO scan_sources: tailwindcss_oxide::scanner: Discovering "/home/afdal/Laboratorium/PROJECT/extensionadminaksent/android/app/src/main/java/io/ionic"
2026-05-08T10:50:51.391399Z  INFO scan_sources: tailwindcss_oxide::scanner: Discovering "/home/afdal/Laboratorium/PROJECT/extensionadminaksent/android/app/src/main/java/io/ionic/starter"
2026-05-08T10:50:51.391517Z  INFO scan_sources: tailwindcss_oxide::scanner: Discovering "/home/afdal/Laboratorium/PROJECT/extensionadminaksent/android/app/src/main/assets"
2026-05-08T10:50:51.391700Z  INFO scan_sources: tailwindcss_oxide::scanner: Discovering "/home/afdal/Laboratorium/PROJECT/extensionadminaksent/android/app/src/androidTest"
2026-05-08T10:50:51.391761Z  INFO scan_sources: tailwindcss_oxide::scanner: Discovering "/home/afdal/Laboratorium/PROJECT/extensionadminaksent/android/app/src/androidTest/java"
2026-05-08T10:50:51.391817Z  INFO scan_sources: tailwindcss_oxide::scanner: Discovering "/home/afdal/Laboratorium/PROJECT/extensionadminaksent/android/app/src/androidTest/java/com"
2026-05-08T10:50:51.391882Z  INFO scan_sources: tailwindcss_oxide::scanner: Discovering "/home/afdal/Laboratorium/PROJECT/extensionadminaksent/android/app/src/androidTest/java/com/getcapacitor"
2026-05-08T10:50:51.391941Z  INFO scan_sources: tailwindcss_oxide::scanner: Discovering "/home/afdal/Laboratorium/PROJECT/extensionadminaksent/android/app/src/androidTest/java/com/getcapacitor/myapp"
2026-05-08T10:50:51.392066Z  INFO scan_sources: tailwindcss_oxide::scanner: Discovering "/home/afdal/Laboratorium/PROJECT/extensionadminaksent/android/app/src/test"
2026-05-08T10:50:51.392141Z  INFO scan_sources: tailwindcss_oxide::scanner: Discovering "/home/afdal/Laboratorium/PROJECT/extensionadminaksent/android/app/src/test/java"
2026-05-08T10:50:51.392202Z  INFO scan_sources: tailwindcss_oxide::scanner: Discovering "/home/afdal/Laboratorium/PROJECT/extensionadminaksent/android/app/src/test/java/com"
2026-05-08T10:50:51.392263Z  INFO scan_sources: tailwindcss_oxide::scanner: Discovering "/home/afdal/Laboratorium/PROJECT/extensionadminaksent/android/app/src/test/java/com/getcapacitor"
2026-05-08T10:50:51.392320Z  INFO scan_sources: tailwindcss_oxide::scanner: Discovering "/home/afdal/Laboratorium/PROJECT/extensionadminaksent/android/app/src/test/java/com/getcapacitor/myapp"
2026-05-08T10:50:51.392829Z  INFO scan_sources: tailwindcss_oxide::scanner: exit
2026-05-08T10:50:51.392866Z  INFO extract_candidates: tailwindcss_oxide::scanner: enter
2026-05-08T10:50:51.392874Z  INFO extract_candidates:read_all_files: tailwindcss_oxide::scanner: enter
2026-05-08T10:50:51.392879Z  INFO extract_candidates:read_all_files: tailwindcss_oxide::scanner: Reading 1 file(s)
2026-05-08T10:50:51.392958Z  INFO extract_candidates:read_all_files: tailwindcss_oxide::scanner: Reading "/home/afdal/Laboratorium/PROJECT/extensionadminaksent/src/hook/requests/customer.ts"
2026-05-08T10:50:51.392975Z  INFO extract_candidates:read_all_files: tailwindcss_oxide::scanner: exit
2026-05-08T10:50:51.392983Z  INFO extract_candidates:parse_all_blobs: tailwindcss_oxide::scanner: enter
2026-05-08T10:50:51.392989Z  INFO extract_candidates:parse_all_blobs:extract: tailwindcss_oxide::scanner: enter
2026-05-08T10:50:51.394791Z  INFO extract_candidates:parse_all_blobs:extract: tailwindcss_oxide::scanner: exit
2026-05-08T10:50:51.394841Z  INFO extract_candidates:parse_all_blobs: tailwindcss_oxide::scanner: exit
2026-05-08T10:50:51.395868Z  INFO extract_candidates: tailwindcss_oxide::scanner: exit
2026-05-08T10:50:51.398733Z  INFO get_files: tailwindcss_oxide::scanner: enter
2026-05-08T10:50:51.398836Z  INFO get_files:scan_sources: tailwindcss_oxide::scanner: enter
2026-05-08T10:50:51.399399Z  INFO get_files:scan_sources: tailwindcss_oxide::scanner: Discovering "/home/afdal/Laboratorium/PROJECT/extensionadminaksent/scripts"
2026-05-08T10:50:51.399529Z  INFO get_files:scan_sources: tailwindcss_oxide::scanner: Discovering "/home/afdal/Laboratorium/PROJECT/extensionadminaksent/cypress"
2026-05-08T10:50:51.399625Z  INFO get_files:scan_sources: tailwindcss_oxide::scanner: Discovering "/home/afdal/Laboratorium/PROJECT/extensionadminaksent/cypress/fixtures"
2026-05-08T10:50:51.399748Z  INFO get_files:scan_sources: tailwindcss_oxide::scanner: Discovering "/home/afdal/Laboratorium/PROJECT/extensionadminaksent/cypress/e2e"
2026-05-08T10:50:51.399887Z  INFO get_files:scan_sources: tailwindcss_oxide::scanner: Discovering "/home/afdal/Laboratorium/PROJECT/extensionadminaksent/cypress/support"
2026-05-08T10:50:51.400068Z  INFO get_files:scan_sources: tailwindcss_oxide::scanner: Discovering "/home/afdal/Laboratorium/PROJECT/extensionadminaksent/.vscode"
2026-05-08T10:50:51.400281Z  INFO get_files:scan_sources: tailwindcss_oxide::scanner: Discovering "/home/afdal/Laboratorium/PROJECT/extensionadminaksent/src"
2026-05-08T10:50:51.400426Z  INFO get_files:scan_sources: tailwindcss_oxide::scanner: Discovering "/home/afdal/Laboratorium/PROJECT/extensionadminaksent/src/hook"
2026-05-08T10:50:51.400647Z  INFO get_files:scan_sources: tailwindcss_oxide::scanner: Discovering "/home/afdal/Laboratorium/PROJECT/extensionadminaksent/src/hook/requests"
2026-05-08T10:50:51.400808Z  INFO get_files:scan_sources: tailwindcss_oxide::scanner: Discovering "/home/afdal/Laboratorium/PROJECT/extensionadminaksent/src/components"
2026-05-08T10:50:51.400958Z  INFO get_files:scan_sources: tailwindcss_oxide::scanner: Discovering "/home/afdal/Laboratorium/PROJECT/extensionadminaksent/src/components/customer"
2026-05-08T10:50:51.401143Z  INFO get_files:scan_sources: tailwindcss_oxide::scanner: Discovering "/home/afdal/Laboratorium/PROJECT/extensionadminaksent/src/components/input"
2026-05-08T10:50:51.401360Z  INFO get_files:scan_sources: tailwindcss_oxide::scanner: Discovering "/home/afdal/Laboratorium/PROJECT/extensionadminaksent/src/components/layout"
2026-05-08T10:50:51.401445Z  INFO get_files:scan_sources: tailwindcss_oxide::scanner: Discovering "/home/afdal/Laboratorium/PROJECT/extensionadminaksent/src/components/list"
2026-05-08T10:50:51.401562Z  INFO get_files:scan_sources: tailwindcss_oxide::scanner: Discovering "/home/afdal/Laboratorium/PROJECT/extensionadminaksent/src/components/toolbars"
2026-05-08T10:50:51.401671Z  INFO get_files:scan_sources: tailwindcss_oxide::scanner: Discovering "/home/afdal/Laboratorium/PROJECT/extensionadminaksent/src/theme"
2026-05-08T10:50:51.402833Z  INFO get_files:scan_sources: tailwindcss_oxide::scanner: Discovering "/home/afdal/Laboratorium/PROJECT/extensionadminaksent/src/utils"
2026-05-08T10:50:51.403298Z  INFO get_files:scan_sources: tailwindcss_oxide::scanner: Discovering "/home/afdal/Laboratorium/PROJECT/extensionadminaksent/src/databases"
2026-05-08T10:50:51.403597Z  INFO get_files:scan_sources: tailwindcss_oxide::scanner: Discovering "/home/afdal/Laboratorium/PROJECT/extensionadminaksent/src/databases/migrations"
2026-05-08T10:50:51.403874Z  INFO get_files:scan_sources: tailwindcss_oxide::scanner: Discovering "/home/afdal/Laboratorium/PROJECT/extensionadminaksent/src/databases/entities"
2026-05-08T10:50:51.404152Z  INFO get_files:scan_sources: tailwindcss_oxide::scanner: Discovering "/home/afdal/Laboratorium/PROJECT/extensionadminaksent/src/types"
2026-05-08T10:50:51.404396Z  INFO get_files:scan_sources: tailwindcss_oxide::scanner: Discovering "/home/afdal/Laboratorium/PROJECT/extensionadminaksent/src/pages"
2026-05-08T10:50:51.404653Z  INFO get_files:scan_sources: tailwindcss_oxide::scanner: Discovering "/home/afdal/Laboratorium/PROJECT/extensionadminaksent/src/pages/Customer"
2026-05-08T10:50:51.404894Z  INFO get_files:scan_sources: tailwindcss_oxide::scanner: Discovering "/home/afdal/Laboratorium/PROJECT/extensionadminaksent/src/pages/Home"
2026-05-08T10:50:51.405152Z  INFO get_files:scan_sources: tailwindcss_oxide::scanner: Discovering "/home/afdal/Laboratorium/PROJECT/extensionadminaksent/src/pages/Validation"
2026-05-08T10:50:51.405350Z  INFO get_files:scan_sources: tailwindcss_oxide::scanner: Discovering "/home/afdal/Laboratorium/PROJECT/extensionadminaksent/src/pages/Unpaid"
2026-05-08T10:50:51.405623Z  INFO get_files:scan_sources: tailwindcss_oxide::scanner: Discovering "/home/afdal/Laboratorium/PROJECT/extensionadminaksent/src/pages/Payment"
2026-05-08T10:50:51.405872Z  INFO get_files:scan_sources: tailwindcss_oxide::scanner: Discovering "/home/afdal/Laboratorium/PROJECT/extensionadminaksent/src/context"
2026-05-08T10:50:51.406365Z  INFO get_files:scan_sources: tailwindcss_oxide::scanner: Discovering "/home/afdal/Laboratorium/PROJECT/extensionadminaksent/public"
2026-05-08T10:50:51.406696Z  INFO get_files:scan_sources: tailwindcss_oxide::scanner: Discovering "/home/afdal/Laboratorium/PROJECT/extensionadminaksent/public/assets"
2026-05-08T10:50:51.407106Z  INFO get_files:scan_sources: tailwindcss_oxide::scanner: Discovering "/home/afdal/Laboratorium/PROJECT/extensionadminaksent/android"
2026-05-08T10:50:51.407701Z  INFO get_files:scan_sources: tailwindcss_oxide::scanner: Discovering "/home/afdal/Laboratorium/PROJECT/extensionadminaksent/android/.kotlin"
2026-05-08T10:50:51.408560Z  INFO get_files:scan_sources: tailwindcss_oxide::scanner: Discovering "/home/afdal/Laboratorium/PROJECT/extensionadminaksent/android/.kotlin/sessions"
2026-05-08T10:50:51.409042Z  INFO get_files:scan_sources: tailwindcss_oxide::scanner: Discovering "/home/afdal/Laboratorium/PROJECT/extensionadminaksent/android/gradle"
2026-05-08T10:50:51.409380Z  INFO get_files:scan_sources: tailwindcss_oxide::scanner: Discovering "/home/afdal/Laboratorium/PROJECT/extensionadminaksent/android/gradle/wrapper"
2026-05-08T10:50:51.409691Z  INFO get_files:scan_sources: tailwindcss_oxide::scanner: Discovering "/home/afdal/Laboratorium/PROJECT/extensionadminaksent/android/app"
2026-05-08T10:50:51.409992Z  INFO get_files:scan_sources: tailwindcss_oxide::scanner: Discovering "/home/afdal/Laboratorium/PROJECT/extensionadminaksent/android/app/src"
2026-05-08T10:50:51.410219Z  INFO get_files:scan_sources: tailwindcss_oxide::scanner: Discovering "/home/afdal/Laboratorium/PROJECT/extensionadminaksent/android/app/src/main"
2026-05-08T10:50:51.410443Z  INFO get_files:scan_sources: tailwindcss_oxide::scanner: Discovering "/home/afdal/Laboratorium/PROJECT/extensionadminaksent/android/app/src/main/res"
2026-05-08T10:50:51.410680Z  INFO get_files:scan_sources: tailwindcss_oxide::scanner: Discovering "/home/afdal/Laboratorium/PROJECT/extensionadminaksent/android/app/src/main/res/drawable-land-xhdpi"
2026-05-08T10:50:51.410967Z  INFO get_files:scan_sources: tailwindcss_oxide::scanner: Discovering "/home/afdal/Laboratorium/PROJECT/extensionadminaksent/android/app/src/main/res/drawable-land-xxhdpi"
2026-05-08T10:50:51.411203Z  INFO get_files:scan_sources: tailwindcss_oxide::scanner: Discovering "/home/afdal/Laboratorium/PROJECT/extensionadminaksent/android/app/src/main/res/drawable-v24"
2026-05-08T10:50:51.411482Z  INFO get_files:scan_sources: tailwindcss_oxide::scanner: Discovering "/home/afdal/Laboratorium/PROJECT/extensionadminaksent/android/app/src/main/res/drawable-port-xxxhdpi"
2026-05-08T10:50:51.411699Z  INFO get_files:scan_sources: tailwindcss_oxide::scanner: Discovering "/home/afdal/Laboratorium/PROJECT/extensionadminaksent/android/app/src/main/res/drawable-land-xxxhdpi"
2026-05-08T10:50:51.411911Z  INFO get_files:scan_sources: tailwindcss_oxide::scanner: Discovering "/home/afdal/Laboratorium/PROJECT/extensionadminaksent/android/app/src/main/res/drawable-port-xxhdpi"
2026-05-08T10:50:51.412115Z  INFO get_files:scan_sources: tailwindcss_oxide::scanner: Discovering "/home/afdal/Laboratorium/PROJECT/extensionadminaksent/android/app/src/main/res/mipmap-hdpi"
2026-05-08T10:50:51.412325Z  INFO get_files:scan_sources: tailwindcss_oxide::scanner: Discovering "/home/afdal/Laboratorium/PROJECT/extensionadminaksent/android/app/src/main/res/drawable-land-hdpi"
2026-05-08T10:50:51.412592Z  INFO get_files:scan_sources: tailwindcss_oxide::scanner: Discovering "/home/afdal/Laboratorium/PROJECT/extensionadminaksent/android/app/src/main/res/xml"
2026-05-08T10:50:51.412856Z  INFO get_files:scan_sources: tailwindcss_oxide::scanner: Discovering "/home/afdal/Laboratorium/PROJECT/extensionadminaksent/android/app/src/main/res/mipmap-xhdpi"
2026-05-08T10:50:51.413118Z  INFO get_files:scan_sources: tailwindcss_oxide::scanner: Discovering "/home/afdal/Laboratorium/PROJECT/extensionadminaksent/android/app/src/main/res/drawable-land-mdpi"
2026-05-08T10:50:51.413311Z  INFO get_files:scan_sources: tailwindcss_oxide::scanner: Discovering "/home/afdal/Laboratorium/PROJECT/extensionadminaksent/android/app/src/main/res/drawable-port-hdpi"
2026-05-08T10:50:51.413546Z  INFO get_files:scan_sources: tailwindcss_oxide::scanner: Discovering "/home/afdal/Laboratorium/PROJECT/extensionadminaksent/android/app/src/main/res/mipmap-xxhdpi"
2026-05-08T10:50:51.413786Z  INFO get_files:scan_sources: tailwindcss_oxide::scanner: Discovering "/home/afdal/Laboratorium/PROJECT/extensionadminaksent/android/app/src/main/res/mipmap-mdpi"
2026-05-08T10:50:51.414039Z  INFO get_files:scan_sources: tailwindcss_oxide::scanner: Discovering "/home/afdal/Laboratorium/PROJECT/extensionadminaksent/android/app/src/main/res/drawable"
2026-05-08T10:50:51.414246Z  INFO get_files:scan_sources: tailwindcss_oxide::scanner: Discovering "/home/afdal/Laboratorium/PROJECT/extensionadminaksent/android/app/src/main/res/drawable-port-xhdpi"
2026-05-08T10:50:51.414559Z  INFO get_files:scan_sources: tailwindcss_oxide::scanner: Discovering "/home/afdal/Laboratorium/PROJECT/extensionadminaksent/android/app/src/main/res/mipmap-xxxhdpi"
2026-05-08T10:50:51.414823Z  INFO get_files:scan_sources: tailwindcss_oxide::scanner: Discovering "/home/afdal/Laboratorium/PROJECT/extensionadminaksent/android/app/src/main/res/layout"
2026-05-08T10:50:51.415130Z  INFO get_files:scan_sources: tailwindcss_oxide::scanner: Discovering "/home/afdal/Laboratorium/PROJECT/extensionadminaksent/android/app/src/main/res/mipmap-anydpi-v26"
2026-05-08T10:50:51.415418Z  INFO get_files:scan_sources: tailwindcss_oxide::scanner: Discovering "/home/afdal/Laboratorium/PROJECT/extensionadminaksent/android/app/src/main/res/drawable-port-mdpi"
2026-05-08T10:50:51.415744Z  INFO get_files:scan_sources: tailwindcss_oxide::scanner: Discovering "/home/afdal/Laboratorium/PROJECT/extensionadminaksent/android/app/src/main/res/values"
2026-05-08T10:50:51.416100Z  INFO get_files:scan_sources: tailwindcss_oxide::scanner: Discovering "/home/afdal/Laboratorium/PROJECT/extensionadminaksent/android/app/src/main/java"
2026-05-08T10:50:51.416387Z  INFO get_files:scan_sources: tailwindcss_oxide::scanner: Discovering "/home/afdal/Laboratorium/PROJECT/extensionadminaksent/android/app/src/main/java/io"
2026-05-08T10:50:51.416603Z  INFO get_files:scan_sources: tailwindcss_oxide::scanner: Discovering "/home/afdal/Laboratorium/PROJECT/extensionadminaksent/android/app/src/main/java/io/ionic"
2026-05-08T10:50:51.416697Z  INFO get_files:scan_sources: tailwindcss_oxide::scanner: Discovering "/home/afdal/Laboratorium/PROJECT/extensionadminaksent/android/app/src/main/java/io/ionic/starter"
2026-05-08T10:50:51.416808Z  INFO get_files:scan_sources: tailwindcss_oxide::scanner: Discovering "/home/afdal/Laboratorium/PROJECT/extensionadminaksent/android/app/src/main/assets"
2026-05-08T10:50:51.416942Z  INFO get_files:scan_sources: tailwindcss_oxide::scanner: Discovering "/home/afdal/Laboratorium/PROJECT/extensionadminaksent/android/app/src/androidTest"
2026-05-08T10:50:51.417003Z  INFO get_files:scan_sources: tailwindcss_oxide::scanner: Discovering "/home/afdal/Laboratorium/PROJECT/extensionadminaksent/android/app/src/androidTest/java"
2026-05-08T10:50:51.417071Z  INFO get_files:scan_sources: tailwindcss_oxide::scanner: Discovering "/home/afdal/Laboratorium/PROJECT/extensionadminaksent/android/app/src/androidTest/java/com"
2026-05-08T10:50:51.417171Z  INFO get_files:scan_sources: tailwindcss_oxide::scanner: Discovering "/home/afdal/Laboratorium/PROJECT/extensionadminaksent/android/app/src/androidTest/java/com/getcapacitor"
2026-05-08T10:50:51.417242Z  INFO get_files:scan_sources: tailwindcss_oxide::scanner: Discovering "/home/afdal/Laboratorium/PROJECT/extensionadminaksent/android/app/src/androidTest/java/com/getcapacitor/myapp"
2026-05-08T10:50:51.417353Z  INFO get_files:scan_sources: tailwindcss_oxide::scanner: Discovering "/home/afdal/Laboratorium/PROJECT/extensionadminaksent/android/app/src/test"
2026-05-08T10:50:51.417416Z  INFO get_files:scan_sources: tailwindcss_oxide::scanner: Discovering "/home/afdal/Laboratorium/PROJECT/extensionadminaksent/android/app/src/test/java"
2026-05-08T10:50:51.417487Z  INFO get_files:scan_sources: tailwindcss_oxide::scanner: Discovering "/home/afdal/Laboratorium/PROJECT/extensionadminaksent/android/app/src/test/java/com"
2026-05-08T10:50:51.417585Z  INFO get_files:scan_sources: tailwindcss_oxide::scanner: Discovering "/home/afdal/Laboratorium/PROJECT/extensionadminaksent/android/app/src/test/java/com/getcapacitor"
2026-05-08T10:50:51.417646Z  INFO get_files:scan_sources: tailwindcss_oxide::scanner: Discovering "/home/afdal/Laboratorium/PROJECT/extensionadminaksent/android/app/src/test/java/com/getcapacitor/myapp"
2026-05-08T10:50:51.418172Z  INFO get_files:scan_sources: tailwindcss_oxide::scanner: exit
2026-05-08T10:50:51.418549Z  INFO get_files: tailwindcss_oxide::scanner: exit
2026-05-08T10:50:51.418809Z  INFO get_globs: tailwindcss_oxide::scanner: enter
2026-05-08T10:50:51.418831Z  INFO get_globs: tailwindcss_oxide::scanner: exit
2026-05-08T10:51:42.174803Z  INFO scan_sources: tailwindcss_oxide::scanner: enter
2026-05-08T10:51:42.175937Z  INFO scan_sources: tailwindcss_oxide::scanner: Discovering "/home/afdal/Laboratorium/PROJECT/extensionadminaksent/scripts"
2026-05-08T10:51:42.176091Z  INFO scan_sources: tailwindcss_oxide::scanner: Discovering "/home/afdal/Laboratorium/PROJECT/extensionadminaksent/cypress"
2026-05-08T10:51:42.176178Z  INFO scan_sources: tailwindcss_oxide::scanner: Discovering "/home/afdal/Laboratorium/PROJECT/extensionadminaksent/cypress/fixtures"
2026-05-08T10:51:42.176282Z  INFO scan_sources: tailwindcss_oxide::scanner: Discovering "/home/afdal/Laboratorium/PROJECT/extensionadminaksent/cypress/e2e"
2026-05-08T10:51:42.176394Z  INFO scan_sources: tailwindcss_oxide::scanner: Discovering "/home/afdal/Laboratorium/PROJECT/extensionadminaksent/cypress/support"
2026-05-08T10:51:42.176548Z  INFO scan_sources: tailwindcss_oxide::scanner: Discovering "/home/afdal/Laboratorium/PROJECT/extensionadminaksent/.vscode"
2026-05-08T10:51:42.176734Z  INFO scan_sources: tailwindcss_oxide::scanner: Discovering "/home/afdal/Laboratorium/PROJECT/extensionadminaksent/src"
2026-05-08T10:51:42.176831Z  INFO scan_sources: tailwindcss_oxide::scanner: Discovering "/home/afdal/Laboratorium/PROJECT/extensionadminaksent/src/hook"
2026-05-08T10:51:42.176931Z  INFO scan_sources: tailwindcss_oxide::scanner: Discovering "/home/afdal/Laboratorium/PROJECT/extensionadminaksent/src/hook/requests"
2026-05-08T10:51:42.177012Z  INFO scan_sources: tailwindcss_oxide::scanner: Discovering "/home/afdal/Laboratorium/PROJECT/extensionadminaksent/src/hook/requests/customer.ts"
2026-05-08T10:51:42.177074Z  INFO scan_sources: tailwindcss_oxide::scanner: Discovering "/home/afdal/Laboratorium/PROJECT/extensionadminaksent/src/components"
2026-05-08T10:51:42.177175Z  INFO scan_sources: tailwindcss_oxide::scanner: Discovering "/home/afdal/Laboratorium/PROJECT/extensionadminaksent/src/components/customer"
2026-05-08T10:51:42.177314Z  INFO scan_sources: tailwindcss_oxide::scanner: Discovering "/home/afdal/Laboratorium/PROJECT/extensionadminaksent/src/components/input"
2026-05-08T10:51:42.177449Z  INFO scan_sources: tailwindcss_oxide::scanner: Discovering "/home/afdal/Laboratorium/PROJECT/extensionadminaksent/src/components/layout"
2026-05-08T10:51:42.180235Z  INFO scan_sources: tailwindcss_oxide::scanner: Discovering "/home/afdal/Laboratorium/PROJECT/extensionadminaksent/src/components/list"
2026-05-08T10:51:42.181279Z  INFO scan_sources: tailwindcss_oxide::scanner: Discovering "/home/afdal/Laboratorium/PROJECT/extensionadminaksent/src/components/toolbars"
2026-05-08T10:51:42.183043Z  INFO scan_sources: tailwindcss_oxide::scanner: Discovering "/home/afdal/Laboratorium/PROJECT/extensionadminaksent/src/theme"
2026-05-08T10:51:42.183797Z  INFO scan_sources: tailwindcss_oxide::scanner: Discovering "/home/afdal/Laboratorium/PROJECT/extensionadminaksent/src/utils"
2026-05-08T10:51:42.184716Z  INFO scan_sources: tailwindcss_oxide::scanner: Discovering "/home/afdal/Laboratorium/PROJECT/extensionadminaksent/src/databases"
2026-05-08T10:51:42.185428Z  INFO scan_sources: tailwindcss_oxide::scanner: Discovering "/home/afdal/Laboratorium/PROJECT/extensionadminaksent/src/databases/migrations"
2026-05-08T10:51:42.187190Z  INFO scan_sources: tailwindcss_oxide::scanner: Discovering "/home/afdal/Laboratorium/PROJECT/extensionadminaksent/src/databases/entities"
2026-05-08T10:51:42.188530Z  INFO scan_sources: tailwindcss_oxide::scanner: Discovering "/home/afdal/Laboratorium/PROJECT/extensionadminaksent/src/types"
2026-05-08T10:51:42.188984Z  INFO scan_sources: tailwindcss_oxide::scanner: Discovering "/home/afdal/Laboratorium/PROJECT/extensionadminaksent/src/pages"
2026-05-08T10:51:42.189832Z  INFO scan_sources: tailwindcss_oxide::scanner: Discovering "/home/afdal/Laboratorium/PROJECT/extensionadminaksent/src/pages/Customer"
2026-05-08T10:51:42.190836Z  INFO scan_sources: tailwindcss_oxide::scanner: Discovering "/home/afdal/Laboratorium/PROJECT/extensionadminaksent/src/pages/Home"
2026-05-08T10:51:42.191867Z  INFO scan_sources: tailwindcss_oxide::scanner: Discovering "/home/afdal/Laboratorium/PROJECT/extensionadminaksent/src/pages/Validation"
2026-05-08T10:51:42.193315Z  INFO scan_sources: tailwindcss_oxide::scanner: Discovering "/home/afdal/Laboratorium/PROJECT/extensionadminaksent/src/pages/Unpaid"
2026-05-08T10:51:42.195635Z  INFO scan_sources: tailwindcss_oxide::scanner: Discovering "/home/afdal/Laboratorium/PROJECT/extensionadminaksent/src/pages/Payment"
2026-05-08T10:51:42.195800Z  INFO scan_sources: tailwindcss_oxide::scanner: Discovering "/home/afdal/Laboratorium/PROJECT/extensionadminaksent/src/context"
2026-05-08T10:51:42.196085Z  INFO scan_sources: tailwindcss_oxide::scanner: Discovering "/home/afdal/Laboratorium/PROJECT/extensionadminaksent/public"
2026-05-08T10:51:42.196180Z  INFO scan_sources: tailwindcss_oxide::scanner: Discovering "/home/afdal/Laboratorium/PROJECT/extensionadminaksent/public/assets"
2026-05-08T10:51:42.196434Z  INFO scan_sources: tailwindcss_oxide::scanner: Discovering "/home/afdal/Laboratorium/PROJECT/extensionadminaksent/android"
2026-05-08T10:51:42.197001Z  INFO scan_sources: tailwindcss_oxide::scanner: Discovering "/home/afdal/Laboratorium/PROJECT/extensionadminaksent/android/.kotlin"
2026-05-08T10:51:42.197101Z  INFO scan_sources: tailwindcss_oxide::scanner: Discovering "/home/afdal/Laboratorium/PROJECT/extensionadminaksent/android/.kotlin/sessions"
2026-05-08T10:51:42.197356Z  INFO scan_sources: tailwindcss_oxide::scanner: Discovering "/home/afdal/Laboratorium/PROJECT/extensionadminaksent/android/gradle"
2026-05-08T10:51:42.197427Z  INFO scan_sources: tailwindcss_oxide::scanner: Discovering "/home/afdal/Laboratorium/PROJECT/extensionadminaksent/android/gradle/wrapper"
2026-05-08T10:51:42.199652Z  INFO scan_sources: tailwindcss_oxide::scanner: Discovering "/home/afdal/Laboratorium/PROJECT/extensionadminaksent/android/app"
2026-05-08T10:51:42.200227Z  INFO scan_sources: tailwindcss_oxide::scanner: Discovering "/home/afdal/Laboratorium/PROJECT/extensionadminaksent/android/app/src"
2026-05-08T10:51:42.200808Z  INFO scan_sources: tailwindcss_oxide::scanner: Discovering "/home/afdal/Laboratorium/PROJECT/extensionadminaksent/android/app/src/main"
2026-05-08T10:51:42.201951Z  INFO scan_sources: tailwindcss_oxide::scanner: Discovering "/home/afdal/Laboratorium/PROJECT/extensionadminaksent/android/app/src/main/res"
2026-05-08T10:51:42.205551Z  INFO scan_sources: tailwindcss_oxide::scanner: Discovering "/home/afdal/Laboratorium/PROJECT/extensionadminaksent/android/app/src/main/res/drawable-land-xhdpi"
2026-05-08T10:51:42.205728Z  INFO scan_sources: tailwindcss_oxide::scanner: Discovering "/home/afdal/Laboratorium/PROJECT/extensionadminaksent/android/app/src/main/res/drawable-land-xxhdpi"
2026-05-08T10:51:42.205819Z  INFO scan_sources: tailwindcss_oxide::scanner: Discovering "/home/afdal/Laboratorium/PROJECT/extensionadminaksent/android/app/src/main/res/drawable-v24"
2026-05-08T10:51:42.205935Z  INFO scan_sources: tailwindcss_oxide::scanner: Discovering "/home/afdal/Laboratorium/PROJECT/extensionadminaksent/android/app/src/main/res/drawable-port-xxxhdpi"
2026-05-08T10:51:42.206020Z  INFO scan_sources: tailwindcss_oxide::scanner: Discovering "/home/afdal/Laboratorium/PROJECT/extensionadminaksent/android/app/src/main/res/drawable-land-xxxhdpi"
2026-05-08T10:51:42.206113Z  INFO scan_sources: tailwindcss_oxide::scanner: Discovering "/home/afdal/Laboratorium/PROJECT/extensionadminaksent/android/app/src/main/res/drawable-port-xxhdpi"
2026-05-08T10:51:42.206192Z  INFO scan_sources: tailwindcss_oxide::scanner: Discovering "/home/afdal/Laboratorium/PROJECT/extensionadminaksent/android/app/src/main/res/mipmap-hdpi"
2026-05-08T10:51:42.206285Z  INFO scan_sources: tailwindcss_oxide::scanner: Discovering "/home/afdal/Laboratorium/PROJECT/extensionadminaksent/android/app/src/main/res/drawable-land-hdpi"
2026-05-08T10:51:42.206369Z  INFO scan_sources: tailwindcss_oxide::scanner: Discovering "/home/afdal/Laboratorium/PROJECT/extensionadminaksent/android/app/src/main/res/xml"
2026-05-08T10:51:42.206992Z  INFO scan_sources: tailwindcss_oxide::scanner: Discovering "/home/afdal/Laboratorium/PROJECT/extensionadminaksent/android/app/src/main/res/mipmap-xhdpi"
2026-05-08T10:51:42.207287Z  INFO scan_sources: tailwindcss_oxide::scanner: Discovering "/home/afdal/Laboratorium/PROJECT/extensionadminaksent/android/app/src/main/res/drawable-land-mdpi"
2026-05-08T10:51:42.207710Z  INFO scan_sources: tailwindcss_oxide::scanner: Discovering "/home/afdal/Laboratorium/PROJECT/extensionadminaksent/android/app/src/main/res/drawable-port-hdpi"
2026-05-08T10:51:42.208363Z  INFO scan_sources: tailwindcss_oxide::scanner: Discovering "/home/afdal/Laboratorium/PROJECT/extensionadminaksent/android/app/src/main/res/mipmap-xxhdpi"
2026-05-08T10:51:42.209424Z  INFO scan_sources: tailwindcss_oxide::scanner: Discovering "/home/afdal/Laboratorium/PROJECT/extensionadminaksent/android/app/src/main/res/mipmap-mdpi"
2026-05-08T10:51:42.209856Z  INFO scan_sources: tailwindcss_oxide::scanner: Discovering "/home/afdal/Laboratorium/PROJECT/extensionadminaksent/android/app/src/main/res/drawable"
2026-05-08T10:51:42.210229Z  INFO scan_sources: tailwindcss_oxide::scanner: Discovering "/home/afdal/Laboratorium/PROJECT/extensionadminaksent/android/app/src/main/res/drawable-port-xhdpi"
2026-05-08T10:51:42.210794Z  INFO scan_sources: tailwindcss_oxide::scanner: Discovering "/home/afdal/Laboratorium/PROJECT/extensionadminaksent/android/app/src/main/res/mipmap-xxxhdpi"
2026-05-08T10:51:42.211190Z  INFO scan_sources: tailwindcss_oxide::scanner: Discovering "/home/afdal/Laboratorium/PROJECT/extensionadminaksent/android/app/src/main/res/layout"
2026-05-08T10:51:42.211609Z  INFO scan_sources: tailwindcss_oxide::scanner: Discovering "/home/afdal/Laboratorium/PROJECT/extensionadminaksent/android/app/src/main/res/mipmap-anydpi-v26"
2026-05-08T10:51:42.212009Z  INFO scan_sources: tailwindcss_oxide::scanner: Discovering "/home/afdal/Laboratorium/PROJECT/extensionadminaksent/android/app/src/main/res/drawable-port-mdpi"
2026-05-08T10:51:42.212411Z  INFO scan_sources: tailwindcss_oxide::scanner: Discovering "/home/afdal/Laboratorium/PROJECT/extensionadminaksent/android/app/src/main/res/values"
2026-05-08T10:51:42.212997Z  INFO scan_sources: tailwindcss_oxide::scanner: Discovering "/home/afdal/Laboratorium/PROJECT/extensionadminaksent/android/app/src/main/java"
2026-05-08T10:51:42.213396Z  INFO scan_sources: tailwindcss_oxide::scanner: Discovering "/home/afdal/Laboratorium/PROJECT/extensionadminaksent/android/app/src/main/java/io"
2026-05-08T10:51:42.214629Z  INFO scan_sources: tailwindcss_oxide::scanner: Discovering "/home/afdal/Laboratorium/PROJECT/extensionadminaksent/android/app/src/main/java/io/ionic"
2026-05-08T10:51:42.214939Z  INFO scan_sources: tailwindcss_oxide::scanner: Discovering "/home/afdal/Laboratorium/PROJECT/extensionadminaksent/android/app/src/main/java/io/ionic/starter"
2026-05-08T10:51:42.215083Z  INFO scan_sources: tailwindcss_oxide::scanner: Discovering "/home/afdal/Laboratorium/PROJECT/extensionadminaksent/android/app/src/main/assets"
2026-05-08T10:51:42.215241Z  INFO scan_sources: tailwindcss_oxide::scanner: Discovering "/home/afdal/Laboratorium/PROJECT/extensionadminaksent/android/app/src/androidTest"
2026-05-08T10:51:42.215311Z  INFO scan_sources: tailwindcss_oxide::scanner: Discovering "/home/afdal/Laboratorium/PROJECT/extensionadminaksent/android/app/src/androidTest/java"
2026-05-08T10:51:42.215398Z  INFO scan_sources: tailwindcss_oxide::scanner: Discovering "/home/afdal/Laboratorium/PROJECT/extensionadminaksent/android/app/src/androidTest/java/com"
2026-05-08T10:51:42.215468Z  INFO scan_sources: tailwindcss_oxide::scanner: Discovering "/home/afdal/Laboratorium/PROJECT/extensionadminaksent/android/app/src/androidTest/java/com/getcapacitor"
2026-05-08T10:51:42.215556Z  INFO scan_sources: tailwindcss_oxide::scanner: Discovering "/home/afdal/Laboratorium/PROJECT/extensionadminaksent/android/app/src/androidTest/java/com/getcapacitor/myapp"
2026-05-08T10:51:42.215673Z  INFO scan_sources: tailwindcss_oxide::scanner: Discovering "/home/afdal/Laboratorium/PROJECT/extensionadminaksent/android/app/src/test"
2026-05-08T10:51:42.215737Z  INFO scan_sources: tailwindcss_oxide::scanner: Discovering "/home/afdal/Laboratorium/PROJECT/extensionadminaksent/android/app/src/test/java"
2026-05-08T10:51:42.215801Z  INFO scan_sources: tailwindcss_oxide::scanner: Discovering "/home/afdal/Laboratorium/PROJECT/extensionadminaksent/android/app/src/test/java/com"
2026-05-08T10:51:42.215866Z  INFO scan_sources: tailwindcss_oxide::scanner: Discovering "/home/afdal/Laboratorium/PROJECT/extensionadminaksent/android/app/src/test/java/com/getcapacitor"
2026-05-08T10:51:42.215931Z  INFO scan_sources: tailwindcss_oxide::scanner: Discovering "/home/afdal/Laboratorium/PROJECT/extensionadminaksent/android/app/src/test/java/com/getcapacitor/myapp"
2026-05-08T10:51:42.216486Z  INFO scan_sources: tailwindcss_oxide::scanner: exit
2026-05-08T10:51:42.216542Z  INFO extract_candidates: tailwindcss_oxide::scanner: enter
2026-05-08T10:51:42.216553Z  INFO extract_candidates:read_all_files: tailwindcss_oxide::scanner: enter
2026-05-08T10:51:42.216560Z  INFO extract_candidates:read_all_files: tailwindcss_oxide::scanner: Reading 1 file(s)
2026-05-08T10:51:42.216652Z  INFO extract_candidates:read_all_files: tailwindcss_oxide::scanner: Reading "/home/afdal/Laboratorium/PROJECT/extensionadminaksent/src/hook/requests/customer.ts"
2026-05-08T10:51:42.216673Z  INFO extract_candidates:read_all_files: tailwindcss_oxide::scanner: exit
2026-05-08T10:51:42.216689Z  INFO extract_candidates:parse_all_blobs: tailwindcss_oxide::scanner: enter
2026-05-08T10:51:42.216697Z  INFO extract_candidates:parse_all_blobs:extract: tailwindcss_oxide::scanner: enter
2026-05-08T10:51:42.224319Z  INFO extract_candidates:parse_all_blobs:extract: tailwindcss_oxide::scanner: exit
2026-05-08T10:51:42.224371Z  INFO extract_candidates:parse_all_blobs: tailwindcss_oxide::scanner: exit
2026-05-08T10:51:42.226511Z  INFO extract_candidates: tailwindcss_oxide::scanner: exit
2026-05-08T10:51:42.240062Z  INFO get_files: tailwindcss_oxide::scanner: enter
2026-05-08T10:51:42.240251Z  INFO get_files:scan_sources: tailwindcss_oxide::scanner: enter
2026-05-08T10:51:42.241323Z  INFO get_files:scan_sources: tailwindcss_oxide::scanner: Discovering "/home/afdal/Laboratorium/PROJECT/extensionadminaksent/scripts"
2026-05-08T10:51:42.241466Z  INFO get_files:scan_sources: tailwindcss_oxide::scanner: Discovering "/home/afdal/Laboratorium/PROJECT/extensionadminaksent/cypress"
2026-05-08T10:51:42.249033Z  INFO get_files:scan_sources: tailwindcss_oxide::scanner: Discovering "/home/afdal/Laboratorium/PROJECT/extensionadminaksent/cypress/fixtures"
2026-05-08T10:51:42.249205Z  INFO get_files:scan_sources: tailwindcss_oxide::scanner: Discovering "/home/afdal/Laboratorium/PROJECT/extensionadminaksent/cypress/e2e"
2026-05-08T10:51:42.249309Z  INFO get_files:scan_sources: tailwindcss_oxide::scanner: Discovering "/home/afdal/Laboratorium/PROJECT/extensionadminaksent/cypress/support"
2026-05-08T10:51:42.249417Z  INFO get_files:scan_sources: tailwindcss_oxide::scanner: Discovering "/home/afdal/Laboratorium/PROJECT/extensionadminaksent/.vscode"
2026-05-08T10:51:42.251124Z  INFO get_files:scan_sources: tailwindcss_oxide::scanner: Discovering "/home/afdal/Laboratorium/PROJECT/extensionadminaksent/src"
2026-05-08T10:51:42.251246Z  INFO get_files:scan_sources: tailwindcss_oxide::scanner: Discovering "/home/afdal/Laboratorium/PROJECT/extensionadminaksent/src/hook"
2026-05-08T10:51:42.251349Z  INFO get_files:scan_sources: tailwindcss_oxide::scanner: Discovering "/home/afdal/Laboratorium/PROJECT/extensionadminaksent/src/hook/requests"
2026-05-08T10:51:42.251450Z  INFO get_files:scan_sources: tailwindcss_oxide::scanner: Discovering "/home/afdal/Laboratorium/PROJECT/extensionadminaksent/src/components"
2026-05-08T10:51:42.251557Z  INFO get_files:scan_sources: tailwindcss_oxide::scanner: Discovering "/home/afdal/Laboratorium/PROJECT/extensionadminaksent/src/components/customer"
2026-05-08T10:51:42.251682Z  INFO get_files:scan_sources: tailwindcss_oxide::scanner: Discovering "/home/afdal/Laboratorium/PROJECT/extensionadminaksent/src/components/input"
2026-05-08T10:51:42.251913Z  INFO get_files:scan_sources: tailwindcss_oxide::scanner: Discovering "/home/afdal/Laboratorium/PROJECT/extensionadminaksent/src/components/layout"
2026-05-08T10:51:42.252000Z  INFO get_files:scan_sources: tailwindcss_oxide::scanner: Discovering "/home/afdal/Laboratorium/PROJECT/extensionadminaksent/src/components/list"
2026-05-08T10:51:42.252111Z  INFO get_files:scan_sources: tailwindcss_oxide::scanner: Discovering "/home/afdal/Laboratorium/PROJECT/extensionadminaksent/src/components/toolbars"
2026-05-08T10:51:42.252218Z  INFO get_files:scan_sources: tailwindcss_oxide::scanner: Discovering "/home/afdal/Laboratorium/PROJECT/extensionadminaksent/src/theme"
2026-05-08T10:51:42.252339Z  INFO get_files:scan_sources: tailwindcss_oxide::scanner: Discovering "/home/afdal/Laboratorium/PROJECT/extensionadminaksent/src/utils"
2026-05-08T10:51:42.266394Z  INFO get_files:scan_sources: tailwindcss_oxide::scanner: Discovering "/home/afdal/Laboratorium/PROJECT/extensionadminaksent/src/databases"
2026-05-08T10:51:42.266559Z  INFO get_files:scan_sources: tailwindcss_oxide::scanner: Discovering "/home/afdal/Laboratorium/PROJECT/extensionadminaksent/src/databases/migrations"
2026-05-08T10:51:42.266705Z  INFO get_files:scan_sources: tailwindcss_oxide::scanner: Discovering "/home/afdal/Laboratorium/PROJECT/extensionadminaksent/src/databases/entities"
2026-05-08T10:51:42.266846Z  INFO get_files:scan_sources: tailwindcss_oxide::scanner: Discovering "/home/afdal/Laboratorium/PROJECT/extensionadminaksent/src/types"
2026-05-08T10:51:42.266935Z  INFO get_files:scan_sources: tailwindcss_oxide::scanner: Discovering "/home/afdal/Laboratorium/PROJECT/extensionadminaksent/src/pages"
2026-05-08T10:51:42.267000Z  INFO get_files:scan_sources: tailwindcss_oxide::scanner: Discovering "/home/afdal/Laboratorium/PROJECT/extensionadminaksent/src/pages/Customer"
2026-05-08T10:51:42.267110Z  INFO get_files:scan_sources: tailwindcss_oxide::scanner: Discovering "/home/afdal/Laboratorium/PROJECT/extensionadminaksent/src/pages/Home"
2026-05-08T10:51:42.267202Z  INFO get_files:scan_sources: tailwindcss_oxide::scanner: Discovering "/home/afdal/Laboratorium/PROJECT/extensionadminaksent/src/pages/Validation"
2026-05-08T10:51:42.267293Z  INFO get_files:scan_sources: tailwindcss_oxide::scanner: Discovering "/home/afdal/Laboratorium/PROJECT/extensionadminaksent/src/pages/Unpaid"
2026-05-08T10:51:42.267377Z  INFO get_files:scan_sources: tailwindcss_oxide::scanner: Discovering "/home/afdal/Laboratorium/PROJECT/extensionadminaksent/src/pages/Payment"
2026-05-08T10:51:42.267493Z  INFO get_files:scan_sources: tailwindcss_oxide::scanner: Discovering "/home/afdal/Laboratorium/PROJECT/extensionadminaksent/src/context"
2026-05-08T10:51:42.267769Z  INFO get_files:scan_sources: tailwindcss_oxide::scanner: Discovering "/home/afdal/Laboratorium/PROJECT/extensionadminaksent/public"
2026-05-08T10:51:42.267866Z  INFO get_files:scan_sources: tailwindcss_oxide::scanner: Discovering "/home/afdal/Laboratorium/PROJECT/extensionadminaksent/public/assets"
2026-05-08T10:51:42.268107Z  INFO get_files:scan_sources: tailwindcss_oxide::scanner: Discovering "/home/afdal/Laboratorium/PROJECT/extensionadminaksent/android"
2026-05-08T10:51:42.272435Z  INFO get_files:scan_sources: tailwindcss_oxide::scanner: Discovering "/home/afdal/Laboratorium/PROJECT/extensionadminaksent/android/.kotlin"
2026-05-08T10:51:42.272591Z  INFO get_files:scan_sources: tailwindcss_oxide::scanner: Discovering "/home/afdal/Laboratorium/PROJECT/extensionadminaksent/android/.kotlin/sessions"
2026-05-08T10:51:42.272851Z  INFO get_files:scan_sources: tailwindcss_oxide::scanner: Discovering "/home/afdal/Laboratorium/PROJECT/extensionadminaksent/android/gradle"
2026-05-08T10:51:42.272929Z  INFO get_files:scan_sources: tailwindcss_oxide::scanner: Discovering "/home/afdal/Laboratorium/PROJECT/extensionadminaksent/android/gradle/wrapper"
2026-05-08T10:51:42.273049Z  INFO get_files:scan_sources: tailwindcss_oxide::scanner: Discovering "/home/afdal/Laboratorium/PROJECT/extensionadminaksent/android/app"
2026-05-08T10:51:42.273235Z  INFO get_files:scan_sources: tailwindcss_oxide::scanner: Discovering "/home/afdal/Laboratorium/PROJECT/extensionadminaksent/android/app/src"
2026-05-08T10:51:42.273333Z  INFO get_files:scan_sources: tailwindcss_oxide::scanner: Discovering "/home/afdal/Laboratorium/PROJECT/extensionadminaksent/android/app/src/main"
2026-05-08T10:51:42.273439Z  INFO get_files:scan_sources: tailwindcss_oxide::scanner: Discovering "/home/afdal/Laboratorium/PROJECT/extensionadminaksent/android/app/src/main/res"
2026-05-08T10:51:42.273532Z  INFO get_files:scan_sources: tailwindcss_oxide::scanner: Discovering "/home/afdal/Laboratorium/PROJECT/extensionadminaksent/android/app/src/main/res/drawable-land-xhdpi"
2026-05-08T10:51:42.273626Z  INFO get_files:scan_sources: tailwindcss_oxide::scanner: Discovering "/home/afdal/Laboratorium/PROJECT/extensionadminaksent/android/app/src/main/res/drawable-land-xxhdpi"
2026-05-08T10:51:42.273705Z  INFO get_files:scan_sources: tailwindcss_oxide::scanner: Discovering "/home/afdal/Laboratorium/PROJECT/extensionadminaksent/android/app/src/main/res/drawable-v24"
2026-05-08T10:51:42.273801Z  INFO get_files:scan_sources: tailwindcss_oxide::scanner: Discovering "/home/afdal/Laboratorium/PROJECT/extensionadminaksent/android/app/src/main/res/drawable-port-xxxhdpi"
2026-05-08T10:51:42.273882Z  INFO get_files:scan_sources: tailwindcss_oxide::scanner: Discovering "/home/afdal/Laboratorium/PROJECT/extensionadminaksent/android/app/src/main/res/drawable-land-xxxhdpi"
2026-05-08T10:51:42.273956Z  INFO get_files:scan_sources: tailwindcss_oxide::scanner: Discovering "/home/afdal/Laboratorium/PROJECT/extensionadminaksent/android/app/src/main/res/drawable-port-xxhdpi"
2026-05-08T10:51:42.276533Z  INFO get_files:scan_sources: tailwindcss_oxide::scanner: Discovering "/home/afdal/Laboratorium/PROJECT/extensionadminaksent/android/app/src/main/res/mipmap-hdpi"
2026-05-08T10:51:42.276744Z  INFO get_files:scan_sources: tailwindcss_oxide::scanner: Discovering "/home/afdal/Laboratorium/PROJECT/extensionadminaksent/android/app/src/main/res/drawable-land-hdpi"
2026-05-08T10:51:42.276845Z  INFO get_files:scan_sources: tailwindcss_oxide::scanner: Discovering "/home/afdal/Laboratorium/PROJECT/extensionadminaksent/android/app/src/main/res/xml"
2026-05-08T10:51:42.276971Z  INFO get_files:scan_sources: tailwindcss_oxide::scanner: Discovering "/home/afdal/Laboratorium/PROJECT/extensionadminaksent/android/app/src/main/res/mipmap-xhdpi"
2026-05-08T10:51:42.277082Z  INFO get_files:scan_sources: tailwindcss_oxide::scanner: Discovering "/home/afdal/Laboratorium/PROJECT/extensionadminaksent/android/app/src/main/res/drawable-land-mdpi"
2026-05-08T10:51:42.277188Z  INFO get_files:scan_sources: tailwindcss_oxide::scanner: Discovering "/home/afdal/Laboratorium/PROJECT/extensionadminaksent/android/app/src/main/res/drawable-port-hdpi"
2026-05-08T10:51:42.277273Z  INFO get_files:scan_sources: tailwindcss_oxide::scanner: Discovering "/home/afdal/Laboratorium/PROJECT/extensionadminaksent/android/app/src/main/res/mipmap-xxhdpi"
2026-05-08T10:51:42.277362Z  INFO get_files:scan_sources: tailwindcss_oxide::scanner: Discovering "/home/afdal/Laboratorium/PROJECT/extensionadminaksent/android/app/src/main/res/mipmap-mdpi"
2026-05-08T10:51:42.277466Z  INFO get_files:scan_sources: tailwindcss_oxide::scanner: Discovering "/home/afdal/Laboratorium/PROJECT/extensionadminaksent/android/app/src/main/res/drawable"
2026-05-08T10:51:42.277618Z  INFO get_files:scan_sources: tailwindcss_oxide::scanner: Discovering "/home/afdal/Laboratorium/PROJECT/extensionadminaksent/android/app/src/main/res/drawable-port-xhdpi"
2026-05-08T10:51:42.277700Z  INFO get_files:scan_sources: tailwindcss_oxide::scanner: Discovering "/home/afdal/Laboratorium/PROJECT/extensionadminaksent/android/app/src/main/res/mipmap-xxxhdpi"
2026-05-08T10:51:42.277791Z  INFO get_files:scan_sources: tailwindcss_oxide::scanner: Discovering "/home/afdal/Laboratorium/PROJECT/extensionadminaksent/android/app/src/main/res/layout"
2026-05-08T10:51:42.277883Z  INFO get_files:scan_sources: tailwindcss_oxide::scanner: Discovering "/home/afdal/Laboratorium/PROJECT/extensionadminaksent/android/app/src/main/res/mipmap-anydpi-v26"
2026-05-08T10:51:42.277991Z  INFO get_files:scan_sources: tailwindcss_oxide::scanner: Discovering "/home/afdal/Laboratorium/PROJECT/extensionadminaksent/android/app/src/main/res/drawable-port-mdpi"
2026-05-08T10:51:42.278070Z  INFO get_files:scan_sources: tailwindcss_oxide::scanner: Discovering "/home/afdal/Laboratorium/PROJECT/extensionadminaksent/android/app/src/main/res/values"
2026-05-08T10:51:42.278206Z  INFO get_files:scan_sources: tailwindcss_oxide::scanner: Discovering "/home/afdal/Laboratorium/PROJECT/extensionadminaksent/android/app/src/main/java"
2026-05-08T10:51:42.278276Z  INFO get_files:scan_sources: tailwindcss_oxide::scanner: Discovering "/home/afdal/Laboratorium/PROJECT/extensionadminaksent/android/app/src/main/java/io"
2026-05-08T10:51:42.278344Z  INFO get_files:scan_sources: tailwindcss_oxide::scanner: Discovering "/home/afdal/Laboratorium/PROJECT/extensionadminaksent/android/app/src/main/java/io/ionic"
2026-05-08T10:51:42.278418Z  INFO get_files:scan_sources: tailwindcss_oxide::scanner: Discovering "/home/afdal/Laboratorium/PROJECT/extensionadminaksent/android/app/src/main/java/io/ionic/starter"
2026-05-08T10:51:42.279279Z  INFO get_files:scan_sources: tailwindcss_oxide::scanner: Discovering "/home/afdal/Laboratorium/PROJECT/extensionadminaksent/android/app/src/main/assets"
2026-05-08T10:51:42.279687Z  INFO get_files:scan_sources: tailwindcss_oxide::scanner: Discovering "/home/afdal/Laboratorium/PROJECT/extensionadminaksent/android/app/src/androidTest"
2026-05-08T10:51:42.279792Z  INFO get_files:scan_sources: tailwindcss_oxide::scanner: Discovering "/home/afdal/Laboratorium/PROJECT/extensionadminaksent/android/app/src/androidTest/java"
2026-05-08T10:51:42.279859Z  INFO get_files:scan_sources: tailwindcss_oxide::scanner: Discovering "/home/afdal/Laboratorium/PROJECT/extensionadminaksent/android/app/src/androidTest/java/com"
2026-05-08T10:51:42.279929Z  INFO get_files:scan_sources: tailwindcss_oxide::scanner: Discovering "/home/afdal/Laboratorium/PROJECT/extensionadminaksent/android/app/src/androidTest/java/com/getcapacitor"
2026-05-08T10:51:42.280014Z  INFO get_files:scan_sources: tailwindcss_oxide::scanner: Discovering "/home/afdal/Laboratorium/PROJECT/extensionadminaksent/android/app/src/androidTest/java/com/getcapacitor/myapp"
2026-05-08T10:51:42.280339Z  INFO get_files:scan_sources: tailwindcss_oxide::scanner: Discovering "/home/afdal/Laboratorium/PROJECT/extensionadminaksent/android/app/src/test"
2026-05-08T10:51:42.280447Z  INFO get_files:scan_sources: tailwindcss_oxide::scanner: Discovering "/home/afdal/Laboratorium/PROJECT/extensionadminaksent/android/app/src/test/java"
2026-05-08T10:51:42.280551Z  INFO get_files:scan_sources: tailwindcss_oxide::scanner: Discovering "/home/afdal/Laboratorium/PROJECT/extensionadminaksent/android/app/src/test/java/com"
2026-05-08T10:51:42.280661Z  INFO get_files:scan_sources: tailwindcss_oxide::scanner: Discovering "/home/afdal/Laboratorium/PROJECT/extensionadminaksent/android/app/src/test/java/com/getcapacitor"
2026-05-08T10:51:42.280742Z  INFO get_files:scan_sources: tailwindcss_oxide::scanner: Discovering "/home/afdal/Laboratorium/PROJECT/extensionadminaksent/android/app/src/test/java/com/getcapacitor/myapp"
2026-05-08T10:51:42.281378Z  INFO get_files:scan_sources: tailwindcss_oxide::scanner: exit
2026-05-08T10:51:42.283840Z  INFO get_files: tailwindcss_oxide::scanner: exit
2026-05-08T10:51:42.284223Z  INFO get_globs: tailwindcss_oxide::scanner: enter
2026-05-08T10:51:42.284248Z  INFO get_globs: tailwindcss_oxide::scanner: exit
2026-05-08T11:01:57.023044Z  INFO scan_sources: tailwindcss_oxide::scanner: enter
2026-05-08T11:01:57.023902Z  INFO scan_sources: tailwindcss_oxide::scanner: Discovering "/home/afdal/Laboratorium/PROJECT/extensionadminaksent/scripts"
2026-05-08T11:01:57.024006Z  INFO scan_sources: tailwindcss_oxide::scanner: Discovering "/home/afdal/Laboratorium/PROJECT/extensionadminaksent/cypress"
2026-05-08T11:01:57.024064Z  INFO scan_sources: tailwindcss_oxide::scanner: Discovering "/home/afdal/Laboratorium/PROJECT/extensionadminaksent/cypress/fixtures"
2026-05-08T11:01:57.024138Z  INFO scan_sources: tailwindcss_oxide::scanner: Discovering "/home/afdal/Laboratorium/PROJECT/extensionadminaksent/cypress/e2e"
2026-05-08T11:01:57.024209Z  INFO scan_sources: tailwindcss_oxide::scanner: Discovering "/home/afdal/Laboratorium/PROJECT/extensionadminaksent/cypress/support"
2026-05-08T11:01:57.024297Z  INFO scan_sources: tailwindcss_oxide::scanner: Discovering "/home/afdal/Laboratorium/PROJECT/extensionadminaksent/.vscode"
2026-05-08T11:01:57.024423Z  INFO scan_sources: tailwindcss_oxide::scanner: Discovering "/home/afdal/Laboratorium/PROJECT/extensionadminaksent/src"
2026-05-08T11:01:57.024505Z  INFO scan_sources: tailwindcss_oxide::scanner: Discovering "/home/afdal/Laboratorium/PROJECT/extensionadminaksent/src/hook"
2026-05-08T11:01:57.024584Z  INFO scan_sources: tailwindcss_oxide::scanner: Discovering "/home/afdal/Laboratorium/PROJECT/extensionadminaksent/src/hook/requests"
2026-05-08T11:01:57.024679Z  INFO scan_sources: tailwindcss_oxide::scanner: Discovering "/home/afdal/Laboratorium/PROJECT/extensionadminaksent/src/hook/requests/customer.ts"
2026-05-08T11:01:57.024783Z  INFO scan_sources: tailwindcss_oxide::scanner: Discovering "/home/afdal/Laboratorium/PROJECT/extensionadminaksent/src/components"
2026-05-08T11:01:57.024906Z  INFO scan_sources: tailwindcss_oxide::scanner: Discovering "/home/afdal/Laboratorium/PROJECT/extensionadminaksent/src/components/customer"
2026-05-08T11:01:57.025078Z  INFO scan_sources: tailwindcss_oxide::scanner: Discovering "/home/afdal/Laboratorium/PROJECT/extensionadminaksent/src/components/input"
2026-05-08T11:01:57.025239Z  INFO scan_sources: tailwindcss_oxide::scanner: Discovering "/home/afdal/Laboratorium/PROJECT/extensionadminaksent/src/components/layout"
2026-05-08T11:01:57.025382Z  INFO scan_sources: tailwindcss_oxide::scanner: Discovering "/home/afdal/Laboratorium/PROJECT/extensionadminaksent/src/components/list"
2026-05-08T11:01:57.025556Z  INFO scan_sources: tailwindcss_oxide::scanner: Discovering "/home/afdal/Laboratorium/PROJECT/extensionadminaksent/src/components/toolbars"
2026-05-08T11:01:57.025657Z  INFO scan_sources: tailwindcss_oxide::scanner: Discovering "/home/afdal/Laboratorium/PROJECT/extensionadminaksent/src/theme"
2026-05-08T11:01:57.025755Z  INFO scan_sources: tailwindcss_oxide::scanner: Discovering "/home/afdal/Laboratorium/PROJECT/extensionadminaksent/src/utils"
2026-05-08T11:01:57.025888Z  INFO scan_sources: tailwindcss_oxide::scanner: Discovering "/home/afdal/Laboratorium/PROJECT/extensionadminaksent/src/databases"
2026-05-08T11:01:57.025967Z  INFO scan_sources: tailwindcss_oxide::scanner: Discovering "/home/afdal/Laboratorium/PROJECT/extensionadminaksent/src/databases/migrations"
2026-05-08T11:01:57.026064Z  INFO scan_sources: tailwindcss_oxide::scanner: Discovering "/home/afdal/Laboratorium/PROJECT/extensionadminaksent/src/databases/entities"
2026-05-08T11:01:57.026165Z  INFO scan_sources: tailwindcss_oxide::scanner: Discovering "/home/afdal/Laboratorium/PROJECT/extensionadminaksent/src/types"
2026-05-08T11:01:57.026218Z  INFO scan_sources: tailwindcss_oxide::scanner: Discovering "/home/afdal/Laboratorium/PROJECT/extensionadminaksent/src/types/customer.ts"
2026-05-08T11:01:57.026269Z  INFO scan_sources: tailwindcss_oxide::scanner: Discovering "/home/afdal/Laboratorium/PROJECT/extensionadminaksent/src/pages"
2026-05-08T11:01:57.026326Z  INFO scan_sources: tailwindcss_oxide::scanner: Discovering "/home/afdal/Laboratorium/PROJECT/extensionadminaksent/src/pages/Customer"
2026-05-08T11:01:57.026394Z  INFO scan_sources: tailwindcss_oxide::scanner: Discovering "/home/afdal/Laboratorium/PROJECT/extensionadminaksent/src/pages/Customer/Customer.tsx"
2026-05-08T11:01:57.026456Z  INFO scan_sources: tailwindcss_oxide::scanner: Discovering "/home/afdal/Laboratorium/PROJECT/extensionadminaksent/src/pages/Home"
2026-05-08T11:01:57.026563Z  INFO scan_sources: tailwindcss_oxide::scanner: Discovering "/home/afdal/Laboratorium/PROJECT/extensionadminaksent/src/pages/Validation"
2026-05-08T11:01:57.026649Z  INFO scan_sources: tailwindcss_oxide::scanner: Discovering "/home/afdal/Laboratorium/PROJECT/extensionadminaksent/src/pages/Unpaid"
2026-05-08T11:01:57.026735Z  INFO scan_sources: tailwindcss_oxide::scanner: Discovering "/home/afdal/Laboratorium/PROJECT/extensionadminaksent/src/pages/Payment"
2026-05-08T11:01:57.026846Z  INFO scan_sources: tailwindcss_oxide::scanner: Discovering "/home/afdal/Laboratorium/PROJECT/extensionadminaksent/src/context"
2026-05-08T11:01:57.027062Z  INFO scan_sources: tailwindcss_oxide::scanner: Discovering "/home/afdal/Laboratorium/PROJECT/extensionadminaksent/public"
2026-05-08T11:01:57.027140Z  INFO scan_sources: tailwindcss_oxide::scanner: Discovering "/home/afdal/Laboratorium/PROJECT/extensionadminaksent/public/assets"
2026-05-08T11:01:57.027334Z  INFO scan_sources: tailwindcss_oxide::scanner: Discovering "/home/afdal/Laboratorium/PROJECT/extensionadminaksent/android"
2026-05-08T11:01:57.027864Z  INFO scan_sources: tailwindcss_oxide::scanner: Discovering "/home/afdal/Laboratorium/PROJECT/extensionadminaksent/android/.kotlin"
2026-05-08T11:01:57.027994Z  INFO scan_sources: tailwindcss_oxide::scanner: Discovering "/home/afdal/Laboratorium/PROJECT/extensionadminaksent/android/.kotlin/sessions"
2026-05-08T11:01:57.028259Z  INFO scan_sources: tailwindcss_oxide::scanner: Discovering "/home/afdal/Laboratorium/PROJECT/extensionadminaksent/android/gradle"
2026-05-08T11:01:57.028382Z  INFO scan_sources: tailwindcss_oxide::scanner: Discovering "/home/afdal/Laboratorium/PROJECT/extensionadminaksent/android/gradle/wrapper"
2026-05-08T11:01:57.028549Z  INFO scan_sources: tailwindcss_oxide::scanner: Discovering "/home/afdal/Laboratorium/PROJECT/extensionadminaksent/android/app"
2026-05-08T11:01:57.028770Z  INFO scan_sources: tailwindcss_oxide::scanner: Discovering "/home/afdal/Laboratorium/PROJECT/extensionadminaksent/android/app/src"
2026-05-08T11:01:57.028909Z  INFO scan_sources: tailwindcss_oxide::scanner: Discovering "/home/afdal/Laboratorium/PROJECT/extensionadminaksent/android/app/src/main"
2026-05-08T11:01:57.029057Z  INFO scan_sources: tailwindcss_oxide::scanner: Discovering "/home/afdal/Laboratorium/PROJECT/extensionadminaksent/android/app/src/main/res"
2026-05-08T11:01:57.029192Z  INFO scan_sources: tailwindcss_oxide::scanner: Discovering "/home/afdal/Laboratorium/PROJECT/extensionadminaksent/android/app/src/main/res/drawable-land-xhdpi"
2026-05-08T11:01:57.029334Z  INFO scan_sources: tailwindcss_oxide::scanner: Discovering "/home/afdal/Laboratorium/PROJECT/extensionadminaksent/android/app/src/main/res/drawable-land-xxhdpi"
2026-05-08T11:01:57.029468Z  INFO scan_sources: tailwindcss_oxide::scanner: Discovering "/home/afdal/Laboratorium/PROJECT/extensionadminaksent/android/app/src/main/res/drawable-v24"
2026-05-08T11:01:57.029629Z  INFO scan_sources: tailwindcss_oxide::scanner: Discovering "/home/afdal/Laboratorium/PROJECT/extensionadminaksent/android/app/src/main/res/drawable-port-xxxhdpi"
2026-05-08T11:01:57.029770Z  INFO scan_sources: tailwindcss_oxide::scanner: Discovering "/home/afdal/Laboratorium/PROJECT/extensionadminaksent/android/app/src/main/res/drawable-land-xxxhdpi"
2026-05-08T11:01:57.029905Z  INFO scan_sources: tailwindcss_oxide::scanner: Discovering "/home/afdal/Laboratorium/PROJECT/extensionadminaksent/android/app/src/main/res/drawable-port-xxhdpi"
2026-05-08T11:01:57.030054Z  INFO scan_sources: tailwindcss_oxide::scanner: Discovering "/home/afdal/Laboratorium/PROJECT/extensionadminaksent/android/app/src/main/res/mipmap-hdpi"
2026-05-08T11:01:57.030198Z  INFO scan_sources: tailwindcss_oxide::scanner: Discovering "/home/afdal/Laboratorium/PROJECT/extensionadminaksent/android/app/src/main/res/drawable-land-hdpi"
2026-05-08T11:01:57.030340Z  INFO scan_sources: tailwindcss_oxide::scanner: Discovering "/home/afdal/Laboratorium/PROJECT/extensionadminaksent/android/app/src/main/res/xml"
2026-05-08T11:01:57.030550Z  INFO scan_sources: tailwindcss_oxide::scanner: Discovering "/home/afdal/Laboratorium/PROJECT/extensionadminaksent/android/app/src/main/res/mipmap-xhdpi"
2026-05-08T11:01:57.030718Z  INFO scan_sources: tailwindcss_oxide::scanner: Discovering "/home/afdal/Laboratorium/PROJECT/extensionadminaksent/android/app/src/main/res/drawable-land-mdpi"
2026-05-08T11:01:57.030883Z  INFO scan_sources: tailwindcss_oxide::scanner: Discovering "/home/afdal/Laboratorium/PROJECT/extensionadminaksent/android/app/src/main/res/drawable-port-hdpi"
2026-05-08T11:01:57.031026Z  INFO scan_sources: tailwindcss_oxide::scanner: Discovering "/home/afdal/Laboratorium/PROJECT/extensionadminaksent/android/app/src/main/res/mipmap-xxhdpi"
2026-05-08T11:01:57.031164Z  INFO scan_sources: tailwindcss_oxide::scanner: Discovering "/home/afdal/Laboratorium/PROJECT/extensionadminaksent/android/app/src/main/res/mipmap-mdpi"
2026-05-08T11:01:57.031259Z  INFO scan_sources: tailwindcss_oxide::scanner: Discovering "/home/afdal/Laboratorium/PROJECT/extensionadminaksent/android/app/src/main/res/drawable"
2026-05-08T11:01:57.031345Z  INFO scan_sources: tailwindcss_oxide::scanner: Discovering "/home/afdal/Laboratorium/PROJECT/extensionadminaksent/android/app/src/main/res/drawable-port-xhdpi"
2026-05-08T11:01:57.031409Z  INFO scan_sources: tailwindcss_oxide::scanner: Discovering "/home/afdal/Laboratorium/PROJECT/extensionadminaksent/android/app/src/main/res/mipmap-xxxhdpi"
2026-05-08T11:01:57.031577Z  INFO scan_sources: tailwindcss_oxide::scanner: Discovering "/home/afdal/Laboratorium/PROJECT/extensionadminaksent/android/app/src/main/res/layout"
2026-05-08T11:01:57.031745Z  INFO scan_sources: tailwindcss_oxide::scanner: Discovering "/home/afdal/Laboratorium/PROJECT/extensionadminaksent/android/app/src/main/res/mipmap-anydpi-v26"
2026-05-08T11:01:57.031932Z  INFO scan_sources: tailwindcss_oxide::scanner: Discovering "/home/afdal/Laboratorium/PROJECT/extensionadminaksent/android/app/src/main/res/drawable-port-mdpi"
2026-05-08T11:01:57.032074Z  INFO scan_sources: tailwindcss_oxide::scanner: Discovering "/home/afdal/Laboratorium/PROJECT/extensionadminaksent/android/app/src/main/res/values"
2026-05-08T11:01:57.032267Z  INFO scan_sources: tailwindcss_oxide::scanner: Discovering "/home/afdal/Laboratorium/PROJECT/extensionadminaksent/android/app/src/main/java"
2026-05-08T11:01:57.032392Z  INFO scan_sources: tailwindcss_oxide::scanner: Discovering "/home/afdal/Laboratorium/PROJECT/extensionadminaksent/android/app/src/main/java/io"
2026-05-08T11:01:57.032523Z  INFO scan_sources: tailwindcss_oxide::scanner: Discovering "/home/afdal/Laboratorium/PROJECT/extensionadminaksent/android/app/src/main/java/io/ionic"
2026-05-08T11:01:57.032651Z  INFO scan_sources: tailwindcss_oxide::scanner: Discovering "/home/afdal/Laboratorium/PROJECT/extensionadminaksent/android/app/src/main/java/io/ionic/starter"
2026-05-08T11:01:57.032754Z  INFO scan_sources: tailwindcss_oxide::scanner: Discovering "/home/afdal/Laboratorium/PROJECT/extensionadminaksent/android/app/src/main/assets"
2026-05-08T11:01:57.032877Z  INFO scan_sources: tailwindcss_oxide::scanner: Discovering "/home/afdal/Laboratorium/PROJECT/extensionadminaksent/android/app/src/androidTest"
2026-05-08T11:01:57.033067Z  INFO scan_sources: tailwindcss_oxide::scanner: Discovering "/home/afdal/Laboratorium/PROJECT/extensionadminaksent/android/app/src/androidTest/java"
2026-05-08T11:01:57.033206Z  INFO scan_sources: tailwindcss_oxide::scanner: Discovering "/home/afdal/Laboratorium/PROJECT/extensionadminaksent/android/app/src/androidTest/java/com"
2026-05-08T11:01:57.033490Z  INFO scan_sources: tailwindcss_oxide::scanner: Discovering "/home/afdal/Laboratorium/PROJECT/extensionadminaksent/android/app/src/androidTest/java/com/getcapacitor"
2026-05-08T11:01:57.033736Z  INFO scan_sources: tailwindcss_oxide::scanner: Discovering "/home/afdal/Laboratorium/PROJECT/extensionadminaksent/android/app/src/androidTest/java/com/getcapacitor/myapp"
2026-05-08T11:01:57.033925Z  INFO scan_sources: tailwindcss_oxide::scanner: Discovering "/home/afdal/Laboratorium/PROJECT/extensionadminaksent/android/app/src/test"
2026-05-08T11:01:57.034045Z  INFO scan_sources: tailwindcss_oxide::scanner: Discovering "/home/afdal/Laboratorium/PROJECT/extensionadminaksent/android/app/src/test/java"
2026-05-08T11:01:57.034102Z  INFO scan_sources: tailwindcss_oxide::scanner: Discovering "/home/afdal/Laboratorium/PROJECT/extensionadminaksent/android/app/src/test/java/com"
2026-05-08T11:01:57.034160Z  INFO scan_sources: tailwindcss_oxide::scanner: Discovering "/home/afdal/Laboratorium/PROJECT/extensionadminaksent/android/app/src/test/java/com/getcapacitor"
2026-05-08T11:01:57.034217Z  INFO scan_sources: tailwindcss_oxide::scanner: Discovering "/home/afdal/Laboratorium/PROJECT/extensionadminaksent/android/app/src/test/java/com/getcapacitor/myapp"
2026-05-08T11:01:57.034685Z  INFO scan_sources: tailwindcss_oxide::scanner: exit
2026-05-08T11:01:57.034710Z  INFO extract_candidates: tailwindcss_oxide::scanner: enter
2026-05-08T11:01:57.034718Z  INFO extract_candidates:read_all_files: tailwindcss_oxide::scanner: enter
2026-05-08T11:01:57.034724Z  INFO extract_candidates:read_all_files: tailwindcss_oxide::scanner: Reading 3 file(s)
2026-05-08T11:01:57.035003Z  INFO tailwindcss_oxide::scanner: Reading "/home/afdal/Laboratorium/PROJECT/extensionadminaksent/src/hook/requests/customer.ts"
2026-05-08T11:01:57.035008Z  INFO tailwindcss_oxide::scanner: Reading "/home/afdal/Laboratorium/PROJECT/extensionadminaksent/src/types/customer.ts"
2026-05-08T11:01:57.035045Z  INFO tailwindcss_oxide::scanner: Reading "/home/afdal/Laboratorium/PROJECT/extensionadminaksent/src/pages/Customer/Customer.tsx"
2026-05-08T11:01:57.037515Z  INFO extract_candidates:read_all_files: tailwindcss_oxide::scanner: exit
2026-05-08T11:01:57.037554Z  INFO extract_candidates:parse_all_blobs: tailwindcss_oxide::scanner: enter
2026-05-08T11:01:57.037562Z  INFO extract_candidates:parse_all_blobs:extract: tailwindcss_oxide::scanner: enter
2026-05-08T11:01:57.038649Z  INFO extract_candidates:parse_all_blobs:extract: tailwindcss_oxide::scanner: exit
2026-05-08T11:01:57.038723Z  INFO extract_candidates:parse_all_blobs: tailwindcss_oxide::scanner: exit
2026-05-08T11:01:57.039458Z  INFO extract_candidates: tailwindcss_oxide::scanner: exit
2026-05-08T11:01:57.040998Z  INFO get_files: tailwindcss_oxide::scanner: enter
2026-05-08T11:01:57.041079Z  INFO get_files:scan_sources: tailwindcss_oxide::scanner: enter
2026-05-08T11:01:57.041621Z  INFO get_files:scan_sources: tailwindcss_oxide::scanner: Discovering "/home/afdal/Laboratorium/PROJECT/extensionadminaksent/scripts"
2026-05-08T11:01:57.041699Z  INFO get_files:scan_sources: tailwindcss_oxide::scanner: Discovering "/home/afdal/Laboratorium/PROJECT/extensionadminaksent/cypress"
2026-05-08T11:01:57.041763Z  INFO get_files:scan_sources: tailwindcss_oxide::scanner: Discovering "/home/afdal/Laboratorium/PROJECT/extensionadminaksent/cypress/fixtures"
2026-05-08T11:01:57.041846Z  INFO get_files:scan_sources: tailwindcss_oxide::scanner: Discovering "/home/afdal/Laboratorium/PROJECT/extensionadminaksent/cypress/e2e"
2026-05-08T11:01:57.041921Z  INFO get_files:scan_sources: tailwindcss_oxide::scanner: Discovering "/home/afdal/Laboratorium/PROJECT/extensionadminaksent/cypress/support"
2026-05-08T11:01:57.042002Z  INFO get_files:scan_sources: tailwindcss_oxide::scanner: Discovering "/home/afdal/Laboratorium/PROJECT/extensionadminaksent/.vscode"
2026-05-08T11:01:57.042104Z  INFO get_files:scan_sources: tailwindcss_oxide::scanner: Discovering "/home/afdal/Laboratorium/PROJECT/extensionadminaksent/src"
2026-05-08T11:01:57.042147Z  INFO get_files:scan_sources: tailwindcss_oxide::scanner: Discovering "/home/afdal/Laboratorium/PROJECT/extensionadminaksent/src/hook"
2026-05-08T11:01:57.042207Z  INFO get_files:scan_sources: tailwindcss_oxide::scanner: Discovering "/home/afdal/Laboratorium/PROJECT/extensionadminaksent/src/hook/requests"
2026-05-08T11:01:57.042274Z  INFO get_files:scan_sources: tailwindcss_oxide::scanner: Discovering "/home/afdal/Laboratorium/PROJECT/extensionadminaksent/src/components"
2026-05-08T11:01:57.042331Z  INFO get_files:scan_sources: tailwindcss_oxide::scanner: Discovering "/home/afdal/Laboratorium/PROJECT/extensionadminaksent/src/components/customer"
2026-05-08T11:01:57.042421Z  INFO get_files:scan_sources: tailwindcss_oxide::scanner: Discovering "/home/afdal/Laboratorium/PROJECT/extensionadminaksent/src/components/input"
2026-05-08T11:01:57.042523Z  INFO get_files:scan_sources: tailwindcss_oxide::scanner: Discovering "/home/afdal/Laboratorium/PROJECT/extensionadminaksent/src/components/layout"
2026-05-08T11:01:57.042599Z  INFO get_files:scan_sources: tailwindcss_oxide::scanner: Discovering "/home/afdal/Laboratorium/PROJECT/extensionadminaksent/src/components/list"
2026-05-08T11:01:57.042693Z  INFO get_files:scan_sources: tailwindcss_oxide::scanner: Discovering "/home/afdal/Laboratorium/PROJECT/extensionadminaksent/src/components/toolbars"
2026-05-08T11:01:57.042779Z  INFO get_files:scan_sources: tailwindcss_oxide::scanner: Discovering "/home/afdal/Laboratorium/PROJECT/extensionadminaksent/src/theme"
2026-05-08T11:01:57.042872Z  INFO get_files:scan_sources: tailwindcss_oxide::scanner: Discovering "/home/afdal/Laboratorium/PROJECT/extensionadminaksent/src/utils"
2026-05-08T11:01:57.042995Z  INFO get_files:scan_sources: tailwindcss_oxide::scanner: Discovering "/home/afdal/Laboratorium/PROJECT/extensionadminaksent/src/databases"
2026-05-08T11:01:57.043062Z  INFO get_files:scan_sources: tailwindcss_oxide::scanner: Discovering "/home/afdal/Laboratorium/PROJECT/extensionadminaksent/src/databases/migrations"
2026-05-08T11:01:57.043160Z  INFO get_files:scan_sources: tailwindcss_oxide::scanner: Discovering "/home/afdal/Laboratorium/PROJECT/extensionadminaksent/src/databases/entities"
2026-05-08T11:01:57.043262Z  INFO get_files:scan_sources: tailwindcss_oxide::scanner: Discovering "/home/afdal/Laboratorium/PROJECT/extensionadminaksent/src/types"
2026-05-08T11:01:57.043337Z  INFO get_files:scan_sources: tailwindcss_oxide::scanner: Discovering "/home/afdal/Laboratorium/PROJECT/extensionadminaksent/src/pages"
2026-05-08T11:01:57.043386Z  INFO get_files:scan_sources: tailwindcss_oxide::scanner: Discovering "/home/afdal/Laboratorium/PROJECT/extensionadminaksent/src/pages/Customer"
2026-05-08T11:01:57.043479Z  INFO get_files:scan_sources: tailwindcss_oxide::scanner: Discovering "/home/afdal/Laboratorium/PROJECT/extensionadminaksent/src/pages/Home"
2026-05-08T11:01:57.043576Z  INFO get_files:scan_sources: tailwindcss_oxide::scanner: Discovering "/home/afdal/Laboratorium/PROJECT/extensionadminaksent/src/pages/Validation"
2026-05-08T11:01:57.043646Z  INFO get_files:scan_sources: tailwindcss_oxide::scanner: Discovering "/home/afdal/Laboratorium/PROJECT/extensionadminaksent/src/pages/Unpaid"
2026-05-08T11:01:57.043718Z  INFO get_files:scan_sources: tailwindcss_oxide::scanner: Discovering "/home/afdal/Laboratorium/PROJECT/extensionadminaksent/src/pages/Payment"
2026-05-08T11:01:57.043802Z  INFO get_files:scan_sources: tailwindcss_oxide::scanner: Discovering "/home/afdal/Laboratorium/PROJECT/extensionadminaksent/src/context"
2026-05-08T11:01:57.043991Z  INFO get_files:scan_sources: tailwindcss_oxide::scanner: Discovering "/home/afdal/Laboratorium/PROJECT/extensionadminaksent/public"
2026-05-08T11:01:57.044061Z  INFO get_files:scan_sources: tailwindcss_oxide::scanner: Discovering "/home/afdal/Laboratorium/PROJECT/extensionadminaksent/public/assets"
2026-05-08T11:01:57.044244Z  INFO get_files:scan_sources: tailwindcss_oxide::scanner: Discovering "/home/afdal/Laboratorium/PROJECT/extensionadminaksent/android"
2026-05-08T11:01:57.044574Z  INFO get_files:scan_sources: tailwindcss_oxide::scanner: Discovering "/home/afdal/Laboratorium/PROJECT/extensionadminaksent/android/.kotlin"
2026-05-08T11:01:57.044633Z  INFO get_files:scan_sources: tailwindcss_oxide::scanner: Discovering "/home/afdal/Laboratorium/PROJECT/extensionadminaksent/android/.kotlin/sessions"
2026-05-08T11:01:57.044826Z  INFO get_files:scan_sources: tailwindcss_oxide::scanner: Discovering "/home/afdal/Laboratorium/PROJECT/extensionadminaksent/android/gradle"
2026-05-08T11:01:57.044890Z  INFO get_files:scan_sources: tailwindcss_oxide::scanner: Discovering "/home/afdal/Laboratorium/PROJECT/extensionadminaksent/android/gradle/wrapper"
2026-05-08T11:01:57.044988Z  INFO get_files:scan_sources: tailwindcss_oxide::scanner: Discovering "/home/afdal/Laboratorium/PROJECT/extensionadminaksent/android/app"
2026-05-08T11:01:57.045137Z  INFO get_files:scan_sources: tailwindcss_oxide::scanner: Discovering "/home/afdal/Laboratorium/PROJECT/extensionadminaksent/android/app/src"
2026-05-08T11:01:57.045209Z  INFO get_files:scan_sources: tailwindcss_oxide::scanner: Discovering "/home/afdal/Laboratorium/PROJECT/extensionadminaksent/android/app/src/main"
2026-05-08T11:01:57.045289Z  INFO get_files:scan_sources: tailwindcss_oxide::scanner: Discovering "/home/afdal/Laboratorium/PROJECT/extensionadminaksent/android/app/src/main/res"
2026-05-08T11:01:57.045362Z  INFO get_files:scan_sources: tailwindcss_oxide::scanner: Discovering "/home/afdal/Laboratorium/PROJECT/extensionadminaksent/android/app/src/main/res/drawable-land-xhdpi"
2026-05-08T11:01:57.045432Z  INFO get_files:scan_sources: tailwindcss_oxide::scanner: Discovering "/home/afdal/Laboratorium/PROJECT/extensionadminaksent/android/app/src/main/res/drawable-land-xxhdpi"
2026-05-08T11:01:57.045510Z  INFO get_files:scan_sources: tailwindcss_oxide::scanner: Discovering "/home/afdal/Laboratorium/PROJECT/extensionadminaksent/android/app/src/main/res/drawable-v24"
2026-05-08T11:01:57.045604Z  INFO get_files:scan_sources: tailwindcss_oxide::scanner: Discovering "/home/afdal/Laboratorium/PROJECT/extensionadminaksent/android/app/src/main/res/drawable-port-xxxhdpi"
2026-05-08T11:01:57.045671Z  INFO get_files:scan_sources: tailwindcss_oxide::scanner: Discovering "/home/afdal/Laboratorium/PROJECT/extensionadminaksent/android/app/src/main/res/drawable-land-xxxhdpi"
2026-05-08T11:01:57.045739Z  INFO get_files:scan_sources: tailwindcss_oxide::scanner: Discovering "/home/afdal/Laboratorium/PROJECT/extensionadminaksent/android/app/src/main/res/drawable-port-xxhdpi"
2026-05-08T11:01:57.045811Z  INFO get_files:scan_sources: tailwindcss_oxide::scanner: Discovering "/home/afdal/Laboratorium/PROJECT/extensionadminaksent/android/app/src/main/res/mipmap-hdpi"
2026-05-08T11:01:57.045886Z  INFO get_files:scan_sources: tailwindcss_oxide::scanner: Discovering "/home/afdal/Laboratorium/PROJECT/extensionadminaksent/android/app/src/main/res/drawable-land-hdpi"
2026-05-08T11:01:57.045955Z  INFO get_files:scan_sources: tailwindcss_oxide::scanner: Discovering "/home/afdal/Laboratorium/PROJECT/extensionadminaksent/android/app/src/main/res/xml"
2026-05-08T11:01:57.046035Z  INFO get_files:scan_sources: tailwindcss_oxide::scanner: Discovering "/home/afdal/Laboratorium/PROJECT/extensionadminaksent/android/app/src/main/res/mipmap-xhdpi"
2026-05-08T11:01:57.046107Z  INFO get_files:scan_sources: tailwindcss_oxide::scanner: Discovering "/home/afdal/Laboratorium/PROJECT/extensionadminaksent/android/app/src/main/res/drawable-land-mdpi"
2026-05-08T11:01:57.046173Z  INFO get_files:scan_sources: tailwindcss_oxide::scanner: Discovering "/home/afdal/Laboratorium/PROJECT/extensionadminaksent/android/app/src/main/res/drawable-port-hdpi"
2026-05-08T11:01:57.046239Z  INFO get_files:scan_sources: tailwindcss_oxide::scanner: Discovering "/home/afdal/Laboratorium/PROJECT/extensionadminaksent/android/app/src/main/res/mipmap-xxhdpi"
2026-05-08T11:01:57.046321Z  INFO get_files:scan_sources: tailwindcss_oxide::scanner: Discovering "/home/afdal/Laboratorium/PROJECT/extensionadminaksent/android/app/src/main/res/mipmap-mdpi"
2026-05-08T11:01:57.046393Z  INFO get_files:scan_sources: tailwindcss_oxide::scanner: Discovering "/home/afdal/Laboratorium/PROJECT/extensionadminaksent/android/app/src/main/res/drawable"
2026-05-08T11:01:57.046476Z  INFO get_files:scan_sources: tailwindcss_oxide::scanner: Discovering "/home/afdal/Laboratorium/PROJECT/extensionadminaksent/android/app/src/main/res/drawable-port-xhdpi"
2026-05-08T11:01:57.046547Z  INFO get_files:scan_sources: tailwindcss_oxide::scanner: Discovering "/home/afdal/Laboratorium/PROJECT/extensionadminaksent/android/app/src/main/res/mipmap-xxxhdpi"
2026-05-08T11:01:57.046621Z  INFO get_files:scan_sources: tailwindcss_oxide::scanner: Discovering "/home/afdal/Laboratorium/PROJECT/extensionadminaksent/android/app/src/main/res/layout"
2026-05-08T11:01:57.046696Z  INFO get_files:scan_sources: tailwindcss_oxide::scanner: Discovering "/home/afdal/Laboratorium/PROJECT/extensionadminaksent/android/app/src/main/res/mipmap-anydpi-v26"
2026-05-08T11:01:57.046784Z  INFO get_files:scan_sources: tailwindcss_oxide::scanner: Discovering "/home/afdal/Laboratorium/PROJECT/extensionadminaksent/android/app/src/main/res/drawable-port-mdpi"
2026-05-08T11:01:57.046853Z  INFO get_files:scan_sources: tailwindcss_oxide::scanner: Discovering "/home/afdal/Laboratorium/PROJECT/extensionadminaksent/android/app/src/main/res/values"
2026-05-08T11:01:57.046968Z  INFO get_files:scan_sources: tailwindcss_oxide::scanner: Discovering "/home/afdal/Laboratorium/PROJECT/extensionadminaksent/android/app/src/main/java"
2026-05-08T11:01:57.047025Z  INFO get_files:scan_sources: tailwindcss_oxide::scanner: Discovering "/home/afdal/Laboratorium/PROJECT/extensionadminaksent/android/app/src/main/java/io"
2026-05-08T11:01:57.047084Z  INFO get_files:scan_sources: tailwindcss_oxide::scanner: Discovering "/home/afdal/Laboratorium/PROJECT/extensionadminaksent/android/app/src/main/java/io/ionic"
2026-05-08T11:01:57.047144Z  INFO get_files:scan_sources: tailwindcss_oxide::scanner: Discovering "/home/afdal/Laboratorium/PROJECT/extensionadminaksent/android/app/src/main/java/io/ionic/starter"
2026-05-08T11:01:57.047236Z  INFO get_files:scan_sources: tailwindcss_oxide::scanner: Discovering "/home/afdal/Laboratorium/PROJECT/extensionadminaksent/android/app/src/main/assets"
2026-05-08T11:01:57.047362Z  INFO get_files:scan_sources: tailwindcss_oxide::scanner: Discovering "/home/afdal/Laboratorium/PROJECT/extensionadminaksent/android/app/src/androidTest"
2026-05-08T11:01:57.047416Z  INFO get_files:scan_sources: tailwindcss_oxide::scanner: Discovering "/home/afdal/Laboratorium/PROJECT/extensionadminaksent/android/app/src/androidTest/java"
2026-05-08T11:01:57.047468Z  INFO get_files:scan_sources: tailwindcss_oxide::scanner: Discovering "/home/afdal/Laboratorium/PROJECT/extensionadminaksent/android/app/src/androidTest/java/com"
2026-05-08T11:01:57.047546Z  INFO get_files:scan_sources: tailwindcss_oxide::scanner: Discovering "/home/afdal/Laboratorium/PROJECT/extensionadminaksent/android/app/src/androidTest/java/com/getcapacitor"
2026-05-08T11:01:57.047605Z  INFO get_files:scan_sources: tailwindcss_oxide::scanner: Discovering "/home/afdal/Laboratorium/PROJECT/extensionadminaksent/android/app/src/androidTest/java/com/getcapacitor/myapp"
2026-05-08T11:01:57.047717Z  INFO get_files:scan_sources: tailwindcss_oxide::scanner: Discovering "/home/afdal/Laboratorium/PROJECT/extensionadminaksent/android/app/src/test"
2026-05-08T11:01:57.047777Z  INFO get_files:scan_sources: tailwindcss_oxide::scanner: Discovering "/home/afdal/Laboratorium/PROJECT/extensionadminaksent/android/app/src/test/java"
2026-05-08T11:01:57.047837Z  INFO get_files:scan_sources: tailwindcss_oxide::scanner: Discovering "/home/afdal/Laboratorium/PROJECT/extensionadminaksent/android/app/src/test/java/com"
2026-05-08T11:01:57.047897Z  INFO get_files:scan_sources: tailwindcss_oxide::scanner: Discovering "/home/afdal/Laboratorium/PROJECT/extensionadminaksent/android/app/src/test/java/com/getcapacitor"
2026-05-08T11:01:57.047965Z  INFO get_files:scan_sources: tailwindcss_oxide::scanner: Discovering "/home/afdal/Laboratorium/PROJECT/extensionadminaksent/android/app/src/test/java/com/getcapacitor/myapp"
2026-05-08T11:01:57.048366Z  INFO get_files:scan_sources: tailwindcss_oxide::scanner: exit
2026-05-08T11:01:57.048535Z  INFO get_files: tailwindcss_oxide::scanner: exit
2026-05-08T11:01:57.048751Z  INFO get_globs: tailwindcss_oxide::scanner: enter
2026-05-08T11:01:57.048767Z  INFO get_globs: tailwindcss_oxide::scanner: exit
2026-05-08T11:09:16.316662Z  INFO scan_sources: tailwindcss_oxide::scanner: enter
2026-05-08T11:09:16.317526Z  INFO scan_sources: tailwindcss_oxide::scanner: Discovering "/home/afdal/Laboratorium/PROJECT/extensionadminaksent/scripts"
2026-05-08T11:09:16.317653Z  INFO scan_sources: tailwindcss_oxide::scanner: Discovering "/home/afdal/Laboratorium/PROJECT/extensionadminaksent/cypress"
2026-05-08T11:09:16.317718Z  INFO scan_sources: tailwindcss_oxide::scanner: Discovering "/home/afdal/Laboratorium/PROJECT/extensionadminaksent/cypress/fixtures"
2026-05-08T11:09:16.317793Z  INFO scan_sources: tailwindcss_oxide::scanner: Discovering "/home/afdal/Laboratorium/PROJECT/extensionadminaksent/cypress/e2e"
2026-05-08T11:09:16.317870Z  INFO scan_sources: tailwindcss_oxide::scanner: Discovering "/home/afdal/Laboratorium/PROJECT/extensionadminaksent/cypress/support"
2026-05-08T11:09:16.317989Z  INFO scan_sources: tailwindcss_oxide::scanner: Discovering "/home/afdal/Laboratorium/PROJECT/extensionadminaksent/.vscode"
2026-05-08T11:09:16.318121Z  INFO scan_sources: tailwindcss_oxide::scanner: Discovering "/home/afdal/Laboratorium/PROJECT/extensionadminaksent/src"
2026-05-08T11:09:16.318182Z  INFO scan_sources: tailwindcss_oxide::scanner: Discovering "/home/afdal/Laboratorium/PROJECT/extensionadminaksent/src/hook"
2026-05-08T11:09:16.318251Z  INFO scan_sources: tailwindcss_oxide::scanner: Discovering "/home/afdal/Laboratorium/PROJECT/extensionadminaksent/src/hook/requests"
2026-05-08T11:09:16.318306Z  INFO scan_sources: tailwindcss_oxide::scanner: Discovering "/home/afdal/Laboratorium/PROJECT/extensionadminaksent/src/hook/requests/customer.ts"
2026-05-08T11:09:16.318356Z  INFO scan_sources: tailwindcss_oxide::scanner: Discovering "/home/afdal/Laboratorium/PROJECT/extensionadminaksent/src/components"
2026-05-08T11:09:16.318428Z  INFO scan_sources: tailwindcss_oxide::scanner: Discovering "/home/afdal/Laboratorium/PROJECT/extensionadminaksent/src/components/customer"
2026-05-08T11:09:16.318551Z  INFO scan_sources: tailwindcss_oxide::scanner: Discovering "/home/afdal/Laboratorium/PROJECT/extensionadminaksent/src/components/input"
2026-05-08T11:09:16.318654Z  INFO scan_sources: tailwindcss_oxide::scanner: Discovering "/home/afdal/Laboratorium/PROJECT/extensionadminaksent/src/components/layout"
2026-05-08T11:09:16.318724Z  INFO scan_sources: tailwindcss_oxide::scanner: Discovering "/home/afdal/Laboratorium/PROJECT/extensionadminaksent/src/components/list"
2026-05-08T11:09:16.318810Z  INFO scan_sources: tailwindcss_oxide::scanner: Discovering "/home/afdal/Laboratorium/PROJECT/extensionadminaksent/src/components/toolbars"
2026-05-08T11:09:16.318901Z  INFO scan_sources: tailwindcss_oxide::scanner: Discovering "/home/afdal/Laboratorium/PROJECT/extensionadminaksent/src/theme"
2026-05-08T11:09:16.319008Z  INFO scan_sources: tailwindcss_oxide::scanner: Discovering "/home/afdal/Laboratorium/PROJECT/extensionadminaksent/src/utils"
2026-05-08T11:09:16.319144Z  INFO scan_sources: tailwindcss_oxide::scanner: Discovering "/home/afdal/Laboratorium/PROJECT/extensionadminaksent/src/databases"
2026-05-08T11:09:16.319523Z  INFO scan_sources: tailwindcss_oxide::scanner: Discovering "/home/afdal/Laboratorium/PROJECT/extensionadminaksent/src/databases/migrations"
2026-05-08T11:09:16.320224Z  INFO scan_sources: tailwindcss_oxide::scanner: Discovering "/home/afdal/Laboratorium/PROJECT/extensionadminaksent/src/databases/entities"
2026-05-08T11:09:16.320848Z  INFO scan_sources: tailwindcss_oxide::scanner: Discovering "/home/afdal/Laboratorium/PROJECT/extensionadminaksent/src/types"
2026-05-08T11:09:16.321415Z  INFO scan_sources: tailwindcss_oxide::scanner: Discovering "/home/afdal/Laboratorium/PROJECT/extensionadminaksent/src/pages"
2026-05-08T11:09:16.321989Z  INFO scan_sources: tailwindcss_oxide::scanner: Discovering "/home/afdal/Laboratorium/PROJECT/extensionadminaksent/src/pages/Customer"
2026-05-08T11:09:16.322367Z  INFO scan_sources: tailwindcss_oxide::scanner: Discovering "/home/afdal/Laboratorium/PROJECT/extensionadminaksent/src/pages/Home"
2026-05-08T11:09:16.322488Z  INFO scan_sources: tailwindcss_oxide::scanner: Discovering "/home/afdal/Laboratorium/PROJECT/extensionadminaksent/src/pages/Validation"
2026-05-08T11:09:16.322570Z  INFO scan_sources: tailwindcss_oxide::scanner: Discovering "/home/afdal/Laboratorium/PROJECT/extensionadminaksent/src/pages/Unpaid"
2026-05-08T11:09:16.322722Z  INFO scan_sources: tailwindcss_oxide::scanner: Discovering "/home/afdal/Laboratorium/PROJECT/extensionadminaksent/src/pages/Payment"
2026-05-08T11:09:16.322820Z  INFO scan_sources: tailwindcss_oxide::scanner: Discovering "/home/afdal/Laboratorium/PROJECT/extensionadminaksent/src/context"
2026-05-08T11:09:16.323095Z  INFO scan_sources: tailwindcss_oxide::scanner: Discovering "/home/afdal/Laboratorium/PROJECT/extensionadminaksent/public"
2026-05-08T11:09:16.323275Z  INFO scan_sources: tailwindcss_oxide::scanner: Discovering "/home/afdal/Laboratorium/PROJECT/extensionadminaksent/public/assets"
2026-05-08T11:09:16.323671Z  INFO scan_sources: tailwindcss_oxide::scanner: Discovering "/home/afdal/Laboratorium/PROJECT/extensionadminaksent/android"
2026-05-08T11:09:16.324179Z  INFO scan_sources: tailwindcss_oxide::scanner: Discovering "/home/afdal/Laboratorium/PROJECT/extensionadminaksent/android/.kotlin"
2026-05-08T11:09:16.324298Z  INFO scan_sources: tailwindcss_oxide::scanner: Discovering "/home/afdal/Laboratorium/PROJECT/extensionadminaksent/android/.kotlin/sessions"
2026-05-08T11:09:16.329918Z  INFO scan_sources: tailwindcss_oxide::scanner: Discovering "/home/afdal/Laboratorium/PROJECT/extensionadminaksent/android/gradle"
2026-05-08T11:09:16.330709Z  INFO scan_sources: tailwindcss_oxide::scanner: Discovering "/home/afdal/Laboratorium/PROJECT/extensionadminaksent/android/gradle/wrapper"
2026-05-08T11:09:16.331154Z  INFO scan_sources: tailwindcss_oxide::scanner: Discovering "/home/afdal/Laboratorium/PROJECT/extensionadminaksent/android/app"
2026-05-08T11:09:16.331515Z  INFO scan_sources: tailwindcss_oxide::scanner: Discovering "/home/afdal/Laboratorium/PROJECT/extensionadminaksent/android/app/src"
2026-05-08T11:09:16.331622Z  INFO scan_sources: tailwindcss_oxide::scanner: Discovering "/home/afdal/Laboratorium/PROJECT/extensionadminaksent/android/app/src/main"
2026-05-08T11:09:16.331711Z  INFO scan_sources: tailwindcss_oxide::scanner: Discovering "/home/afdal/Laboratorium/PROJECT/extensionadminaksent/android/app/src/main/res"
2026-05-08T11:09:16.331777Z  INFO scan_sources: tailwindcss_oxide::scanner: Discovering "/home/afdal/Laboratorium/PROJECT/extensionadminaksent/android/app/src/main/res/drawable-land-xhdpi"
2026-05-08T11:09:16.331849Z  INFO scan_sources: tailwindcss_oxide::scanner: Discovering "/home/afdal/Laboratorium/PROJECT/extensionadminaksent/android/app/src/main/res/drawable-land-xxhdpi"
2026-05-08T11:09:16.331913Z  INFO scan_sources: tailwindcss_oxide::scanner: Discovering "/home/afdal/Laboratorium/PROJECT/extensionadminaksent/android/app/src/main/res/drawable-v24"
2026-05-08T11:09:16.331992Z  INFO scan_sources: tailwindcss_oxide::scanner: Discovering "/home/afdal/Laboratorium/PROJECT/extensionadminaksent/android/app/src/main/res/drawable-port-xxxhdpi"
2026-05-08T11:09:16.332060Z  INFO scan_sources: tailwindcss_oxide::scanner: Discovering "/home/afdal/Laboratorium/PROJECT/extensionadminaksent/android/app/src/main/res/drawable-land-xxxhdpi"
2026-05-08T11:09:16.332121Z  INFO scan_sources: tailwindcss_oxide::scanner: Discovering "/home/afdal/Laboratorium/PROJECT/extensionadminaksent/android/app/src/main/res/drawable-port-xxhdpi"
2026-05-08T11:09:16.332201Z  INFO scan_sources: tailwindcss_oxide::scanner: Discovering "/home/afdal/Laboratorium/PROJECT/extensionadminaksent/android/app/src/main/res/mipmap-hdpi"
2026-05-08T11:09:16.332275Z  INFO scan_sources: tailwindcss_oxide::scanner: Discovering "/home/afdal/Laboratorium/PROJECT/extensionadminaksent/android/app/src/main/res/drawable-land-hdpi"
2026-05-08T11:09:16.332344Z  INFO scan_sources: tailwindcss_oxide::scanner: Discovering "/home/afdal/Laboratorium/PROJECT/extensionadminaksent/android/app/src/main/res/xml"
2026-05-08T11:09:16.332426Z  INFO scan_sources: tailwindcss_oxide::scanner: Discovering "/home/afdal/Laboratorium/PROJECT/extensionadminaksent/android/app/src/main/res/mipmap-xhdpi"
2026-05-08T11:09:16.332520Z  INFO scan_sources: tailwindcss_oxide::scanner: Discovering "/home/afdal/Laboratorium/PROJECT/extensionadminaksent/android/app/src/main/res/drawable-land-mdpi"
2026-05-08T11:09:16.332597Z  INFO scan_sources: tailwindcss_oxide::scanner: Discovering "/home/afdal/Laboratorium/PROJECT/extensionadminaksent/android/app/src/main/res/drawable-port-hdpi"
2026-05-08T11:09:16.332668Z  INFO scan_sources: tailwindcss_oxide::scanner: Discovering "/home/afdal/Laboratorium/PROJECT/extensionadminaksent/android/app/src/main/res/mipmap-xxhdpi"
2026-05-08T11:09:16.332748Z  INFO scan_sources: tailwindcss_oxide::scanner: Discovering "/home/afdal/Laboratorium/PROJECT/extensionadminaksent/android/app/src/main/res/mipmap-mdpi"
2026-05-08T11:09:16.332827Z  INFO scan_sources: tailwindcss_oxide::scanner: Discovering "/home/afdal/Laboratorium/PROJECT/extensionadminaksent/android/app/src/main/res/drawable"
2026-05-08T11:09:16.332912Z  INFO scan_sources: tailwindcss_oxide::scanner: Discovering "/home/afdal/Laboratorium/PROJECT/extensionadminaksent/android/app/src/main/res/drawable-port-xhdpi"
2026-05-08T11:09:16.332979Z  INFO scan_sources: tailwindcss_oxide::scanner: Discovering "/home/afdal/Laboratorium/PROJECT/extensionadminaksent/android/app/src/main/res/mipmap-xxxhdpi"
2026-05-08T11:09:16.333057Z  INFO scan_sources: tailwindcss_oxide::scanner: Discovering "/home/afdal/Laboratorium/PROJECT/extensionadminaksent/android/app/src/main/res/layout"
2026-05-08T11:09:16.333138Z  INFO scan_sources: tailwindcss_oxide::scanner: Discovering "/home/afdal/Laboratorium/PROJECT/extensionadminaksent/android/app/src/main/res/mipmap-anydpi-v26"
2026-05-08T11:09:16.333222Z  INFO scan_sources: tailwindcss_oxide::scanner: Discovering "/home/afdal/Laboratorium/PROJECT/extensionadminaksent/android/app/src/main/res/drawable-port-mdpi"
2026-05-08T11:09:16.333292Z  INFO scan_sources: tailwindcss_oxide::scanner: Discovering "/home/afdal/Laboratorium/PROJECT/extensionadminaksent/android/app/src/main/res/values"
2026-05-08T11:09:16.333418Z  INFO scan_sources: tailwindcss_oxide::scanner: Discovering "/home/afdal/Laboratorium/PROJECT/extensionadminaksent/android/app/src/main/java"
2026-05-08T11:09:16.333489Z  INFO scan_sources: tailwindcss_oxide::scanner: Discovering "/home/afdal/Laboratorium/PROJECT/extensionadminaksent/android/app/src/main/java/io"
2026-05-08T11:09:16.333559Z  INFO scan_sources: tailwindcss_oxide::scanner: Discovering "/home/afdal/Laboratorium/PROJECT/extensionadminaksent/android/app/src/main/java/io/ionic"
2026-05-08T11:09:16.333627Z  INFO scan_sources: tailwindcss_oxide::scanner: Discovering "/home/afdal/Laboratorium/PROJECT/extensionadminaksent/android/app/src/main/java/io/ionic/starter"
2026-05-08T11:09:16.333734Z  INFO scan_sources: tailwindcss_oxide::scanner: Discovering "/home/afdal/Laboratorium/PROJECT/extensionadminaksent/android/app/src/main/assets"
2026-05-08T11:09:16.333881Z  INFO scan_sources: tailwindcss_oxide::scanner: Discovering "/home/afdal/Laboratorium/PROJECT/extensionadminaksent/android/app/src/androidTest"
2026-05-08T11:09:16.333950Z  INFO scan_sources: tailwindcss_oxide::scanner: Discovering "/home/afdal/Laboratorium/PROJECT/extensionadminaksent/android/app/src/androidTest/java"
2026-05-08T11:09:16.334009Z  INFO scan_sources: tailwindcss_oxide::scanner: Discovering "/home/afdal/Laboratorium/PROJECT/extensionadminaksent/android/app/src/androidTest/java/com"
2026-05-08T11:09:16.334086Z  INFO scan_sources: tailwindcss_oxide::scanner: Discovering "/home/afdal/Laboratorium/PROJECT/extensionadminaksent/android/app/src/androidTest/java/com/getcapacitor"
2026-05-08T11:09:16.334142Z  INFO scan_sources: tailwindcss_oxide::scanner: Discovering "/home/afdal/Laboratorium/PROJECT/extensionadminaksent/android/app/src/androidTest/java/com/getcapacitor/myapp"
2026-05-08T11:09:16.334249Z  INFO scan_sources: tailwindcss_oxide::scanner: Discovering "/home/afdal/Laboratorium/PROJECT/extensionadminaksent/android/app/src/test"
2026-05-08T11:09:16.334317Z  INFO scan_sources: tailwindcss_oxide::scanner: Discovering "/home/afdal/Laboratorium/PROJECT/extensionadminaksent/android/app/src/test/java"
2026-05-08T11:09:16.334373Z  INFO scan_sources: tailwindcss_oxide::scanner: Discovering "/home/afdal/Laboratorium/PROJECT/extensionadminaksent/android/app/src/test/java/com"
2026-05-08T11:09:16.334438Z  INFO scan_sources: tailwindcss_oxide::scanner: Discovering "/home/afdal/Laboratorium/PROJECT/extensionadminaksent/android/app/src/test/java/com/getcapacitor"
2026-05-08T11:09:16.334503Z  INFO scan_sources: tailwindcss_oxide::scanner: Discovering "/home/afdal/Laboratorium/PROJECT/extensionadminaksent/android/app/src/test/java/com/getcapacitor/myapp"
2026-05-08T11:09:16.334967Z  INFO scan_sources: tailwindcss_oxide::scanner: exit
2026-05-08T11:09:16.334991Z  INFO extract_candidates: tailwindcss_oxide::scanner: enter
2026-05-08T11:09:16.335000Z  INFO extract_candidates:read_all_files: tailwindcss_oxide::scanner: enter
2026-05-08T11:09:16.335006Z  INFO extract_candidates:read_all_files: tailwindcss_oxide::scanner: Reading 1 file(s)
2026-05-08T11:09:16.335060Z  INFO extract_candidates:read_all_files: tailwindcss_oxide::scanner: Reading "/home/afdal/Laboratorium/PROJECT/extensionadminaksent/src/hook/requests/customer.ts"
2026-05-08T11:09:16.335077Z  INFO extract_candidates:read_all_files: tailwindcss_oxide::scanner: exit
2026-05-08T11:09:16.335086Z  INFO extract_candidates:parse_all_blobs: tailwindcss_oxide::scanner: enter
2026-05-08T11:09:16.335092Z  INFO extract_candidates:parse_all_blobs:extract: tailwindcss_oxide::scanner: enter
2026-05-08T11:09:16.335992Z  INFO extract_candidates:parse_all_blobs:extract: tailwindcss_oxide::scanner: exit
2026-05-08T11:09:16.336041Z  INFO extract_candidates:parse_all_blobs: tailwindcss_oxide::scanner: exit
2026-05-08T11:09:16.336108Z  INFO extract_candidates: tailwindcss_oxide::scanner: exit
2026-05-08T11:09:16.338783Z  INFO get_files: tailwindcss_oxide::scanner: enter
2026-05-08T11:09:16.339331Z  INFO get_files:scan_sources: tailwindcss_oxide::scanner: enter
2026-05-08T11:09:16.341035Z  INFO get_files:scan_sources: tailwindcss_oxide::scanner: Discovering "/home/afdal/Laboratorium/PROJECT/extensionadminaksent/scripts"
2026-05-08T11:09:16.341231Z  INFO get_files:scan_sources: tailwindcss_oxide::scanner: Discovering "/home/afdal/Laboratorium/PROJECT/extensionadminaksent/cypress"
2026-05-08T11:09:16.341315Z  INFO get_files:scan_sources: tailwindcss_oxide::scanner: Discovering "/home/afdal/Laboratorium/PROJECT/extensionadminaksent/cypress/fixtures"
2026-05-08T11:09:16.341414Z  INFO get_files:scan_sources: tailwindcss_oxide::scanner: Discovering "/home/afdal/Laboratorium/PROJECT/extensionadminaksent/cypress/e2e"
2026-05-08T11:09:16.341832Z  INFO get_files:scan_sources: tailwindcss_oxide::scanner: Discovering "/home/afdal/Laboratorium/PROJECT/extensionadminaksent/cypress/support"
2026-05-08T11:09:16.342151Z  INFO get_files:scan_sources: tailwindcss_oxide::scanner: Discovering "/home/afdal/Laboratorium/PROJECT/extensionadminaksent/.vscode"
2026-05-08T11:09:16.342465Z  INFO get_files:scan_sources: tailwindcss_oxide::scanner: Discovering "/home/afdal/Laboratorium/PROJECT/extensionadminaksent/src"
2026-05-08T11:09:16.342716Z  INFO get_files:scan_sources: tailwindcss_oxide::scanner: Discovering "/home/afdal/Laboratorium/PROJECT/extensionadminaksent/src/hook"
2026-05-08T11:09:16.342985Z  INFO get_files:scan_sources: tailwindcss_oxide::scanner: Discovering "/home/afdal/Laboratorium/PROJECT/extensionadminaksent/src/hook/requests"
2026-05-08T11:09:16.343280Z  INFO get_files:scan_sources: tailwindcss_oxide::scanner: Discovering "/home/afdal/Laboratorium/PROJECT/extensionadminaksent/src/components"
2026-05-08T11:09:16.343867Z  INFO get_files:scan_sources: tailwindcss_oxide::scanner: Discovering "/home/afdal/Laboratorium/PROJECT/extensionadminaksent/src/components/customer"
2026-05-08T11:09:16.344337Z  INFO get_files:scan_sources: tailwindcss_oxide::scanner: Discovering "/home/afdal/Laboratorium/PROJECT/extensionadminaksent/src/components/input"
2026-05-08T11:09:16.344647Z  INFO get_files:scan_sources: tailwindcss_oxide::scanner: Discovering "/home/afdal/Laboratorium/PROJECT/extensionadminaksent/src/components/layout"
2026-05-08T11:09:16.344960Z  INFO get_files:scan_sources: tailwindcss_oxide::scanner: Discovering "/home/afdal/Laboratorium/PROJECT/extensionadminaksent/src/components/list"
2026-05-08T11:09:16.345255Z  INFO get_files:scan_sources: tailwindcss_oxide::scanner: Discovering "/home/afdal/Laboratorium/PROJECT/extensionadminaksent/src/components/toolbars"
2026-05-08T11:09:16.345540Z  INFO get_files:scan_sources: tailwindcss_oxide::scanner: Discovering "/home/afdal/Laboratorium/PROJECT/extensionadminaksent/src/theme"
2026-05-08T11:09:16.345862Z  INFO get_files:scan_sources: tailwindcss_oxide::scanner: Discovering "/home/afdal/Laboratorium/PROJECT/extensionadminaksent/src/utils"
2026-05-08T11:09:16.346195Z  INFO get_files:scan_sources: tailwindcss_oxide::scanner: Discovering "/home/afdal/Laboratorium/PROJECT/extensionadminaksent/src/databases"
2026-05-08T11:09:16.346515Z  INFO get_files:scan_sources: tailwindcss_oxide::scanner: Discovering "/home/afdal/Laboratorium/PROJECT/extensionadminaksent/src/databases/migrations"
2026-05-08T11:09:16.346863Z  INFO get_files:scan_sources: tailwindcss_oxide::scanner: Discovering "/home/afdal/Laboratorium/PROJECT/extensionadminaksent/src/databases/entities"
2026-05-08T11:09:16.347170Z  INFO get_files:scan_sources: tailwindcss_oxide::scanner: Discovering "/home/afdal/Laboratorium/PROJECT/extensionadminaksent/src/types"
2026-05-08T11:09:16.347453Z  INFO get_files:scan_sources: tailwindcss_oxide::scanner: Discovering "/home/afdal/Laboratorium/PROJECT/extensionadminaksent/src/pages"
2026-05-08T11:09:16.347739Z  INFO get_files:scan_sources: tailwindcss_oxide::scanner: Discovering "/home/afdal/Laboratorium/PROJECT/extensionadminaksent/src/pages/Customer"
2026-05-08T11:09:16.348086Z  INFO get_files:scan_sources: tailwindcss_oxide::scanner: Discovering "/home/afdal/Laboratorium/PROJECT/extensionadminaksent/src/pages/Home"
2026-05-08T11:09:16.348190Z  INFO get_files:scan_sources: tailwindcss_oxide::scanner: Discovering "/home/afdal/Laboratorium/PROJECT/extensionadminaksent/src/pages/Validation"
2026-05-08T11:09:16.348265Z  INFO get_files:scan_sources: tailwindcss_oxide::scanner: Discovering "/home/afdal/Laboratorium/PROJECT/extensionadminaksent/src/pages/Unpaid"
2026-05-08T11:09:16.348335Z  INFO get_files:scan_sources: tailwindcss_oxide::scanner: Discovering "/home/afdal/Laboratorium/PROJECT/extensionadminaksent/src/pages/Payment"
2026-05-08T11:09:16.348427Z  INFO get_files:scan_sources: tailwindcss_oxide::scanner: Discovering "/home/afdal/Laboratorium/PROJECT/extensionadminaksent/src/context"
2026-05-08T11:09:16.348654Z  INFO get_files:scan_sources: tailwindcss_oxide::scanner: Discovering "/home/afdal/Laboratorium/PROJECT/extensionadminaksent/public"
2026-05-08T11:09:16.348749Z  INFO get_files:scan_sources: tailwindcss_oxide::scanner: Discovering "/home/afdal/Laboratorium/PROJECT/extensionadminaksent/public/assets"
2026-05-08T11:09:16.348945Z  INFO get_files:scan_sources: tailwindcss_oxide::scanner: Discovering "/home/afdal/Laboratorium/PROJECT/extensionadminaksent/android"
2026-05-08T11:09:16.349324Z  INFO get_files:scan_sources: tailwindcss_oxide::scanner: Discovering "/home/afdal/Laboratorium/PROJECT/extensionadminaksent/android/.kotlin"
2026-05-08T11:09:16.349388Z  INFO get_files:scan_sources: tailwindcss_oxide::scanner: Discovering "/home/afdal/Laboratorium/PROJECT/extensionadminaksent/android/.kotlin/sessions"
2026-05-08T11:09:16.349602Z  INFO get_files:scan_sources: tailwindcss_oxide::scanner: Discovering "/home/afdal/Laboratorium/PROJECT/extensionadminaksent/android/gradle"
2026-05-08T11:09:16.349667Z  INFO get_files:scan_sources: tailwindcss_oxide::scanner: Discovering "/home/afdal/Laboratorium/PROJECT/extensionadminaksent/android/gradle/wrapper"
2026-05-08T11:09:16.349760Z  INFO get_files:scan_sources: tailwindcss_oxide::scanner: Discovering "/home/afdal/Laboratorium/PROJECT/extensionadminaksent/android/app"
2026-05-08T11:09:16.349903Z  INFO get_files:scan_sources: tailwindcss_oxide::scanner: Discovering "/home/afdal/Laboratorium/PROJECT/extensionadminaksent/android/app/src"
2026-05-08T11:09:16.349972Z  INFO get_files:scan_sources: tailwindcss_oxide::scanner: Discovering "/home/afdal/Laboratorium/PROJECT/extensionadminaksent/android/app/src/main"
2026-05-08T11:09:16.350051Z  INFO get_files:scan_sources: tailwindcss_oxide::scanner: Discovering "/home/afdal/Laboratorium/PROJECT/extensionadminaksent/android/app/src/main/res"
2026-05-08T11:09:16.350117Z  INFO get_files:scan_sources: tailwindcss_oxide::scanner: Discovering "/home/afdal/Laboratorium/PROJECT/extensionadminaksent/android/app/src/main/res/drawable-land-xhdpi"
2026-05-08T11:09:16.350183Z  INFO get_files:scan_sources: tailwindcss_oxide::scanner: Discovering "/home/afdal/Laboratorium/PROJECT/extensionadminaksent/android/app/src/main/res/drawable-land-xxhdpi"
2026-05-08T11:09:16.350258Z  INFO get_files:scan_sources: tailwindcss_oxide::scanner: Discovering "/home/afdal/Laboratorium/PROJECT/extensionadminaksent/android/app/src/main/res/drawable-v24"
2026-05-08T11:09:16.350347Z  INFO get_files:scan_sources: tailwindcss_oxide::scanner: Discovering "/home/afdal/Laboratorium/PROJECT/extensionadminaksent/android/app/src/main/res/drawable-port-xxxhdpi"
2026-05-08T11:09:16.350415Z  INFO get_files:scan_sources: tailwindcss_oxide::scanner: Discovering "/home/afdal/Laboratorium/PROJECT/extensionadminaksent/android/app/src/main/res/drawable-land-xxxhdpi"
2026-05-08T11:09:16.350738Z  INFO get_files:scan_sources: tailwindcss_oxide::scanner: Discovering "/home/afdal/Laboratorium/PROJECT/extensionadminaksent/android/app/src/main/res/drawable-port-xxhdpi"
2026-05-08T11:09:16.350987Z  INFO get_files:scan_sources: tailwindcss_oxide::scanner: Discovering "/home/afdal/Laboratorium/PROJECT/extensionadminaksent/android/app/src/main/res/mipmap-hdpi"
2026-05-08T11:09:16.351209Z  INFO get_files:scan_sources: tailwindcss_oxide::scanner: Discovering "/home/afdal/Laboratorium/PROJECT/extensionadminaksent/android/app/src/main/res/drawable-land-hdpi"
2026-05-08T11:09:16.351423Z  INFO get_files:scan_sources: tailwindcss_oxide::scanner: Discovering "/home/afdal/Laboratorium/PROJECT/extensionadminaksent/android/app/src/main/res/xml"
2026-05-08T11:09:16.351693Z  INFO get_files:scan_sources: tailwindcss_oxide::scanner: Discovering "/home/afdal/Laboratorium/PROJECT/extensionadminaksent/android/app/src/main/res/mipmap-xhdpi"
2026-05-08T11:09:16.352532Z  INFO get_files:scan_sources: tailwindcss_oxide::scanner: Discovering "/home/afdal/Laboratorium/PROJECT/extensionadminaksent/android/app/src/main/res/drawable-land-mdpi"
2026-05-08T11:09:16.352871Z  INFO get_files:scan_sources: tailwindcss_oxide::scanner: Discovering "/home/afdal/Laboratorium/PROJECT/extensionadminaksent/android/app/src/main/res/drawable-port-hdpi"
2026-05-08T11:09:16.353131Z  INFO get_files:scan_sources: tailwindcss_oxide::scanner: Discovering "/home/afdal/Laboratorium/PROJECT/extensionadminaksent/android/app/src/main/res/mipmap-xxhdpi"
2026-05-08T11:09:16.353572Z  INFO get_files:scan_sources: tailwindcss_oxide::scanner: Discovering "/home/afdal/Laboratorium/PROJECT/extensionadminaksent/android/app/src/main/res/mipmap-mdpi"
2026-05-08T11:09:16.354151Z  INFO get_files:scan_sources: tailwindcss_oxide::scanner: Discovering "/home/afdal/Laboratorium/PROJECT/extensionadminaksent/android/app/src/main/res/drawable"
2026-05-08T11:09:16.354500Z  INFO get_files:scan_sources: tailwindcss_oxide::scanner: Discovering "/home/afdal/Laboratorium/PROJECT/extensionadminaksent/android/app/src/main/res/drawable-port-xhdpi"
2026-05-08T11:09:16.354776Z  INFO get_files:scan_sources: tailwindcss_oxide::scanner: Discovering "/home/afdal/Laboratorium/PROJECT/extensionadminaksent/android/app/src/main/res/mipmap-xxxhdpi"
2026-05-08T11:09:16.355028Z  INFO get_files:scan_sources: tailwindcss_oxide::scanner: Discovering "/home/afdal/Laboratorium/PROJECT/extensionadminaksent/android/app/src/main/res/layout"
2026-05-08T11:09:16.355289Z  INFO get_files:scan_sources: tailwindcss_oxide::scanner: Discovering "/home/afdal/Laboratorium/PROJECT/extensionadminaksent/android/app/src/main/res/mipmap-anydpi-v26"
2026-05-08T11:09:16.355577Z  INFO get_files:scan_sources: tailwindcss_oxide::scanner: Discovering "/home/afdal/Laboratorium/PROJECT/extensionadminaksent/android/app/src/main/res/drawable-port-mdpi"
2026-05-08T11:09:16.356752Z  INFO get_files:scan_sources: tailwindcss_oxide::scanner: Discovering "/home/afdal/Laboratorium/PROJECT/extensionadminaksent/android/app/src/main/res/values"
2026-05-08T11:09:16.357635Z  INFO get_files:scan_sources: tailwindcss_oxide::scanner: Discovering "/home/afdal/Laboratorium/PROJECT/extensionadminaksent/android/app/src/main/java"
2026-05-08T11:09:16.358804Z  INFO get_files:scan_sources: tailwindcss_oxide::scanner: Discovering "/home/afdal/Laboratorium/PROJECT/extensionadminaksent/android/app/src/main/java/io"
2026-05-08T11:09:16.360343Z  INFO get_files:scan_sources: tailwindcss_oxide::scanner: Discovering "/home/afdal/Laboratorium/PROJECT/extensionadminaksent/android/app/src/main/java/io/ionic"
2026-05-08T11:09:16.360951Z  INFO get_files:scan_sources: tailwindcss_oxide::scanner: Discovering "/home/afdal/Laboratorium/PROJECT/extensionadminaksent/android/app/src/main/java/io/ionic/starter"
2026-05-08T11:09:16.361307Z  INFO get_files:scan_sources: tailwindcss_oxide::scanner: Discovering "/home/afdal/Laboratorium/PROJECT/extensionadminaksent/android/app/src/main/assets"
2026-05-08T11:09:16.362041Z  INFO get_files:scan_sources: tailwindcss_oxide::scanner: Discovering "/home/afdal/Laboratorium/PROJECT/extensionadminaksent/android/app/src/androidTest"
2026-05-08T11:09:16.362613Z  INFO get_files:scan_sources: tailwindcss_oxide::scanner: Discovering "/home/afdal/Laboratorium/PROJECT/extensionadminaksent/android/app/src/androidTest/java"
2026-05-08T11:09:16.363128Z  INFO get_files:scan_sources: tailwindcss_oxide::scanner: Discovering "/home/afdal/Laboratorium/PROJECT/extensionadminaksent/android/app/src/androidTest/java/com"
2026-05-08T11:09:16.363626Z  INFO get_files:scan_sources: tailwindcss_oxide::scanner: Discovering "/home/afdal/Laboratorium/PROJECT/extensionadminaksent/android/app/src/androidTest/java/com/getcapacitor"
2026-05-08T11:09:16.364064Z  INFO get_files:scan_sources: tailwindcss_oxide::scanner: Discovering "/home/afdal/Laboratorium/PROJECT/extensionadminaksent/android/app/src/androidTest/java/com/getcapacitor/myapp"
2026-05-08T11:09:16.364454Z  INFO get_files:scan_sources: tailwindcss_oxide::scanner: Discovering "/home/afdal/Laboratorium/PROJECT/extensionadminaksent/android/app/src/test"
2026-05-08T11:09:16.364818Z  INFO get_files:scan_sources: tailwindcss_oxide::scanner: Discovering "/home/afdal/Laboratorium/PROJECT/extensionadminaksent/android/app/src/test/java"
2026-05-08T11:09:16.364905Z  INFO get_files:scan_sources: tailwindcss_oxide::scanner: Discovering "/home/afdal/Laboratorium/PROJECT/extensionadminaksent/android/app/src/test/java/com"
2026-05-08T11:09:16.364964Z  INFO get_files:scan_sources: tailwindcss_oxide::scanner: Discovering "/home/afdal/Laboratorium/PROJECT/extensionadminaksent/android/app/src/test/java/com/getcapacitor"
2026-05-08T11:09:16.365021Z  INFO get_files:scan_sources: tailwindcss_oxide::scanner: Discovering "/home/afdal/Laboratorium/PROJECT/extensionadminaksent/android/app/src/test/java/com/getcapacitor/myapp"
2026-05-08T11:09:16.365783Z  INFO get_files:scan_sources: tailwindcss_oxide::scanner: exit
2026-05-08T11:09:16.366082Z  INFO get_files: tailwindcss_oxide::scanner: exit
2026-05-08T11:09:16.366332Z  INFO get_globs: tailwindcss_oxide::scanner: enter
2026-05-08T11:09:16.366356Z  INFO get_globs: tailwindcss_oxide::scanner: exit
2026-05-08T11:13:34.482192Z  INFO scan_sources: tailwindcss_oxide::scanner: enter
2026-05-08T11:13:34.483101Z  INFO scan_sources: tailwindcss_oxide::scanner: Discovering "/home/afdal/Laboratorium/PROJECT/extensionadminaksent/scripts"
2026-05-08T11:13:34.483208Z  INFO scan_sources: tailwindcss_oxide::scanner: Discovering "/home/afdal/Laboratorium/PROJECT/extensionadminaksent/cypress"
2026-05-08T11:13:34.483266Z  INFO scan_sources: tailwindcss_oxide::scanner: Discovering "/home/afdal/Laboratorium/PROJECT/extensionadminaksent/cypress/fixtures"
2026-05-08T11:13:34.483342Z  INFO scan_sources: tailwindcss_oxide::scanner: Discovering "/home/afdal/Laboratorium/PROJECT/extensionadminaksent/cypress/e2e"
2026-05-08T11:13:34.483426Z  INFO scan_sources: tailwindcss_oxide::scanner: Discovering "/home/afdal/Laboratorium/PROJECT/extensionadminaksent/cypress/support"
2026-05-08T11:13:34.483523Z  INFO scan_sources: tailwindcss_oxide::scanner: Discovering "/home/afdal/Laboratorium/PROJECT/extensionadminaksent/.vscode"
2026-05-08T11:13:34.483652Z  INFO scan_sources: tailwindcss_oxide::scanner: Discovering "/home/afdal/Laboratorium/PROJECT/extensionadminaksent/src"
2026-05-08T11:13:34.483716Z  INFO scan_sources: tailwindcss_oxide::scanner: Discovering "/home/afdal/Laboratorium/PROJECT/extensionadminaksent/src/hook"
2026-05-08T11:13:34.483784Z  INFO scan_sources: tailwindcss_oxide::scanner: Discovering "/home/afdal/Laboratorium/PROJECT/extensionadminaksent/src/hook/requests"
2026-05-08T11:13:34.483834Z  INFO scan_sources: tailwindcss_oxide::scanner: Discovering "/home/afdal/Laboratorium/PROJECT/extensionadminaksent/src/hook/requests/customer.ts"
2026-05-08T11:13:34.483878Z  INFO scan_sources: tailwindcss_oxide::scanner: Discovering "/home/afdal/Laboratorium/PROJECT/extensionadminaksent/src/components"
2026-05-08T11:13:34.483944Z  INFO scan_sources: tailwindcss_oxide::scanner: Discovering "/home/afdal/Laboratorium/PROJECT/extensionadminaksent/src/components/customer"
2026-05-08T11:13:34.484036Z  INFO scan_sources: tailwindcss_oxide::scanner: Discovering "/home/afdal/Laboratorium/PROJECT/extensionadminaksent/src/components/input"
2026-05-08T11:13:34.484127Z  INFO scan_sources: tailwindcss_oxide::scanner: Discovering "/home/afdal/Laboratorium/PROJECT/extensionadminaksent/src/components/layout"
2026-05-08T11:13:34.484195Z  INFO scan_sources: tailwindcss_oxide::scanner: Discovering "/home/afdal/Laboratorium/PROJECT/extensionadminaksent/src/components/list"
2026-05-08T11:13:34.484286Z  INFO scan_sources: tailwindcss_oxide::scanner: Discovering "/home/afdal/Laboratorium/PROJECT/extensionadminaksent/src/components/toolbars"
2026-05-08T11:13:34.484372Z  INFO scan_sources: tailwindcss_oxide::scanner: Discovering "/home/afdal/Laboratorium/PROJECT/extensionadminaksent/src/theme"
2026-05-08T11:13:34.484467Z  INFO scan_sources: tailwindcss_oxide::scanner: Discovering "/home/afdal/Laboratorium/PROJECT/extensionadminaksent/src/utils"
2026-05-08T11:13:34.484797Z  INFO scan_sources: tailwindcss_oxide::scanner: Discovering "/home/afdal/Laboratorium/PROJECT/extensionadminaksent/src/databases"
2026-05-08T11:13:34.485651Z  INFO scan_sources: tailwindcss_oxide::scanner: Discovering "/home/afdal/Laboratorium/PROJECT/extensionadminaksent/src/databases/migrations"
2026-05-08T11:13:34.485876Z  INFO scan_sources: tailwindcss_oxide::scanner: Discovering "/home/afdal/Laboratorium/PROJECT/extensionadminaksent/src/databases/entities"
2026-05-08T11:13:34.486265Z  INFO scan_sources: tailwindcss_oxide::scanner: Discovering "/home/afdal/Laboratorium/PROJECT/extensionadminaksent/src/types"
2026-05-08T11:13:34.486433Z  INFO scan_sources: tailwindcss_oxide::scanner: Discovering "/home/afdal/Laboratorium/PROJECT/extensionadminaksent/src/pages"
2026-05-08T11:13:34.486582Z  INFO scan_sources: tailwindcss_oxide::scanner: Discovering "/home/afdal/Laboratorium/PROJECT/extensionadminaksent/src/pages/Customer"
2026-05-08T11:13:34.486780Z  INFO scan_sources: tailwindcss_oxide::scanner: Discovering "/home/afdal/Laboratorium/PROJECT/extensionadminaksent/src/pages/Home"
2026-05-08T11:13:34.487461Z  INFO scan_sources: tailwindcss_oxide::scanner: Discovering "/home/afdal/Laboratorium/PROJECT/extensionadminaksent/src/pages/Validation"
2026-05-08T11:13:34.488211Z  INFO scan_sources: tailwindcss_oxide::scanner: Discovering "/home/afdal/Laboratorium/PROJECT/extensionadminaksent/src/pages/Unpaid"
2026-05-08T11:13:34.489457Z  INFO scan_sources: tailwindcss_oxide::scanner: Discovering "/home/afdal/Laboratorium/PROJECT/extensionadminaksent/src/pages/Payment"
2026-05-08T11:13:34.489593Z  INFO scan_sources: tailwindcss_oxide::scanner: Discovering "/home/afdal/Laboratorium/PROJECT/extensionadminaksent/src/context"
2026-05-08T11:13:34.490817Z  INFO scan_sources: tailwindcss_oxide::scanner: Discovering "/home/afdal/Laboratorium/PROJECT/extensionadminaksent/public"
2026-05-08T11:13:34.491493Z  INFO scan_sources: tailwindcss_oxide::scanner: Discovering "/home/afdal/Laboratorium/PROJECT/extensionadminaksent/public/assets"
2026-05-08T11:13:34.492342Z  INFO scan_sources: tailwindcss_oxide::scanner: Discovering "/home/afdal/Laboratorium/PROJECT/extensionadminaksent/android"
2026-05-08T11:13:34.494525Z  INFO scan_sources: tailwindcss_oxide::scanner: Discovering "/home/afdal/Laboratorium/PROJECT/extensionadminaksent/android/.kotlin"
2026-05-08T11:13:34.496651Z  INFO scan_sources: tailwindcss_oxide::scanner: Discovering "/home/afdal/Laboratorium/PROJECT/extensionadminaksent/android/.kotlin/sessions"
2026-05-08T11:13:34.497540Z  INFO scan_sources: tailwindcss_oxide::scanner: Discovering "/home/afdal/Laboratorium/PROJECT/extensionadminaksent/android/gradle"
2026-05-08T11:13:34.499138Z  INFO scan_sources: tailwindcss_oxide::scanner: Discovering "/home/afdal/Laboratorium/PROJECT/extensionadminaksent/android/gradle/wrapper"
2026-05-08T11:13:34.500557Z  INFO scan_sources: tailwindcss_oxide::scanner: Discovering "/home/afdal/Laboratorium/PROJECT/extensionadminaksent/android/app"
2026-05-08T11:13:34.502194Z  INFO scan_sources: tailwindcss_oxide::scanner: Discovering "/home/afdal/Laboratorium/PROJECT/extensionadminaksent/android/app/src"
2026-05-08T11:13:34.503727Z  INFO scan_sources: tailwindcss_oxide::scanner: Discovering "/home/afdal/Laboratorium/PROJECT/extensionadminaksent/android/app/src/main"
2026-05-08T11:13:34.505404Z  INFO scan_sources: tailwindcss_oxide::scanner: Discovering "/home/afdal/Laboratorium/PROJECT/extensionadminaksent/android/app/src/main/res"
2026-05-08T11:13:34.506210Z  INFO scan_sources: tailwindcss_oxide::scanner: Discovering "/home/afdal/Laboratorium/PROJECT/extensionadminaksent/android/app/src/main/res/drawable-land-xhdpi"
2026-05-08T11:13:34.508827Z  INFO scan_sources: tailwindcss_oxide::scanner: Discovering "/home/afdal/Laboratorium/PROJECT/extensionadminaksent/android/app/src/main/res/drawable-land-xxhdpi"
2026-05-08T11:13:34.509282Z  INFO scan_sources: tailwindcss_oxide::scanner: Discovering "/home/afdal/Laboratorium/PROJECT/extensionadminaksent/android/app/src/main/res/drawable-v24"
2026-05-08T11:13:34.509374Z  INFO scan_sources: tailwindcss_oxide::scanner: Discovering "/home/afdal/Laboratorium/PROJECT/extensionadminaksent/android/app/src/main/res/drawable-port-xxxhdpi"
2026-05-08T11:13:34.509449Z  INFO scan_sources: tailwindcss_oxide::scanner: Discovering "/home/afdal/Laboratorium/PROJECT/extensionadminaksent/android/app/src/main/res/drawable-land-xxxhdpi"
2026-05-08T11:13:34.509521Z  INFO scan_sources: tailwindcss_oxide::scanner: Discovering "/home/afdal/Laboratorium/PROJECT/extensionadminaksent/android/app/src/main/res/drawable-port-xxhdpi"
2026-05-08T11:13:34.509588Z  INFO scan_sources: tailwindcss_oxide::scanner: Discovering "/home/afdal/Laboratorium/PROJECT/extensionadminaksent/android/app/src/main/res/mipmap-hdpi"
2026-05-08T11:13:34.509659Z  INFO scan_sources: tailwindcss_oxide::scanner: Discovering "/home/afdal/Laboratorium/PROJECT/extensionadminaksent/android/app/src/main/res/drawable-land-hdpi"
2026-05-08T11:13:34.509735Z  INFO scan_sources: tailwindcss_oxide::scanner: Discovering "/home/afdal/Laboratorium/PROJECT/extensionadminaksent/android/app/src/main/res/xml"
2026-05-08T11:13:34.509812Z  INFO scan_sources: tailwindcss_oxide::scanner: Discovering "/home/afdal/Laboratorium/PROJECT/extensionadminaksent/android/app/src/main/res/mipmap-xhdpi"
2026-05-08T11:13:34.509885Z  INFO scan_sources: tailwindcss_oxide::scanner: Discovering "/home/afdal/Laboratorium/PROJECT/extensionadminaksent/android/app/src/main/res/drawable-land-mdpi"
2026-05-08T11:13:34.509950Z  INFO scan_sources: tailwindcss_oxide::scanner: Discovering "/home/afdal/Laboratorium/PROJECT/extensionadminaksent/android/app/src/main/res/drawable-port-hdpi"
2026-05-08T11:13:34.510009Z  INFO scan_sources: tailwindcss_oxide::scanner: Discovering "/home/afdal/Laboratorium/PROJECT/extensionadminaksent/android/app/src/main/res/mipmap-xxhdpi"
2026-05-08T11:13:34.510076Z  INFO scan_sources: tailwindcss_oxide::scanner: Discovering "/home/afdal/Laboratorium/PROJECT/extensionadminaksent/android/app/src/main/res/mipmap-mdpi"
2026-05-08T11:13:34.510145Z  INFO scan_sources: tailwindcss_oxide::scanner: Discovering "/home/afdal/Laboratorium/PROJECT/extensionadminaksent/android/app/src/main/res/drawable"
2026-05-08T11:13:34.510215Z  INFO scan_sources: tailwindcss_oxide::scanner: Discovering "/home/afdal/Laboratorium/PROJECT/extensionadminaksent/android/app/src/main/res/drawable-port-xhdpi"
2026-05-08T11:13:34.510277Z  INFO scan_sources: tailwindcss_oxide::scanner: Discovering "/home/afdal/Laboratorium/PROJECT/extensionadminaksent/android/app/src/main/res/mipmap-xxxhdpi"
2026-05-08T11:13:34.510345Z  INFO scan_sources: tailwindcss_oxide::scanner: Discovering "/home/afdal/Laboratorium/PROJECT/extensionadminaksent/android/app/src/main/res/layout"
2026-05-08T11:13:34.510416Z  INFO scan_sources: tailwindcss_oxide::scanner: Discovering "/home/afdal/Laboratorium/PROJECT/extensionadminaksent/android/app/src/main/res/mipmap-anydpi-v26"
2026-05-08T11:13:34.510516Z  INFO scan_sources: tailwindcss_oxide::scanner: Discovering "/home/afdal/Laboratorium/PROJECT/extensionadminaksent/android/app/src/main/res/drawable-port-mdpi"
2026-05-08T11:13:34.510592Z  INFO scan_sources: tailwindcss_oxide::scanner: Discovering "/home/afdal/Laboratorium/PROJECT/extensionadminaksent/android/app/src/main/res/values"
2026-05-08T11:13:34.510704Z  INFO scan_sources: tailwindcss_oxide::scanner: Discovering "/home/afdal/Laboratorium/PROJECT/extensionadminaksent/android/app/src/main/java"
2026-05-08T11:13:34.510760Z  INFO scan_sources: tailwindcss_oxide::scanner: Discovering "/home/afdal/Laboratorium/PROJECT/extensionadminaksent/android/app/src/main/java/io"
2026-05-08T11:13:34.510816Z  INFO scan_sources: tailwindcss_oxide::scanner: Discovering "/home/afdal/Laboratorium/PROJECT/extensionadminaksent/android/app/src/main/java/io/ionic"
2026-05-08T11:13:34.510878Z  INFO scan_sources: tailwindcss_oxide::scanner: Discovering "/home/afdal/Laboratorium/PROJECT/extensionadminaksent/android/app/src/main/java/io/ionic/starter"
2026-05-08T11:13:34.510973Z  INFO scan_sources: tailwindcss_oxide::scanner: Discovering "/home/afdal/Laboratorium/PROJECT/extensionadminaksent/android/app/src/main/assets"
2026-05-08T11:13:34.511099Z  INFO scan_sources: tailwindcss_oxide::scanner: Discovering "/home/afdal/Laboratorium/PROJECT/extensionadminaksent/android/app/src/androidTest"
2026-05-08T11:13:34.511156Z  INFO scan_sources: tailwindcss_oxide::scanner: Discovering "/home/afdal/Laboratorium/PROJECT/extensionadminaksent/android/app/src/androidTest/java"
2026-05-08T11:13:34.511224Z  INFO scan_sources: tailwindcss_oxide::scanner: Discovering "/home/afdal/Laboratorium/PROJECT/extensionadminaksent/android/app/src/androidTest/java/com"
2026-05-08T11:13:34.511298Z  INFO scan_sources: tailwindcss_oxide::scanner: Discovering "/home/afdal/Laboratorium/PROJECT/extensionadminaksent/android/app/src/androidTest/java/com/getcapacitor"
2026-05-08T11:13:34.511358Z  INFO scan_sources: tailwindcss_oxide::scanner: Discovering "/home/afdal/Laboratorium/PROJECT/extensionadminaksent/android/app/src/androidTest/java/com/getcapacitor/myapp"
2026-05-08T11:13:34.514588Z  INFO scan_sources: tailwindcss_oxide::scanner: Discovering "/home/afdal/Laboratorium/PROJECT/extensionadminaksent/android/app/src/test"
2026-05-08T11:13:34.514995Z  INFO scan_sources: tailwindcss_oxide::scanner: Discovering "/home/afdal/Laboratorium/PROJECT/extensionadminaksent/android/app/src/test/java"
2026-05-08T11:13:34.515338Z  INFO scan_sources: tailwindcss_oxide::scanner: Discovering "/home/afdal/Laboratorium/PROJECT/extensionadminaksent/android/app/src/test/java/com"
2026-05-08T11:13:34.516158Z  INFO scan_sources: tailwindcss_oxide::scanner: Discovering "/home/afdal/Laboratorium/PROJECT/extensionadminaksent/android/app/src/test/java/com/getcapacitor"
2026-05-08T11:13:34.516683Z  INFO scan_sources: tailwindcss_oxide::scanner: Discovering "/home/afdal/Laboratorium/PROJECT/extensionadminaksent/android/app/src/test/java/com/getcapacitor/myapp"
2026-05-08T11:13:34.518013Z  INFO scan_sources: tailwindcss_oxide::scanner: exit
2026-05-08T11:13:34.518409Z  INFO extract_candidates: tailwindcss_oxide::scanner: enter
2026-05-08T11:13:34.518511Z  INFO extract_candidates:read_all_files: tailwindcss_oxide::scanner: enter
2026-05-08T11:13:34.518580Z  INFO extract_candidates:read_all_files: tailwindcss_oxide::scanner: Reading 1 file(s)
2026-05-08T11:13:34.518741Z  INFO extract_candidates:read_all_files: tailwindcss_oxide::scanner: Reading "/home/afdal/Laboratorium/PROJECT/extensionadminaksent/src/hook/requests/customer.ts"
2026-05-08T11:13:34.518958Z  INFO extract_candidates:read_all_files: tailwindcss_oxide::scanner: exit
2026-05-08T11:13:34.519032Z  INFO extract_candidates:parse_all_blobs: tailwindcss_oxide::scanner: enter
2026-05-08T11:13:34.519763Z  INFO extract_candidates:parse_all_blobs:extract: tailwindcss_oxide::scanner: enter
2026-05-08T11:13:34.524152Z  INFO extract_candidates:parse_all_blobs:extract: tailwindcss_oxide::scanner: exit
2026-05-08T11:13:34.524219Z  INFO extract_candidates:parse_all_blobs: tailwindcss_oxide::scanner: exit
2026-05-08T11:13:34.524301Z  INFO extract_candidates: tailwindcss_oxide::scanner: exit
2026-05-08T11:13:34.530246Z  INFO get_files: tailwindcss_oxide::scanner: enter
2026-05-08T11:13:34.530303Z  INFO get_files:scan_sources: tailwindcss_oxide::scanner: enter
2026-05-08T11:13:34.532939Z  INFO get_files:scan_sources: tailwindcss_oxide::scanner: Discovering "/home/afdal/Laboratorium/PROJECT/extensionadminaksent/scripts"
2026-05-08T11:13:34.533201Z  INFO get_files:scan_sources: tailwindcss_oxide::scanner: Discovering "/home/afdal/Laboratorium/PROJECT/extensionadminaksent/cypress"
2026-05-08T11:13:34.533283Z  INFO get_files:scan_sources: tailwindcss_oxide::scanner: Discovering "/home/afdal/Laboratorium/PROJECT/extensionadminaksent/cypress/fixtures"
2026-05-08T11:13:34.533370Z  INFO get_files:scan_sources: tailwindcss_oxide::scanner: Discovering "/home/afdal/Laboratorium/PROJECT/extensionadminaksent/cypress/e2e"
2026-05-08T11:13:34.536571Z  INFO get_files:scan_sources: tailwindcss_oxide::scanner: Discovering "/home/afdal/Laboratorium/PROJECT/extensionadminaksent/cypress/support"
2026-05-08T11:13:34.536722Z  INFO get_files:scan_sources: tailwindcss_oxide::scanner: Discovering "/home/afdal/Laboratorium/PROJECT/extensionadminaksent/.vscode"
2026-05-08T11:13:34.536861Z  INFO get_files:scan_sources: tailwindcss_oxide::scanner: Discovering "/home/afdal/Laboratorium/PROJECT/extensionadminaksent/src"
2026-05-08T11:13:34.536929Z  INFO get_files:scan_sources: tailwindcss_oxide::scanner: Discovering "/home/afdal/Laboratorium/PROJECT/extensionadminaksent/src/hook"
2026-05-08T11:13:34.537005Z  INFO get_files:scan_sources: tailwindcss_oxide::scanner: Discovering "/home/afdal/Laboratorium/PROJECT/extensionadminaksent/src/hook/requests"
2026-05-08T11:13:34.537108Z  INFO get_files:scan_sources: tailwindcss_oxide::scanner: Discovering "/home/afdal/Laboratorium/PROJECT/extensionadminaksent/src/components"
2026-05-08T11:13:34.537189Z  INFO get_files:scan_sources: tailwindcss_oxide::scanner: Discovering "/home/afdal/Laboratorium/PROJECT/extensionadminaksent/src/components/customer"
2026-05-08T11:13:34.537299Z  INFO get_files:scan_sources: tailwindcss_oxide::scanner: Discovering "/home/afdal/Laboratorium/PROJECT/extensionadminaksent/src/components/input"
2026-05-08T11:13:34.537397Z  INFO get_files:scan_sources: tailwindcss_oxide::scanner: Discovering "/home/afdal/Laboratorium/PROJECT/extensionadminaksent/src/components/layout"
2026-05-08T11:13:34.537481Z  INFO get_files:scan_sources: tailwindcss_oxide::scanner: Discovering "/home/afdal/Laboratorium/PROJECT/extensionadminaksent/src/components/list"
2026-05-08T11:13:34.537589Z  INFO get_files:scan_sources: tailwindcss_oxide::scanner: Discovering "/home/afdal/Laboratorium/PROJECT/extensionadminaksent/src/components/toolbars"
2026-05-08T11:13:34.537677Z  INFO get_files:scan_sources: tailwindcss_oxide::scanner: Discovering "/home/afdal/Laboratorium/PROJECT/extensionadminaksent/src/theme"
2026-05-08T11:13:34.537780Z  INFO get_files:scan_sources: tailwindcss_oxide::scanner: Discovering "/home/afdal/Laboratorium/PROJECT/extensionadminaksent/src/utils"
2026-05-08T11:13:34.537916Z  INFO get_files:scan_sources: tailwindcss_oxide::scanner: Discovering "/home/afdal/Laboratorium/PROJECT/extensionadminaksent/src/databases"
2026-05-08T11:13:34.537988Z  INFO get_files:scan_sources: tailwindcss_oxide::scanner: Discovering "/home/afdal/Laboratorium/PROJECT/extensionadminaksent/src/databases/migrations"
2026-05-08T11:13:34.538090Z  INFO get_files:scan_sources: tailwindcss_oxide::scanner: Discovering "/home/afdal/Laboratorium/PROJECT/extensionadminaksent/src/databases/entities"
2026-05-08T11:13:34.538194Z  INFO get_files:scan_sources: tailwindcss_oxide::scanner: Discovering "/home/afdal/Laboratorium/PROJECT/extensionadminaksent/src/types"
2026-05-08T11:13:34.538269Z  INFO get_files:scan_sources: tailwindcss_oxide::scanner: Discovering "/home/afdal/Laboratorium/PROJECT/extensionadminaksent/src/pages"
2026-05-08T11:13:34.538334Z  INFO get_files:scan_sources: tailwindcss_oxide::scanner: Discovering "/home/afdal/Laboratorium/PROJECT/extensionadminaksent/src/pages/Customer"
2026-05-08T11:13:34.538435Z  INFO get_files:scan_sources: tailwindcss_oxide::scanner: Discovering "/home/afdal/Laboratorium/PROJECT/extensionadminaksent/src/pages/Home"
2026-05-08T11:13:34.538537Z  INFO get_files:scan_sources: tailwindcss_oxide::scanner: Discovering "/home/afdal/Laboratorium/PROJECT/extensionadminaksent/src/pages/Validation"
2026-05-08T11:13:34.538619Z  INFO get_files:scan_sources: tailwindcss_oxide::scanner: Discovering "/home/afdal/Laboratorium/PROJECT/extensionadminaksent/src/pages/Unpaid"
2026-05-08T11:13:34.538701Z  INFO get_files:scan_sources: tailwindcss_oxide::scanner: Discovering "/home/afdal/Laboratorium/PROJECT/extensionadminaksent/src/pages/Payment"
2026-05-08T11:13:34.538797Z  INFO get_files:scan_sources: tailwindcss_oxide::scanner: Discovering "/home/afdal/Laboratorium/PROJECT/extensionadminaksent/src/context"
2026-05-08T11:13:34.538994Z  INFO get_files:scan_sources: tailwindcss_oxide::scanner: Discovering "/home/afdal/Laboratorium/PROJECT/extensionadminaksent/public"
2026-05-08T11:13:34.539071Z  INFO get_files:scan_sources: tailwindcss_oxide::scanner: Discovering "/home/afdal/Laboratorium/PROJECT/extensionadminaksent/public/assets"
2026-05-08T11:13:34.539255Z  INFO get_files:scan_sources: tailwindcss_oxide::scanner: Discovering "/home/afdal/Laboratorium/PROJECT/extensionadminaksent/android"
2026-05-08T11:13:34.539931Z  INFO get_files:scan_sources: tailwindcss_oxide::scanner: Discovering "/home/afdal/Laboratorium/PROJECT/extensionadminaksent/android/.kotlin"
2026-05-08T11:13:34.540020Z  INFO get_files:scan_sources: tailwindcss_oxide::scanner: Discovering "/home/afdal/Laboratorium/PROJECT/extensionadminaksent/android/.kotlin/sessions"
2026-05-08T11:13:34.540205Z  INFO get_files:scan_sources: tailwindcss_oxide::scanner: Discovering "/home/afdal/Laboratorium/PROJECT/extensionadminaksent/android/gradle"
2026-05-08T11:13:34.540262Z  INFO get_files:scan_sources: tailwindcss_oxide::scanner: Discovering "/home/afdal/Laboratorium/PROJECT/extensionadminaksent/android/gradle/wrapper"
2026-05-08T11:13:34.540494Z  INFO get_files:scan_sources: tailwindcss_oxide::scanner: Discovering "/home/afdal/Laboratorium/PROJECT/extensionadminaksent/android/app"
2026-05-08T11:13:34.540643Z  INFO get_files:scan_sources: tailwindcss_oxide::scanner: Discovering "/home/afdal/Laboratorium/PROJECT/extensionadminaksent/android/app/src"
2026-05-08T11:13:34.540714Z  INFO get_files:scan_sources: tailwindcss_oxide::scanner: Discovering "/home/afdal/Laboratorium/PROJECT/extensionadminaksent/android/app/src/main"
2026-05-08T11:13:34.540788Z  INFO get_files:scan_sources: tailwindcss_oxide::scanner: Discovering "/home/afdal/Laboratorium/PROJECT/extensionadminaksent/android/app/src/main/res"
2026-05-08T11:13:34.540852Z  INFO get_files:scan_sources: tailwindcss_oxide::scanner: Discovering "/home/afdal/Laboratorium/PROJECT/extensionadminaksent/android/app/src/main/res/drawable-land-xhdpi"
2026-05-08T11:13:34.540919Z  INFO get_files:scan_sources: tailwindcss_oxide::scanner: Discovering "/home/afdal/Laboratorium/PROJECT/extensionadminaksent/android/app/src/main/res/drawable-land-xxhdpi"
2026-05-08T11:13:34.540983Z  INFO get_files:scan_sources: tailwindcss_oxide::scanner: Discovering "/home/afdal/Laboratorium/PROJECT/extensionadminaksent/android/app/src/main/res/drawable-v24"
2026-05-08T11:13:34.541062Z  INFO get_files:scan_sources: tailwindcss_oxide::scanner: Discovering "/home/afdal/Laboratorium/PROJECT/extensionadminaksent/android/app/src/main/res/drawable-port-xxxhdpi"
2026-05-08T11:13:34.541128Z  INFO get_files:scan_sources: tailwindcss_oxide::scanner: Discovering "/home/afdal/Laboratorium/PROJECT/extensionadminaksent/android/app/src/main/res/drawable-land-xxxhdpi"
2026-05-08T11:13:34.541202Z  INFO get_files:scan_sources: tailwindcss_oxide::scanner: Discovering "/home/afdal/Laboratorium/PROJECT/extensionadminaksent/android/app/src/main/res/drawable-port-xxhdpi"
2026-05-08T11:13:34.541996Z  INFO get_files:scan_sources: tailwindcss_oxide::scanner: Discovering "/home/afdal/Laboratorium/PROJECT/extensionadminaksent/android/app/src/main/res/mipmap-hdpi"
2026-05-08T11:13:34.542308Z  INFO get_files:scan_sources: tailwindcss_oxide::scanner: Discovering "/home/afdal/Laboratorium/PROJECT/extensionadminaksent/android/app/src/main/res/drawable-land-hdpi"
2026-05-08T11:13:34.542848Z  INFO get_files:scan_sources: tailwindcss_oxide::scanner: Discovering "/home/afdal/Laboratorium/PROJECT/extensionadminaksent/android/app/src/main/res/xml"
2026-05-08T11:13:34.543669Z  INFO get_files:scan_sources: tailwindcss_oxide::scanner: Discovering "/home/afdal/Laboratorium/PROJECT/extensionadminaksent/android/app/src/main/res/mipmap-xhdpi"
2026-05-08T11:13:34.543911Z  INFO get_files:scan_sources: tailwindcss_oxide::scanner: Discovering "/home/afdal/Laboratorium/PROJECT/extensionadminaksent/android/app/src/main/res/drawable-land-mdpi"
2026-05-08T11:13:34.544080Z  INFO get_files:scan_sources: tailwindcss_oxide::scanner: Discovering "/home/afdal/Laboratorium/PROJECT/extensionadminaksent/android/app/src/main/res/drawable-port-hdpi"
2026-05-08T11:13:34.544589Z  INFO get_files:scan_sources: tailwindcss_oxide::scanner: Discovering "/home/afdal/Laboratorium/PROJECT/extensionadminaksent/android/app/src/main/res/mipmap-xxhdpi"
2026-05-08T11:13:34.545192Z  INFO get_files:scan_sources: tailwindcss_oxide::scanner: Discovering "/home/afdal/Laboratorium/PROJECT/extensionadminaksent/android/app/src/main/res/mipmap-mdpi"
2026-05-08T11:13:34.545438Z  INFO get_files:scan_sources: tailwindcss_oxide::scanner: Discovering "/home/afdal/Laboratorium/PROJECT/extensionadminaksent/android/app/src/main/res/drawable"
2026-05-08T11:13:34.545665Z  INFO get_files:scan_sources: tailwindcss_oxide::scanner: Discovering "/home/afdal/Laboratorium/PROJECT/extensionadminaksent/android/app/src/main/res/drawable-port-xhdpi"
2026-05-08T11:13:34.545947Z  INFO get_files:scan_sources: tailwindcss_oxide::scanner: Discovering "/home/afdal/Laboratorium/PROJECT/extensionadminaksent/android/app/src/main/res/mipmap-xxxhdpi"
2026-05-08T11:13:34.546125Z  INFO get_files:scan_sources: tailwindcss_oxide::scanner: Discovering "/home/afdal/Laboratorium/PROJECT/extensionadminaksent/android/app/src/main/res/layout"
2026-05-08T11:13:34.546275Z  INFO get_files:scan_sources: tailwindcss_oxide::scanner: Discovering "/home/afdal/Laboratorium/PROJECT/extensionadminaksent/android/app/src/main/res/mipmap-anydpi-v26"
2026-05-08T11:13:34.546435Z  INFO get_files:scan_sources: tailwindcss_oxide::scanner: Discovering "/home/afdal/Laboratorium/PROJECT/extensionadminaksent/android/app/src/main/res/drawable-port-mdpi"
2026-05-08T11:13:34.546619Z  INFO get_files:scan_sources: tailwindcss_oxide::scanner: Discovering "/home/afdal/Laboratorium/PROJECT/extensionadminaksent/android/app/src/main/res/values"
2026-05-08T11:13:34.546814Z  INFO get_files:scan_sources: tailwindcss_oxide::scanner: Discovering "/home/afdal/Laboratorium/PROJECT/extensionadminaksent/android/app/src/main/java"
2026-05-08T11:13:34.546880Z  INFO get_files:scan_sources: tailwindcss_oxide::scanner: Discovering "/home/afdal/Laboratorium/PROJECT/extensionadminaksent/android/app/src/main/java/io"
2026-05-08T11:13:34.546940Z  INFO get_files:scan_sources: tailwindcss_oxide::scanner: Discovering "/home/afdal/Laboratorium/PROJECT/extensionadminaksent/android/app/src/main/java/io/ionic"
2026-05-08T11:13:34.546999Z  INFO get_files:scan_sources: tailwindcss_oxide::scanner: Discovering "/home/afdal/Laboratorium/PROJECT/extensionadminaksent/android/app/src/main/java/io/ionic/starter"
2026-05-08T11:13:34.547097Z  INFO get_files:scan_sources: tailwindcss_oxide::scanner: Discovering "/home/afdal/Laboratorium/PROJECT/extensionadminaksent/android/app/src/main/assets"
2026-05-08T11:13:34.547219Z  INFO get_files:scan_sources: tailwindcss_oxide::scanner: Discovering "/home/afdal/Laboratorium/PROJECT/extensionadminaksent/android/app/src/androidTest"
2026-05-08T11:13:34.547271Z  INFO get_files:scan_sources: tailwindcss_oxide::scanner: Discovering "/home/afdal/Laboratorium/PROJECT/extensionadminaksent/android/app/src/androidTest/java"
2026-05-08T11:13:34.547325Z  INFO get_files:scan_sources: tailwindcss_oxide::scanner: Discovering "/home/afdal/Laboratorium/PROJECT/extensionadminaksent/android/app/src/androidTest/java/com"
2026-05-08T11:13:34.547380Z  INFO get_files:scan_sources: tailwindcss_oxide::scanner: Discovering "/home/afdal/Laboratorium/PROJECT/extensionadminaksent/android/app/src/androidTest/java/com/getcapacitor"
2026-05-08T11:13:34.547436Z  INFO get_files:scan_sources: tailwindcss_oxide::scanner: Discovering "/home/afdal/Laboratorium/PROJECT/extensionadminaksent/android/app/src/androidTest/java/com/getcapacitor/myapp"
2026-05-08T11:13:34.547710Z  INFO get_files:scan_sources: tailwindcss_oxide::scanner: Discovering "/home/afdal/Laboratorium/PROJECT/extensionadminaksent/android/app/src/test"
2026-05-08T11:13:34.547866Z  INFO get_files:scan_sources: tailwindcss_oxide::scanner: Discovering "/home/afdal/Laboratorium/PROJECT/extensionadminaksent/android/app/src/test/java"
2026-05-08T11:13:34.548006Z  INFO get_files:scan_sources: tailwindcss_oxide::scanner: Discovering "/home/afdal/Laboratorium/PROJECT/extensionadminaksent/android/app/src/test/java/com"
2026-05-08T11:13:34.548144Z  INFO get_files:scan_sources: tailwindcss_oxide::scanner: Discovering "/home/afdal/Laboratorium/PROJECT/extensionadminaksent/android/app/src/test/java/com/getcapacitor"
2026-05-08T11:13:34.548280Z  INFO get_files:scan_sources: tailwindcss_oxide::scanner: Discovering "/home/afdal/Laboratorium/PROJECT/extensionadminaksent/android/app/src/test/java/com/getcapacitor/myapp"
2026-05-08T11:13:34.548851Z  INFO get_files:scan_sources: tailwindcss_oxide::scanner: exit
2026-05-08T11:13:34.549138Z  INFO get_files: tailwindcss_oxide::scanner: exit
2026-05-08T11:13:34.549506Z  INFO get_globs: tailwindcss_oxide::scanner: enter
2026-05-08T11:13:34.549543Z  INFO get_globs: tailwindcss_oxide::scanner: exit
2026-05-08T11:15:13.107797Z  INFO scan_sources: tailwindcss_oxide::scanner: enter
2026-05-08T11:15:13.110068Z  INFO scan_sources: tailwindcss_oxide::scanner: Discovering "/home/afdal/Laboratorium/PROJECT/extensionadminaksent/scripts"
2026-05-08T11:15:13.110403Z  INFO scan_sources: tailwindcss_oxide::scanner: Discovering "/home/afdal/Laboratorium/PROJECT/extensionadminaksent/cypress"
2026-05-08T11:15:13.110613Z  INFO scan_sources: tailwindcss_oxide::scanner: Discovering "/home/afdal/Laboratorium/PROJECT/extensionadminaksent/cypress/fixtures"
2026-05-08T11:15:13.110817Z  INFO scan_sources: tailwindcss_oxide::scanner: Discovering "/home/afdal/Laboratorium/PROJECT/extensionadminaksent/cypress/e2e"
2026-05-08T11:15:13.111018Z  INFO scan_sources: tailwindcss_oxide::scanner: Discovering "/home/afdal/Laboratorium/PROJECT/extensionadminaksent/cypress/support"
2026-05-08T11:15:13.111212Z  INFO scan_sources: tailwindcss_oxide::scanner: Discovering "/home/afdal/Laboratorium/PROJECT/extensionadminaksent/.vscode"
2026-05-08T11:15:13.113257Z  INFO scan_sources: tailwindcss_oxide::scanner: Discovering "/home/afdal/Laboratorium/PROJECT/extensionadminaksent/src"
2026-05-08T11:15:13.113786Z  INFO scan_sources: tailwindcss_oxide::scanner: Discovering "/home/afdal/Laboratorium/PROJECT/extensionadminaksent/src/hook"
2026-05-08T11:15:13.114299Z  INFO scan_sources: tailwindcss_oxide::scanner: Discovering "/home/afdal/Laboratorium/PROJECT/extensionadminaksent/src/hook/requests"
2026-05-08T11:15:13.114641Z  INFO scan_sources: tailwindcss_oxide::scanner: Discovering "/home/afdal/Laboratorium/PROJECT/extensionadminaksent/src/components"
2026-05-08T11:15:13.114872Z  INFO scan_sources: tailwindcss_oxide::scanner: Discovering "/home/afdal/Laboratorium/PROJECT/extensionadminaksent/src/components/customer"
2026-05-08T11:15:13.115094Z  INFO scan_sources: tailwindcss_oxide::scanner: Discovering "/home/afdal/Laboratorium/PROJECT/extensionadminaksent/src/components/input"
2026-05-08T11:15:13.115328Z  INFO scan_sources: tailwindcss_oxide::scanner: Discovering "/home/afdal/Laboratorium/PROJECT/extensionadminaksent/src/components/layout"
2026-05-08T11:15:13.115521Z  INFO scan_sources: tailwindcss_oxide::scanner: Discovering "/home/afdal/Laboratorium/PROJECT/extensionadminaksent/src/components/list"
2026-05-08T11:15:13.115708Z  INFO scan_sources: tailwindcss_oxide::scanner: Discovering "/home/afdal/Laboratorium/PROJECT/extensionadminaksent/src/components/toolbars"
2026-05-08T11:15:13.115871Z  INFO scan_sources: tailwindcss_oxide::scanner: Discovering "/home/afdal/Laboratorium/PROJECT/extensionadminaksent/src/theme"
2026-05-08T11:15:13.116040Z  INFO scan_sources: tailwindcss_oxide::scanner: Discovering "/home/afdal/Laboratorium/PROJECT/extensionadminaksent/src/utils"
2026-05-08T11:15:13.116241Z  INFO scan_sources: tailwindcss_oxide::scanner: Discovering "/home/afdal/Laboratorium/PROJECT/extensionadminaksent/src/databases"
2026-05-08T11:15:13.116375Z  INFO scan_sources: tailwindcss_oxide::scanner: Discovering "/home/afdal/Laboratorium/PROJECT/extensionadminaksent/src/databases/migrations"
2026-05-08T11:15:13.116554Z  INFO scan_sources: tailwindcss_oxide::scanner: Discovering "/home/afdal/Laboratorium/PROJECT/extensionadminaksent/src/databases/entities"
2026-05-08T11:15:13.116761Z  INFO scan_sources: tailwindcss_oxide::scanner: Discovering "/home/afdal/Laboratorium/PROJECT/extensionadminaksent/src/types"
2026-05-08T11:15:13.116822Z  INFO scan_sources: tailwindcss_oxide::scanner: Discovering "/home/afdal/Laboratorium/PROJECT/extensionadminaksent/src/types/customer.ts"
2026-05-08T11:15:13.116861Z  INFO scan_sources: tailwindcss_oxide::scanner: Discovering "/home/afdal/Laboratorium/PROJECT/extensionadminaksent/src/pages"
2026-05-08T11:15:13.116911Z  INFO scan_sources: tailwindcss_oxide::scanner: Discovering "/home/afdal/Laboratorium/PROJECT/extensionadminaksent/src/pages/Customer"
2026-05-08T11:15:13.117022Z  INFO scan_sources: tailwindcss_oxide::scanner: Discovering "/home/afdal/Laboratorium/PROJECT/extensionadminaksent/src/pages/Home"
2026-05-08T11:15:13.117115Z  INFO scan_sources: tailwindcss_oxide::scanner: Discovering "/home/afdal/Laboratorium/PROJECT/extensionadminaksent/src/pages/Validation"
2026-05-08T11:15:13.117201Z  INFO scan_sources: tailwindcss_oxide::scanner: Discovering "/home/afdal/Laboratorium/PROJECT/extensionadminaksent/src/pages/Unpaid"
2026-05-08T11:15:13.117271Z  INFO scan_sources: tailwindcss_oxide::scanner: Discovering "/home/afdal/Laboratorium/PROJECT/extensionadminaksent/src/pages/Payment"
2026-05-08T11:15:13.117358Z  INFO scan_sources: tailwindcss_oxide::scanner: Discovering "/home/afdal/Laboratorium/PROJECT/extensionadminaksent/src/context"
2026-05-08T11:15:13.117615Z  INFO scan_sources: tailwindcss_oxide::scanner: Discovering "/home/afdal/Laboratorium/PROJECT/extensionadminaksent/public"
2026-05-08T11:15:13.117807Z  INFO scan_sources: tailwindcss_oxide::scanner: Discovering "/home/afdal/Laboratorium/PROJECT/extensionadminaksent/public/assets"
2026-05-08T11:15:13.118871Z  INFO scan_sources: tailwindcss_oxide::scanner: Discovering "/home/afdal/Laboratorium/PROJECT/extensionadminaksent/android"
2026-05-08T11:15:13.119728Z  INFO scan_sources: tailwindcss_oxide::scanner: Discovering "/home/afdal/Laboratorium/PROJECT/extensionadminaksent/android/.kotlin"
2026-05-08T11:15:13.120115Z  INFO scan_sources: tailwindcss_oxide::scanner: Discovering "/home/afdal/Laboratorium/PROJECT/extensionadminaksent/android/.kotlin/sessions"
2026-05-08T11:15:13.120523Z  INFO scan_sources: tailwindcss_oxide::scanner: Discovering "/home/afdal/Laboratorium/PROJECT/extensionadminaksent/android/gradle"
2026-05-08T11:15:13.120750Z  INFO scan_sources: tailwindcss_oxide::scanner: Discovering "/home/afdal/Laboratorium/PROJECT/extensionadminaksent/android/gradle/wrapper"
2026-05-08T11:15:13.120928Z  INFO scan_sources: tailwindcss_oxide::scanner: Discovering "/home/afdal/Laboratorium/PROJECT/extensionadminaksent/android/app"
2026-05-08T11:15:13.121172Z  INFO scan_sources: tailwindcss_oxide::scanner: Discovering "/home/afdal/Laboratorium/PROJECT/extensionadminaksent/android/app/src"
2026-05-08T11:15:13.121380Z  INFO scan_sources: tailwindcss_oxide::scanner: Discovering "/home/afdal/Laboratorium/PROJECT/extensionadminaksent/android/app/src/main"
2026-05-08T11:15:13.121611Z  INFO scan_sources: tailwindcss_oxide::scanner: Discovering "/home/afdal/Laboratorium/PROJECT/extensionadminaksent/android/app/src/main/res"
2026-05-08T11:15:13.121797Z  INFO scan_sources: tailwindcss_oxide::scanner: Discovering "/home/afdal/Laboratorium/PROJECT/extensionadminaksent/android/app/src/main/res/drawable-land-xhdpi"
2026-05-08T11:15:13.121968Z  INFO scan_sources: tailwindcss_oxide::scanner: Discovering "/home/afdal/Laboratorium/PROJECT/extensionadminaksent/android/app/src/main/res/drawable-land-xxhdpi"
2026-05-08T11:15:13.122128Z  INFO scan_sources: tailwindcss_oxide::scanner: Discovering "/home/afdal/Laboratorium/PROJECT/extensionadminaksent/android/app/src/main/res/drawable-v24"
2026-05-08T11:15:13.122306Z  INFO scan_sources: tailwindcss_oxide::scanner: Discovering "/home/afdal/Laboratorium/PROJECT/extensionadminaksent/android/app/src/main/res/drawable-port-xxxhdpi"
2026-05-08T11:15:13.122503Z  INFO scan_sources: tailwindcss_oxide::scanner: Discovering "/home/afdal/Laboratorium/PROJECT/extensionadminaksent/android/app/src/main/res/drawable-land-xxxhdpi"
2026-05-08T11:15:13.122686Z  INFO scan_sources: tailwindcss_oxide::scanner: Discovering "/home/afdal/Laboratorium/PROJECT/extensionadminaksent/android/app/src/main/res/drawable-port-xxhdpi"
2026-05-08T11:15:13.122840Z  INFO scan_sources: tailwindcss_oxide::scanner: Discovering "/home/afdal/Laboratorium/PROJECT/extensionadminaksent/android/app/src/main/res/mipmap-hdpi"
2026-05-08T11:15:13.123069Z  INFO scan_sources: tailwindcss_oxide::scanner: Discovering "/home/afdal/Laboratorium/PROJECT/extensionadminaksent/android/app/src/main/res/drawable-land-hdpi"
2026-05-08T11:15:13.123541Z  INFO scan_sources: tailwindcss_oxide::scanner: Discovering "/home/afdal/Laboratorium/PROJECT/extensionadminaksent/android/app/src/main/res/xml"
2026-05-08T11:15:13.123778Z  INFO scan_sources: tailwindcss_oxide::scanner: Discovering "/home/afdal/Laboratorium/PROJECT/extensionadminaksent/android/app/src/main/res/mipmap-xhdpi"
2026-05-08T11:15:13.123995Z  INFO scan_sources: tailwindcss_oxide::scanner: Discovering "/home/afdal/Laboratorium/PROJECT/extensionadminaksent/android/app/src/main/res/drawable-land-mdpi"
2026-05-08T11:15:13.124071Z  INFO scan_sources: tailwindcss_oxide::scanner: Discovering "/home/afdal/Laboratorium/PROJECT/extensionadminaksent/android/app/src/main/res/drawable-port-hdpi"
2026-05-08T11:15:13.124135Z  INFO scan_sources: tailwindcss_oxide::scanner: Discovering "/home/afdal/Laboratorium/PROJECT/extensionadminaksent/android/app/src/main/res/mipmap-xxhdpi"
2026-05-08T11:15:13.124206Z  INFO scan_sources: tailwindcss_oxide::scanner: Discovering "/home/afdal/Laboratorium/PROJECT/extensionadminaksent/android/app/src/main/res/mipmap-mdpi"
2026-05-08T11:15:13.124276Z  INFO scan_sources: tailwindcss_oxide::scanner: Discovering "/home/afdal/Laboratorium/PROJECT/extensionadminaksent/android/app/src/main/res/drawable"
2026-05-08T11:15:13.124358Z  INFO scan_sources: tailwindcss_oxide::scanner: Discovering "/home/afdal/Laboratorium/PROJECT/extensionadminaksent/android/app/src/main/res/drawable-port-xhdpi"
2026-05-08T11:15:13.124423Z  INFO scan_sources: tailwindcss_oxide::scanner: Discovering "/home/afdal/Laboratorium/PROJECT/extensionadminaksent/android/app/src/main/res/mipmap-xxxhdpi"
2026-05-08T11:15:13.124508Z  INFO scan_sources: tailwindcss_oxide::scanner: Discovering "/home/afdal/Laboratorium/PROJECT/extensionadminaksent/android/app/src/main/res/layout"
2026-05-08T11:15:13.124594Z  INFO scan_sources: tailwindcss_oxide::scanner: Discovering "/home/afdal/Laboratorium/PROJECT/extensionadminaksent/android/app/src/main/res/mipmap-anydpi-v26"
2026-05-08T11:15:13.124680Z  INFO scan_sources: tailwindcss_oxide::scanner: Discovering "/home/afdal/Laboratorium/PROJECT/extensionadminaksent/android/app/src/main/res/drawable-port-mdpi"
2026-05-08T11:15:13.124743Z  INFO scan_sources: tailwindcss_oxide::scanner: Discovering "/home/afdal/Laboratorium/PROJECT/extensionadminaksent/android/app/src/main/res/values"
2026-05-08T11:15:13.124857Z  INFO scan_sources: tailwindcss_oxide::scanner: Discovering "/home/afdal/Laboratorium/PROJECT/extensionadminaksent/android/app/src/main/java"
2026-05-08T11:15:13.124922Z  INFO scan_sources: tailwindcss_oxide::scanner: Discovering "/home/afdal/Laboratorium/PROJECT/extensionadminaksent/android/app/src/main/java/io"
2026-05-08T11:15:13.124979Z  INFO scan_sources: tailwindcss_oxide::scanner: Discovering "/home/afdal/Laboratorium/PROJECT/extensionadminaksent/android/app/src/main/java/io/ionic"
2026-05-08T11:15:13.125041Z  INFO scan_sources: tailwindcss_oxide::scanner: Discovering "/home/afdal/Laboratorium/PROJECT/extensionadminaksent/android/app/src/main/java/io/ionic/starter"
2026-05-08T11:15:13.125149Z  INFO scan_sources: tailwindcss_oxide::scanner: Discovering "/home/afdal/Laboratorium/PROJECT/extensionadminaksent/android/app/src/main/assets"
2026-05-08T11:15:13.125790Z  INFO scan_sources: tailwindcss_oxide::scanner: Discovering "/home/afdal/Laboratorium/PROJECT/extensionadminaksent/android/app/src/androidTest"
2026-05-08T11:15:13.126234Z  INFO scan_sources: tailwindcss_oxide::scanner: Discovering "/home/afdal/Laboratorium/PROJECT/extensionadminaksent/android/app/src/androidTest/java"
2026-05-08T11:15:13.126688Z  INFO scan_sources: tailwindcss_oxide::scanner: Discovering "/home/afdal/Laboratorium/PROJECT/extensionadminaksent/android/app/src/androidTest/java/com"
2026-05-08T11:15:13.127132Z  INFO scan_sources: tailwindcss_oxide::scanner: Discovering "/home/afdal/Laboratorium/PROJECT/extensionadminaksent/android/app/src/androidTest/java/com/getcapacitor"
2026-05-08T11:15:13.127649Z  INFO scan_sources: tailwindcss_oxide::scanner: Discovering "/home/afdal/Laboratorium/PROJECT/extensionadminaksent/android/app/src/androidTest/java/com/getcapacitor/myapp"
2026-05-08T11:15:13.128022Z  INFO scan_sources: tailwindcss_oxide::scanner: Discovering "/home/afdal/Laboratorium/PROJECT/extensionadminaksent/android/app/src/test"
2026-05-08T11:15:13.128210Z  INFO scan_sources: tailwindcss_oxide::scanner: Discovering "/home/afdal/Laboratorium/PROJECT/extensionadminaksent/android/app/src/test/java"
2026-05-08T11:15:13.128421Z  INFO scan_sources: tailwindcss_oxide::scanner: Discovering "/home/afdal/Laboratorium/PROJECT/extensionadminaksent/android/app/src/test/java/com"
2026-05-08T11:15:13.128632Z  INFO scan_sources: tailwindcss_oxide::scanner: Discovering "/home/afdal/Laboratorium/PROJECT/extensionadminaksent/android/app/src/test/java/com/getcapacitor"
2026-05-08T11:15:13.128806Z  INFO scan_sources: tailwindcss_oxide::scanner: Discovering "/home/afdal/Laboratorium/PROJECT/extensionadminaksent/android/app/src/test/java/com/getcapacitor/myapp"
2026-05-08T11:15:13.129574Z  INFO scan_sources: tailwindcss_oxide::scanner: exit
2026-05-08T11:15:13.129775Z  INFO extract_candidates: tailwindcss_oxide::scanner: enter
2026-05-08T11:15:13.129864Z  INFO extract_candidates:read_all_files: tailwindcss_oxide::scanner: enter
2026-05-08T11:15:13.129947Z  INFO extract_candidates:read_all_files: tailwindcss_oxide::scanner: Reading 1 file(s)
2026-05-08T11:15:13.130199Z  INFO extract_candidates:read_all_files: tailwindcss_oxide::scanner: Reading "/home/afdal/Laboratorium/PROJECT/extensionadminaksent/src/types/customer.ts"
2026-05-08T11:15:13.130372Z  INFO extract_candidates:read_all_files: tailwindcss_oxide::scanner: exit
2026-05-08T11:15:13.130463Z  INFO extract_candidates:parse_all_blobs: tailwindcss_oxide::scanner: enter
2026-05-08T11:15:13.134367Z  INFO extract_candidates:parse_all_blobs:extract: tailwindcss_oxide::scanner: enter
2026-05-08T11:15:13.136747Z  INFO extract_candidates:parse_all_blobs:extract: tailwindcss_oxide::scanner: exit
2026-05-08T11:15:13.136804Z  INFO extract_candidates:parse_all_blobs: tailwindcss_oxide::scanner: exit
2026-05-08T11:15:13.138541Z  INFO extract_candidates: tailwindcss_oxide::scanner: exit
2026-05-08T11:15:13.141323Z  INFO get_files: tailwindcss_oxide::scanner: enter
2026-05-08T11:15:13.141683Z  INFO get_files:scan_sources: tailwindcss_oxide::scanner: enter
2026-05-08T11:15:13.142502Z  INFO get_files:scan_sources: tailwindcss_oxide::scanner: Discovering "/home/afdal/Laboratorium/PROJECT/extensionadminaksent/scripts"
2026-05-08T11:15:13.142587Z  INFO get_files:scan_sources: tailwindcss_oxide::scanner: Discovering "/home/afdal/Laboratorium/PROJECT/extensionadminaksent/cypress"
2026-05-08T11:15:13.142638Z  INFO get_files:scan_sources: tailwindcss_oxide::scanner: Discovering "/home/afdal/Laboratorium/PROJECT/extensionadminaksent/cypress/fixtures"
2026-05-08T11:15:13.142705Z  INFO get_files:scan_sources: tailwindcss_oxide::scanner: Discovering "/home/afdal/Laboratorium/PROJECT/extensionadminaksent/cypress/e2e"
2026-05-08T11:15:13.142770Z  INFO get_files:scan_sources: tailwindcss_oxide::scanner: Discovering "/home/afdal/Laboratorium/PROJECT/extensionadminaksent/cypress/support"
2026-05-08T11:15:13.143305Z  INFO get_files:scan_sources: tailwindcss_oxide::scanner: Discovering "/home/afdal/Laboratorium/PROJECT/extensionadminaksent/.vscode"
2026-05-08T11:15:13.143604Z  INFO get_files:scan_sources: tailwindcss_oxide::scanner: Discovering "/home/afdal/Laboratorium/PROJECT/extensionadminaksent/src"
2026-05-08T11:15:13.143797Z  INFO get_files:scan_sources: tailwindcss_oxide::scanner: Discovering "/home/afdal/Laboratorium/PROJECT/extensionadminaksent/src/hook"
2026-05-08T11:15:13.144014Z  INFO get_files:scan_sources: tailwindcss_oxide::scanner: Discovering "/home/afdal/Laboratorium/PROJECT/extensionadminaksent/src/hook/requests"
2026-05-08T11:15:13.144218Z  INFO get_files:scan_sources: tailwindcss_oxide::scanner: Discovering "/home/afdal/Laboratorium/PROJECT/extensionadminaksent/src/components"
2026-05-08T11:15:13.144445Z  INFO get_files:scan_sources: tailwindcss_oxide::scanner: Discovering "/home/afdal/Laboratorium/PROJECT/extensionadminaksent/src/components/customer"
2026-05-08T11:15:13.144693Z  INFO get_files:scan_sources: tailwindcss_oxide::scanner: Discovering "/home/afdal/Laboratorium/PROJECT/extensionadminaksent/src/components/input"
2026-05-08T11:15:13.145127Z  INFO get_files:scan_sources: tailwindcss_oxide::scanner: Discovering "/home/afdal/Laboratorium/PROJECT/extensionadminaksent/src/components/layout"
2026-05-08T11:15:13.145394Z  INFO get_files:scan_sources: tailwindcss_oxide::scanner: Discovering "/home/afdal/Laboratorium/PROJECT/extensionadminaksent/src/components/list"
2026-05-08T11:15:13.145801Z  INFO get_files:scan_sources: tailwindcss_oxide::scanner: Discovering "/home/afdal/Laboratorium/PROJECT/extensionadminaksent/src/components/toolbars"
2026-05-08T11:15:13.146272Z  INFO get_files:scan_sources: tailwindcss_oxide::scanner: Discovering "/home/afdal/Laboratorium/PROJECT/extensionadminaksent/src/theme"
2026-05-08T11:15:13.146605Z  INFO get_files:scan_sources: tailwindcss_oxide::scanner: Discovering "/home/afdal/Laboratorium/PROJECT/extensionadminaksent/src/utils"
2026-05-08T11:15:13.146910Z  INFO get_files:scan_sources: tailwindcss_oxide::scanner: Discovering "/home/afdal/Laboratorium/PROJECT/extensionadminaksent/src/databases"
2026-05-08T11:15:13.147154Z  INFO get_files:scan_sources: tailwindcss_oxide::scanner: Discovering "/home/afdal/Laboratorium/PROJECT/extensionadminaksent/src/databases/migrations"
2026-05-08T11:15:13.147413Z  INFO get_files:scan_sources: tailwindcss_oxide::scanner: Discovering "/home/afdal/Laboratorium/PROJECT/extensionadminaksent/src/databases/entities"
2026-05-08T11:15:13.147693Z  INFO get_files:scan_sources: tailwindcss_oxide::scanner: Discovering "/home/afdal/Laboratorium/PROJECT/extensionadminaksent/src/types"
2026-05-08T11:15:13.147879Z  INFO get_files:scan_sources: tailwindcss_oxide::scanner: Discovering "/home/afdal/Laboratorium/PROJECT/extensionadminaksent/src/pages"
2026-05-08T11:15:13.148147Z  INFO get_files:scan_sources: tailwindcss_oxide::scanner: Discovering "/home/afdal/Laboratorium/PROJECT/extensionadminaksent/src/pages/Customer"
2026-05-08T11:15:13.148420Z  INFO get_files:scan_sources: tailwindcss_oxide::scanner: Discovering "/home/afdal/Laboratorium/PROJECT/extensionadminaksent/src/pages/Home"
2026-05-08T11:15:13.148612Z  INFO get_files:scan_sources: tailwindcss_oxide::scanner: Discovering "/home/afdal/Laboratorium/PROJECT/extensionadminaksent/src/pages/Validation"
2026-05-08T11:15:13.148699Z  INFO get_files:scan_sources: tailwindcss_oxide::scanner: Discovering "/home/afdal/Laboratorium/PROJECT/extensionadminaksent/src/pages/Unpaid"
2026-05-08T11:15:13.148769Z  INFO get_files:scan_sources: tailwindcss_oxide::scanner: Discovering "/home/afdal/Laboratorium/PROJECT/extensionadminaksent/src/pages/Payment"
2026-05-08T11:15:13.148851Z  INFO get_files:scan_sources: tailwindcss_oxide::scanner: Discovering "/home/afdal/Laboratorium/PROJECT/extensionadminaksent/src/context"
2026-05-08T11:15:13.149050Z  INFO get_files:scan_sources: tailwindcss_oxide::scanner: Discovering "/home/afdal/Laboratorium/PROJECT/extensionadminaksent/public"
2026-05-08T11:15:13.149116Z  INFO get_files:scan_sources: tailwindcss_oxide::scanner: Discovering "/home/afdal/Laboratorium/PROJECT/extensionadminaksent/public/assets"
2026-05-08T11:15:13.149303Z  INFO get_files:scan_sources: tailwindcss_oxide::scanner: Discovering "/home/afdal/Laboratorium/PROJECT/extensionadminaksent/android"
2026-05-08T11:15:13.149981Z  INFO get_files:scan_sources: tailwindcss_oxide::scanner: Discovering "/home/afdal/Laboratorium/PROJECT/extensionadminaksent/android/.kotlin"
2026-05-08T11:15:13.150385Z  INFO get_files:scan_sources: tailwindcss_oxide::scanner: Discovering "/home/afdal/Laboratorium/PROJECT/extensionadminaksent/android/.kotlin/sessions"
2026-05-08T11:15:13.150791Z  INFO get_files:scan_sources: tailwindcss_oxide::scanner: Discovering "/home/afdal/Laboratorium/PROJECT/extensionadminaksent/android/gradle"
2026-05-08T11:15:13.151059Z  INFO get_files:scan_sources: tailwindcss_oxide::scanner: Discovering "/home/afdal/Laboratorium/PROJECT/extensionadminaksent/android/gradle/wrapper"
2026-05-08T11:15:13.151344Z  INFO get_files:scan_sources: tailwindcss_oxide::scanner: Discovering "/home/afdal/Laboratorium/PROJECT/extensionadminaksent/android/app"
2026-05-08T11:15:13.151687Z  INFO get_files:scan_sources: tailwindcss_oxide::scanner: Discovering "/home/afdal/Laboratorium/PROJECT/extensionadminaksent/android/app/src"
2026-05-08T11:15:13.151988Z  INFO get_files:scan_sources: tailwindcss_oxide::scanner: Discovering "/home/afdal/Laboratorium/PROJECT/extensionadminaksent/android/app/src/main"
2026-05-08T11:15:13.152280Z  INFO get_files:scan_sources: tailwindcss_oxide::scanner: Discovering "/home/afdal/Laboratorium/PROJECT/extensionadminaksent/android/app/src/main/res"
2026-05-08T11:15:13.152527Z  INFO get_files:scan_sources: tailwindcss_oxide::scanner: Discovering "/home/afdal/Laboratorium/PROJECT/extensionadminaksent/android/app/src/main/res/drawable-land-xhdpi"
2026-05-08T11:15:13.152808Z  INFO get_files:scan_sources: tailwindcss_oxide::scanner: Discovering "/home/afdal/Laboratorium/PROJECT/extensionadminaksent/android/app/src/main/res/drawable-land-xxhdpi"
2026-05-08T11:15:13.153066Z  INFO get_files:scan_sources: tailwindcss_oxide::scanner: Discovering "/home/afdal/Laboratorium/PROJECT/extensionadminaksent/android/app/src/main/res/drawable-v24"
2026-05-08T11:15:13.153363Z  INFO get_files:scan_sources: tailwindcss_oxide::scanner: Discovering "/home/afdal/Laboratorium/PROJECT/extensionadminaksent/android/app/src/main/res/drawable-port-xxxhdpi"
2026-05-08T11:15:13.153440Z  INFO get_files:scan_sources: tailwindcss_oxide::scanner: Discovering "/home/afdal/Laboratorium/PROJECT/extensionadminaksent/android/app/src/main/res/drawable-land-xxxhdpi"
2026-05-08T11:15:13.153513Z  INFO get_files:scan_sources: tailwindcss_oxide::scanner: Discovering "/home/afdal/Laboratorium/PROJECT/extensionadminaksent/android/app/src/main/res/drawable-port-xxhdpi"
2026-05-08T11:15:13.153582Z  INFO get_files:scan_sources: tailwindcss_oxide::scanner: Discovering "/home/afdal/Laboratorium/PROJECT/extensionadminaksent/android/app/src/main/res/mipmap-hdpi"
2026-05-08T11:15:13.153649Z  INFO get_files:scan_sources: tailwindcss_oxide::scanner: Discovering "/home/afdal/Laboratorium/PROJECT/extensionadminaksent/android/app/src/main/res/drawable-land-hdpi"
2026-05-08T11:15:13.153712Z  INFO get_files:scan_sources: tailwindcss_oxide::scanner: Discovering "/home/afdal/Laboratorium/PROJECT/extensionadminaksent/android/app/src/main/res/xml"
2026-05-08T11:15:13.153787Z  INFO get_files:scan_sources: tailwindcss_oxide::scanner: Discovering "/home/afdal/Laboratorium/PROJECT/extensionadminaksent/android/app/src/main/res/mipmap-xhdpi"
2026-05-08T11:15:13.153852Z  INFO get_files:scan_sources: tailwindcss_oxide::scanner: Discovering "/home/afdal/Laboratorium/PROJECT/extensionadminaksent/android/app/src/main/res/drawable-land-mdpi"
2026-05-08T11:15:13.153910Z  INFO get_files:scan_sources: tailwindcss_oxide::scanner: Discovering "/home/afdal/Laboratorium/PROJECT/extensionadminaksent/android/app/src/main/res/drawable-port-hdpi"
2026-05-08T11:15:13.153972Z  INFO get_files:scan_sources: tailwindcss_oxide::scanner: Discovering "/home/afdal/Laboratorium/PROJECT/extensionadminaksent/android/app/src/main/res/mipmap-xxhdpi"
2026-05-08T11:15:13.154040Z  INFO get_files:scan_sources: tailwindcss_oxide::scanner: Discovering "/home/afdal/Laboratorium/PROJECT/extensionadminaksent/android/app/src/main/res/mipmap-mdpi"
2026-05-08T11:15:13.154105Z  INFO get_files:scan_sources: tailwindcss_oxide::scanner: Discovering "/home/afdal/Laboratorium/PROJECT/extensionadminaksent/android/app/src/main/res/drawable"
2026-05-08T11:15:13.154180Z  INFO get_files:scan_sources: tailwindcss_oxide::scanner: Discovering "/home/afdal/Laboratorium/PROJECT/extensionadminaksent/android/app/src/main/res/drawable-port-xhdpi"
2026-05-08T11:15:13.154241Z  INFO get_files:scan_sources: tailwindcss_oxide::scanner: Discovering "/home/afdal/Laboratorium/PROJECT/extensionadminaksent/android/app/src/main/res/mipmap-xxxhdpi"
2026-05-08T11:15:13.154305Z  INFO get_files:scan_sources: tailwindcss_oxide::scanner: Discovering "/home/afdal/Laboratorium/PROJECT/extensionadminaksent/android/app/src/main/res/layout"
2026-05-08T11:15:13.154373Z  INFO get_files:scan_sources: tailwindcss_oxide::scanner: Discovering "/home/afdal/Laboratorium/PROJECT/extensionadminaksent/android/app/src/main/res/mipmap-anydpi-v26"
2026-05-08T11:15:13.155848Z  INFO get_files:scan_sources: tailwindcss_oxide::scanner: Discovering "/home/afdal/Laboratorium/PROJECT/extensionadminaksent/android/app/src/main/res/drawable-port-mdpi"
2026-05-08T11:15:13.156154Z  INFO get_files:scan_sources: tailwindcss_oxide::scanner: Discovering "/home/afdal/Laboratorium/PROJECT/extensionadminaksent/android/app/src/main/res/values"
2026-05-08T11:15:13.156359Z  INFO get_files:scan_sources: tailwindcss_oxide::scanner: Discovering "/home/afdal/Laboratorium/PROJECT/extensionadminaksent/android/app/src/main/java"
2026-05-08T11:15:13.156522Z  INFO get_files:scan_sources: tailwindcss_oxide::scanner: Discovering "/home/afdal/Laboratorium/PROJECT/extensionadminaksent/android/app/src/main/java/io"
2026-05-08T11:15:13.156742Z  INFO get_files:scan_sources: tailwindcss_oxide::scanner: Discovering "/home/afdal/Laboratorium/PROJECT/extensionadminaksent/android/app/src/main/java/io/ionic"
2026-05-08T11:15:13.156948Z  INFO get_files:scan_sources: tailwindcss_oxide::scanner: Discovering "/home/afdal/Laboratorium/PROJECT/extensionadminaksent/android/app/src/main/java/io/ionic/starter"
2026-05-08T11:15:13.157200Z  INFO get_files:scan_sources: tailwindcss_oxide::scanner: Discovering "/home/afdal/Laboratorium/PROJECT/extensionadminaksent/android/app/src/main/assets"
2026-05-08T11:15:13.157519Z  INFO get_files:scan_sources: tailwindcss_oxide::scanner: Discovering "/home/afdal/Laboratorium/PROJECT/extensionadminaksent/android/app/src/androidTest"
2026-05-08T11:15:13.157761Z  INFO get_files:scan_sources: tailwindcss_oxide::scanner: Discovering "/home/afdal/Laboratorium/PROJECT/extensionadminaksent/android/app/src/androidTest/java"
2026-05-08T11:15:13.157970Z  INFO get_files:scan_sources: tailwindcss_oxide::scanner: Discovering "/home/afdal/Laboratorium/PROJECT/extensionadminaksent/android/app/src/androidTest/java/com"
2026-05-08T11:15:13.158169Z  INFO get_files:scan_sources: tailwindcss_oxide::scanner: Discovering "/home/afdal/Laboratorium/PROJECT/extensionadminaksent/android/app/src/androidTest/java/com/getcapacitor"
2026-05-08T11:15:13.158366Z  INFO get_files:scan_sources: tailwindcss_oxide::scanner: Discovering "/home/afdal/Laboratorium/PROJECT/extensionadminaksent/android/app/src/androidTest/java/com/getcapacitor/myapp"
2026-05-08T11:15:13.158641Z  INFO get_files:scan_sources: tailwindcss_oxide::scanner: Discovering "/home/afdal/Laboratorium/PROJECT/extensionadminaksent/android/app/src/test"
2026-05-08T11:15:13.158838Z  INFO get_files:scan_sources: tailwindcss_oxide::scanner: Discovering "/home/afdal/Laboratorium/PROJECT/extensionadminaksent/android/app/src/test/java"
2026-05-08T11:15:13.159162Z  INFO get_files:scan_sources: tailwindcss_oxide::scanner: Discovering "/home/afdal/Laboratorium/PROJECT/extensionadminaksent/android/app/src/test/java/com"
2026-05-08T11:15:13.159400Z  INFO get_files:scan_sources: tailwindcss_oxide::scanner: Discovering "/home/afdal/Laboratorium/PROJECT/extensionadminaksent/android/app/src/test/java/com/getcapacitor"
2026-05-08T11:15:13.159593Z  INFO get_files:scan_sources: tailwindcss_oxide::scanner: Discovering "/home/afdal/Laboratorium/PROJECT/extensionadminaksent/android/app/src/test/java/com/getcapacitor/myapp"
2026-05-08T11:15:13.163046Z  INFO get_files:scan_sources: tailwindcss_oxide::scanner: exit
2026-05-08T11:15:13.165584Z  INFO get_files: tailwindcss_oxide::scanner: exit
2026-05-08T11:15:13.166070Z  INFO get_globs: tailwindcss_oxide::scanner: enter
2026-05-08T11:15:13.166262Z  INFO get_globs: tailwindcss_oxide::scanner: exit
2026-05-08T11:16:07.176712Z  INFO scan_sources: tailwindcss_oxide::scanner: enter
2026-05-08T11:16:07.177635Z  INFO scan_sources: tailwindcss_oxide::scanner: Discovering "/home/afdal/Laboratorium/PROJECT/extensionadminaksent/scripts"
2026-05-08T11:16:07.177760Z  INFO scan_sources: tailwindcss_oxide::scanner: Discovering "/home/afdal/Laboratorium/PROJECT/extensionadminaksent/cypress"
2026-05-08T11:16:07.177831Z  INFO scan_sources: tailwindcss_oxide::scanner: Discovering "/home/afdal/Laboratorium/PROJECT/extensionadminaksent/cypress/fixtures"
2026-05-08T11:16:07.177924Z  INFO scan_sources: tailwindcss_oxide::scanner: Discovering "/home/afdal/Laboratorium/PROJECT/extensionadminaksent/cypress/e2e"
2026-05-08T11:16:07.178006Z  INFO scan_sources: tailwindcss_oxide::scanner: Discovering "/home/afdal/Laboratorium/PROJECT/extensionadminaksent/cypress/support"
2026-05-08T11:16:07.178101Z  INFO scan_sources: tailwindcss_oxide::scanner: Discovering "/home/afdal/Laboratorium/PROJECT/extensionadminaksent/.vscode"
2026-05-08T11:16:07.178243Z  INFO scan_sources: tailwindcss_oxide::scanner: Discovering "/home/afdal/Laboratorium/PROJECT/extensionadminaksent/src"
2026-05-08T11:16:07.178306Z  INFO scan_sources: tailwindcss_oxide::scanner: Discovering "/home/afdal/Laboratorium/PROJECT/extensionadminaksent/src/hook"
2026-05-08T11:16:07.178380Z  INFO scan_sources: tailwindcss_oxide::scanner: Discovering "/home/afdal/Laboratorium/PROJECT/extensionadminaksent/src/hook/requests"
2026-05-08T11:16:07.178436Z  INFO scan_sources: tailwindcss_oxide::scanner: Discovering "/home/afdal/Laboratorium/PROJECT/extensionadminaksent/src/hook/requests/customer.ts"
2026-05-08T11:16:07.178493Z  INFO scan_sources: tailwindcss_oxide::scanner: Discovering "/home/afdal/Laboratorium/PROJECT/extensionadminaksent/src/components"
2026-05-08T11:16:07.178572Z  INFO scan_sources: tailwindcss_oxide::scanner: Discovering "/home/afdal/Laboratorium/PROJECT/extensionadminaksent/src/components/customer"
2026-05-08T11:16:07.178680Z  INFO scan_sources: tailwindcss_oxide::scanner: Discovering "/home/afdal/Laboratorium/PROJECT/extensionadminaksent/src/components/input"
2026-05-08T11:16:07.178785Z  INFO scan_sources: tailwindcss_oxide::scanner: Discovering "/home/afdal/Laboratorium/PROJECT/extensionadminaksent/src/components/layout"
2026-05-08T11:16:07.178862Z  INFO scan_sources: tailwindcss_oxide::scanner: Discovering "/home/afdal/Laboratorium/PROJECT/extensionadminaksent/src/components/list"
2026-05-08T11:16:07.179114Z  INFO scan_sources: tailwindcss_oxide::scanner: Discovering "/home/afdal/Laboratorium/PROJECT/extensionadminaksent/src/components/toolbars"
2026-05-08T11:16:07.179224Z  INFO scan_sources: tailwindcss_oxide::scanner: Discovering "/home/afdal/Laboratorium/PROJECT/extensionadminaksent/src/theme"
2026-05-08T11:16:07.179336Z  INFO scan_sources: tailwindcss_oxide::scanner: Discovering "/home/afdal/Laboratorium/PROJECT/extensionadminaksent/src/utils"
2026-05-08T11:16:07.179493Z  INFO scan_sources: tailwindcss_oxide::scanner: Discovering "/home/afdal/Laboratorium/PROJECT/extensionadminaksent/src/databases"
2026-05-08T11:16:07.179578Z  INFO scan_sources: tailwindcss_oxide::scanner: Discovering "/home/afdal/Laboratorium/PROJECT/extensionadminaksent/src/databases/migrations"
2026-05-08T11:16:07.179680Z  INFO scan_sources: tailwindcss_oxide::scanner: Discovering "/home/afdal/Laboratorium/PROJECT/extensionadminaksent/src/databases/entities"
2026-05-08T11:16:07.179790Z  INFO scan_sources: tailwindcss_oxide::scanner: Discovering "/home/afdal/Laboratorium/PROJECT/extensionadminaksent/src/types"
2026-05-08T11:16:07.180034Z  INFO scan_sources: tailwindcss_oxide::scanner: Discovering "/home/afdal/Laboratorium/PROJECT/extensionadminaksent/src/pages"
2026-05-08T11:16:07.180220Z  INFO scan_sources: tailwindcss_oxide::scanner: Discovering "/home/afdal/Laboratorium/PROJECT/extensionadminaksent/src/pages/Customer"
2026-05-08T11:16:07.180424Z  INFO scan_sources: tailwindcss_oxide::scanner: Discovering "/home/afdal/Laboratorium/PROJECT/extensionadminaksent/src/pages/Home"
2026-05-08T11:16:07.180649Z  INFO scan_sources: tailwindcss_oxide::scanner: Discovering "/home/afdal/Laboratorium/PROJECT/extensionadminaksent/src/pages/Validation"
2026-05-08T11:16:07.180874Z  INFO scan_sources: tailwindcss_oxide::scanner: Discovering "/home/afdal/Laboratorium/PROJECT/extensionadminaksent/src/pages/Unpaid"
2026-05-08T11:16:07.181580Z  INFO scan_sources: tailwindcss_oxide::scanner: Discovering "/home/afdal/Laboratorium/PROJECT/extensionadminaksent/src/pages/Payment"
2026-05-08T11:16:07.182144Z  INFO scan_sources: tailwindcss_oxide::scanner: Discovering "/home/afdal/Laboratorium/PROJECT/extensionadminaksent/src/context"
2026-05-08T11:16:07.182686Z  INFO scan_sources: tailwindcss_oxide::scanner: Discovering "/home/afdal/Laboratorium/PROJECT/extensionadminaksent/public"
2026-05-08T11:16:07.183034Z  INFO scan_sources: tailwindcss_oxide::scanner: Discovering "/home/afdal/Laboratorium/PROJECT/extensionadminaksent/public/assets"
2026-05-08T11:16:07.183485Z  INFO scan_sources: tailwindcss_oxide::scanner: Discovering "/home/afdal/Laboratorium/PROJECT/extensionadminaksent/android"
2026-05-08T11:16:07.184081Z  INFO scan_sources: tailwindcss_oxide::scanner: Discovering "/home/afdal/Laboratorium/PROJECT/extensionadminaksent/android/.kotlin"
2026-05-08T11:16:07.184377Z  INFO scan_sources: tailwindcss_oxide::scanner: Discovering "/home/afdal/Laboratorium/PROJECT/extensionadminaksent/android/.kotlin/sessions"
2026-05-08T11:16:07.184761Z  INFO scan_sources: tailwindcss_oxide::scanner: Discovering "/home/afdal/Laboratorium/PROJECT/extensionadminaksent/android/gradle"
2026-05-08T11:16:07.184997Z  INFO scan_sources: tailwindcss_oxide::scanner: Discovering "/home/afdal/Laboratorium/PROJECT/extensionadminaksent/android/gradle/wrapper"
2026-05-08T11:16:07.185241Z  INFO scan_sources: tailwindcss_oxide::scanner: Discovering "/home/afdal/Laboratorium/PROJECT/extensionadminaksent/android/app"
2026-05-08T11:16:07.185557Z  INFO scan_sources: tailwindcss_oxide::scanner: Discovering "/home/afdal/Laboratorium/PROJECT/extensionadminaksent/android/app/src"
2026-05-08T11:16:07.185826Z  INFO scan_sources: tailwindcss_oxide::scanner: Discovering "/home/afdal/Laboratorium/PROJECT/extensionadminaksent/android/app/src/main"
2026-05-08T11:16:07.186112Z  INFO scan_sources: tailwindcss_oxide::scanner: Discovering "/home/afdal/Laboratorium/PROJECT/extensionadminaksent/android/app/src/main/res"
2026-05-08T11:16:07.186353Z  INFO scan_sources: tailwindcss_oxide::scanner: Discovering "/home/afdal/Laboratorium/PROJECT/extensionadminaksent/android/app/src/main/res/drawable-land-xhdpi"
2026-05-08T11:16:07.186600Z  INFO scan_sources: tailwindcss_oxide::scanner: Discovering "/home/afdal/Laboratorium/PROJECT/extensionadminaksent/android/app/src/main/res/drawable-land-xxhdpi"
2026-05-08T11:16:07.186817Z  INFO scan_sources: tailwindcss_oxide::scanner: Discovering "/home/afdal/Laboratorium/PROJECT/extensionadminaksent/android/app/src/main/res/drawable-v24"
2026-05-08T11:16:07.187037Z  INFO scan_sources: tailwindcss_oxide::scanner: Discovering "/home/afdal/Laboratorium/PROJECT/extensionadminaksent/android/app/src/main/res/drawable-port-xxxhdpi"
2026-05-08T11:16:07.187249Z  INFO scan_sources: tailwindcss_oxide::scanner: Discovering "/home/afdal/Laboratorium/PROJECT/extensionadminaksent/android/app/src/main/res/drawable-land-xxxhdpi"
2026-05-08T11:16:07.187487Z  INFO scan_sources: tailwindcss_oxide::scanner: Discovering "/home/afdal/Laboratorium/PROJECT/extensionadminaksent/android/app/src/main/res/drawable-port-xxhdpi"
2026-05-08T11:16:07.187813Z  INFO scan_sources: tailwindcss_oxide::scanner: Discovering "/home/afdal/Laboratorium/PROJECT/extensionadminaksent/android/app/src/main/res/mipmap-hdpi"
2026-05-08T11:16:07.188112Z  INFO scan_sources: tailwindcss_oxide::scanner: Discovering "/home/afdal/Laboratorium/PROJECT/extensionadminaksent/android/app/src/main/res/drawable-land-hdpi"
2026-05-08T11:16:07.188397Z  INFO scan_sources: tailwindcss_oxide::scanner: Discovering "/home/afdal/Laboratorium/PROJECT/extensionadminaksent/android/app/src/main/res/xml"
2026-05-08T11:16:07.188682Z  INFO scan_sources: tailwindcss_oxide::scanner: Discovering "/home/afdal/Laboratorium/PROJECT/extensionadminaksent/android/app/src/main/res/mipmap-xhdpi"
2026-05-08T11:16:07.188772Z  INFO scan_sources: tailwindcss_oxide::scanner: Discovering "/home/afdal/Laboratorium/PROJECT/extensionadminaksent/android/app/src/main/res/drawable-land-mdpi"
2026-05-08T11:16:07.188834Z  INFO scan_sources: tailwindcss_oxide::scanner: Discovering "/home/afdal/Laboratorium/PROJECT/extensionadminaksent/android/app/src/main/res/drawable-port-hdpi"
2026-05-08T11:16:07.189264Z  INFO scan_sources: tailwindcss_oxide::scanner: Discovering "/home/afdal/Laboratorium/PROJECT/extensionadminaksent/android/app/src/main/res/mipmap-xxhdpi"
2026-05-08T11:16:07.189380Z  INFO scan_sources: tailwindcss_oxide::scanner: Discovering "/home/afdal/Laboratorium/PROJECT/extensionadminaksent/android/app/src/main/res/mipmap-mdpi"
2026-05-08T11:16:07.189451Z  INFO scan_sources: tailwindcss_oxide::scanner: Discovering "/home/afdal/Laboratorium/PROJECT/extensionadminaksent/android/app/src/main/res/drawable"
2026-05-08T11:16:07.189543Z  INFO scan_sources: tailwindcss_oxide::scanner: Discovering "/home/afdal/Laboratorium/PROJECT/extensionadminaksent/android/app/src/main/res/drawable-port-xhdpi"
2026-05-08T11:16:07.189619Z  INFO scan_sources: tailwindcss_oxide::scanner: Discovering "/home/afdal/Laboratorium/PROJECT/extensionadminaksent/android/app/src/main/res/mipmap-xxxhdpi"
2026-05-08T11:16:07.189691Z  INFO scan_sources: tailwindcss_oxide::scanner: Discovering "/home/afdal/Laboratorium/PROJECT/extensionadminaksent/android/app/src/main/res/layout"
2026-05-08T11:16:07.189771Z  INFO scan_sources: tailwindcss_oxide::scanner: Discovering "/home/afdal/Laboratorium/PROJECT/extensionadminaksent/android/app/src/main/res/mipmap-anydpi-v26"
2026-05-08T11:16:07.189855Z  INFO scan_sources: tailwindcss_oxide::scanner: Discovering "/home/afdal/Laboratorium/PROJECT/extensionadminaksent/android/app/src/main/res/drawable-port-mdpi"
2026-05-08T11:16:07.189920Z  INFO scan_sources: tailwindcss_oxide::scanner: Discovering "/home/afdal/Laboratorium/PROJECT/extensionadminaksent/android/app/src/main/res/values"
2026-05-08T11:16:07.190033Z  INFO scan_sources: tailwindcss_oxide::scanner: Discovering "/home/afdal/Laboratorium/PROJECT/extensionadminaksent/android/app/src/main/java"
2026-05-08T11:16:07.190091Z  INFO scan_sources: tailwindcss_oxide::scanner: Discovering "/home/afdal/Laboratorium/PROJECT/extensionadminaksent/android/app/src/main/java/io"
2026-05-08T11:16:07.190147Z  INFO scan_sources: tailwindcss_oxide::scanner: Discovering "/home/afdal/Laboratorium/PROJECT/extensionadminaksent/android/app/src/main/java/io/ionic"
2026-05-08T11:16:07.190210Z  INFO scan_sources: tailwindcss_oxide::scanner: Discovering "/home/afdal/Laboratorium/PROJECT/extensionadminaksent/android/app/src/main/java/io/ionic/starter"
2026-05-08T11:16:07.190305Z  INFO scan_sources: tailwindcss_oxide::scanner: Discovering "/home/afdal/Laboratorium/PROJECT/extensionadminaksent/android/app/src/main/assets"
2026-05-08T11:16:07.190433Z  INFO scan_sources: tailwindcss_oxide::scanner: Discovering "/home/afdal/Laboratorium/PROJECT/extensionadminaksent/android/app/src/androidTest"
2026-05-08T11:16:07.190500Z  INFO scan_sources: tailwindcss_oxide::scanner: Discovering "/home/afdal/Laboratorium/PROJECT/extensionadminaksent/android/app/src/androidTest/java"
2026-05-08T11:16:07.190561Z  INFO scan_sources: tailwindcss_oxide::scanner: Discovering "/home/afdal/Laboratorium/PROJECT/extensionadminaksent/android/app/src/androidTest/java/com"
2026-05-08T11:16:07.190663Z  INFO scan_sources: tailwindcss_oxide::scanner: Discovering "/home/afdal/Laboratorium/PROJECT/extensionadminaksent/android/app/src/androidTest/java/com/getcapacitor"
2026-05-08T11:16:07.190785Z  INFO scan_sources: tailwindcss_oxide::scanner: Discovering "/home/afdal/Laboratorium/PROJECT/extensionadminaksent/android/app/src/androidTest/java/com/getcapacitor/myapp"
2026-05-08T11:16:07.191014Z  INFO scan_sources: tailwindcss_oxide::scanner: Discovering "/home/afdal/Laboratorium/PROJECT/extensionadminaksent/android/app/src/test"
2026-05-08T11:16:07.191121Z  INFO scan_sources: tailwindcss_oxide::scanner: Discovering "/home/afdal/Laboratorium/PROJECT/extensionadminaksent/android/app/src/test/java"
2026-05-08T11:16:07.191182Z  INFO scan_sources: tailwindcss_oxide::scanner: Discovering "/home/afdal/Laboratorium/PROJECT/extensionadminaksent/android/app/src/test/java/com"
2026-05-08T11:16:07.191240Z  INFO scan_sources: tailwindcss_oxide::scanner: Discovering "/home/afdal/Laboratorium/PROJECT/extensionadminaksent/android/app/src/test/java/com/getcapacitor"
2026-05-08T11:16:07.191319Z  INFO scan_sources: tailwindcss_oxide::scanner: Discovering "/home/afdal/Laboratorium/PROJECT/extensionadminaksent/android/app/src/test/java/com/getcapacitor/myapp"
2026-05-08T11:16:07.192406Z  INFO scan_sources: tailwindcss_oxide::scanner: exit
2026-05-08T11:16:07.192880Z  INFO extract_candidates: tailwindcss_oxide::scanner: enter
2026-05-08T11:16:07.193182Z  INFO extract_candidates:read_all_files: tailwindcss_oxide::scanner: enter
2026-05-08T11:16:07.193449Z  INFO extract_candidates:read_all_files: tailwindcss_oxide::scanner: Reading 1 file(s)
2026-05-08T11:16:07.193814Z  INFO extract_candidates:read_all_files: tailwindcss_oxide::scanner: Reading "/home/afdal/Laboratorium/PROJECT/extensionadminaksent/src/hook/requests/customer.ts"
2026-05-08T11:16:07.194671Z  INFO extract_candidates:read_all_files: tailwindcss_oxide::scanner: exit
2026-05-08T11:16:07.195947Z  INFO extract_candidates:parse_all_blobs: tailwindcss_oxide::scanner: enter
2026-05-08T11:16:07.196092Z  INFO extract_candidates:parse_all_blobs:extract: tailwindcss_oxide::scanner: enter
2026-05-08T11:16:07.199416Z  INFO extract_candidates:parse_all_blobs:extract: tailwindcss_oxide::scanner: exit
2026-05-08T11:16:07.199502Z  INFO extract_candidates:parse_all_blobs: tailwindcss_oxide::scanner: exit
2026-05-08T11:16:07.199723Z  INFO extract_candidates: tailwindcss_oxide::scanner: exit
2026-05-08T11:16:07.201399Z  INFO get_files: tailwindcss_oxide::scanner: enter
2026-05-08T11:16:07.201442Z  INFO get_files:scan_sources: tailwindcss_oxide::scanner: enter
2026-05-08T11:16:07.202240Z  INFO get_files:scan_sources: tailwindcss_oxide::scanner: Discovering "/home/afdal/Laboratorium/PROJECT/extensionadminaksent/scripts"
2026-05-08T11:16:07.202341Z  INFO get_files:scan_sources: tailwindcss_oxide::scanner: Discovering "/home/afdal/Laboratorium/PROJECT/extensionadminaksent/cypress"
2026-05-08T11:16:07.202389Z  INFO get_files:scan_sources: tailwindcss_oxide::scanner: Discovering "/home/afdal/Laboratorium/PROJECT/extensionadminaksent/cypress/fixtures"
2026-05-08T11:16:07.202576Z  INFO get_files:scan_sources: tailwindcss_oxide::scanner: Discovering "/home/afdal/Laboratorium/PROJECT/extensionadminaksent/cypress/e2e"
2026-05-08T11:16:07.202662Z  INFO get_files:scan_sources: tailwindcss_oxide::scanner: Discovering "/home/afdal/Laboratorium/PROJECT/extensionadminaksent/cypress/support"
2026-05-08T11:16:07.202755Z  INFO get_files:scan_sources: tailwindcss_oxide::scanner: Discovering "/home/afdal/Laboratorium/PROJECT/extensionadminaksent/.vscode"
2026-05-08T11:16:07.202881Z  INFO get_files:scan_sources: tailwindcss_oxide::scanner: Discovering "/home/afdal/Laboratorium/PROJECT/extensionadminaksent/src"
2026-05-08T11:16:07.202942Z  INFO get_files:scan_sources: tailwindcss_oxide::scanner: Discovering "/home/afdal/Laboratorium/PROJECT/extensionadminaksent/src/hook"
2026-05-08T11:16:07.203008Z  INFO get_files:scan_sources: tailwindcss_oxide::scanner: Discovering "/home/afdal/Laboratorium/PROJECT/extensionadminaksent/src/hook/requests"
2026-05-08T11:16:07.203087Z  INFO get_files:scan_sources: tailwindcss_oxide::scanner: Discovering "/home/afdal/Laboratorium/PROJECT/extensionadminaksent/src/components"
2026-05-08T11:16:07.203160Z  INFO get_files:scan_sources: tailwindcss_oxide::scanner: Discovering "/home/afdal/Laboratorium/PROJECT/extensionadminaksent/src/components/customer"
2026-05-08T11:16:07.203253Z  INFO get_files:scan_sources: tailwindcss_oxide::scanner: Discovering "/home/afdal/Laboratorium/PROJECT/extensionadminaksent/src/components/input"
2026-05-08T11:16:07.203346Z  INFO get_files:scan_sources: tailwindcss_oxide::scanner: Discovering "/home/afdal/Laboratorium/PROJECT/extensionadminaksent/src/components/layout"
2026-05-08T11:16:07.203420Z  INFO get_files:scan_sources: tailwindcss_oxide::scanner: Discovering "/home/afdal/Laboratorium/PROJECT/extensionadminaksent/src/components/list"
2026-05-08T11:16:07.203536Z  INFO get_files:scan_sources: tailwindcss_oxide::scanner: Discovering "/home/afdal/Laboratorium/PROJECT/extensionadminaksent/src/components/toolbars"
2026-05-08T11:16:07.203645Z  INFO get_files:scan_sources: tailwindcss_oxide::scanner: Discovering "/home/afdal/Laboratorium/PROJECT/extensionadminaksent/src/theme"
2026-05-08T11:16:07.203739Z  INFO get_files:scan_sources: tailwindcss_oxide::scanner: Discovering "/home/afdal/Laboratorium/PROJECT/extensionadminaksent/src/utils"
2026-05-08T11:16:07.203871Z  INFO get_files:scan_sources: tailwindcss_oxide::scanner: Discovering "/home/afdal/Laboratorium/PROJECT/extensionadminaksent/src/databases"
2026-05-08T11:16:07.203937Z  INFO get_files:scan_sources: tailwindcss_oxide::scanner: Discovering "/home/afdal/Laboratorium/PROJECT/extensionadminaksent/src/databases/migrations"
2026-05-08T11:16:07.204033Z  INFO get_files:scan_sources: tailwindcss_oxide::scanner: Discovering "/home/afdal/Laboratorium/PROJECT/extensionadminaksent/src/databases/entities"
2026-05-08T11:16:07.204130Z  INFO get_files:scan_sources: tailwindcss_oxide::scanner: Discovering "/home/afdal/Laboratorium/PROJECT/extensionadminaksent/src/types"
2026-05-08T11:16:07.204195Z  INFO get_files:scan_sources: tailwindcss_oxide::scanner: Discovering "/home/afdal/Laboratorium/PROJECT/extensionadminaksent/src/pages"
2026-05-08T11:16:07.204247Z  INFO get_files:scan_sources: tailwindcss_oxide::scanner: Discovering "/home/afdal/Laboratorium/PROJECT/extensionadminaksent/src/pages/Customer"
2026-05-08T11:16:07.204335Z  INFO get_files:scan_sources: tailwindcss_oxide::scanner: Discovering "/home/afdal/Laboratorium/PROJECT/extensionadminaksent/src/pages/Home"
2026-05-08T11:16:07.204414Z  INFO get_files:scan_sources: tailwindcss_oxide::scanner: Discovering "/home/afdal/Laboratorium/PROJECT/extensionadminaksent/src/pages/Validation"
2026-05-08T11:16:07.204490Z  INFO get_files:scan_sources: tailwindcss_oxide::scanner: Discovering "/home/afdal/Laboratorium/PROJECT/extensionadminaksent/src/pages/Unpaid"
2026-05-08T11:16:07.204570Z  INFO get_files:scan_sources: tailwindcss_oxide::scanner: Discovering "/home/afdal/Laboratorium/PROJECT/extensionadminaksent/src/pages/Payment"
2026-05-08T11:16:07.204654Z  INFO get_files:scan_sources: tailwindcss_oxide::scanner: Discovering "/home/afdal/Laboratorium/PROJECT/extensionadminaksent/src/context"
2026-05-08T11:16:07.204856Z  INFO get_files:scan_sources: tailwindcss_oxide::scanner: Discovering "/home/afdal/Laboratorium/PROJECT/extensionadminaksent/public"
2026-05-08T11:16:07.204931Z  INFO get_files:scan_sources: tailwindcss_oxide::scanner: Discovering "/home/afdal/Laboratorium/PROJECT/extensionadminaksent/public/assets"
2026-05-08T11:16:07.205128Z  INFO get_files:scan_sources: tailwindcss_oxide::scanner: Discovering "/home/afdal/Laboratorium/PROJECT/extensionadminaksent/android"
2026-05-08T11:16:07.205502Z  INFO get_files:scan_sources: tailwindcss_oxide::scanner: Discovering "/home/afdal/Laboratorium/PROJECT/extensionadminaksent/android/.kotlin"
2026-05-08T11:16:07.205589Z  INFO get_files:scan_sources: tailwindcss_oxide::scanner: Discovering "/home/afdal/Laboratorium/PROJECT/extensionadminaksent/android/.kotlin/sessions"
2026-05-08T11:16:07.205836Z  INFO get_files:scan_sources: tailwindcss_oxide::scanner: Discovering "/home/afdal/Laboratorium/PROJECT/extensionadminaksent/android/gradle"
2026-05-08T11:16:07.205910Z  INFO get_files:scan_sources: tailwindcss_oxide::scanner: Discovering "/home/afdal/Laboratorium/PROJECT/extensionadminaksent/android/gradle/wrapper"
2026-05-08T11:16:07.206009Z  INFO get_files:scan_sources: tailwindcss_oxide::scanner: Discovering "/home/afdal/Laboratorium/PROJECT/extensionadminaksent/android/app"
2026-05-08T11:16:07.206177Z  INFO get_files:scan_sources: tailwindcss_oxide::scanner: Discovering "/home/afdal/Laboratorium/PROJECT/extensionadminaksent/android/app/src"
2026-05-08T11:16:07.206264Z  INFO get_files:scan_sources: tailwindcss_oxide::scanner: Discovering "/home/afdal/Laboratorium/PROJECT/extensionadminaksent/android/app/src/main"
2026-05-08T11:16:07.206346Z  INFO get_files:scan_sources: tailwindcss_oxide::scanner: Discovering "/home/afdal/Laboratorium/PROJECT/extensionadminaksent/android/app/src/main/res"
2026-05-08T11:16:07.206422Z  INFO get_files:scan_sources: tailwindcss_oxide::scanner: Discovering "/home/afdal/Laboratorium/PROJECT/extensionadminaksent/android/app/src/main/res/drawable-land-xhdpi"
2026-05-08T11:16:07.206504Z  INFO get_files:scan_sources: tailwindcss_oxide::scanner: Discovering "/home/afdal/Laboratorium/PROJECT/extensionadminaksent/android/app/src/main/res/drawable-land-xxhdpi"
2026-05-08T11:16:07.206577Z  INFO get_files:scan_sources: tailwindcss_oxide::scanner: Discovering "/home/afdal/Laboratorium/PROJECT/extensionadminaksent/android/app/src/main/res/drawable-v24"
2026-05-08T11:16:07.206657Z  INFO get_files:scan_sources: tailwindcss_oxide::scanner: Discovering "/home/afdal/Laboratorium/PROJECT/extensionadminaksent/android/app/src/main/res/drawable-port-xxxhdpi"
2026-05-08T11:16:07.206727Z  INFO get_files:scan_sources: tailwindcss_oxide::scanner: Discovering "/home/afdal/Laboratorium/PROJECT/extensionadminaksent/android/app/src/main/res/drawable-land-xxxhdpi"
2026-05-08T11:16:07.206801Z  INFO get_files:scan_sources: tailwindcss_oxide::scanner: Discovering "/home/afdal/Laboratorium/PROJECT/extensionadminaksent/android/app/src/main/res/drawable-port-xxhdpi"
2026-05-08T11:16:07.206876Z  INFO get_files:scan_sources: tailwindcss_oxide::scanner: Discovering "/home/afdal/Laboratorium/PROJECT/extensionadminaksent/android/app/src/main/res/mipmap-hdpi"
2026-05-08T11:16:07.206961Z  INFO get_files:scan_sources: tailwindcss_oxide::scanner: Discovering "/home/afdal/Laboratorium/PROJECT/extensionadminaksent/android/app/src/main/res/drawable-land-hdpi"
2026-05-08T11:16:07.207033Z  INFO get_files:scan_sources: tailwindcss_oxide::scanner: Discovering "/home/afdal/Laboratorium/PROJECT/extensionadminaksent/android/app/src/main/res/xml"
2026-05-08T11:16:07.207122Z  INFO get_files:scan_sources: tailwindcss_oxide::scanner: Discovering "/home/afdal/Laboratorium/PROJECT/extensionadminaksent/android/app/src/main/res/mipmap-xhdpi"
2026-05-08T11:16:07.207235Z  INFO get_files:scan_sources: tailwindcss_oxide::scanner: Discovering "/home/afdal/Laboratorium/PROJECT/extensionadminaksent/android/app/src/main/res/drawable-land-mdpi"
2026-05-08T11:16:07.207456Z  INFO get_files:scan_sources: tailwindcss_oxide::scanner: Discovering "/home/afdal/Laboratorium/PROJECT/extensionadminaksent/android/app/src/main/res/drawable-port-hdpi"
2026-05-08T11:16:07.207598Z  INFO get_files:scan_sources: tailwindcss_oxide::scanner: Discovering "/home/afdal/Laboratorium/PROJECT/extensionadminaksent/android/app/src/main/res/mipmap-xxhdpi"
2026-05-08T11:16:07.207741Z  INFO get_files:scan_sources: tailwindcss_oxide::scanner: Discovering "/home/afdal/Laboratorium/PROJECT/extensionadminaksent/android/app/src/main/res/mipmap-mdpi"
2026-05-08T11:16:07.207834Z  INFO get_files:scan_sources: tailwindcss_oxide::scanner: Discovering "/home/afdal/Laboratorium/PROJECT/extensionadminaksent/android/app/src/main/res/drawable"
2026-05-08T11:16:07.207934Z  INFO get_files:scan_sources: tailwindcss_oxide::scanner: Discovering "/home/afdal/Laboratorium/PROJECT/extensionadminaksent/android/app/src/main/res/drawable-port-xhdpi"
2026-05-08T11:16:07.208013Z  INFO get_files:scan_sources: tailwindcss_oxide::scanner: Discovering "/home/afdal/Laboratorium/PROJECT/extensionadminaksent/android/app/src/main/res/mipmap-xxxhdpi"
2026-05-08T11:16:07.208099Z  INFO get_files:scan_sources: tailwindcss_oxide::scanner: Discovering "/home/afdal/Laboratorium/PROJECT/extensionadminaksent/android/app/src/main/res/layout"
2026-05-08T11:16:07.208205Z  INFO get_files:scan_sources: tailwindcss_oxide::scanner: Discovering "/home/afdal/Laboratorium/PROJECT/extensionadminaksent/android/app/src/main/res/mipmap-anydpi-v26"
2026-05-08T11:16:07.208308Z  INFO get_files:scan_sources: tailwindcss_oxide::scanner: Discovering "/home/afdal/Laboratorium/PROJECT/extensionadminaksent/android/app/src/main/res/drawable-port-mdpi"
2026-05-08T11:16:07.208390Z  INFO get_files:scan_sources: tailwindcss_oxide::scanner: Discovering "/home/afdal/Laboratorium/PROJECT/extensionadminaksent/android/app/src/main/res/values"
2026-05-08T11:16:07.208915Z  INFO get_files:scan_sources: tailwindcss_oxide::scanner: Discovering "/home/afdal/Laboratorium/PROJECT/extensionadminaksent/android/app/src/main/java"
2026-05-08T11:16:07.209061Z  INFO get_files:scan_sources: tailwindcss_oxide::scanner: Discovering "/home/afdal/Laboratorium/PROJECT/extensionadminaksent/android/app/src/main/java/io"
2026-05-08T11:16:07.209133Z  INFO get_files:scan_sources: tailwindcss_oxide::scanner: Discovering "/home/afdal/Laboratorium/PROJECT/extensionadminaksent/android/app/src/main/java/io/ionic"
2026-05-08T11:16:07.209219Z  INFO get_files:scan_sources: tailwindcss_oxide::scanner: Discovering "/home/afdal/Laboratorium/PROJECT/extensionadminaksent/android/app/src/main/java/io/ionic/starter"
2026-05-08T11:16:07.209390Z  INFO get_files:scan_sources: tailwindcss_oxide::scanner: Discovering "/home/afdal/Laboratorium/PROJECT/extensionadminaksent/android/app/src/main/assets"
2026-05-08T11:16:07.209582Z  INFO get_files:scan_sources: tailwindcss_oxide::scanner: Discovering "/home/afdal/Laboratorium/PROJECT/extensionadminaksent/android/app/src/androidTest"
2026-05-08T11:16:07.209740Z  INFO get_files:scan_sources: tailwindcss_oxide::scanner: Discovering "/home/afdal/Laboratorium/PROJECT/extensionadminaksent/android/app/src/androidTest/java"
2026-05-08T11:16:07.209828Z  INFO get_files:scan_sources: tailwindcss_oxide::scanner: Discovering "/home/afdal/Laboratorium/PROJECT/extensionadminaksent/android/app/src/androidTest/java/com"
2026-05-08T11:16:07.210310Z  INFO get_files:scan_sources: tailwindcss_oxide::scanner: Discovering "/home/afdal/Laboratorium/PROJECT/extensionadminaksent/android/app/src/androidTest/java/com/getcapacitor"
2026-05-08T11:16:07.210554Z  INFO get_files:scan_sources: tailwindcss_oxide::scanner: Discovering "/home/afdal/Laboratorium/PROJECT/extensionadminaksent/android/app/src/androidTest/java/com/getcapacitor/myapp"
2026-05-08T11:16:07.211080Z  INFO get_files:scan_sources: tailwindcss_oxide::scanner: Discovering "/home/afdal/Laboratorium/PROJECT/extensionadminaksent/android/app/src/test"
2026-05-08T11:16:07.211634Z  INFO get_files:scan_sources: tailwindcss_oxide::scanner: Discovering "/home/afdal/Laboratorium/PROJECT/extensionadminaksent/android/app/src/test/java"
2026-05-08T11:16:07.211977Z  INFO get_files:scan_sources: tailwindcss_oxide::scanner: Discovering "/home/afdal/Laboratorium/PROJECT/extensionadminaksent/android/app/src/test/java/com"
2026-05-08T11:16:07.212200Z  INFO get_files:scan_sources: tailwindcss_oxide::scanner: Discovering "/home/afdal/Laboratorium/PROJECT/extensionadminaksent/android/app/src/test/java/com/getcapacitor"
2026-05-08T11:16:07.212375Z  INFO get_files:scan_sources: tailwindcss_oxide::scanner: Discovering "/home/afdal/Laboratorium/PROJECT/extensionadminaksent/android/app/src/test/java/com/getcapacitor/myapp"
2026-05-08T11:16:07.213058Z  INFO get_files:scan_sources: tailwindcss_oxide::scanner: exit
2026-05-08T11:16:07.213224Z  INFO get_files: tailwindcss_oxide::scanner: exit
2026-05-08T11:16:07.213480Z  INFO get_globs: tailwindcss_oxide::scanner: enter
2026-05-08T11:16:07.213517Z  INFO get_globs: tailwindcss_oxide::scanner: exit
2026-05-08T11:16:26.613733Z  INFO scan_sources: tailwindcss_oxide::scanner: enter
2026-05-08T11:16:26.625849Z  INFO scan_sources: tailwindcss_oxide::scanner: Discovering "/home/afdal/Laboratorium/PROJECT/extensionadminaksent/scripts"
2026-05-08T11:16:26.631509Z  INFO scan_sources: tailwindcss_oxide::scanner: Discovering "/home/afdal/Laboratorium/PROJECT/extensionadminaksent/cypress"
2026-05-08T11:16:26.632335Z  INFO scan_sources: tailwindcss_oxide::scanner: Discovering "/home/afdal/Laboratorium/PROJECT/extensionadminaksent/cypress/fixtures"
2026-05-08T11:16:26.636530Z  INFO scan_sources: tailwindcss_oxide::scanner: Discovering "/home/afdal/Laboratorium/PROJECT/extensionadminaksent/cypress/e2e"
2026-05-08T11:16:26.641681Z  INFO scan_sources: tailwindcss_oxide::scanner: Discovering "/home/afdal/Laboratorium/PROJECT/extensionadminaksent/cypress/support"
2026-05-08T11:16:26.642126Z  INFO scan_sources: tailwindcss_oxide::scanner: Discovering "/home/afdal/Laboratorium/PROJECT/extensionadminaksent/.vscode"
2026-05-08T11:16:26.642356Z  INFO scan_sources: tailwindcss_oxide::scanner: Discovering "/home/afdal/Laboratorium/PROJECT/extensionadminaksent/src"
2026-05-08T11:16:26.642431Z  INFO scan_sources: tailwindcss_oxide::scanner: Discovering "/home/afdal/Laboratorium/PROJECT/extensionadminaksent/src/hook"
2026-05-08T11:16:26.650952Z  INFO scan_sources: tailwindcss_oxide::scanner: Discovering "/home/afdal/Laboratorium/PROJECT/extensionadminaksent/src/hook/requests"
2026-05-08T11:16:26.651623Z  INFO scan_sources: tailwindcss_oxide::scanner: Discovering "/home/afdal/Laboratorium/PROJECT/extensionadminaksent/src/hook/requests/customer.ts"
2026-05-08T11:16:26.651719Z  INFO scan_sources: tailwindcss_oxide::scanner: Discovering "/home/afdal/Laboratorium/PROJECT/extensionadminaksent/src/components"
2026-05-08T11:16:26.653009Z  INFO scan_sources: tailwindcss_oxide::scanner: Discovering "/home/afdal/Laboratorium/PROJECT/extensionadminaksent/src/components/customer"
2026-05-08T11:16:26.655888Z  INFO scan_sources: tailwindcss_oxide::scanner: Discovering "/home/afdal/Laboratorium/PROJECT/extensionadminaksent/src/components/input"
2026-05-08T11:16:26.656294Z  INFO scan_sources: tailwindcss_oxide::scanner: Discovering "/home/afdal/Laboratorium/PROJECT/extensionadminaksent/src/components/layout"
2026-05-08T11:16:26.656582Z  INFO scan_sources: tailwindcss_oxide::scanner: Discovering "/home/afdal/Laboratorium/PROJECT/extensionadminaksent/src/components/list"
2026-05-08T11:16:26.657434Z  INFO scan_sources: tailwindcss_oxide::scanner: Discovering "/home/afdal/Laboratorium/PROJECT/extensionadminaksent/src/components/toolbars"
2026-05-08T11:16:26.659928Z  INFO scan_sources: tailwindcss_oxide::scanner: Discovering "/home/afdal/Laboratorium/PROJECT/extensionadminaksent/src/theme"
2026-05-08T11:16:26.660373Z  INFO scan_sources: tailwindcss_oxide::scanner: Discovering "/home/afdal/Laboratorium/PROJECT/extensionadminaksent/src/utils"
2026-05-08T11:16:26.660789Z  INFO scan_sources: tailwindcss_oxide::scanner: Discovering "/home/afdal/Laboratorium/PROJECT/extensionadminaksent/src/databases"
2026-05-08T11:16:26.661177Z  INFO scan_sources: tailwindcss_oxide::scanner: Discovering "/home/afdal/Laboratorium/PROJECT/extensionadminaksent/src/databases/migrations"
2026-05-08T11:16:26.661555Z  INFO scan_sources: tailwindcss_oxide::scanner: Discovering "/home/afdal/Laboratorium/PROJECT/extensionadminaksent/src/databases/entities"
2026-05-08T11:16:26.661890Z  INFO scan_sources: tailwindcss_oxide::scanner: Discovering "/home/afdal/Laboratorium/PROJECT/extensionadminaksent/src/types"
2026-05-08T11:16:26.663429Z  INFO scan_sources: tailwindcss_oxide::scanner: Discovering "/home/afdal/Laboratorium/PROJECT/extensionadminaksent/src/pages"
2026-05-08T11:16:26.664080Z  INFO scan_sources: tailwindcss_oxide::scanner: Discovering "/home/afdal/Laboratorium/PROJECT/extensionadminaksent/src/pages/Customer"
2026-05-08T11:16:26.664523Z  INFO scan_sources: tailwindcss_oxide::scanner: Discovering "/home/afdal/Laboratorium/PROJECT/extensionadminaksent/src/pages/Home"
2026-05-08T11:16:26.664863Z  INFO scan_sources: tailwindcss_oxide::scanner: Discovering "/home/afdal/Laboratorium/PROJECT/extensionadminaksent/src/pages/Validation"
2026-05-08T11:16:26.664968Z  INFO scan_sources: tailwindcss_oxide::scanner: Discovering "/home/afdal/Laboratorium/PROJECT/extensionadminaksent/src/pages/Unpaid"
2026-05-08T11:16:26.665053Z  INFO scan_sources: tailwindcss_oxide::scanner: Discovering "/home/afdal/Laboratorium/PROJECT/extensionadminaksent/src/pages/Payment"
2026-05-08T11:16:26.665154Z  INFO scan_sources: tailwindcss_oxide::scanner: Discovering "/home/afdal/Laboratorium/PROJECT/extensionadminaksent/src/context"
2026-05-08T11:16:26.665408Z  INFO scan_sources: tailwindcss_oxide::scanner: Discovering "/home/afdal/Laboratorium/PROJECT/extensionadminaksent/public"
2026-05-08T11:16:26.666363Z  INFO scan_sources: tailwindcss_oxide::scanner: Discovering "/home/afdal/Laboratorium/PROJECT/extensionadminaksent/public/assets"
2026-05-08T11:16:26.666872Z  INFO scan_sources: tailwindcss_oxide::scanner: Discovering "/home/afdal/Laboratorium/PROJECT/extensionadminaksent/android"
2026-05-08T11:16:26.667841Z  INFO scan_sources: tailwindcss_oxide::scanner: Discovering "/home/afdal/Laboratorium/PROJECT/extensionadminaksent/android/.kotlin"
2026-05-08T11:16:26.668289Z  INFO scan_sources: tailwindcss_oxide::scanner: Discovering "/home/afdal/Laboratorium/PROJECT/extensionadminaksent/android/.kotlin/sessions"
2026-05-08T11:16:26.668741Z  INFO scan_sources: tailwindcss_oxide::scanner: Discovering "/home/afdal/Laboratorium/PROJECT/extensionadminaksent/android/gradle"
2026-05-08T11:16:26.669042Z  INFO scan_sources: tailwindcss_oxide::scanner: Discovering "/home/afdal/Laboratorium/PROJECT/extensionadminaksent/android/gradle/wrapper"
2026-05-08T11:16:26.669364Z  INFO scan_sources: tailwindcss_oxide::scanner: Discovering "/home/afdal/Laboratorium/PROJECT/extensionadminaksent/android/app"
2026-05-08T11:16:26.669762Z  INFO scan_sources: tailwindcss_oxide::scanner: Discovering "/home/afdal/Laboratorium/PROJECT/extensionadminaksent/android/app/src"
2026-05-08T11:16:26.669957Z  INFO scan_sources: tailwindcss_oxide::scanner: Discovering "/home/afdal/Laboratorium/PROJECT/extensionadminaksent/android/app/src/main"
2026-05-08T11:16:26.671934Z  INFO scan_sources: tailwindcss_oxide::scanner: Discovering "/home/afdal/Laboratorium/PROJECT/extensionadminaksent/android/app/src/main/res"
2026-05-08T11:16:26.672081Z  INFO scan_sources: tailwindcss_oxide::scanner: Discovering "/home/afdal/Laboratorium/PROJECT/extensionadminaksent/android/app/src/main/res/drawable-land-xhdpi"
2026-05-08T11:16:26.672171Z  INFO scan_sources: tailwindcss_oxide::scanner: Discovering "/home/afdal/Laboratorium/PROJECT/extensionadminaksent/android/app/src/main/res/drawable-land-xxhdpi"
2026-05-08T11:16:26.672250Z  INFO scan_sources: tailwindcss_oxide::scanner: Discovering "/home/afdal/Laboratorium/PROJECT/extensionadminaksent/android/app/src/main/res/drawable-v24"
2026-05-08T11:16:26.672343Z  INFO scan_sources: tailwindcss_oxide::scanner: Discovering "/home/afdal/Laboratorium/PROJECT/extensionadminaksent/android/app/src/main/res/drawable-port-xxxhdpi"
2026-05-08T11:16:26.672418Z  INFO scan_sources: tailwindcss_oxide::scanner: Discovering "/home/afdal/Laboratorium/PROJECT/extensionadminaksent/android/app/src/main/res/drawable-land-xxxhdpi"
2026-05-08T11:16:26.672512Z  INFO scan_sources: tailwindcss_oxide::scanner: Discovering "/home/afdal/Laboratorium/PROJECT/extensionadminaksent/android/app/src/main/res/drawable-port-xxhdpi"
2026-05-08T11:16:26.672598Z  INFO scan_sources: tailwindcss_oxide::scanner: Discovering "/home/afdal/Laboratorium/PROJECT/extensionadminaksent/android/app/src/main/res/mipmap-hdpi"
2026-05-08T11:16:26.672684Z  INFO scan_sources: tailwindcss_oxide::scanner: Discovering "/home/afdal/Laboratorium/PROJECT/extensionadminaksent/android/app/src/main/res/drawable-land-hdpi"
2026-05-08T11:16:26.672758Z  INFO scan_sources: tailwindcss_oxide::scanner: Discovering "/home/afdal/Laboratorium/PROJECT/extensionadminaksent/android/app/src/main/res/xml"
2026-05-08T11:16:26.672850Z  INFO scan_sources: tailwindcss_oxide::scanner: Discovering "/home/afdal/Laboratorium/PROJECT/extensionadminaksent/android/app/src/main/res/mipmap-xhdpi"
2026-05-08T11:16:26.672932Z  INFO scan_sources: tailwindcss_oxide::scanner: Discovering "/home/afdal/Laboratorium/PROJECT/extensionadminaksent/android/app/src/main/res/drawable-land-mdpi"
2026-05-08T11:16:26.673005Z  INFO scan_sources: tailwindcss_oxide::scanner: Discovering "/home/afdal/Laboratorium/PROJECT/extensionadminaksent/android/app/src/main/res/drawable-port-hdpi"
2026-05-08T11:16:26.673076Z  INFO scan_sources: tailwindcss_oxide::scanner: Discovering "/home/afdal/Laboratorium/PROJECT/extensionadminaksent/android/app/src/main/res/mipmap-xxhdpi"
2026-05-08T11:16:26.673157Z  INFO scan_sources: tailwindcss_oxide::scanner: Discovering "/home/afdal/Laboratorium/PROJECT/extensionadminaksent/android/app/src/main/res/mipmap-mdpi"
2026-05-08T11:16:26.673249Z  INFO scan_sources: tailwindcss_oxide::scanner: Discovering "/home/afdal/Laboratorium/PROJECT/extensionadminaksent/android/app/src/main/res/drawable"
2026-05-08T11:16:26.673338Z  INFO scan_sources: tailwindcss_oxide::scanner: Discovering "/home/afdal/Laboratorium/PROJECT/extensionadminaksent/android/app/src/main/res/drawable-port-xhdpi"
2026-05-08T11:16:26.673408Z  INFO scan_sources: tailwindcss_oxide::scanner: Discovering "/home/afdal/Laboratorium/PROJECT/extensionadminaksent/android/app/src/main/res/mipmap-xxxhdpi"
2026-05-08T11:16:26.676183Z  INFO scan_sources: tailwindcss_oxide::scanner: Discovering "/home/afdal/Laboratorium/PROJECT/extensionadminaksent/android/app/src/main/res/layout"
2026-05-08T11:16:26.676715Z  INFO scan_sources: tailwindcss_oxide::scanner: Discovering "/home/afdal/Laboratorium/PROJECT/extensionadminaksent/android/app/src/main/res/mipmap-anydpi-v26"
2026-05-08T11:16:26.677138Z  INFO scan_sources: tailwindcss_oxide::scanner: Discovering "/home/afdal/Laboratorium/PROJECT/extensionadminaksent/android/app/src/main/res/drawable-port-mdpi"
2026-05-08T11:16:26.677418Z  INFO scan_sources: tailwindcss_oxide::scanner: Discovering "/home/afdal/Laboratorium/PROJECT/extensionadminaksent/android/app/src/main/res/values"
2026-05-08T11:16:26.677940Z  INFO scan_sources: tailwindcss_oxide::scanner: Discovering "/home/afdal/Laboratorium/PROJECT/extensionadminaksent/android/app/src/main/java"
2026-05-08T11:16:26.678680Z  INFO scan_sources: tailwindcss_oxide::scanner: Discovering "/home/afdal/Laboratorium/PROJECT/extensionadminaksent/android/app/src/main/java/io"
2026-05-08T11:16:26.680756Z  INFO scan_sources: tailwindcss_oxide::scanner: Discovering "/home/afdal/Laboratorium/PROJECT/extensionadminaksent/android/app/src/main/java/io/ionic"
2026-05-08T11:16:26.681130Z  INFO scan_sources: tailwindcss_oxide::scanner: Discovering "/home/afdal/Laboratorium/PROJECT/extensionadminaksent/android/app/src/main/java/io/ionic/starter"
2026-05-08T11:16:26.682220Z  INFO scan_sources: tailwindcss_oxide::scanner: Discovering "/home/afdal/Laboratorium/PROJECT/extensionadminaksent/android/app/src/main/assets"
2026-05-08T11:16:26.684043Z  INFO scan_sources: tailwindcss_oxide::scanner: Discovering "/home/afdal/Laboratorium/PROJECT/extensionadminaksent/android/app/src/androidTest"
2026-05-08T11:16:26.686829Z  INFO scan_sources: tailwindcss_oxide::scanner: Discovering "/home/afdal/Laboratorium/PROJECT/extensionadminaksent/android/app/src/androidTest/java"
2026-05-08T11:16:26.686928Z  INFO scan_sources: tailwindcss_oxide::scanner: Discovering "/home/afdal/Laboratorium/PROJECT/extensionadminaksent/android/app/src/androidTest/java/com"
2026-05-08T11:16:26.686999Z  INFO scan_sources: tailwindcss_oxide::scanner: Discovering "/home/afdal/Laboratorium/PROJECT/extensionadminaksent/android/app/src/androidTest/java/com/getcapacitor"
2026-05-08T11:16:26.687076Z  INFO scan_sources: tailwindcss_oxide::scanner: Discovering "/home/afdal/Laboratorium/PROJECT/extensionadminaksent/android/app/src/androidTest/java/com/getcapacitor/myapp"
2026-05-08T11:16:26.687202Z  INFO scan_sources: tailwindcss_oxide::scanner: Discovering "/home/afdal/Laboratorium/PROJECT/extensionadminaksent/android/app/src/test"
2026-05-08T11:16:26.687268Z  INFO scan_sources: tailwindcss_oxide::scanner: Discovering "/home/afdal/Laboratorium/PROJECT/extensionadminaksent/android/app/src/test/java"
2026-05-08T11:16:26.687334Z  INFO scan_sources: tailwindcss_oxide::scanner: Discovering "/home/afdal/Laboratorium/PROJECT/extensionadminaksent/android/app/src/test/java/com"
2026-05-08T11:16:26.687402Z  INFO scan_sources: tailwindcss_oxide::scanner: Discovering "/home/afdal/Laboratorium/PROJECT/extensionadminaksent/android/app/src/test/java/com/getcapacitor"
2026-05-08T11:16:26.690283Z  INFO scan_sources: tailwindcss_oxide::scanner: Discovering "/home/afdal/Laboratorium/PROJECT/extensionadminaksent/android/app/src/test/java/com/getcapacitor/myapp"
2026-05-08T11:16:26.693193Z  INFO scan_sources: tailwindcss_oxide::scanner: exit
2026-05-08T11:16:26.696640Z  INFO extract_candidates: tailwindcss_oxide::scanner: enter
2026-05-08T11:16:26.696957Z  INFO extract_candidates:read_all_files: tailwindcss_oxide::scanner: enter
2026-05-08T11:16:26.697154Z  INFO extract_candidates:read_all_files: tailwindcss_oxide::scanner: Reading 1 file(s)
2026-05-08T11:16:26.697434Z  INFO extract_candidates:read_all_files: tailwindcss_oxide::scanner: Reading "/home/afdal/Laboratorium/PROJECT/extensionadminaksent/src/hook/requests/customer.ts"
2026-05-08T11:16:26.697463Z  INFO extract_candidates:read_all_files: tailwindcss_oxide::scanner: exit
2026-05-08T11:16:26.697487Z  INFO extract_candidates:parse_all_blobs: tailwindcss_oxide::scanner: enter
2026-05-08T11:16:26.697504Z  INFO extract_candidates:parse_all_blobs:extract: tailwindcss_oxide::scanner: enter
2026-05-08T11:16:26.700256Z  INFO extract_candidates:parse_all_blobs:extract: tailwindcss_oxide::scanner: exit
2026-05-08T11:16:26.700600Z  INFO extract_candidates:parse_all_blobs: tailwindcss_oxide::scanner: exit
2026-05-08T11:16:26.704464Z  INFO extract_candidates: tailwindcss_oxide::scanner: exit
2026-05-08T11:16:26.713924Z  INFO get_files: tailwindcss_oxide::scanner: enter
2026-05-08T11:16:26.713987Z  INFO get_files:scan_sources: tailwindcss_oxide::scanner: enter
2026-05-08T11:16:26.718140Z  INFO get_files:scan_sources: tailwindcss_oxide::scanner: Discovering "/home/afdal/Laboratorium/PROJECT/extensionadminaksent/scripts"
2026-05-08T11:16:26.718284Z  INFO get_files:scan_sources: tailwindcss_oxide::scanner: Discovering "/home/afdal/Laboratorium/PROJECT/extensionadminaksent/cypress"
2026-05-08T11:16:26.718355Z  INFO get_files:scan_sources: tailwindcss_oxide::scanner: Discovering "/home/afdal/Laboratorium/PROJECT/extensionadminaksent/cypress/fixtures"
2026-05-08T11:16:26.718439Z  INFO get_files:scan_sources: tailwindcss_oxide::scanner: Discovering "/home/afdal/Laboratorium/PROJECT/extensionadminaksent/cypress/e2e"
2026-05-08T11:16:26.718540Z  INFO get_files:scan_sources: tailwindcss_oxide::scanner: Discovering "/home/afdal/Laboratorium/PROJECT/extensionadminaksent/cypress/support"
2026-05-08T11:16:26.718652Z  INFO get_files:scan_sources: tailwindcss_oxide::scanner: Discovering "/home/afdal/Laboratorium/PROJECT/extensionadminaksent/.vscode"
2026-05-08T11:16:26.718807Z  INFO get_files:scan_sources: tailwindcss_oxide::scanner: Discovering "/home/afdal/Laboratorium/PROJECT/extensionadminaksent/src"
2026-05-08T11:16:26.718877Z  INFO get_files:scan_sources: tailwindcss_oxide::scanner: Discovering "/home/afdal/Laboratorium/PROJECT/extensionadminaksent/src/hook"
2026-05-08T11:16:26.718956Z  INFO get_files:scan_sources: tailwindcss_oxide::scanner: Discovering "/home/afdal/Laboratorium/PROJECT/extensionadminaksent/src/hook/requests"
2026-05-08T11:16:26.719053Z  INFO get_files:scan_sources: tailwindcss_oxide::scanner: Discovering "/home/afdal/Laboratorium/PROJECT/extensionadminaksent/src/components"
2026-05-08T11:16:26.719136Z  INFO get_files:scan_sources: tailwindcss_oxide::scanner: Discovering "/home/afdal/Laboratorium/PROJECT/extensionadminaksent/src/components/customer"
2026-05-08T11:16:26.719248Z  INFO get_files:scan_sources: tailwindcss_oxide::scanner: Discovering "/home/afdal/Laboratorium/PROJECT/extensionadminaksent/src/components/input"
2026-05-08T11:16:26.719360Z  INFO get_files:scan_sources: tailwindcss_oxide::scanner: Discovering "/home/afdal/Laboratorium/PROJECT/extensionadminaksent/src/components/layout"
2026-05-08T11:16:26.719440Z  INFO get_files:scan_sources: tailwindcss_oxide::scanner: Discovering "/home/afdal/Laboratorium/PROJECT/extensionadminaksent/src/components/list"
2026-05-08T11:16:26.719565Z  INFO get_files:scan_sources: tailwindcss_oxide::scanner: Discovering "/home/afdal/Laboratorium/PROJECT/extensionadminaksent/src/components/toolbars"
2026-05-08T11:16:26.719671Z  INFO get_files:scan_sources: tailwindcss_oxide::scanner: Discovering "/home/afdal/Laboratorium/PROJECT/extensionadminaksent/src/theme"
2026-05-08T11:16:26.719785Z  INFO get_files:scan_sources: tailwindcss_oxide::scanner: Discovering "/home/afdal/Laboratorium/PROJECT/extensionadminaksent/src/utils"
2026-05-08T11:16:26.719990Z  INFO get_files:scan_sources: tailwindcss_oxide::scanner: Discovering "/home/afdal/Laboratorium/PROJECT/extensionadminaksent/src/databases"
2026-05-08T11:16:26.720069Z  INFO get_files:scan_sources: tailwindcss_oxide::scanner: Discovering "/home/afdal/Laboratorium/PROJECT/extensionadminaksent/src/databases/migrations"
2026-05-08T11:16:26.720177Z  INFO get_files:scan_sources: tailwindcss_oxide::scanner: Discovering "/home/afdal/Laboratorium/PROJECT/extensionadminaksent/src/databases/entities"
2026-05-08T11:16:26.720290Z  INFO get_files:scan_sources: tailwindcss_oxide::scanner: Discovering "/home/afdal/Laboratorium/PROJECT/extensionadminaksent/src/types"
2026-05-08T11:16:26.720370Z  INFO get_files:scan_sources: tailwindcss_oxide::scanner: Discovering "/home/afdal/Laboratorium/PROJECT/extensionadminaksent/src/pages"
2026-05-08T11:16:26.720432Z  INFO get_files:scan_sources: tailwindcss_oxide::scanner: Discovering "/home/afdal/Laboratorium/PROJECT/extensionadminaksent/src/pages/Customer"
2026-05-08T11:16:26.720543Z  INFO get_files:scan_sources: tailwindcss_oxide::scanner: Discovering "/home/afdal/Laboratorium/PROJECT/extensionadminaksent/src/pages/Home"
2026-05-08T11:16:26.720641Z  INFO get_files:scan_sources: tailwindcss_oxide::scanner: Discovering "/home/afdal/Laboratorium/PROJECT/extensionadminaksent/src/pages/Validation"
2026-05-08T11:16:26.720724Z  INFO get_files:scan_sources: tailwindcss_oxide::scanner: Discovering "/home/afdal/Laboratorium/PROJECT/extensionadminaksent/src/pages/Unpaid"
2026-05-08T11:16:26.720804Z  INFO get_files:scan_sources: tailwindcss_oxide::scanner: Discovering "/home/afdal/Laboratorium/PROJECT/extensionadminaksent/src/pages/Payment"
2026-05-08T11:16:26.720904Z  INFO get_files:scan_sources: tailwindcss_oxide::scanner: Discovering "/home/afdal/Laboratorium/PROJECT/extensionadminaksent/src/context"
2026-05-08T11:16:26.721162Z  INFO get_files:scan_sources: tailwindcss_oxide::scanner: Discovering "/home/afdal/Laboratorium/PROJECT/extensionadminaksent/public"
2026-05-08T11:16:26.721265Z  INFO get_files:scan_sources: tailwindcss_oxide::scanner: Discovering "/home/afdal/Laboratorium/PROJECT/extensionadminaksent/public/assets"
2026-05-08T11:16:26.721530Z  INFO get_files:scan_sources: tailwindcss_oxide::scanner: Discovering "/home/afdal/Laboratorium/PROJECT/extensionadminaksent/android"
2026-05-08T11:16:26.721994Z  INFO get_files:scan_sources: tailwindcss_oxide::scanner: Discovering "/home/afdal/Laboratorium/PROJECT/extensionadminaksent/android/.kotlin"
2026-05-08T11:16:26.722069Z  INFO get_files:scan_sources: tailwindcss_oxide::scanner: Discovering "/home/afdal/Laboratorium/PROJECT/extensionadminaksent/android/.kotlin/sessions"
2026-05-08T11:16:26.722307Z  INFO get_files:scan_sources: tailwindcss_oxide::scanner: Discovering "/home/afdal/Laboratorium/PROJECT/extensionadminaksent/android/gradle"
2026-05-08T11:16:26.722381Z  INFO get_files:scan_sources: tailwindcss_oxide::scanner: Discovering "/home/afdal/Laboratorium/PROJECT/extensionadminaksent/android/gradle/wrapper"
2026-05-08T11:16:26.722512Z  INFO get_files:scan_sources: tailwindcss_oxide::scanner: Discovering "/home/afdal/Laboratorium/PROJECT/extensionadminaksent/android/app"
2026-05-08T11:16:26.722701Z  INFO get_files:scan_sources: tailwindcss_oxide::scanner: Discovering "/home/afdal/Laboratorium/PROJECT/extensionadminaksent/android/app/src"
2026-05-08T11:16:26.722789Z  INFO get_files:scan_sources: tailwindcss_oxide::scanner: Discovering "/home/afdal/Laboratorium/PROJECT/extensionadminaksent/android/app/src/main"
2026-05-08T11:16:26.722887Z  INFO get_files:scan_sources: tailwindcss_oxide::scanner: Discovering "/home/afdal/Laboratorium/PROJECT/extensionadminaksent/android/app/src/main/res"
2026-05-08T11:16:26.722970Z  INFO get_files:scan_sources: tailwindcss_oxide::scanner: Discovering "/home/afdal/Laboratorium/PROJECT/extensionadminaksent/android/app/src/main/res/drawable-land-xhdpi"
2026-05-08T11:16:26.723053Z  INFO get_files:scan_sources: tailwindcss_oxide::scanner: Discovering "/home/afdal/Laboratorium/PROJECT/extensionadminaksent/android/app/src/main/res/drawable-land-xxhdpi"
2026-05-08T11:16:26.723148Z  INFO get_files:scan_sources: tailwindcss_oxide::scanner: Discovering "/home/afdal/Laboratorium/PROJECT/extensionadminaksent/android/app/src/main/res/drawable-v24"
2026-05-08T11:16:26.723260Z  INFO get_files:scan_sources: tailwindcss_oxide::scanner: Discovering "/home/afdal/Laboratorium/PROJECT/extensionadminaksent/android/app/src/main/res/drawable-port-xxxhdpi"
2026-05-08T11:16:26.723346Z  INFO get_files:scan_sources: tailwindcss_oxide::scanner: Discovering "/home/afdal/Laboratorium/PROJECT/extensionadminaksent/android/app/src/main/res/drawable-land-xxxhdpi"
2026-05-08T11:16:26.723439Z  INFO get_files:scan_sources: tailwindcss_oxide::scanner: Discovering "/home/afdal/Laboratorium/PROJECT/extensionadminaksent/android/app/src/main/res/drawable-port-xxhdpi"
2026-05-08T11:16:26.723534Z  INFO get_files:scan_sources: tailwindcss_oxide::scanner: Discovering "/home/afdal/Laboratorium/PROJECT/extensionadminaksent/android/app/src/main/res/mipmap-hdpi"
2026-05-08T11:16:26.723629Z  INFO get_files:scan_sources: tailwindcss_oxide::scanner: Discovering "/home/afdal/Laboratorium/PROJECT/extensionadminaksent/android/app/src/main/res/drawable-land-hdpi"
2026-05-08T11:16:26.723772Z  INFO get_files:scan_sources: tailwindcss_oxide::scanner: Discovering "/home/afdal/Laboratorium/PROJECT/extensionadminaksent/android/app/src/main/res/xml"
2026-05-08T11:16:26.723873Z  INFO get_files:scan_sources: tailwindcss_oxide::scanner: Discovering "/home/afdal/Laboratorium/PROJECT/extensionadminaksent/android/app/src/main/res/mipmap-xhdpi"
2026-05-08T11:16:26.723960Z  INFO get_files:scan_sources: tailwindcss_oxide::scanner: Discovering "/home/afdal/Laboratorium/PROJECT/extensionadminaksent/android/app/src/main/res/drawable-land-mdpi"
2026-05-08T11:16:26.724041Z  INFO get_files:scan_sources: tailwindcss_oxide::scanner: Discovering "/home/afdal/Laboratorium/PROJECT/extensionadminaksent/android/app/src/main/res/drawable-port-hdpi"
2026-05-08T11:16:26.724120Z  INFO get_files:scan_sources: tailwindcss_oxide::scanner: Discovering "/home/afdal/Laboratorium/PROJECT/extensionadminaksent/android/app/src/main/res/mipmap-xxhdpi"
2026-05-08T11:16:26.724207Z  INFO get_files:scan_sources: tailwindcss_oxide::scanner: Discovering "/home/afdal/Laboratorium/PROJECT/extensionadminaksent/android/app/src/main/res/mipmap-mdpi"
2026-05-08T11:16:26.724300Z  INFO get_files:scan_sources: tailwindcss_oxide::scanner: Discovering "/home/afdal/Laboratorium/PROJECT/extensionadminaksent/android/app/src/main/res/drawable"
2026-05-08T11:16:26.724402Z  INFO get_files:scan_sources: tailwindcss_oxide::scanner: Discovering "/home/afdal/Laboratorium/PROJECT/extensionadminaksent/android/app/src/main/res/drawable-port-xhdpi"
2026-05-08T11:16:26.724491Z  INFO get_files:scan_sources: tailwindcss_oxide::scanner: Discovering "/home/afdal/Laboratorium/PROJECT/extensionadminaksent/android/app/src/main/res/mipmap-xxxhdpi"
2026-05-08T11:16:26.724586Z  INFO get_files:scan_sources: tailwindcss_oxide::scanner: Discovering "/home/afdal/Laboratorium/PROJECT/extensionadminaksent/android/app/src/main/res/layout"
2026-05-08T11:16:26.724683Z  INFO get_files:scan_sources: tailwindcss_oxide::scanner: Discovering "/home/afdal/Laboratorium/PROJECT/extensionadminaksent/android/app/src/main/res/mipmap-anydpi-v26"
2026-05-08T11:16:26.724794Z  INFO get_files:scan_sources: tailwindcss_oxide::scanner: Discovering "/home/afdal/Laboratorium/PROJECT/extensionadminaksent/android/app/src/main/res/drawable-port-mdpi"
2026-05-08T11:16:26.724877Z  INFO get_files:scan_sources: tailwindcss_oxide::scanner: Discovering "/home/afdal/Laboratorium/PROJECT/extensionadminaksent/android/app/src/main/res/values"
2026-05-08T11:16:26.725015Z  INFO get_files:scan_sources: tailwindcss_oxide::scanner: Discovering "/home/afdal/Laboratorium/PROJECT/extensionadminaksent/android/app/src/main/java"
2026-05-08T11:16:26.725083Z  INFO get_files:scan_sources: tailwindcss_oxide::scanner: Discovering "/home/afdal/Laboratorium/PROJECT/extensionadminaksent/android/app/src/main/java/io"
2026-05-08T11:16:26.725163Z  INFO get_files:scan_sources: tailwindcss_oxide::scanner: Discovering "/home/afdal/Laboratorium/PROJECT/extensionadminaksent/android/app/src/main/java/io/ionic"
2026-05-08T11:16:26.725239Z  INFO get_files:scan_sources: tailwindcss_oxide::scanner: Discovering "/home/afdal/Laboratorium/PROJECT/extensionadminaksent/android/app/src/main/java/io/ionic/starter"
2026-05-08T11:16:26.725354Z  INFO get_files:scan_sources: tailwindcss_oxide::scanner: Discovering "/home/afdal/Laboratorium/PROJECT/extensionadminaksent/android/app/src/main/assets"
2026-05-08T11:16:26.725515Z  INFO get_files:scan_sources: tailwindcss_oxide::scanner: Discovering "/home/afdal/Laboratorium/PROJECT/extensionadminaksent/android/app/src/androidTest"
2026-05-08T11:16:26.725585Z  INFO get_files:scan_sources: tailwindcss_oxide::scanner: Discovering "/home/afdal/Laboratorium/PROJECT/extensionadminaksent/android/app/src/androidTest/java"
2026-05-08T11:16:26.725649Z  INFO get_files:scan_sources: tailwindcss_oxide::scanner: Discovering "/home/afdal/Laboratorium/PROJECT/extensionadminaksent/android/app/src/androidTest/java/com"
2026-05-08T11:16:26.725718Z  INFO get_files:scan_sources: tailwindcss_oxide::scanner: Discovering "/home/afdal/Laboratorium/PROJECT/extensionadminaksent/android/app/src/androidTest/java/com/getcapacitor"
2026-05-08T11:16:26.725785Z  INFO get_files:scan_sources: tailwindcss_oxide::scanner: Discovering "/home/afdal/Laboratorium/PROJECT/extensionadminaksent/android/app/src/androidTest/java/com/getcapacitor/myapp"
2026-05-08T11:16:26.725903Z  INFO get_files:scan_sources: tailwindcss_oxide::scanner: Discovering "/home/afdal/Laboratorium/PROJECT/extensionadminaksent/android/app/src/test"
2026-05-08T11:16:26.725968Z  INFO get_files:scan_sources: tailwindcss_oxide::scanner: Discovering "/home/afdal/Laboratorium/PROJECT/extensionadminaksent/android/app/src/test/java"
2026-05-08T11:16:26.726033Z  INFO get_files:scan_sources: tailwindcss_oxide::scanner: Discovering "/home/afdal/Laboratorium/PROJECT/extensionadminaksent/android/app/src/test/java/com"
2026-05-08T11:16:26.726101Z  INFO get_files:scan_sources: tailwindcss_oxide::scanner: Discovering "/home/afdal/Laboratorium/PROJECT/extensionadminaksent/android/app/src/test/java/com/getcapacitor"
2026-05-08T11:16:26.726167Z  INFO get_files:scan_sources: tailwindcss_oxide::scanner: Discovering "/home/afdal/Laboratorium/PROJECT/extensionadminaksent/android/app/src/test/java/com/getcapacitor/myapp"
2026-05-08T11:16:26.726754Z  INFO get_files:scan_sources: tailwindcss_oxide::scanner: exit
2026-05-08T11:16:26.726914Z  INFO get_files: tailwindcss_oxide::scanner: exit
2026-05-08T11:16:26.727177Z  INFO get_globs: tailwindcss_oxide::scanner: enter
2026-05-08T11:16:26.727199Z  INFO get_globs: tailwindcss_oxide::scanner: exit
2026-05-08T11:20:29.458423Z  INFO scan_sources: tailwindcss_oxide::scanner: enter
2026-05-08T11:20:29.459376Z  INFO scan_sources: tailwindcss_oxide::scanner: Discovering "/home/afdal/Laboratorium/PROJECT/extensionadminaksent/scripts"
2026-05-08T11:20:29.460597Z  INFO scan_sources: tailwindcss_oxide::scanner: Discovering "/home/afdal/Laboratorium/PROJECT/extensionadminaksent/cypress"
2026-05-08T11:20:29.460752Z  INFO scan_sources: tailwindcss_oxide::scanner: Discovering "/home/afdal/Laboratorium/PROJECT/extensionadminaksent/cypress/fixtures"
2026-05-08T11:20:29.460864Z  INFO scan_sources: tailwindcss_oxide::scanner: Discovering "/home/afdal/Laboratorium/PROJECT/extensionadminaksent/cypress/e2e"
2026-05-08T11:20:29.460975Z  INFO scan_sources: tailwindcss_oxide::scanner: Discovering "/home/afdal/Laboratorium/PROJECT/extensionadminaksent/cypress/support"
2026-05-08T11:20:29.461095Z  INFO scan_sources: tailwindcss_oxide::scanner: Discovering "/home/afdal/Laboratorium/PROJECT/extensionadminaksent/.vscode"
2026-05-08T11:20:29.461256Z  INFO scan_sources: tailwindcss_oxide::scanner: Discovering "/home/afdal/Laboratorium/PROJECT/extensionadminaksent/src"
2026-05-08T11:20:29.461333Z  INFO scan_sources: tailwindcss_oxide::scanner: Discovering "/home/afdal/Laboratorium/PROJECT/extensionadminaksent/src/hook"
2026-05-08T11:20:29.461434Z  INFO scan_sources: tailwindcss_oxide::scanner: Discovering "/home/afdal/Laboratorium/PROJECT/extensionadminaksent/src/hook/requests"
2026-05-08T11:20:29.461522Z  INFO scan_sources: tailwindcss_oxide::scanner: Discovering "/home/afdal/Laboratorium/PROJECT/extensionadminaksent/src/hook/requests/customer.ts"
2026-05-08T11:20:29.461584Z  INFO scan_sources: tailwindcss_oxide::scanner: Discovering "/home/afdal/Laboratorium/PROJECT/extensionadminaksent/src/components"
2026-05-08T11:20:29.461667Z  INFO scan_sources: tailwindcss_oxide::scanner: Discovering "/home/afdal/Laboratorium/PROJECT/extensionadminaksent/src/components/customer"
2026-05-08T11:20:29.461780Z  INFO scan_sources: tailwindcss_oxide::scanner: Discovering "/home/afdal/Laboratorium/PROJECT/extensionadminaksent/src/components/input"
2026-05-08T11:20:29.461894Z  INFO scan_sources: tailwindcss_oxide::scanner: Discovering "/home/afdal/Laboratorium/PROJECT/extensionadminaksent/src/components/layout"
2026-05-08T11:20:29.461979Z  INFO scan_sources: tailwindcss_oxide::scanner: Discovering "/home/afdal/Laboratorium/PROJECT/extensionadminaksent/src/components/list"
2026-05-08T11:20:29.462088Z  INFO scan_sources: tailwindcss_oxide::scanner: Discovering "/home/afdal/Laboratorium/PROJECT/extensionadminaksent/src/components/toolbars"
2026-05-08T11:20:29.462192Z  INFO scan_sources: tailwindcss_oxide::scanner: Discovering "/home/afdal/Laboratorium/PROJECT/extensionadminaksent/src/theme"
2026-05-08T11:20:29.462317Z  INFO scan_sources: tailwindcss_oxide::scanner: Discovering "/home/afdal/Laboratorium/PROJECT/extensionadminaksent/src/utils"
2026-05-08T11:20:29.462500Z  INFO scan_sources: tailwindcss_oxide::scanner: Discovering "/home/afdal/Laboratorium/PROJECT/extensionadminaksent/src/databases"
2026-05-08T11:20:29.462592Z  INFO scan_sources: tailwindcss_oxide::scanner: Discovering "/home/afdal/Laboratorium/PROJECT/extensionadminaksent/src/databases/migrations"
2026-05-08T11:20:29.462706Z  INFO scan_sources: tailwindcss_oxide::scanner: Discovering "/home/afdal/Laboratorium/PROJECT/extensionadminaksent/src/databases/entities"
2026-05-08T11:20:29.462839Z  INFO scan_sources: tailwindcss_oxide::scanner: Discovering "/home/afdal/Laboratorium/PROJECT/extensionadminaksent/src/types"
2026-05-08T11:20:29.462935Z  INFO scan_sources: tailwindcss_oxide::scanner: Discovering "/home/afdal/Laboratorium/PROJECT/extensionadminaksent/src/pages"
2026-05-08T11:20:29.463000Z  INFO scan_sources: tailwindcss_oxide::scanner: Discovering "/home/afdal/Laboratorium/PROJECT/extensionadminaksent/src/pages/Customer"
2026-05-08T11:20:29.463106Z  INFO scan_sources: tailwindcss_oxide::scanner: Discovering "/home/afdal/Laboratorium/PROJECT/extensionadminaksent/src/pages/Home"
2026-05-08T11:20:29.463201Z  INFO scan_sources: tailwindcss_oxide::scanner: Discovering "/home/afdal/Laboratorium/PROJECT/extensionadminaksent/src/pages/Validation"
2026-05-08T11:20:29.463284Z  INFO scan_sources: tailwindcss_oxide::scanner: Discovering "/home/afdal/Laboratorium/PROJECT/extensionadminaksent/src/pages/Unpaid"
2026-05-08T11:20:29.463384Z  INFO scan_sources: tailwindcss_oxide::scanner: Discovering "/home/afdal/Laboratorium/PROJECT/extensionadminaksent/src/pages/Payment"
2026-05-08T11:20:29.465385Z  INFO scan_sources: tailwindcss_oxide::scanner: Discovering "/home/afdal/Laboratorium/PROJECT/extensionadminaksent/src/context"
2026-05-08T11:20:29.465748Z  INFO scan_sources: tailwindcss_oxide::scanner: Discovering "/home/afdal/Laboratorium/PROJECT/extensionadminaksent/public"
2026-05-08T11:20:29.465864Z  INFO scan_sources: tailwindcss_oxide::scanner: Discovering "/home/afdal/Laboratorium/PROJECT/extensionadminaksent/public/assets"
2026-05-08T11:20:29.466119Z  INFO scan_sources: tailwindcss_oxide::scanner: Discovering "/home/afdal/Laboratorium/PROJECT/extensionadminaksent/android"
2026-05-08T11:20:29.468571Z  INFO scan_sources: tailwindcss_oxide::scanner: Discovering "/home/afdal/Laboratorium/PROJECT/extensionadminaksent/android/.kotlin"
2026-05-08T11:20:29.468697Z  INFO scan_sources: tailwindcss_oxide::scanner: Discovering "/home/afdal/Laboratorium/PROJECT/extensionadminaksent/android/.kotlin/sessions"
2026-05-08T11:20:29.468964Z  INFO scan_sources: tailwindcss_oxide::scanner: Discovering "/home/afdal/Laboratorium/PROJECT/extensionadminaksent/android/gradle"
2026-05-08T11:20:29.469037Z  INFO scan_sources: tailwindcss_oxide::scanner: Discovering "/home/afdal/Laboratorium/PROJECT/extensionadminaksent/android/gradle/wrapper"
2026-05-08T11:20:29.469155Z  INFO scan_sources: tailwindcss_oxide::scanner: Discovering "/home/afdal/Laboratorium/PROJECT/extensionadminaksent/android/app"
2026-05-08T11:20:29.469361Z  INFO scan_sources: tailwindcss_oxide::scanner: Discovering "/home/afdal/Laboratorium/PROJECT/extensionadminaksent/android/app/src"
2026-05-08T11:20:29.470695Z  INFO scan_sources: tailwindcss_oxide::scanner: Discovering "/home/afdal/Laboratorium/PROJECT/extensionadminaksent/android/app/src/main"
2026-05-08T11:20:29.470931Z  INFO scan_sources: tailwindcss_oxide::scanner: Discovering "/home/afdal/Laboratorium/PROJECT/extensionadminaksent/android/app/src/main/res"
2026-05-08T11:20:29.471054Z  INFO scan_sources: tailwindcss_oxide::scanner: Discovering "/home/afdal/Laboratorium/PROJECT/extensionadminaksent/android/app/src/main/res/drawable-land-xhdpi"
2026-05-08T11:20:29.471174Z  INFO scan_sources: tailwindcss_oxide::scanner: Discovering "/home/afdal/Laboratorium/PROJECT/extensionadminaksent/android/app/src/main/res/drawable-land-xxhdpi"
2026-05-08T11:20:29.471312Z  INFO scan_sources: tailwindcss_oxide::scanner: Discovering "/home/afdal/Laboratorium/PROJECT/extensionadminaksent/android/app/src/main/res/drawable-v24"
2026-05-08T11:20:29.471425Z  INFO scan_sources: tailwindcss_oxide::scanner: Discovering "/home/afdal/Laboratorium/PROJECT/extensionadminaksent/android/app/src/main/res/drawable-port-xxxhdpi"
2026-05-08T11:20:29.471538Z  INFO scan_sources: tailwindcss_oxide::scanner: Discovering "/home/afdal/Laboratorium/PROJECT/extensionadminaksent/android/app/src/main/res/drawable-land-xxxhdpi"
2026-05-08T11:20:29.471638Z  INFO scan_sources: tailwindcss_oxide::scanner: Discovering "/home/afdal/Laboratorium/PROJECT/extensionadminaksent/android/app/src/main/res/drawable-port-xxhdpi"
2026-05-08T11:20:29.471719Z  INFO scan_sources: tailwindcss_oxide::scanner: Discovering "/home/afdal/Laboratorium/PROJECT/extensionadminaksent/android/app/src/main/res/mipmap-hdpi"
2026-05-08T11:20:29.471817Z  INFO scan_sources: tailwindcss_oxide::scanner: Discovering "/home/afdal/Laboratorium/PROJECT/extensionadminaksent/android/app/src/main/res/drawable-land-hdpi"
2026-05-08T11:20:29.471901Z  INFO scan_sources: tailwindcss_oxide::scanner: Discovering "/home/afdal/Laboratorium/PROJECT/extensionadminaksent/android/app/src/main/res/xml"
2026-05-08T11:20:29.472013Z  INFO scan_sources: tailwindcss_oxide::scanner: Discovering "/home/afdal/Laboratorium/PROJECT/extensionadminaksent/android/app/src/main/res/mipmap-xhdpi"
2026-05-08T11:20:29.472106Z  INFO scan_sources: tailwindcss_oxide::scanner: Discovering "/home/afdal/Laboratorium/PROJECT/extensionadminaksent/android/app/src/main/res/drawable-land-mdpi"
2026-05-08T11:20:29.472193Z  INFO scan_sources: tailwindcss_oxide::scanner: Discovering "/home/afdal/Laboratorium/PROJECT/extensionadminaksent/android/app/src/main/res/drawable-port-hdpi"
2026-05-08T11:20:29.472274Z  INFO scan_sources: tailwindcss_oxide::scanner: Discovering "/home/afdal/Laboratorium/PROJECT/extensionadminaksent/android/app/src/main/res/mipmap-xxhdpi"
2026-05-08T11:20:29.472369Z  INFO scan_sources: tailwindcss_oxide::scanner: Discovering "/home/afdal/Laboratorium/PROJECT/extensionadminaksent/android/app/src/main/res/mipmap-mdpi"
2026-05-08T11:20:29.472459Z  INFO scan_sources: tailwindcss_oxide::scanner: Discovering "/home/afdal/Laboratorium/PROJECT/extensionadminaksent/android/app/src/main/res/drawable"
2026-05-08T11:20:29.472578Z  INFO scan_sources: tailwindcss_oxide::scanner: Discovering "/home/afdal/Laboratorium/PROJECT/extensionadminaksent/android/app/src/main/res/drawable-port-xhdpi"
2026-05-08T11:20:29.472667Z  INFO scan_sources: tailwindcss_oxide::scanner: Discovering "/home/afdal/Laboratorium/PROJECT/extensionadminaksent/android/app/src/main/res/mipmap-xxxhdpi"
2026-05-08T11:20:29.472783Z  INFO scan_sources: tailwindcss_oxide::scanner: Discovering "/home/afdal/Laboratorium/PROJECT/extensionadminaksent/android/app/src/main/res/layout"
2026-05-08T11:20:29.472880Z  INFO scan_sources: tailwindcss_oxide::scanner: Discovering "/home/afdal/Laboratorium/PROJECT/extensionadminaksent/android/app/src/main/res/mipmap-anydpi-v26"
2026-05-08T11:20:29.472992Z  INFO scan_sources: tailwindcss_oxide::scanner: Discovering "/home/afdal/Laboratorium/PROJECT/extensionadminaksent/android/app/src/main/res/drawable-port-mdpi"
2026-05-08T11:20:29.473072Z  INFO scan_sources: tailwindcss_oxide::scanner: Discovering "/home/afdal/Laboratorium/PROJECT/extensionadminaksent/android/app/src/main/res/values"
2026-05-08T11:20:29.473213Z  INFO scan_sources: tailwindcss_oxide::scanner: Discovering "/home/afdal/Laboratorium/PROJECT/extensionadminaksent/android/app/src/main/java"
2026-05-08T11:20:29.473285Z  INFO scan_sources: tailwindcss_oxide::scanner: Discovering "/home/afdal/Laboratorium/PROJECT/extensionadminaksent/android/app/src/main/java/io"
2026-05-08T11:20:29.473357Z  INFO scan_sources: tailwindcss_oxide::scanner: Discovering "/home/afdal/Laboratorium/PROJECT/extensionadminaksent/android/app/src/main/java/io/ionic"
2026-05-08T11:20:29.473434Z  INFO scan_sources: tailwindcss_oxide::scanner: Discovering "/home/afdal/Laboratorium/PROJECT/extensionadminaksent/android/app/src/main/java/io/ionic/starter"
2026-05-08T11:20:29.475821Z  INFO scan_sources: tailwindcss_oxide::scanner: Discovering "/home/afdal/Laboratorium/PROJECT/extensionadminaksent/android/app/src/main/assets"
2026-05-08T11:20:29.476712Z  INFO scan_sources: tailwindcss_oxide::scanner: Discovering "/home/afdal/Laboratorium/PROJECT/extensionadminaksent/android/app/src/androidTest"
2026-05-08T11:20:29.477145Z  INFO scan_sources: tailwindcss_oxide::scanner: Discovering "/home/afdal/Laboratorium/PROJECT/extensionadminaksent/android/app/src/androidTest/java"
2026-05-08T11:20:29.477402Z  INFO scan_sources: tailwindcss_oxide::scanner: Discovering "/home/afdal/Laboratorium/PROJECT/extensionadminaksent/android/app/src/androidTest/java/com"
2026-05-08T11:20:29.477665Z  INFO scan_sources: tailwindcss_oxide::scanner: Discovering "/home/afdal/Laboratorium/PROJECT/extensionadminaksent/android/app/src/androidTest/java/com/getcapacitor"
2026-05-08T11:20:29.480580Z  INFO scan_sources: tailwindcss_oxide::scanner: Discovering "/home/afdal/Laboratorium/PROJECT/extensionadminaksent/android/app/src/androidTest/java/com/getcapacitor/myapp"
2026-05-08T11:20:29.480784Z  INFO scan_sources: tailwindcss_oxide::scanner: Discovering "/home/afdal/Laboratorium/PROJECT/extensionadminaksent/android/app/src/test"
2026-05-08T11:20:29.481535Z  INFO scan_sources: tailwindcss_oxide::scanner: Discovering "/home/afdal/Laboratorium/PROJECT/extensionadminaksent/android/app/src/test/java"
2026-05-08T11:20:29.481631Z  INFO scan_sources: tailwindcss_oxide::scanner: Discovering "/home/afdal/Laboratorium/PROJECT/extensionadminaksent/android/app/src/test/java/com"
2026-05-08T11:20:29.481711Z  INFO scan_sources: tailwindcss_oxide::scanner: Discovering "/home/afdal/Laboratorium/PROJECT/extensionadminaksent/android/app/src/test/java/com/getcapacitor"
2026-05-08T11:20:29.481781Z  INFO scan_sources: tailwindcss_oxide::scanner: Discovering "/home/afdal/Laboratorium/PROJECT/extensionadminaksent/android/app/src/test/java/com/getcapacitor/myapp"
2026-05-08T11:20:29.482337Z  INFO scan_sources: tailwindcss_oxide::scanner: exit
2026-05-08T11:20:29.482360Z  INFO extract_candidates: tailwindcss_oxide::scanner: enter
2026-05-08T11:20:29.482370Z  INFO extract_candidates:read_all_files: tailwindcss_oxide::scanner: enter
2026-05-08T11:20:29.482378Z  INFO extract_candidates:read_all_files: tailwindcss_oxide::scanner: Reading 1 file(s)
2026-05-08T11:20:29.482445Z  INFO extract_candidates:read_all_files: tailwindcss_oxide::scanner: Reading "/home/afdal/Laboratorium/PROJECT/extensionadminaksent/src/hook/requests/customer.ts"
2026-05-08T11:20:29.482491Z  INFO extract_candidates:read_all_files: tailwindcss_oxide::scanner: exit
2026-05-08T11:20:29.482509Z  INFO extract_candidates:parse_all_blobs: tailwindcss_oxide::scanner: enter
2026-05-08T11:20:29.482519Z  INFO extract_candidates:parse_all_blobs:extract: tailwindcss_oxide::scanner: enter
2026-05-08T11:20:29.489562Z  INFO extract_candidates:parse_all_blobs:extract: tailwindcss_oxide::scanner: exit
2026-05-08T11:20:29.489613Z  INFO extract_candidates:parse_all_blobs: tailwindcss_oxide::scanner: exit
2026-05-08T11:20:29.492566Z  INFO extract_candidates: tailwindcss_oxide::scanner: exit
2026-05-08T11:20:29.498839Z  INFO get_files: tailwindcss_oxide::scanner: enter
2026-05-08T11:20:29.498899Z  INFO get_files:scan_sources: tailwindcss_oxide::scanner: enter
2026-05-08T11:20:29.499830Z  INFO get_files:scan_sources: tailwindcss_oxide::scanner: Discovering "/home/afdal/Laboratorium/PROJECT/extensionadminaksent/scripts"
2026-05-08T11:20:29.499966Z  INFO get_files:scan_sources: tailwindcss_oxide::scanner: Discovering "/home/afdal/Laboratorium/PROJECT/extensionadminaksent/cypress"
2026-05-08T11:20:29.500037Z  INFO get_files:scan_sources: tailwindcss_oxide::scanner: Discovering "/home/afdal/Laboratorium/PROJECT/extensionadminaksent/cypress/fixtures"
2026-05-08T11:20:29.500126Z  INFO get_files:scan_sources: tailwindcss_oxide::scanner: Discovering "/home/afdal/Laboratorium/PROJECT/extensionadminaksent/cypress/e2e"
2026-05-08T11:20:29.500217Z  INFO get_files:scan_sources: tailwindcss_oxide::scanner: Discovering "/home/afdal/Laboratorium/PROJECT/extensionadminaksent/cypress/support"
2026-05-08T11:20:29.500323Z  INFO get_files:scan_sources: tailwindcss_oxide::scanner: Discovering "/home/afdal/Laboratorium/PROJECT/extensionadminaksent/.vscode"
2026-05-08T11:20:29.500464Z  INFO get_files:scan_sources: tailwindcss_oxide::scanner: Discovering "/home/afdal/Laboratorium/PROJECT/extensionadminaksent/src"
2026-05-08T11:20:29.500554Z  INFO get_files:scan_sources: tailwindcss_oxide::scanner: Discovering "/home/afdal/Laboratorium/PROJECT/extensionadminaksent/src/hook"
2026-05-08T11:20:29.500640Z  INFO get_files:scan_sources: tailwindcss_oxide::scanner: Discovering "/home/afdal/Laboratorium/PROJECT/extensionadminaksent/src/hook/requests"
2026-05-08T11:20:29.500738Z  INFO get_files:scan_sources: tailwindcss_oxide::scanner: Discovering "/home/afdal/Laboratorium/PROJECT/extensionadminaksent/src/components"
2026-05-08T11:20:29.505080Z  INFO get_files:scan_sources: tailwindcss_oxide::scanner: Discovering "/home/afdal/Laboratorium/PROJECT/extensionadminaksent/src/components/customer"
2026-05-08T11:20:29.505260Z  INFO get_files:scan_sources: tailwindcss_oxide::scanner: Discovering "/home/afdal/Laboratorium/PROJECT/extensionadminaksent/src/components/input"
2026-05-08T11:20:29.505377Z  INFO get_files:scan_sources: tailwindcss_oxide::scanner: Discovering "/home/afdal/Laboratorium/PROJECT/extensionadminaksent/src/components/layout"
2026-05-08T11:20:29.505465Z  INFO get_files:scan_sources: tailwindcss_oxide::scanner: Discovering "/home/afdal/Laboratorium/PROJECT/extensionadminaksent/src/components/list"
2026-05-08T11:20:29.505599Z  INFO get_files:scan_sources: tailwindcss_oxide::scanner: Discovering "/home/afdal/Laboratorium/PROJECT/extensionadminaksent/src/components/toolbars"
2026-05-08T11:20:29.505708Z  INFO get_files:scan_sources: tailwindcss_oxide::scanner: Discovering "/home/afdal/Laboratorium/PROJECT/extensionadminaksent/src/theme"
2026-05-08T11:20:29.505831Z  INFO get_files:scan_sources: tailwindcss_oxide::scanner: Discovering "/home/afdal/Laboratorium/PROJECT/extensionadminaksent/src/utils"
2026-05-08T11:20:29.505993Z  INFO get_files:scan_sources: tailwindcss_oxide::scanner: Discovering "/home/afdal/Laboratorium/PROJECT/extensionadminaksent/src/databases"
2026-05-08T11:20:29.506077Z  INFO get_files:scan_sources: tailwindcss_oxide::scanner: Discovering "/home/afdal/Laboratorium/PROJECT/extensionadminaksent/src/databases/migrations"
2026-05-08T11:20:29.506194Z  INFO get_files:scan_sources: tailwindcss_oxide::scanner: Discovering "/home/afdal/Laboratorium/PROJECT/extensionadminaksent/src/databases/entities"
2026-05-08T11:20:29.506339Z  INFO get_files:scan_sources: tailwindcss_oxide::scanner: Discovering "/home/afdal/Laboratorium/PROJECT/extensionadminaksent/src/types"
2026-05-08T11:20:29.506427Z  INFO get_files:scan_sources: tailwindcss_oxide::scanner: Discovering "/home/afdal/Laboratorium/PROJECT/extensionadminaksent/src/pages"
2026-05-08T11:20:29.506505Z  INFO get_files:scan_sources: tailwindcss_oxide::scanner: Discovering "/home/afdal/Laboratorium/PROJECT/extensionadminaksent/src/pages/Customer"
2026-05-08T11:20:29.506619Z  INFO get_files:scan_sources: tailwindcss_oxide::scanner: Discovering "/home/afdal/Laboratorium/PROJECT/extensionadminaksent/src/pages/Home"
2026-05-08T11:20:29.506714Z  INFO get_files:scan_sources: tailwindcss_oxide::scanner: Discovering "/home/afdal/Laboratorium/PROJECT/extensionadminaksent/src/pages/Validation"
2026-05-08T11:20:29.506799Z  INFO get_files:scan_sources: tailwindcss_oxide::scanner: Discovering "/home/afdal/Laboratorium/PROJECT/extensionadminaksent/src/pages/Unpaid"
2026-05-08T11:20:29.506883Z  INFO get_files:scan_sources: tailwindcss_oxide::scanner: Discovering "/home/afdal/Laboratorium/PROJECT/extensionadminaksent/src/pages/Payment"
2026-05-08T11:20:29.506985Z  INFO get_files:scan_sources: tailwindcss_oxide::scanner: Discovering "/home/afdal/Laboratorium/PROJECT/extensionadminaksent/src/context"
2026-05-08T11:20:29.507233Z  INFO get_files:scan_sources: tailwindcss_oxide::scanner: Discovering "/home/afdal/Laboratorium/PROJECT/extensionadminaksent/public"
2026-05-08T11:20:29.507323Z  INFO get_files:scan_sources: tailwindcss_oxide::scanner: Discovering "/home/afdal/Laboratorium/PROJECT/extensionadminaksent/public/assets"
2026-05-08T11:20:29.514629Z  INFO get_files:scan_sources: tailwindcss_oxide::scanner: Discovering "/home/afdal/Laboratorium/PROJECT/extensionadminaksent/android"
2026-05-08T11:20:29.515133Z  INFO get_files:scan_sources: tailwindcss_oxide::scanner: Discovering "/home/afdal/Laboratorium/PROJECT/extensionadminaksent/android/.kotlin"
2026-05-08T11:20:29.515214Z  INFO get_files:scan_sources: tailwindcss_oxide::scanner: Discovering "/home/afdal/Laboratorium/PROJECT/extensionadminaksent/android/.kotlin/sessions"
2026-05-08T11:20:29.515435Z  INFO get_files:scan_sources: tailwindcss_oxide::scanner: Discovering "/home/afdal/Laboratorium/PROJECT/extensionadminaksent/android/gradle"
2026-05-08T11:20:29.515513Z  INFO get_files:scan_sources: tailwindcss_oxide::scanner: Discovering "/home/afdal/Laboratorium/PROJECT/extensionadminaksent/android/gradle/wrapper"
2026-05-08T11:20:29.515634Z  INFO get_files:scan_sources: tailwindcss_oxide::scanner: Discovering "/home/afdal/Laboratorium/PROJECT/extensionadminaksent/android/app"
2026-05-08T11:20:29.515809Z  INFO get_files:scan_sources: tailwindcss_oxide::scanner: Discovering "/home/afdal/Laboratorium/PROJECT/extensionadminaksent/android/app/src"
2026-05-08T11:20:29.515904Z  INFO get_files:scan_sources: tailwindcss_oxide::scanner: Discovering "/home/afdal/Laboratorium/PROJECT/extensionadminaksent/android/app/src/main"
2026-05-08T11:20:29.516006Z  INFO get_files:scan_sources: tailwindcss_oxide::scanner: Discovering "/home/afdal/Laboratorium/PROJECT/extensionadminaksent/android/app/src/main/res"
2026-05-08T11:20:29.516089Z  INFO get_files:scan_sources: tailwindcss_oxide::scanner: Discovering "/home/afdal/Laboratorium/PROJECT/extensionadminaksent/android/app/src/main/res/drawable-land-xhdpi"
2026-05-08T11:20:29.516179Z  INFO get_files:scan_sources: tailwindcss_oxide::scanner: Discovering "/home/afdal/Laboratorium/PROJECT/extensionadminaksent/android/app/src/main/res/drawable-land-xxhdpi"
2026-05-08T11:20:29.516259Z  INFO get_files:scan_sources: tailwindcss_oxide::scanner: Discovering "/home/afdal/Laboratorium/PROJECT/extensionadminaksent/android/app/src/main/res/drawable-v24"
2026-05-08T11:20:29.516357Z  INFO get_files:scan_sources: tailwindcss_oxide::scanner: Discovering "/home/afdal/Laboratorium/PROJECT/extensionadminaksent/android/app/src/main/res/drawable-port-xxxhdpi"
2026-05-08T11:20:29.516451Z  INFO get_files:scan_sources: tailwindcss_oxide::scanner: Discovering "/home/afdal/Laboratorium/PROJECT/extensionadminaksent/android/app/src/main/res/drawable-land-xxxhdpi"
2026-05-08T11:20:29.516546Z  INFO get_files:scan_sources: tailwindcss_oxide::scanner: Discovering "/home/afdal/Laboratorium/PROJECT/extensionadminaksent/android/app/src/main/res/drawable-port-xxhdpi"
2026-05-08T11:20:29.516643Z  INFO get_files:scan_sources: tailwindcss_oxide::scanner: Discovering "/home/afdal/Laboratorium/PROJECT/extensionadminaksent/android/app/src/main/res/mipmap-hdpi"
2026-05-08T11:20:29.516732Z  INFO get_files:scan_sources: tailwindcss_oxide::scanner: Discovering "/home/afdal/Laboratorium/PROJECT/extensionadminaksent/android/app/src/main/res/drawable-land-hdpi"
2026-05-08T11:20:29.516823Z  INFO get_files:scan_sources: tailwindcss_oxide::scanner: Discovering "/home/afdal/Laboratorium/PROJECT/extensionadminaksent/android/app/src/main/res/xml"
2026-05-08T11:20:29.516934Z  INFO get_files:scan_sources: tailwindcss_oxide::scanner: Discovering "/home/afdal/Laboratorium/PROJECT/extensionadminaksent/android/app/src/main/res/mipmap-xhdpi"
2026-05-08T11:20:29.517023Z  INFO get_files:scan_sources: tailwindcss_oxide::scanner: Discovering "/home/afdal/Laboratorium/PROJECT/extensionadminaksent/android/app/src/main/res/drawable-land-mdpi"
2026-05-08T11:20:29.517096Z  INFO get_files:scan_sources: tailwindcss_oxide::scanner: Discovering "/home/afdal/Laboratorium/PROJECT/extensionadminaksent/android/app/src/main/res/drawable-port-hdpi"
2026-05-08T11:20:29.517171Z  INFO get_files:scan_sources: tailwindcss_oxide::scanner: Discovering "/home/afdal/Laboratorium/PROJECT/extensionadminaksent/android/app/src/main/res/mipmap-xxhdpi"
2026-05-08T11:20:29.517255Z  INFO get_files:scan_sources: tailwindcss_oxide::scanner: Discovering "/home/afdal/Laboratorium/PROJECT/extensionadminaksent/android/app/src/main/res/mipmap-mdpi"
2026-05-08T11:20:29.517337Z  INFO get_files:scan_sources: tailwindcss_oxide::scanner: Discovering "/home/afdal/Laboratorium/PROJECT/extensionadminaksent/android/app/src/main/res/drawable"
2026-05-08T11:20:29.517430Z  INFO get_files:scan_sources: tailwindcss_oxide::scanner: Discovering "/home/afdal/Laboratorium/PROJECT/extensionadminaksent/android/app/src/main/res/drawable-port-xhdpi"
2026-05-08T11:20:29.525147Z  INFO get_files:scan_sources: tailwindcss_oxide::scanner: Discovering "/home/afdal/Laboratorium/PROJECT/extensionadminaksent/android/app/src/main/res/mipmap-xxxhdpi"
2026-05-08T11:20:29.525301Z  INFO get_files:scan_sources: tailwindcss_oxide::scanner: Discovering "/home/afdal/Laboratorium/PROJECT/extensionadminaksent/android/app/src/main/res/layout"
2026-05-08T11:20:29.525405Z  INFO get_files:scan_sources: tailwindcss_oxide::scanner: Discovering "/home/afdal/Laboratorium/PROJECT/extensionadminaksent/android/app/src/main/res/mipmap-anydpi-v26"
2026-05-08T11:20:29.525531Z  INFO get_files:scan_sources: tailwindcss_oxide::scanner: Discovering "/home/afdal/Laboratorium/PROJECT/extensionadminaksent/android/app/src/main/res/drawable-port-mdpi"
2026-05-08T11:20:29.525623Z  INFO get_files:scan_sources: tailwindcss_oxide::scanner: Discovering "/home/afdal/Laboratorium/PROJECT/extensionadminaksent/android/app/src/main/res/values"
2026-05-08T11:20:29.525763Z  INFO get_files:scan_sources: tailwindcss_oxide::scanner: Discovering "/home/afdal/Laboratorium/PROJECT/extensionadminaksent/android/app/src/main/java"
2026-05-08T11:20:29.525833Z  INFO get_files:scan_sources: tailwindcss_oxide::scanner: Discovering "/home/afdal/Laboratorium/PROJECT/extensionadminaksent/android/app/src/main/java/io"
2026-05-08T11:20:29.525986Z  INFO get_files:scan_sources: tailwindcss_oxide::scanner: Discovering "/home/afdal/Laboratorium/PROJECT/extensionadminaksent/android/app/src/main/java/io/ionic"
2026-05-08T11:20:29.526069Z  INFO get_files:scan_sources: tailwindcss_oxide::scanner: Discovering "/home/afdal/Laboratorium/PROJECT/extensionadminaksent/android/app/src/main/java/io/ionic/starter"
2026-05-08T11:20:29.526231Z  INFO get_files:scan_sources: tailwindcss_oxide::scanner: Discovering "/home/afdal/Laboratorium/PROJECT/extensionadminaksent/android/app/src/main/assets"
2026-05-08T11:20:29.529593Z  INFO get_files:scan_sources: tailwindcss_oxide::scanner: Discovering "/home/afdal/Laboratorium/PROJECT/extensionadminaksent/android/app/src/androidTest"
2026-05-08T11:20:29.529722Z  INFO get_files:scan_sources: tailwindcss_oxide::scanner: Discovering "/home/afdal/Laboratorium/PROJECT/extensionadminaksent/android/app/src/androidTest/java"
2026-05-08T11:20:29.529788Z  INFO get_files:scan_sources: tailwindcss_oxide::scanner: Discovering "/home/afdal/Laboratorium/PROJECT/extensionadminaksent/android/app/src/androidTest/java/com"
2026-05-08T11:20:29.529856Z  INFO get_files:scan_sources: tailwindcss_oxide::scanner: Discovering "/home/afdal/Laboratorium/PROJECT/extensionadminaksent/android/app/src/androidTest/java/com/getcapacitor"
2026-05-08T11:20:29.529923Z  INFO get_files:scan_sources: tailwindcss_oxide::scanner: Discovering "/home/afdal/Laboratorium/PROJECT/extensionadminaksent/android/app/src/androidTest/java/com/getcapacitor/myapp"
2026-05-08T11:20:29.530046Z  INFO get_files:scan_sources: tailwindcss_oxide::scanner: Discovering "/home/afdal/Laboratorium/PROJECT/extensionadminaksent/android/app/src/test"
2026-05-08T11:20:29.530111Z  INFO get_files:scan_sources: tailwindcss_oxide::scanner: Discovering "/home/afdal/Laboratorium/PROJECT/extensionadminaksent/android/app/src/test/java"
2026-05-08T11:20:29.530174Z  INFO get_files:scan_sources: tailwindcss_oxide::scanner: Discovering "/home/afdal/Laboratorium/PROJECT/extensionadminaksent/android/app/src/test/java/com"
2026-05-08T11:20:29.530243Z  INFO get_files:scan_sources: tailwindcss_oxide::scanner: Discovering "/home/afdal/Laboratorium/PROJECT/extensionadminaksent/android/app/src/test/java/com/getcapacitor"
2026-05-08T11:20:29.530307Z  INFO get_files:scan_sources: tailwindcss_oxide::scanner: Discovering "/home/afdal/Laboratorium/PROJECT/extensionadminaksent/android/app/src/test/java/com/getcapacitor/myapp"
2026-05-08T11:20:29.534889Z  INFO get_files:scan_sources: tailwindcss_oxide::scanner: exit
2026-05-08T11:20:29.537683Z  INFO get_files: tailwindcss_oxide::scanner: exit
2026-05-08T11:20:29.538000Z  INFO get_globs: tailwindcss_oxide::scanner: enter
2026-05-08T11:20:29.538033Z  INFO get_globs: tailwindcss_oxide::scanner: exit
2026-05-08T11:20:48.101135Z  INFO scan_sources: tailwindcss_oxide::scanner: enter
2026-05-08T11:20:48.102044Z  INFO scan_sources: tailwindcss_oxide::scanner: Discovering "/home/afdal/Laboratorium/PROJECT/extensionadminaksent/scripts"
2026-05-08T11:20:48.102174Z  INFO scan_sources: tailwindcss_oxide::scanner: Discovering "/home/afdal/Laboratorium/PROJECT/extensionadminaksent/cypress"
2026-05-08T11:20:48.102236Z  INFO scan_sources: tailwindcss_oxide::scanner: Discovering "/home/afdal/Laboratorium/PROJECT/extensionadminaksent/cypress/fixtures"
2026-05-08T11:20:48.102309Z  INFO scan_sources: tailwindcss_oxide::scanner: Discovering "/home/afdal/Laboratorium/PROJECT/extensionadminaksent/cypress/e2e"
2026-05-08T11:20:48.102385Z  INFO scan_sources: tailwindcss_oxide::scanner: Discovering "/home/afdal/Laboratorium/PROJECT/extensionadminaksent/cypress/support"
2026-05-08T11:20:48.102485Z  INFO scan_sources: tailwindcss_oxide::scanner: Discovering "/home/afdal/Laboratorium/PROJECT/extensionadminaksent/.vscode"
2026-05-08T11:20:48.102622Z  INFO scan_sources: tailwindcss_oxide::scanner: Discovering "/home/afdal/Laboratorium/PROJECT/extensionadminaksent/src"
2026-05-08T11:20:48.102678Z  INFO scan_sources: tailwindcss_oxide::scanner: Discovering "/home/afdal/Laboratorium/PROJECT/extensionadminaksent/src/hook"
2026-05-08T11:20:48.102740Z  INFO scan_sources: tailwindcss_oxide::scanner: Discovering "/home/afdal/Laboratorium/PROJECT/extensionadminaksent/src/hook/requests"
2026-05-08T11:20:48.102796Z  INFO scan_sources: tailwindcss_oxide::scanner: Discovering "/home/afdal/Laboratorium/PROJECT/extensionadminaksent/src/hook/requests/customer.ts"
2026-05-08T11:20:48.102854Z  INFO scan_sources: tailwindcss_oxide::scanner: Discovering "/home/afdal/Laboratorium/PROJECT/extensionadminaksent/src/components"
2026-05-08T11:20:48.102925Z  INFO scan_sources: tailwindcss_oxide::scanner: Discovering "/home/afdal/Laboratorium/PROJECT/extensionadminaksent/src/components/customer"
2026-05-08T11:20:48.103026Z  INFO scan_sources: tailwindcss_oxide::scanner: Discovering "/home/afdal/Laboratorium/PROJECT/extensionadminaksent/src/components/input"
2026-05-08T11:20:48.103117Z  INFO scan_sources: tailwindcss_oxide::scanner: Discovering "/home/afdal/Laboratorium/PROJECT/extensionadminaksent/src/components/layout"
2026-05-08T11:20:48.103196Z  INFO scan_sources: tailwindcss_oxide::scanner: Discovering "/home/afdal/Laboratorium/PROJECT/extensionadminaksent/src/components/list"
2026-05-08T11:20:48.103300Z  INFO scan_sources: tailwindcss_oxide::scanner: Discovering "/home/afdal/Laboratorium/PROJECT/extensionadminaksent/src/components/toolbars"
2026-05-08T11:20:48.103395Z  INFO scan_sources: tailwindcss_oxide::scanner: Discovering "/home/afdal/Laboratorium/PROJECT/extensionadminaksent/src/theme"
2026-05-08T11:20:48.109065Z  INFO scan_sources: tailwindcss_oxide::scanner: Discovering "/home/afdal/Laboratorium/PROJECT/extensionadminaksent/src/utils"
2026-05-08T11:20:48.111939Z  INFO scan_sources: tailwindcss_oxide::scanner: Discovering "/home/afdal/Laboratorium/PROJECT/extensionadminaksent/src/databases"
2026-05-08T11:20:48.115530Z  INFO scan_sources: tailwindcss_oxide::scanner: Discovering "/home/afdal/Laboratorium/PROJECT/extensionadminaksent/src/databases/migrations"
2026-05-08T11:20:48.115670Z  INFO scan_sources: tailwindcss_oxide::scanner: Discovering "/home/afdal/Laboratorium/PROJECT/extensionadminaksent/src/databases/entities"
2026-05-08T11:20:48.115788Z  INFO scan_sources: tailwindcss_oxide::scanner: Discovering "/home/afdal/Laboratorium/PROJECT/extensionadminaksent/src/types"
2026-05-08T11:20:48.115866Z  INFO scan_sources: tailwindcss_oxide::scanner: Discovering "/home/afdal/Laboratorium/PROJECT/extensionadminaksent/src/pages"
2026-05-08T11:20:48.115920Z  INFO scan_sources: tailwindcss_oxide::scanner: Discovering "/home/afdal/Laboratorium/PROJECT/extensionadminaksent/src/pages/Customer"
2026-05-08T11:20:48.116010Z  INFO scan_sources: tailwindcss_oxide::scanner: Discovering "/home/afdal/Laboratorium/PROJECT/extensionadminaksent/src/pages/Home"
2026-05-08T11:20:48.116093Z  INFO scan_sources: tailwindcss_oxide::scanner: Discovering "/home/afdal/Laboratorium/PROJECT/extensionadminaksent/src/pages/Validation"
2026-05-08T11:20:48.116161Z  INFO scan_sources: tailwindcss_oxide::scanner: Discovering "/home/afdal/Laboratorium/PROJECT/extensionadminaksent/src/pages/Unpaid"
2026-05-08T11:20:48.116235Z  INFO scan_sources: tailwindcss_oxide::scanner: Discovering "/home/afdal/Laboratorium/PROJECT/extensionadminaksent/src/pages/Payment"
2026-05-08T11:20:48.116325Z  INFO scan_sources: tailwindcss_oxide::scanner: Discovering "/home/afdal/Laboratorium/PROJECT/extensionadminaksent/src/context"
2026-05-08T11:20:48.117870Z  INFO scan_sources: tailwindcss_oxide::scanner: Discovering "/home/afdal/Laboratorium/PROJECT/extensionadminaksent/public"
2026-05-08T11:20:48.118119Z  INFO scan_sources: tailwindcss_oxide::scanner: Discovering "/home/afdal/Laboratorium/PROJECT/extensionadminaksent/public/assets"
2026-05-08T11:20:48.118453Z  INFO scan_sources: tailwindcss_oxide::scanner: Discovering "/home/afdal/Laboratorium/PROJECT/extensionadminaksent/android"
2026-05-08T11:20:48.118949Z  INFO scan_sources: tailwindcss_oxide::scanner: Discovering "/home/afdal/Laboratorium/PROJECT/extensionadminaksent/android/.kotlin"
2026-05-08T11:20:48.119157Z  INFO scan_sources: tailwindcss_oxide::scanner: Discovering "/home/afdal/Laboratorium/PROJECT/extensionadminaksent/android/.kotlin/sessions"
2026-05-08T11:20:48.119511Z  INFO scan_sources: tailwindcss_oxide::scanner: Discovering "/home/afdal/Laboratorium/PROJECT/extensionadminaksent/android/gradle"
2026-05-08T11:20:48.119720Z  INFO scan_sources: tailwindcss_oxide::scanner: Discovering "/home/afdal/Laboratorium/PROJECT/extensionadminaksent/android/gradle/wrapper"
2026-05-08T11:20:48.119923Z  INFO scan_sources: tailwindcss_oxide::scanner: Discovering "/home/afdal/Laboratorium/PROJECT/extensionadminaksent/android/app"
2026-05-08T11:20:48.120162Z  INFO scan_sources: tailwindcss_oxide::scanner: Discovering "/home/afdal/Laboratorium/PROJECT/extensionadminaksent/android/app/src"
2026-05-08T11:20:48.120329Z  INFO scan_sources: tailwindcss_oxide::scanner: Discovering "/home/afdal/Laboratorium/PROJECT/extensionadminaksent/android/app/src/main"
2026-05-08T11:20:48.120692Z  INFO scan_sources: tailwindcss_oxide::scanner: Discovering "/home/afdal/Laboratorium/PROJECT/extensionadminaksent/android/app/src/main/res"
2026-05-08T11:20:48.120907Z  INFO scan_sources: tailwindcss_oxide::scanner: Discovering "/home/afdal/Laboratorium/PROJECT/extensionadminaksent/android/app/src/main/res/drawable-land-xhdpi"
2026-05-08T11:20:48.121104Z  INFO scan_sources: tailwindcss_oxide::scanner: Discovering "/home/afdal/Laboratorium/PROJECT/extensionadminaksent/android/app/src/main/res/drawable-land-xxhdpi"
2026-05-08T11:20:48.121293Z  INFO scan_sources: tailwindcss_oxide::scanner: Discovering "/home/afdal/Laboratorium/PROJECT/extensionadminaksent/android/app/src/main/res/drawable-v24"
2026-05-08T11:20:48.121600Z  INFO scan_sources: tailwindcss_oxide::scanner: Discovering "/home/afdal/Laboratorium/PROJECT/extensionadminaksent/android/app/src/main/res/drawable-port-xxxhdpi"
2026-05-08T11:20:48.122094Z  INFO scan_sources: tailwindcss_oxide::scanner: Discovering "/home/afdal/Laboratorium/PROJECT/extensionadminaksent/android/app/src/main/res/drawable-land-xxxhdpi"
2026-05-08T11:20:48.123312Z  INFO scan_sources: tailwindcss_oxide::scanner: Discovering "/home/afdal/Laboratorium/PROJECT/extensionadminaksent/android/app/src/main/res/drawable-port-xxhdpi"
2026-05-08T11:20:48.123421Z  INFO scan_sources: tailwindcss_oxide::scanner: Discovering "/home/afdal/Laboratorium/PROJECT/extensionadminaksent/android/app/src/main/res/mipmap-hdpi"
2026-05-08T11:20:48.123508Z  INFO scan_sources: tailwindcss_oxide::scanner: Discovering "/home/afdal/Laboratorium/PROJECT/extensionadminaksent/android/app/src/main/res/drawable-land-hdpi"
2026-05-08T11:20:48.123590Z  INFO scan_sources: tailwindcss_oxide::scanner: Discovering "/home/afdal/Laboratorium/PROJECT/extensionadminaksent/android/app/src/main/res/xml"
2026-05-08T11:20:48.123678Z  INFO scan_sources: tailwindcss_oxide::scanner: Discovering "/home/afdal/Laboratorium/PROJECT/extensionadminaksent/android/app/src/main/res/mipmap-xhdpi"
2026-05-08T11:20:48.123751Z  INFO scan_sources: tailwindcss_oxide::scanner: Discovering "/home/afdal/Laboratorium/PROJECT/extensionadminaksent/android/app/src/main/res/drawable-land-mdpi"
2026-05-08T11:20:48.123820Z  INFO scan_sources: tailwindcss_oxide::scanner: Discovering "/home/afdal/Laboratorium/PROJECT/extensionadminaksent/android/app/src/main/res/drawable-port-hdpi"
2026-05-08T11:20:48.123887Z  INFO scan_sources: tailwindcss_oxide::scanner: Discovering "/home/afdal/Laboratorium/PROJECT/extensionadminaksent/android/app/src/main/res/mipmap-xxhdpi"
2026-05-08T11:20:48.123965Z  INFO scan_sources: tailwindcss_oxide::scanner: Discovering "/home/afdal/Laboratorium/PROJECT/extensionadminaksent/android/app/src/main/res/mipmap-mdpi"
2026-05-08T11:20:48.124235Z  INFO scan_sources: tailwindcss_oxide::scanner: Discovering "/home/afdal/Laboratorium/PROJECT/extensionadminaksent/android/app/src/main/res/drawable"
2026-05-08T11:20:48.124435Z  INFO scan_sources: tailwindcss_oxide::scanner: Discovering "/home/afdal/Laboratorium/PROJECT/extensionadminaksent/android/app/src/main/res/drawable-port-xhdpi"
2026-05-08T11:20:48.124616Z  INFO scan_sources: tailwindcss_oxide::scanner: Discovering "/home/afdal/Laboratorium/PROJECT/extensionadminaksent/android/app/src/main/res/mipmap-xxxhdpi"
2026-05-08T11:20:48.124777Z  INFO scan_sources: tailwindcss_oxide::scanner: Discovering "/home/afdal/Laboratorium/PROJECT/extensionadminaksent/android/app/src/main/res/layout"
2026-05-08T11:20:48.124937Z  INFO scan_sources: tailwindcss_oxide::scanner: Discovering "/home/afdal/Laboratorium/PROJECT/extensionadminaksent/android/app/src/main/res/mipmap-anydpi-v26"
2026-05-08T11:20:48.125200Z  INFO scan_sources: tailwindcss_oxide::scanner: Discovering "/home/afdal/Laboratorium/PROJECT/extensionadminaksent/android/app/src/main/res/drawable-port-mdpi"
2026-05-08T11:20:48.125385Z  INFO scan_sources: tailwindcss_oxide::scanner: Discovering "/home/afdal/Laboratorium/PROJECT/extensionadminaksent/android/app/src/main/res/values"
2026-05-08T11:20:48.125616Z  INFO scan_sources: tailwindcss_oxide::scanner: Discovering "/home/afdal/Laboratorium/PROJECT/extensionadminaksent/android/app/src/main/java"
2026-05-08T11:20:48.125773Z  INFO scan_sources: tailwindcss_oxide::scanner: Discovering "/home/afdal/Laboratorium/PROJECT/extensionadminaksent/android/app/src/main/java/io"
2026-05-08T11:20:48.125927Z  INFO scan_sources: tailwindcss_oxide::scanner: Discovering "/home/afdal/Laboratorium/PROJECT/extensionadminaksent/android/app/src/main/java/io/ionic"
2026-05-08T11:20:48.126091Z  INFO scan_sources: tailwindcss_oxide::scanner: Discovering "/home/afdal/Laboratorium/PROJECT/extensionadminaksent/android/app/src/main/java/io/ionic/starter"
2026-05-08T11:20:48.126355Z  INFO scan_sources: tailwindcss_oxide::scanner: Discovering "/home/afdal/Laboratorium/PROJECT/extensionadminaksent/android/app/src/main/assets"
2026-05-08T11:20:48.126502Z  INFO scan_sources: tailwindcss_oxide::scanner: Discovering "/home/afdal/Laboratorium/PROJECT/extensionadminaksent/android/app/src/androidTest"
2026-05-08T11:20:48.126568Z  INFO scan_sources: tailwindcss_oxide::scanner: Discovering "/home/afdal/Laboratorium/PROJECT/extensionadminaksent/android/app/src/androidTest/java"
2026-05-08T11:20:48.126619Z  INFO scan_sources: tailwindcss_oxide::scanner: Discovering "/home/afdal/Laboratorium/PROJECT/extensionadminaksent/android/app/src/androidTest/java/com"
2026-05-08T11:20:48.126673Z  INFO scan_sources: tailwindcss_oxide::scanner: Discovering "/home/afdal/Laboratorium/PROJECT/extensionadminaksent/android/app/src/androidTest/java/com/getcapacitor"
2026-05-08T11:20:48.126725Z  INFO scan_sources: tailwindcss_oxide::scanner: Discovering "/home/afdal/Laboratorium/PROJECT/extensionadminaksent/android/app/src/androidTest/java/com/getcapacitor/myapp"
2026-05-08T11:20:48.127128Z  INFO scan_sources: tailwindcss_oxide::scanner: Discovering "/home/afdal/Laboratorium/PROJECT/extensionadminaksent/android/app/src/test"
2026-05-08T11:20:48.127422Z  INFO scan_sources: tailwindcss_oxide::scanner: Discovering "/home/afdal/Laboratorium/PROJECT/extensionadminaksent/android/app/src/test/java"
2026-05-08T11:20:48.128241Z  INFO scan_sources: tailwindcss_oxide::scanner: Discovering "/home/afdal/Laboratorium/PROJECT/extensionadminaksent/android/app/src/test/java/com"
2026-05-08T11:20:48.128922Z  INFO scan_sources: tailwindcss_oxide::scanner: Discovering "/home/afdal/Laboratorium/PROJECT/extensionadminaksent/android/app/src/test/java/com/getcapacitor"
2026-05-08T11:20:48.129232Z  INFO scan_sources: tailwindcss_oxide::scanner: Discovering "/home/afdal/Laboratorium/PROJECT/extensionadminaksent/android/app/src/test/java/com/getcapacitor/myapp"
2026-05-08T11:20:48.131049Z  INFO scan_sources: tailwindcss_oxide::scanner: exit
2026-05-08T11:20:48.131262Z  INFO extract_candidates: tailwindcss_oxide::scanner: enter
2026-05-08T11:20:48.131353Z  INFO extract_candidates:read_all_files: tailwindcss_oxide::scanner: enter
2026-05-08T11:20:48.131430Z  INFO extract_candidates:read_all_files: tailwindcss_oxide::scanner: Reading 1 file(s)
2026-05-08T11:20:48.131598Z  INFO extract_candidates:read_all_files: tailwindcss_oxide::scanner: Reading "/home/afdal/Laboratorium/PROJECT/extensionadminaksent/src/hook/requests/customer.ts"
2026-05-08T11:20:48.131697Z  INFO extract_candidates:read_all_files: tailwindcss_oxide::scanner: exit
2026-05-08T11:20:48.131773Z  INFO extract_candidates:parse_all_blobs: tailwindcss_oxide::scanner: enter
2026-05-08T11:20:48.131842Z  INFO extract_candidates:parse_all_blobs:extract: tailwindcss_oxide::scanner: enter
2026-05-08T11:20:48.137567Z  INFO extract_candidates:parse_all_blobs:extract: tailwindcss_oxide::scanner: exit
2026-05-08T11:20:48.137622Z  INFO extract_candidates:parse_all_blobs: tailwindcss_oxide::scanner: exit
2026-05-08T11:20:48.150911Z  INFO extract_candidates: tailwindcss_oxide::scanner: exit
2026-05-08T11:20:48.153192Z  INFO get_files: tailwindcss_oxide::scanner: enter
2026-05-08T11:20:48.153240Z  INFO get_files:scan_sources: tailwindcss_oxide::scanner: enter
2026-05-08T11:20:48.159456Z  INFO get_files:scan_sources: tailwindcss_oxide::scanner: Discovering "/home/afdal/Laboratorium/PROJECT/extensionadminaksent/scripts"
2026-05-08T11:20:48.161221Z  INFO get_files:scan_sources: tailwindcss_oxide::scanner: Discovering "/home/afdal/Laboratorium/PROJECT/extensionadminaksent/cypress"
2026-05-08T11:20:48.161310Z  INFO get_files:scan_sources: tailwindcss_oxide::scanner: Discovering "/home/afdal/Laboratorium/PROJECT/extensionadminaksent/cypress/fixtures"
2026-05-08T11:20:48.161387Z  INFO get_files:scan_sources: tailwindcss_oxide::scanner: Discovering "/home/afdal/Laboratorium/PROJECT/extensionadminaksent/cypress/e2e"
2026-05-08T11:20:48.161462Z  INFO get_files:scan_sources: tailwindcss_oxide::scanner: Discovering "/home/afdal/Laboratorium/PROJECT/extensionadminaksent/cypress/support"
2026-05-08T11:20:48.163705Z  INFO get_files:scan_sources: tailwindcss_oxide::scanner: Discovering "/home/afdal/Laboratorium/PROJECT/extensionadminaksent/.vscode"
2026-05-08T11:20:48.164073Z  INFO get_files:scan_sources: tailwindcss_oxide::scanner: Discovering "/home/afdal/Laboratorium/PROJECT/extensionadminaksent/src"
2026-05-08T11:20:48.164162Z  INFO get_files:scan_sources: tailwindcss_oxide::scanner: Discovering "/home/afdal/Laboratorium/PROJECT/extensionadminaksent/src/hook"
2026-05-08T11:20:48.164238Z  INFO get_files:scan_sources: tailwindcss_oxide::scanner: Discovering "/home/afdal/Laboratorium/PROJECT/extensionadminaksent/src/hook/requests"
2026-05-08T11:20:48.164323Z  INFO get_files:scan_sources: tailwindcss_oxide::scanner: Discovering "/home/afdal/Laboratorium/PROJECT/extensionadminaksent/src/components"
2026-05-08T11:20:48.164390Z  INFO get_files:scan_sources: tailwindcss_oxide::scanner: Discovering "/home/afdal/Laboratorium/PROJECT/extensionadminaksent/src/components/customer"
2026-05-08T11:20:48.164509Z  INFO get_files:scan_sources: tailwindcss_oxide::scanner: Discovering "/home/afdal/Laboratorium/PROJECT/extensionadminaksent/src/components/input"
2026-05-08T11:20:48.164625Z  INFO get_files:scan_sources: tailwindcss_oxide::scanner: Discovering "/home/afdal/Laboratorium/PROJECT/extensionadminaksent/src/components/layout"
2026-05-08T11:20:48.165082Z  INFO get_files:scan_sources: tailwindcss_oxide::scanner: Discovering "/home/afdal/Laboratorium/PROJECT/extensionadminaksent/src/components/list"
2026-05-08T11:20:48.166126Z  INFO get_files:scan_sources: tailwindcss_oxide::scanner: Discovering "/home/afdal/Laboratorium/PROJECT/extensionadminaksent/src/components/toolbars"
2026-05-08T11:20:48.166287Z  INFO get_files:scan_sources: tailwindcss_oxide::scanner: Discovering "/home/afdal/Laboratorium/PROJECT/extensionadminaksent/src/theme"
2026-05-08T11:20:48.166405Z  INFO get_files:scan_sources: tailwindcss_oxide::scanner: Discovering "/home/afdal/Laboratorium/PROJECT/extensionadminaksent/src/utils"
2026-05-08T11:20:48.166587Z  INFO get_files:scan_sources: tailwindcss_oxide::scanner: Discovering "/home/afdal/Laboratorium/PROJECT/extensionadminaksent/src/databases"
2026-05-08T11:20:48.166675Z  INFO get_files:scan_sources: tailwindcss_oxide::scanner: Discovering "/home/afdal/Laboratorium/PROJECT/extensionadminaksent/src/databases/migrations"
2026-05-08T11:20:48.166789Z  INFO get_files:scan_sources: tailwindcss_oxide::scanner: Discovering "/home/afdal/Laboratorium/PROJECT/extensionadminaksent/src/databases/entities"
2026-05-08T11:20:48.167331Z  INFO get_files:scan_sources: tailwindcss_oxide::scanner: Discovering "/home/afdal/Laboratorium/PROJECT/extensionadminaksent/src/types"
2026-05-08T11:20:48.171402Z  INFO get_files:scan_sources: tailwindcss_oxide::scanner: Discovering "/home/afdal/Laboratorium/PROJECT/extensionadminaksent/src/pages"
2026-05-08T11:20:48.171647Z  INFO get_files:scan_sources: tailwindcss_oxide::scanner: Discovering "/home/afdal/Laboratorium/PROJECT/extensionadminaksent/src/pages/Customer"
2026-05-08T11:20:48.171989Z  INFO get_files:scan_sources: tailwindcss_oxide::scanner: Discovering "/home/afdal/Laboratorium/PROJECT/extensionadminaksent/src/pages/Home"
2026-05-08T11:20:48.172225Z  INFO get_files:scan_sources: tailwindcss_oxide::scanner: Discovering "/home/afdal/Laboratorium/PROJECT/extensionadminaksent/src/pages/Validation"
2026-05-08T11:20:48.177047Z  INFO get_files:scan_sources: tailwindcss_oxide::scanner: Discovering "/home/afdal/Laboratorium/PROJECT/extensionadminaksent/src/pages/Unpaid"
2026-05-08T11:20:48.177171Z  INFO get_files:scan_sources: tailwindcss_oxide::scanner: Discovering "/home/afdal/Laboratorium/PROJECT/extensionadminaksent/src/pages/Payment"
2026-05-08T11:20:48.177263Z  INFO get_files:scan_sources: tailwindcss_oxide::scanner: Discovering "/home/afdal/Laboratorium/PROJECT/extensionadminaksent/src/context"
2026-05-08T11:20:48.177494Z  INFO get_files:scan_sources: tailwindcss_oxide::scanner: Discovering "/home/afdal/Laboratorium/PROJECT/extensionadminaksent/public"
2026-05-08T11:20:48.177588Z  INFO get_files:scan_sources: tailwindcss_oxide::scanner: Discovering "/home/afdal/Laboratorium/PROJECT/extensionadminaksent/public/assets"
2026-05-08T11:20:48.177799Z  INFO get_files:scan_sources: tailwindcss_oxide::scanner: Discovering "/home/afdal/Laboratorium/PROJECT/extensionadminaksent/android"
2026-05-08T11:20:48.180255Z  INFO get_files:scan_sources: tailwindcss_oxide::scanner: Discovering "/home/afdal/Laboratorium/PROJECT/extensionadminaksent/android/.kotlin"
2026-05-08T11:20:48.183609Z  INFO get_files:scan_sources: tailwindcss_oxide::scanner: Discovering "/home/afdal/Laboratorium/PROJECT/extensionadminaksent/android/.kotlin/sessions"
2026-05-08T11:20:48.183886Z  INFO get_files:scan_sources: tailwindcss_oxide::scanner: Discovering "/home/afdal/Laboratorium/PROJECT/extensionadminaksent/android/gradle"
2026-05-08T11:20:48.183958Z  INFO get_files:scan_sources: tailwindcss_oxide::scanner: Discovering "/home/afdal/Laboratorium/PROJECT/extensionadminaksent/android/gradle/wrapper"
2026-05-08T11:20:48.184069Z  INFO get_files:scan_sources: tailwindcss_oxide::scanner: Discovering "/home/afdal/Laboratorium/PROJECT/extensionadminaksent/android/app"
2026-05-08T11:20:48.184245Z  INFO get_files:scan_sources: tailwindcss_oxide::scanner: Discovering "/home/afdal/Laboratorium/PROJECT/extensionadminaksent/android/app/src"
2026-05-08T11:20:48.184331Z  INFO get_files:scan_sources: tailwindcss_oxide::scanner: Discovering "/home/afdal/Laboratorium/PROJECT/extensionadminaksent/android/app/src/main"
2026-05-08T11:20:48.187602Z  INFO get_files:scan_sources: tailwindcss_oxide::scanner: Discovering "/home/afdal/Laboratorium/PROJECT/extensionadminaksent/android/app/src/main/res"
2026-05-08T11:20:48.187719Z  INFO get_files:scan_sources: tailwindcss_oxide::scanner: Discovering "/home/afdal/Laboratorium/PROJECT/extensionadminaksent/android/app/src/main/res/drawable-land-xhdpi"
2026-05-08T11:20:48.188371Z  INFO get_files:scan_sources: tailwindcss_oxide::scanner: Discovering "/home/afdal/Laboratorium/PROJECT/extensionadminaksent/android/app/src/main/res/drawable-land-xxhdpi"
2026-05-08T11:20:48.188630Z  INFO get_files:scan_sources: tailwindcss_oxide::scanner: Discovering "/home/afdal/Laboratorium/PROJECT/extensionadminaksent/android/app/src/main/res/drawable-v24"
2026-05-08T11:20:48.188948Z  INFO get_files:scan_sources: tailwindcss_oxide::scanner: Discovering "/home/afdal/Laboratorium/PROJECT/extensionadminaksent/android/app/src/main/res/drawable-port-xxxhdpi"
2026-05-08T11:20:48.190242Z  INFO get_files:scan_sources: tailwindcss_oxide::scanner: Discovering "/home/afdal/Laboratorium/PROJECT/extensionadminaksent/android/app/src/main/res/drawable-land-xxxhdpi"
2026-05-08T11:20:48.190361Z  INFO get_files:scan_sources: tailwindcss_oxide::scanner: Discovering "/home/afdal/Laboratorium/PROJECT/extensionadminaksent/android/app/src/main/res/drawable-port-xxhdpi"
2026-05-08T11:20:48.190442Z  INFO get_files:scan_sources: tailwindcss_oxide::scanner: Discovering "/home/afdal/Laboratorium/PROJECT/extensionadminaksent/android/app/src/main/res/mipmap-hdpi"
2026-05-08T11:20:48.190525Z  INFO get_files:scan_sources: tailwindcss_oxide::scanner: Discovering "/home/afdal/Laboratorium/PROJECT/extensionadminaksent/android/app/src/main/res/drawable-land-hdpi"
2026-05-08T11:20:48.190602Z  INFO get_files:scan_sources: tailwindcss_oxide::scanner: Discovering "/home/afdal/Laboratorium/PROJECT/extensionadminaksent/android/app/src/main/res/xml"
2026-05-08T11:20:48.190691Z  INFO get_files:scan_sources: tailwindcss_oxide::scanner: Discovering "/home/afdal/Laboratorium/PROJECT/extensionadminaksent/android/app/src/main/res/mipmap-xhdpi"
2026-05-08T11:20:48.190763Z  INFO get_files:scan_sources: tailwindcss_oxide::scanner: Discovering "/home/afdal/Laboratorium/PROJECT/extensionadminaksent/android/app/src/main/res/drawable-land-mdpi"
2026-05-08T11:20:48.190826Z  INFO get_files:scan_sources: tailwindcss_oxide::scanner: Discovering "/home/afdal/Laboratorium/PROJECT/extensionadminaksent/android/app/src/main/res/drawable-port-hdpi"
2026-05-08T11:20:48.190893Z  INFO get_files:scan_sources: tailwindcss_oxide::scanner: Discovering "/home/afdal/Laboratorium/PROJECT/extensionadminaksent/android/app/src/main/res/mipmap-xxhdpi"
2026-05-08T11:20:48.190969Z  INFO get_files:scan_sources: tailwindcss_oxide::scanner: Discovering "/home/afdal/Laboratorium/PROJECT/extensionadminaksent/android/app/src/main/res/mipmap-mdpi"
2026-05-08T11:20:48.191044Z  INFO get_files:scan_sources: tailwindcss_oxide::scanner: Discovering "/home/afdal/Laboratorium/PROJECT/extensionadminaksent/android/app/src/main/res/drawable"
2026-05-08T11:20:48.191129Z  INFO get_files:scan_sources: tailwindcss_oxide::scanner: Discovering "/home/afdal/Laboratorium/PROJECT/extensionadminaksent/android/app/src/main/res/drawable-port-xhdpi"
2026-05-08T11:20:48.191199Z  INFO get_files:scan_sources: tailwindcss_oxide::scanner: Discovering "/home/afdal/Laboratorium/PROJECT/extensionadminaksent/android/app/src/main/res/mipmap-xxxhdpi"
2026-05-08T11:20:48.191276Z  INFO get_files:scan_sources: tailwindcss_oxide::scanner: Discovering "/home/afdal/Laboratorium/PROJECT/extensionadminaksent/android/app/src/main/res/layout"
2026-05-08T11:20:48.191355Z  INFO get_files:scan_sources: tailwindcss_oxide::scanner: Discovering "/home/afdal/Laboratorium/PROJECT/extensionadminaksent/android/app/src/main/res/mipmap-anydpi-v26"
2026-05-08T11:20:48.191443Z  INFO get_files:scan_sources: tailwindcss_oxide::scanner: Discovering "/home/afdal/Laboratorium/PROJECT/extensionadminaksent/android/app/src/main/res/drawable-port-mdpi"
2026-05-08T11:20:48.191651Z  INFO get_files:scan_sources: tailwindcss_oxide::scanner: Discovering "/home/afdal/Laboratorium/PROJECT/extensionadminaksent/android/app/src/main/res/values"
2026-05-08T11:20:48.191868Z  INFO get_files:scan_sources: tailwindcss_oxide::scanner: Discovering "/home/afdal/Laboratorium/PROJECT/extensionadminaksent/android/app/src/main/java"
2026-05-08T11:20:48.192014Z  INFO get_files:scan_sources: tailwindcss_oxide::scanner: Discovering "/home/afdal/Laboratorium/PROJECT/extensionadminaksent/android/app/src/main/java/io"
2026-05-08T11:20:48.192158Z  INFO get_files:scan_sources: tailwindcss_oxide::scanner: Discovering "/home/afdal/Laboratorium/PROJECT/extensionadminaksent/android/app/src/main/java/io/ionic"
2026-05-08T11:20:48.192302Z  INFO get_files:scan_sources: tailwindcss_oxide::scanner: Discovering "/home/afdal/Laboratorium/PROJECT/extensionadminaksent/android/app/src/main/java/io/ionic/starter"
2026-05-08T11:20:48.192768Z  INFO get_files:scan_sources: tailwindcss_oxide::scanner: Discovering "/home/afdal/Laboratorium/PROJECT/extensionadminaksent/android/app/src/main/assets"
2026-05-08T11:20:48.193666Z  INFO get_files:scan_sources: tailwindcss_oxide::scanner: Discovering "/home/afdal/Laboratorium/PROJECT/extensionadminaksent/android/app/src/androidTest"
2026-05-08T11:20:48.193904Z  INFO get_files:scan_sources: tailwindcss_oxide::scanner: Discovering "/home/afdal/Laboratorium/PROJECT/extensionadminaksent/android/app/src/androidTest/java"
2026-05-08T11:20:48.194035Z  INFO get_files:scan_sources: tailwindcss_oxide::scanner: Discovering "/home/afdal/Laboratorium/PROJECT/extensionadminaksent/android/app/src/androidTest/java/com"
2026-05-08T11:20:48.194148Z  INFO get_files:scan_sources: tailwindcss_oxide::scanner: Discovering "/home/afdal/Laboratorium/PROJECT/extensionadminaksent/android/app/src/androidTest/java/com/getcapacitor"
2026-05-08T11:20:48.194207Z  INFO get_files:scan_sources: tailwindcss_oxide::scanner: Discovering "/home/afdal/Laboratorium/PROJECT/extensionadminaksent/android/app/src/androidTest/java/com/getcapacitor/myapp"
2026-05-08T11:20:48.194314Z  INFO get_files:scan_sources: tailwindcss_oxide::scanner: Discovering "/home/afdal/Laboratorium/PROJECT/extensionadminaksent/android/app/src/test"
2026-05-08T11:20:48.194373Z  INFO get_files:scan_sources: tailwindcss_oxide::scanner: Discovering "/home/afdal/Laboratorium/PROJECT/extensionadminaksent/android/app/src/test/java"
2026-05-08T11:20:48.194425Z  INFO get_files:scan_sources: tailwindcss_oxide::scanner: Discovering "/home/afdal/Laboratorium/PROJECT/extensionadminaksent/android/app/src/test/java/com"
2026-05-08T11:20:48.194493Z  INFO get_files:scan_sources: tailwindcss_oxide::scanner: Discovering "/home/afdal/Laboratorium/PROJECT/extensionadminaksent/android/app/src/test/java/com/getcapacitor"
2026-05-08T11:20:48.194562Z  INFO get_files:scan_sources: tailwindcss_oxide::scanner: Discovering "/home/afdal/Laboratorium/PROJECT/extensionadminaksent/android/app/src/test/java/com/getcapacitor/myapp"
2026-05-08T11:20:48.195055Z  INFO get_files:scan_sources: tailwindcss_oxide::scanner: exit
2026-05-08T11:20:48.196418Z  INFO get_files: tailwindcss_oxide::scanner: exit
2026-05-08T11:20:48.197123Z  INFO get_globs: tailwindcss_oxide::scanner: enter
2026-05-08T11:20:48.197246Z  INFO get_globs: tailwindcss_oxide::scanner: exit
2026-05-08T11:21:09.495324Z  INFO scan_sources: tailwindcss_oxide::scanner: enter
2026-05-08T11:21:09.497804Z  INFO scan_sources: tailwindcss_oxide::scanner: Discovering "/home/afdal/Laboratorium/PROJECT/extensionadminaksent/scripts"
2026-05-08T11:21:09.497923Z  INFO scan_sources: tailwindcss_oxide::scanner: Discovering "/home/afdal/Laboratorium/PROJECT/extensionadminaksent/cypress"
2026-05-08T11:21:09.497983Z  INFO scan_sources: tailwindcss_oxide::scanner: Discovering "/home/afdal/Laboratorium/PROJECT/extensionadminaksent/cypress/fixtures"
2026-05-08T11:21:09.498055Z  INFO scan_sources: tailwindcss_oxide::scanner: Discovering "/home/afdal/Laboratorium/PROJECT/extensionadminaksent/cypress/e2e"
2026-05-08T11:21:09.498130Z  INFO scan_sources: tailwindcss_oxide::scanner: Discovering "/home/afdal/Laboratorium/PROJECT/extensionadminaksent/cypress/support"
2026-05-08T11:21:09.498219Z  INFO scan_sources: tailwindcss_oxide::scanner: Discovering "/home/afdal/Laboratorium/PROJECT/extensionadminaksent/.vscode"
2026-05-08T11:21:09.498344Z  INFO scan_sources: tailwindcss_oxide::scanner: Discovering "/home/afdal/Laboratorium/PROJECT/extensionadminaksent/src"
2026-05-08T11:21:09.498404Z  INFO scan_sources: tailwindcss_oxide::scanner: Discovering "/home/afdal/Laboratorium/PROJECT/extensionadminaksent/src/hook"
2026-05-08T11:21:09.498481Z  INFO scan_sources: tailwindcss_oxide::scanner: Discovering "/home/afdal/Laboratorium/PROJECT/extensionadminaksent/src/hook/requests"
2026-05-08T11:21:09.498563Z  INFO scan_sources: tailwindcss_oxide::scanner: Discovering "/home/afdal/Laboratorium/PROJECT/extensionadminaksent/src/components"
2026-05-08T11:21:09.498631Z  INFO scan_sources: tailwindcss_oxide::scanner: Discovering "/home/afdal/Laboratorium/PROJECT/extensionadminaksent/src/components/customer"
2026-05-08T11:21:09.498726Z  INFO scan_sources: tailwindcss_oxide::scanner: Discovering "/home/afdal/Laboratorium/PROJECT/extensionadminaksent/src/components/input"
2026-05-08T11:21:09.498821Z  INFO scan_sources: tailwindcss_oxide::scanner: Discovering "/home/afdal/Laboratorium/PROJECT/extensionadminaksent/src/components/layout"
2026-05-08T11:21:09.498904Z  INFO scan_sources: tailwindcss_oxide::scanner: Discovering "/home/afdal/Laboratorium/PROJECT/extensionadminaksent/src/components/list"
2026-05-08T11:21:09.498995Z  INFO scan_sources: tailwindcss_oxide::scanner: Discovering "/home/afdal/Laboratorium/PROJECT/extensionadminaksent/src/components/toolbars"
2026-05-08T11:21:09.499079Z  INFO scan_sources: tailwindcss_oxide::scanner: Discovering "/home/afdal/Laboratorium/PROJECT/extensionadminaksent/src/theme"
2026-05-08T11:21:09.499177Z  INFO scan_sources: tailwindcss_oxide::scanner: Discovering "/home/afdal/Laboratorium/PROJECT/extensionadminaksent/src/utils"
2026-05-08T11:21:09.499310Z  INFO scan_sources: tailwindcss_oxide::scanner: Discovering "/home/afdal/Laboratorium/PROJECT/extensionadminaksent/src/databases"
2026-05-08T11:21:09.499376Z  INFO scan_sources: tailwindcss_oxide::scanner: Discovering "/home/afdal/Laboratorium/PROJECT/extensionadminaksent/src/databases/migrations"
2026-05-08T11:21:09.501607Z  INFO scan_sources: tailwindcss_oxide::scanner: Discovering "/home/afdal/Laboratorium/PROJECT/extensionadminaksent/src/databases/entities"
2026-05-08T11:21:09.502040Z  INFO scan_sources: tailwindcss_oxide::scanner: Discovering "/home/afdal/Laboratorium/PROJECT/extensionadminaksent/src/types"
2026-05-08T11:21:09.502403Z  INFO scan_sources: tailwindcss_oxide::scanner: Discovering "/home/afdal/Laboratorium/PROJECT/extensionadminaksent/src/pages"
2026-05-08T11:21:09.504367Z  INFO scan_sources: tailwindcss_oxide::scanner: Discovering "/home/afdal/Laboratorium/PROJECT/extensionadminaksent/src/pages/Customer"
2026-05-08T11:21:09.504985Z  INFO scan_sources: tailwindcss_oxide::scanner: Discovering "/home/afdal/Laboratorium/PROJECT/extensionadminaksent/src/pages/Customer/Customer.tsx"
2026-05-08T11:21:09.506155Z  INFO scan_sources: tailwindcss_oxide::scanner: Discovering "/home/afdal/Laboratorium/PROJECT/extensionadminaksent/src/pages/Home"
2026-05-08T11:21:09.509501Z  INFO scan_sources: tailwindcss_oxide::scanner: Discovering "/home/afdal/Laboratorium/PROJECT/extensionadminaksent/src/pages/Validation"
2026-05-08T11:21:09.510190Z  INFO scan_sources: tailwindcss_oxide::scanner: Discovering "/home/afdal/Laboratorium/PROJECT/extensionadminaksent/src/pages/Unpaid"
2026-05-08T11:21:09.510615Z  INFO scan_sources: tailwindcss_oxide::scanner: Discovering "/home/afdal/Laboratorium/PROJECT/extensionadminaksent/src/pages/Payment"
2026-05-08T11:21:09.510949Z  INFO scan_sources: tailwindcss_oxide::scanner: Discovering "/home/afdal/Laboratorium/PROJECT/extensionadminaksent/src/context"
2026-05-08T11:21:09.511371Z  INFO scan_sources: tailwindcss_oxide::scanner: Discovering "/home/afdal/Laboratorium/PROJECT/extensionadminaksent/public"
2026-05-08T11:21:09.511655Z  INFO scan_sources: tailwindcss_oxide::scanner: Discovering "/home/afdal/Laboratorium/PROJECT/extensionadminaksent/public/assets"
2026-05-08T11:21:09.512283Z  INFO scan_sources: tailwindcss_oxide::scanner: Discovering "/home/afdal/Laboratorium/PROJECT/extensionadminaksent/android"
2026-05-08T11:21:09.512646Z  INFO scan_sources: tailwindcss_oxide::scanner: Discovering "/home/afdal/Laboratorium/PROJECT/extensionadminaksent/android/.kotlin"
2026-05-08T11:21:09.512711Z  INFO scan_sources: tailwindcss_oxide::scanner: Discovering "/home/afdal/Laboratorium/PROJECT/extensionadminaksent/android/.kotlin/sessions"
2026-05-08T11:21:09.512898Z  INFO scan_sources: tailwindcss_oxide::scanner: Discovering "/home/afdal/Laboratorium/PROJECT/extensionadminaksent/android/gradle"
2026-05-08T11:21:09.512953Z  INFO scan_sources: tailwindcss_oxide::scanner: Discovering "/home/afdal/Laboratorium/PROJECT/extensionadminaksent/android/gradle/wrapper"
2026-05-08T11:21:09.513041Z  INFO scan_sources: tailwindcss_oxide::scanner: Discovering "/home/afdal/Laboratorium/PROJECT/extensionadminaksent/android/app"
2026-05-08T11:21:09.513185Z  INFO scan_sources: tailwindcss_oxide::scanner: Discovering "/home/afdal/Laboratorium/PROJECT/extensionadminaksent/android/app/src"
2026-05-08T11:21:09.513268Z  INFO scan_sources: tailwindcss_oxide::scanner: Discovering "/home/afdal/Laboratorium/PROJECT/extensionadminaksent/android/app/src/main"
2026-05-08T11:21:09.513350Z  INFO scan_sources: tailwindcss_oxide::scanner: Discovering "/home/afdal/Laboratorium/PROJECT/extensionadminaksent/android/app/src/main/res"
2026-05-08T11:21:09.513417Z  INFO scan_sources: tailwindcss_oxide::scanner: Discovering "/home/afdal/Laboratorium/PROJECT/extensionadminaksent/android/app/src/main/res/drawable-land-xhdpi"
2026-05-08T11:21:09.513492Z  INFO scan_sources: tailwindcss_oxide::scanner: Discovering "/home/afdal/Laboratorium/PROJECT/extensionadminaksent/android/app/src/main/res/drawable-land-xxhdpi"
2026-05-08T11:21:09.513561Z  INFO scan_sources: tailwindcss_oxide::scanner: Discovering "/home/afdal/Laboratorium/PROJECT/extensionadminaksent/android/app/src/main/res/drawable-v24"
2026-05-08T11:21:09.513644Z  INFO scan_sources: tailwindcss_oxide::scanner: Discovering "/home/afdal/Laboratorium/PROJECT/extensionadminaksent/android/app/src/main/res/drawable-port-xxxhdpi"
2026-05-08T11:21:09.513707Z  INFO scan_sources: tailwindcss_oxide::scanner: Discovering "/home/afdal/Laboratorium/PROJECT/extensionadminaksent/android/app/src/main/res/drawable-land-xxxhdpi"
2026-05-08T11:21:09.513769Z  INFO scan_sources: tailwindcss_oxide::scanner: Discovering "/home/afdal/Laboratorium/PROJECT/extensionadminaksent/android/app/src/main/res/drawable-port-xxhdpi"
2026-05-08T11:21:09.513832Z  INFO scan_sources: tailwindcss_oxide::scanner: Discovering "/home/afdal/Laboratorium/PROJECT/extensionadminaksent/android/app/src/main/res/mipmap-hdpi"
2026-05-08T11:21:09.513905Z  INFO scan_sources: tailwindcss_oxide::scanner: Discovering "/home/afdal/Laboratorium/PROJECT/extensionadminaksent/android/app/src/main/res/drawable-land-hdpi"
2026-05-08T11:21:09.513970Z  INFO scan_sources: tailwindcss_oxide::scanner: Discovering "/home/afdal/Laboratorium/PROJECT/extensionadminaksent/android/app/src/main/res/xml"
2026-05-08T11:21:09.514047Z  INFO scan_sources: tailwindcss_oxide::scanner: Discovering "/home/afdal/Laboratorium/PROJECT/extensionadminaksent/android/app/src/main/res/mipmap-xhdpi"
2026-05-08T11:21:09.514714Z  INFO scan_sources: tailwindcss_oxide::scanner: Discovering "/home/afdal/Laboratorium/PROJECT/extensionadminaksent/android/app/src/main/res/drawable-land-mdpi"
2026-05-08T11:21:09.514969Z  INFO scan_sources: tailwindcss_oxide::scanner: Discovering "/home/afdal/Laboratorium/PROJECT/extensionadminaksent/android/app/src/main/res/drawable-port-hdpi"
2026-05-08T11:21:09.515255Z  INFO scan_sources: tailwindcss_oxide::scanner: Discovering "/home/afdal/Laboratorium/PROJECT/extensionadminaksent/android/app/src/main/res/mipmap-xxhdpi"
2026-05-08T11:21:09.515514Z  INFO scan_sources: tailwindcss_oxide::scanner: Discovering "/home/afdal/Laboratorium/PROJECT/extensionadminaksent/android/app/src/main/res/mipmap-mdpi"
2026-05-08T11:21:09.515755Z  INFO scan_sources: tailwindcss_oxide::scanner: Discovering "/home/afdal/Laboratorium/PROJECT/extensionadminaksent/android/app/src/main/res/drawable"
2026-05-08T11:21:09.516099Z  INFO scan_sources: tailwindcss_oxide::scanner: Discovering "/home/afdal/Laboratorium/PROJECT/extensionadminaksent/android/app/src/main/res/drawable-port-xhdpi"
2026-05-08T11:21:09.516399Z  INFO scan_sources: tailwindcss_oxide::scanner: Discovering "/home/afdal/Laboratorium/PROJECT/extensionadminaksent/android/app/src/main/res/mipmap-xxxhdpi"
2026-05-08T11:21:09.516672Z  INFO scan_sources: tailwindcss_oxide::scanner: Discovering "/home/afdal/Laboratorium/PROJECT/extensionadminaksent/android/app/src/main/res/layout"
2026-05-08T11:21:09.516937Z  INFO scan_sources: tailwindcss_oxide::scanner: Discovering "/home/afdal/Laboratorium/PROJECT/extensionadminaksent/android/app/src/main/res/mipmap-anydpi-v26"
2026-05-08T11:21:09.517213Z  INFO scan_sources: tailwindcss_oxide::scanner: Discovering "/home/afdal/Laboratorium/PROJECT/extensionadminaksent/android/app/src/main/res/drawable-port-mdpi"
2026-05-08T11:21:09.517423Z  INFO scan_sources: tailwindcss_oxide::scanner: Discovering "/home/afdal/Laboratorium/PROJECT/extensionadminaksent/android/app/src/main/res/values"
2026-05-08T11:21:09.517759Z  INFO scan_sources: tailwindcss_oxide::scanner: Discovering "/home/afdal/Laboratorium/PROJECT/extensionadminaksent/android/app/src/main/java"
2026-05-08T11:21:09.518134Z  INFO scan_sources: tailwindcss_oxide::scanner: Discovering "/home/afdal/Laboratorium/PROJECT/extensionadminaksent/android/app/src/main/java/io"
2026-05-08T11:21:09.518666Z  INFO scan_sources: tailwindcss_oxide::scanner: Discovering "/home/afdal/Laboratorium/PROJECT/extensionadminaksent/android/app/src/main/java/io/ionic"
2026-05-08T11:21:09.519066Z  INFO scan_sources: tailwindcss_oxide::scanner: Discovering "/home/afdal/Laboratorium/PROJECT/extensionadminaksent/android/app/src/main/java/io/ionic/starter"
2026-05-08T11:21:09.519301Z  INFO scan_sources: tailwindcss_oxide::scanner: Discovering "/home/afdal/Laboratorium/PROJECT/extensionadminaksent/android/app/src/main/assets"
2026-05-08T11:21:09.519711Z  INFO scan_sources: tailwindcss_oxide::scanner: Discovering "/home/afdal/Laboratorium/PROJECT/extensionadminaksent/android/app/src/androidTest"
2026-05-08T11:21:09.519983Z  INFO scan_sources: tailwindcss_oxide::scanner: Discovering "/home/afdal/Laboratorium/PROJECT/extensionadminaksent/android/app/src/androidTest/java"
2026-05-08T11:21:09.520275Z  INFO scan_sources: tailwindcss_oxide::scanner: Discovering "/home/afdal/Laboratorium/PROJECT/extensionadminaksent/android/app/src/androidTest/java/com"
2026-05-08T11:21:09.520467Z  INFO scan_sources: tailwindcss_oxide::scanner: Discovering "/home/afdal/Laboratorium/PROJECT/extensionadminaksent/android/app/src/androidTest/java/com/getcapacitor"
2026-05-08T11:21:09.521599Z  INFO scan_sources: tailwindcss_oxide::scanner: Discovering "/home/afdal/Laboratorium/PROJECT/extensionadminaksent/android/app/src/androidTest/java/com/getcapacitor/myapp"
2026-05-08T11:21:09.521869Z  INFO scan_sources: tailwindcss_oxide::scanner: Discovering "/home/afdal/Laboratorium/PROJECT/extensionadminaksent/android/app/src/test"
2026-05-08T11:21:09.521934Z  INFO scan_sources: tailwindcss_oxide::scanner: Discovering "/home/afdal/Laboratorium/PROJECT/extensionadminaksent/android/app/src/test/java"
2026-05-08T11:21:09.521989Z  INFO scan_sources: tailwindcss_oxide::scanner: Discovering "/home/afdal/Laboratorium/PROJECT/extensionadminaksent/android/app/src/test/java/com"
2026-05-08T11:21:09.522044Z  INFO scan_sources: tailwindcss_oxide::scanner: Discovering "/home/afdal/Laboratorium/PROJECT/extensionadminaksent/android/app/src/test/java/com/getcapacitor"
2026-05-08T11:21:09.522100Z  INFO scan_sources: tailwindcss_oxide::scanner: Discovering "/home/afdal/Laboratorium/PROJECT/extensionadminaksent/android/app/src/test/java/com/getcapacitor/myapp"
2026-05-08T11:21:09.522879Z  INFO scan_sources: tailwindcss_oxide::scanner: exit
2026-05-08T11:21:09.523070Z  INFO extract_candidates: tailwindcss_oxide::scanner: enter
2026-05-08T11:21:09.523177Z  INFO extract_candidates:read_all_files: tailwindcss_oxide::scanner: enter
2026-05-08T11:21:09.523261Z  INFO extract_candidates:read_all_files: tailwindcss_oxide::scanner: Reading 1 file(s)
2026-05-08T11:21:09.523463Z  INFO extract_candidates:read_all_files: tailwindcss_oxide::scanner: Reading "/home/afdal/Laboratorium/PROJECT/extensionadminaksent/src/pages/Customer/Customer.tsx"
2026-05-08T11:21:09.523504Z  INFO extract_candidates:read_all_files: tailwindcss_oxide::scanner: exit
2026-05-08T11:21:09.523514Z  INFO extract_candidates:parse_all_blobs: tailwindcss_oxide::scanner: enter
2026-05-08T11:21:09.523521Z  INFO extract_candidates:parse_all_blobs:extract: tailwindcss_oxide::scanner: enter
2026-05-08T11:21:09.528553Z  INFO extract_candidates:parse_all_blobs:extract: tailwindcss_oxide::scanner: exit
2026-05-08T11:21:09.528608Z  INFO extract_candidates:parse_all_blobs: tailwindcss_oxide::scanner: exit
2026-05-08T11:21:09.528735Z  INFO extract_candidates: tailwindcss_oxide::scanner: exit
2026-05-08T11:21:09.531320Z  INFO get_files: tailwindcss_oxide::scanner: enter
2026-05-08T11:21:09.531374Z  INFO get_files:scan_sources: tailwindcss_oxide::scanner: enter
2026-05-08T11:21:09.533164Z  INFO get_files:scan_sources: tailwindcss_oxide::scanner: Discovering "/home/afdal/Laboratorium/PROJECT/extensionadminaksent/scripts"
2026-05-08T11:21:09.535646Z  INFO get_files:scan_sources: tailwindcss_oxide::scanner: Discovering "/home/afdal/Laboratorium/PROJECT/extensionadminaksent/cypress"
2026-05-08T11:21:09.535725Z  INFO get_files:scan_sources: tailwindcss_oxide::scanner: Discovering "/home/afdal/Laboratorium/PROJECT/extensionadminaksent/cypress/fixtures"
2026-05-08T11:21:09.535807Z  INFO get_files:scan_sources: tailwindcss_oxide::scanner: Discovering "/home/afdal/Laboratorium/PROJECT/extensionadminaksent/cypress/e2e"
2026-05-08T11:21:09.535888Z  INFO get_files:scan_sources: tailwindcss_oxide::scanner: Discovering "/home/afdal/Laboratorium/PROJECT/extensionadminaksent/cypress/support"
2026-05-08T11:21:09.535984Z  INFO get_files:scan_sources: tailwindcss_oxide::scanner: Discovering "/home/afdal/Laboratorium/PROJECT/extensionadminaksent/.vscode"
2026-05-08T11:21:09.536125Z  INFO get_files:scan_sources: tailwindcss_oxide::scanner: Discovering "/home/afdal/Laboratorium/PROJECT/extensionadminaksent/src"
2026-05-08T11:21:09.536197Z  INFO get_files:scan_sources: tailwindcss_oxide::scanner: Discovering "/home/afdal/Laboratorium/PROJECT/extensionadminaksent/src/hook"
2026-05-08T11:21:09.536275Z  INFO get_files:scan_sources: tailwindcss_oxide::scanner: Discovering "/home/afdal/Laboratorium/PROJECT/extensionadminaksent/src/hook/requests"
2026-05-08T11:21:09.536362Z  INFO get_files:scan_sources: tailwindcss_oxide::scanner: Discovering "/home/afdal/Laboratorium/PROJECT/extensionadminaksent/src/components"
2026-05-08T11:21:09.536435Z  INFO get_files:scan_sources: tailwindcss_oxide::scanner: Discovering "/home/afdal/Laboratorium/PROJECT/extensionadminaksent/src/components/customer"
2026-05-08T11:21:09.536552Z  INFO get_files:scan_sources: tailwindcss_oxide::scanner: Discovering "/home/afdal/Laboratorium/PROJECT/extensionadminaksent/src/components/input"
2026-05-08T11:21:09.536662Z  INFO get_files:scan_sources: tailwindcss_oxide::scanner: Discovering "/home/afdal/Laboratorium/PROJECT/extensionadminaksent/src/components/layout"
2026-05-08T11:21:09.536742Z  INFO get_files:scan_sources: tailwindcss_oxide::scanner: Discovering "/home/afdal/Laboratorium/PROJECT/extensionadminaksent/src/components/list"
2026-05-08T11:21:09.536843Z  INFO get_files:scan_sources: tailwindcss_oxide::scanner: Discovering "/home/afdal/Laboratorium/PROJECT/extensionadminaksent/src/components/toolbars"
2026-05-08T11:21:09.536938Z  INFO get_files:scan_sources: tailwindcss_oxide::scanner: Discovering "/home/afdal/Laboratorium/PROJECT/extensionadminaksent/src/theme"
2026-05-08T11:21:09.537051Z  INFO get_files:scan_sources: tailwindcss_oxide::scanner: Discovering "/home/afdal/Laboratorium/PROJECT/extensionadminaksent/src/utils"
2026-05-08T11:21:09.537208Z  INFO get_files:scan_sources: tailwindcss_oxide::scanner: Discovering "/home/afdal/Laboratorium/PROJECT/extensionadminaksent/src/databases"
2026-05-08T11:21:09.537287Z  INFO get_files:scan_sources: tailwindcss_oxide::scanner: Discovering "/home/afdal/Laboratorium/PROJECT/extensionadminaksent/src/databases/migrations"
2026-05-08T11:21:09.537399Z  INFO get_files:scan_sources: tailwindcss_oxide::scanner: Discovering "/home/afdal/Laboratorium/PROJECT/extensionadminaksent/src/databases/entities"
2026-05-08T11:21:09.537516Z  INFO get_files:scan_sources: tailwindcss_oxide::scanner: Discovering "/home/afdal/Laboratorium/PROJECT/extensionadminaksent/src/types"
2026-05-08T11:21:09.537602Z  INFO get_files:scan_sources: tailwindcss_oxide::scanner: Discovering "/home/afdal/Laboratorium/PROJECT/extensionadminaksent/src/pages"
2026-05-08T11:21:09.537661Z  INFO get_files:scan_sources: tailwindcss_oxide::scanner: Discovering "/home/afdal/Laboratorium/PROJECT/extensionadminaksent/src/pages/Customer"
2026-05-08T11:21:09.537769Z  INFO get_files:scan_sources: tailwindcss_oxide::scanner: Discovering "/home/afdal/Laboratorium/PROJECT/extensionadminaksent/src/pages/Home"
2026-05-08T11:21:09.537876Z  INFO get_files:scan_sources: tailwindcss_oxide::scanner: Discovering "/home/afdal/Laboratorium/PROJECT/extensionadminaksent/src/pages/Validation"
2026-05-08T11:21:09.537954Z  INFO get_files:scan_sources: tailwindcss_oxide::scanner: Discovering "/home/afdal/Laboratorium/PROJECT/extensionadminaksent/src/pages/Unpaid"
2026-05-08T11:21:09.538029Z  INFO get_files:scan_sources: tailwindcss_oxide::scanner: Discovering "/home/afdal/Laboratorium/PROJECT/extensionadminaksent/src/pages/Payment"
2026-05-08T11:21:09.538121Z  INFO get_files:scan_sources: tailwindcss_oxide::scanner: Discovering "/home/afdal/Laboratorium/PROJECT/extensionadminaksent/src/context"
2026-05-08T11:21:09.538348Z  INFO get_files:scan_sources: tailwindcss_oxide::scanner: Discovering "/home/afdal/Laboratorium/PROJECT/extensionadminaksent/public"
2026-05-08T11:21:09.538439Z  INFO get_files:scan_sources: tailwindcss_oxide::scanner: Discovering "/home/afdal/Laboratorium/PROJECT/extensionadminaksent/public/assets"
2026-05-08T11:21:09.539849Z  INFO get_files:scan_sources: tailwindcss_oxide::scanner: Discovering "/home/afdal/Laboratorium/PROJECT/extensionadminaksent/android"
2026-05-08T11:21:09.540302Z  INFO get_files:scan_sources: tailwindcss_oxide::scanner: Discovering "/home/afdal/Laboratorium/PROJECT/extensionadminaksent/android/.kotlin"
2026-05-08T11:21:09.540368Z  INFO get_files:scan_sources: tailwindcss_oxide::scanner: Discovering "/home/afdal/Laboratorium/PROJECT/extensionadminaksent/android/.kotlin/sessions"
2026-05-08T11:21:09.540595Z  INFO get_files:scan_sources: tailwindcss_oxide::scanner: Discovering "/home/afdal/Laboratorium/PROJECT/extensionadminaksent/android/gradle"
2026-05-08T11:21:09.540667Z  INFO get_files:scan_sources: tailwindcss_oxide::scanner: Discovering "/home/afdal/Laboratorium/PROJECT/extensionadminaksent/android/gradle/wrapper"
2026-05-08T11:21:09.540764Z  INFO get_files:scan_sources: tailwindcss_oxide::scanner: Discovering "/home/afdal/Laboratorium/PROJECT/extensionadminaksent/android/app"
2026-05-08T11:21:09.542047Z  INFO get_files:scan_sources: tailwindcss_oxide::scanner: Discovering "/home/afdal/Laboratorium/PROJECT/extensionadminaksent/android/app/src"
2026-05-08T11:21:09.542183Z  INFO get_files:scan_sources: tailwindcss_oxide::scanner: Discovering "/home/afdal/Laboratorium/PROJECT/extensionadminaksent/android/app/src/main"
2026-05-08T11:21:09.542279Z  INFO get_files:scan_sources: tailwindcss_oxide::scanner: Discovering "/home/afdal/Laboratorium/PROJECT/extensionadminaksent/android/app/src/main/res"
2026-05-08T11:21:09.542349Z  INFO get_files:scan_sources: tailwindcss_oxide::scanner: Discovering "/home/afdal/Laboratorium/PROJECT/extensionadminaksent/android/app/src/main/res/drawable-land-xhdpi"
2026-05-08T11:21:09.542429Z  INFO get_files:scan_sources: tailwindcss_oxide::scanner: Discovering "/home/afdal/Laboratorium/PROJECT/extensionadminaksent/android/app/src/main/res/drawable-land-xxhdpi"
2026-05-08T11:21:09.542511Z  INFO get_files:scan_sources: tailwindcss_oxide::scanner: Discovering "/home/afdal/Laboratorium/PROJECT/extensionadminaksent/android/app/src/main/res/drawable-v24"
2026-05-08T11:21:09.542609Z  INFO get_files:scan_sources: tailwindcss_oxide::scanner: Discovering "/home/afdal/Laboratorium/PROJECT/extensionadminaksent/android/app/src/main/res/drawable-port-xxxhdpi"
2026-05-08T11:21:09.542685Z  INFO get_files:scan_sources: tailwindcss_oxide::scanner: Discovering "/home/afdal/Laboratorium/PROJECT/extensionadminaksent/android/app/src/main/res/drawable-land-xxxhdpi"
2026-05-08T11:21:09.542761Z  INFO get_files:scan_sources: tailwindcss_oxide::scanner: Discovering "/home/afdal/Laboratorium/PROJECT/extensionadminaksent/android/app/src/main/res/drawable-port-xxhdpi"
2026-05-08T11:21:09.542840Z  INFO get_files:scan_sources: tailwindcss_oxide::scanner: Discovering "/home/afdal/Laboratorium/PROJECT/extensionadminaksent/android/app/src/main/res/mipmap-hdpi"
2026-05-08T11:21:09.542922Z  INFO get_files:scan_sources: tailwindcss_oxide::scanner: Discovering "/home/afdal/Laboratorium/PROJECT/extensionadminaksent/android/app/src/main/res/drawable-land-hdpi"
2026-05-08T11:21:09.543017Z  INFO get_files:scan_sources: tailwindcss_oxide::scanner: Discovering "/home/afdal/Laboratorium/PROJECT/extensionadminaksent/android/app/src/main/res/xml"
2026-05-08T11:21:09.543110Z  INFO get_files:scan_sources: tailwindcss_oxide::scanner: Discovering "/home/afdal/Laboratorium/PROJECT/extensionadminaksent/android/app/src/main/res/mipmap-xhdpi"
2026-05-08T11:21:09.543193Z  INFO get_files:scan_sources: tailwindcss_oxide::scanner: Discovering "/home/afdal/Laboratorium/PROJECT/extensionadminaksent/android/app/src/main/res/drawable-land-mdpi"
2026-05-08T11:21:09.543267Z  INFO get_files:scan_sources: tailwindcss_oxide::scanner: Discovering "/home/afdal/Laboratorium/PROJECT/extensionadminaksent/android/app/src/main/res/drawable-port-hdpi"
2026-05-08T11:21:09.543341Z  INFO get_files:scan_sources: tailwindcss_oxide::scanner: Discovering "/home/afdal/Laboratorium/PROJECT/extensionadminaksent/android/app/src/main/res/mipmap-xxhdpi"
2026-05-08T11:21:09.543421Z  INFO get_files:scan_sources: tailwindcss_oxide::scanner: Discovering "/home/afdal/Laboratorium/PROJECT/extensionadminaksent/android/app/src/main/res/mipmap-mdpi"
2026-05-08T11:21:09.543516Z  INFO get_files:scan_sources: tailwindcss_oxide::scanner: Discovering "/home/afdal/Laboratorium/PROJECT/extensionadminaksent/android/app/src/main/res/drawable"
2026-05-08T11:21:09.543613Z  INFO get_files:scan_sources: tailwindcss_oxide::scanner: Discovering "/home/afdal/Laboratorium/PROJECT/extensionadminaksent/android/app/src/main/res/drawable-port-xhdpi"
2026-05-08T11:21:09.543686Z  INFO get_files:scan_sources: tailwindcss_oxide::scanner: Discovering "/home/afdal/Laboratorium/PROJECT/extensionadminaksent/android/app/src/main/res/mipmap-xxxhdpi"
2026-05-08T11:21:09.543767Z  INFO get_files:scan_sources: tailwindcss_oxide::scanner: Discovering "/home/afdal/Laboratorium/PROJECT/extensionadminaksent/android/app/src/main/res/layout"
2026-05-08T11:21:09.543852Z  INFO get_files:scan_sources: tailwindcss_oxide::scanner: Discovering "/home/afdal/Laboratorium/PROJECT/extensionadminaksent/android/app/src/main/res/mipmap-anydpi-v26"
2026-05-08T11:21:09.543948Z  INFO get_files:scan_sources: tailwindcss_oxide::scanner: Discovering "/home/afdal/Laboratorium/PROJECT/extensionadminaksent/android/app/src/main/res/drawable-port-mdpi"
2026-05-08T11:21:09.544023Z  INFO get_files:scan_sources: tailwindcss_oxide::scanner: Discovering "/home/afdal/Laboratorium/PROJECT/extensionadminaksent/android/app/src/main/res/values"
2026-05-08T11:21:09.544146Z  INFO get_files:scan_sources: tailwindcss_oxide::scanner: Discovering "/home/afdal/Laboratorium/PROJECT/extensionadminaksent/android/app/src/main/java"
2026-05-08T11:21:09.544211Z  INFO get_files:scan_sources: tailwindcss_oxide::scanner: Discovering "/home/afdal/Laboratorium/PROJECT/extensionadminaksent/android/app/src/main/java/io"
2026-05-08T11:21:09.544270Z  INFO get_files:scan_sources: tailwindcss_oxide::scanner: Discovering "/home/afdal/Laboratorium/PROJECT/extensionadminaksent/android/app/src/main/java/io/ionic"
2026-05-08T11:21:09.544336Z  INFO get_files:scan_sources: tailwindcss_oxide::scanner: Discovering "/home/afdal/Laboratorium/PROJECT/extensionadminaksent/android/app/src/main/java/io/ionic/starter"
2026-05-08T11:21:09.544439Z  INFO get_files:scan_sources: tailwindcss_oxide::scanner: Discovering "/home/afdal/Laboratorium/PROJECT/extensionadminaksent/android/app/src/main/assets"
2026-05-08T11:21:09.545541Z  INFO get_files:scan_sources: tailwindcss_oxide::scanner: Discovering "/home/afdal/Laboratorium/PROJECT/extensionadminaksent/android/app/src/androidTest"
2026-05-08T11:21:09.545723Z  INFO get_files:scan_sources: tailwindcss_oxide::scanner: Discovering "/home/afdal/Laboratorium/PROJECT/extensionadminaksent/android/app/src/androidTest/java"
2026-05-08T11:21:09.545825Z  INFO get_files:scan_sources: tailwindcss_oxide::scanner: Discovering "/home/afdal/Laboratorium/PROJECT/extensionadminaksent/android/app/src/androidTest/java/com"
2026-05-08T11:21:09.545947Z  INFO get_files:scan_sources: tailwindcss_oxide::scanner: Discovering "/home/afdal/Laboratorium/PROJECT/extensionadminaksent/android/app/src/androidTest/java/com/getcapacitor"
2026-05-08T11:21:09.546008Z  INFO get_files:scan_sources: tailwindcss_oxide::scanner: Discovering "/home/afdal/Laboratorium/PROJECT/extensionadminaksent/android/app/src/androidTest/java/com/getcapacitor/myapp"
2026-05-08T11:21:09.546142Z  INFO get_files:scan_sources: tailwindcss_oxide::scanner: Discovering "/home/afdal/Laboratorium/PROJECT/extensionadminaksent/android/app/src/test"
2026-05-08T11:21:09.546210Z  INFO get_files:scan_sources: tailwindcss_oxide::scanner: Discovering "/home/afdal/Laboratorium/PROJECT/extensionadminaksent/android/app/src/test/java"
2026-05-08T11:21:09.546271Z  INFO get_files:scan_sources: tailwindcss_oxide::scanner: Discovering "/home/afdal/Laboratorium/PROJECT/extensionadminaksent/android/app/src/test/java/com"
2026-05-08T11:21:09.546339Z  INFO get_files:scan_sources: tailwindcss_oxide::scanner: Discovering "/home/afdal/Laboratorium/PROJECT/extensionadminaksent/android/app/src/test/java/com/getcapacitor"
2026-05-08T11:21:09.546405Z  INFO get_files:scan_sources: tailwindcss_oxide::scanner: Discovering "/home/afdal/Laboratorium/PROJECT/extensionadminaksent/android/app/src/test/java/com/getcapacitor/myapp"
2026-05-08T11:21:09.546998Z  INFO get_files:scan_sources: tailwindcss_oxide::scanner: exit
2026-05-08T11:21:09.547261Z  INFO get_files: tailwindcss_oxide::scanner: exit
2026-05-08T11:21:09.547836Z  INFO get_globs: tailwindcss_oxide::scanner: enter
2026-05-08T11:21:09.547894Z  INFO get_globs: tailwindcss_oxide::scanner: exit
2026-05-08T11:21:42.925462Z  INFO scan_sources: tailwindcss_oxide::scanner: enter
2026-05-08T11:21:42.926332Z  INFO scan_sources: tailwindcss_oxide::scanner: Discovering "/home/afdal/Laboratorium/PROJECT/extensionadminaksent/scripts"
2026-05-08T11:21:42.926438Z  INFO scan_sources: tailwindcss_oxide::scanner: Discovering "/home/afdal/Laboratorium/PROJECT/extensionadminaksent/cypress"
2026-05-08T11:21:42.926511Z  INFO scan_sources: tailwindcss_oxide::scanner: Discovering "/home/afdal/Laboratorium/PROJECT/extensionadminaksent/cypress/fixtures"
2026-05-08T11:21:42.926592Z  INFO scan_sources: tailwindcss_oxide::scanner: Discovering "/home/afdal/Laboratorium/PROJECT/extensionadminaksent/cypress/e2e"
2026-05-08T11:21:42.926669Z  INFO scan_sources: tailwindcss_oxide::scanner: Discovering "/home/afdal/Laboratorium/PROJECT/extensionadminaksent/cypress/support"
2026-05-08T11:21:42.926985Z  INFO scan_sources: tailwindcss_oxide::scanner: Discovering "/home/afdal/Laboratorium/PROJECT/extensionadminaksent/.vscode"
2026-05-08T11:21:42.927265Z  INFO scan_sources: tailwindcss_oxide::scanner: Discovering "/home/afdal/Laboratorium/PROJECT/extensionadminaksent/src"
2026-05-08T11:21:42.927495Z  INFO scan_sources: tailwindcss_oxide::scanner: Discovering "/home/afdal/Laboratorium/PROJECT/extensionadminaksent/src/hook"
2026-05-08T11:21:42.927719Z  INFO scan_sources: tailwindcss_oxide::scanner: Discovering "/home/afdal/Laboratorium/PROJECT/extensionadminaksent/src/hook/requests"
2026-05-08T11:21:42.927931Z  INFO scan_sources: tailwindcss_oxide::scanner: Discovering "/home/afdal/Laboratorium/PROJECT/extensionadminaksent/src/hook/requests/customer.ts"
2026-05-08T11:21:42.928143Z  INFO scan_sources: tailwindcss_oxide::scanner: Discovering "/home/afdal/Laboratorium/PROJECT/extensionadminaksent/src/components"
2026-05-08T11:21:42.928363Z  INFO scan_sources: tailwindcss_oxide::scanner: Discovering "/home/afdal/Laboratorium/PROJECT/extensionadminaksent/src/components/customer"
2026-05-08T11:21:42.928673Z  INFO scan_sources: tailwindcss_oxide::scanner: Discovering "/home/afdal/Laboratorium/PROJECT/extensionadminaksent/src/components/input"
2026-05-08T11:21:42.928935Z  INFO scan_sources: tailwindcss_oxide::scanner: Discovering "/home/afdal/Laboratorium/PROJECT/extensionadminaksent/src/components/layout"
2026-05-08T11:21:42.929209Z  INFO scan_sources: tailwindcss_oxide::scanner: Discovering "/home/afdal/Laboratorium/PROJECT/extensionadminaksent/src/components/list"
2026-05-08T11:21:42.929462Z  INFO scan_sources: tailwindcss_oxide::scanner: Discovering "/home/afdal/Laboratorium/PROJECT/extensionadminaksent/src/components/toolbars"
2026-05-08T11:21:42.929747Z  INFO scan_sources: tailwindcss_oxide::scanner: Discovering "/home/afdal/Laboratorium/PROJECT/extensionadminaksent/src/theme"
2026-05-08T11:21:42.929945Z  INFO scan_sources: tailwindcss_oxide::scanner: Discovering "/home/afdal/Laboratorium/PROJECT/extensionadminaksent/src/utils"
2026-05-08T11:21:42.930314Z  INFO scan_sources: tailwindcss_oxide::scanner: Discovering "/home/afdal/Laboratorium/PROJECT/extensionadminaksent/src/databases"
2026-05-08T11:21:42.930572Z  INFO scan_sources: tailwindcss_oxide::scanner: Discovering "/home/afdal/Laboratorium/PROJECT/extensionadminaksent/src/databases/migrations"
2026-05-08T11:21:42.930870Z  INFO scan_sources: tailwindcss_oxide::scanner: Discovering "/home/afdal/Laboratorium/PROJECT/extensionadminaksent/src/databases/entities"
2026-05-08T11:21:42.931124Z  INFO scan_sources: tailwindcss_oxide::scanner: Discovering "/home/afdal/Laboratorium/PROJECT/extensionadminaksent/src/types"
2026-05-08T11:21:42.931373Z  INFO scan_sources: tailwindcss_oxide::scanner: Discovering "/home/afdal/Laboratorium/PROJECT/extensionadminaksent/src/pages"
2026-05-08T11:21:42.931607Z  INFO scan_sources: tailwindcss_oxide::scanner: Discovering "/home/afdal/Laboratorium/PROJECT/extensionadminaksent/src/pages/Customer"
2026-05-08T11:21:42.931916Z  INFO scan_sources: tailwindcss_oxide::scanner: Discovering "/home/afdal/Laboratorium/PROJECT/extensionadminaksent/src/pages/Home"
2026-05-08T11:21:42.932214Z  INFO scan_sources: tailwindcss_oxide::scanner: Discovering "/home/afdal/Laboratorium/PROJECT/extensionadminaksent/src/pages/Validation"
2026-05-08T11:21:42.932481Z  INFO scan_sources: tailwindcss_oxide::scanner: Discovering "/home/afdal/Laboratorium/PROJECT/extensionadminaksent/src/pages/Unpaid"
2026-05-08T11:21:42.932753Z  INFO scan_sources: tailwindcss_oxide::scanner: Discovering "/home/afdal/Laboratorium/PROJECT/extensionadminaksent/src/pages/Payment"
2026-05-08T11:21:42.933042Z  INFO scan_sources: tailwindcss_oxide::scanner: Discovering "/home/afdal/Laboratorium/PROJECT/extensionadminaksent/src/context"
2026-05-08T11:21:42.933280Z  INFO scan_sources: tailwindcss_oxide::scanner: Discovering "/home/afdal/Laboratorium/PROJECT/extensionadminaksent/public"
2026-05-08T11:21:42.933356Z  INFO scan_sources: tailwindcss_oxide::scanner: Discovering "/home/afdal/Laboratorium/PROJECT/extensionadminaksent/public/assets"
2026-05-08T11:21:42.933778Z  INFO scan_sources: tailwindcss_oxide::scanner: Discovering "/home/afdal/Laboratorium/PROJECT/extensionadminaksent/android"
2026-05-08T11:21:42.934265Z  INFO scan_sources: tailwindcss_oxide::scanner: Discovering "/home/afdal/Laboratorium/PROJECT/extensionadminaksent/android/.kotlin"
2026-05-08T11:21:42.934611Z  INFO scan_sources: tailwindcss_oxide::scanner: Discovering "/home/afdal/Laboratorium/PROJECT/extensionadminaksent/android/.kotlin/sessions"
2026-05-08T11:21:42.935249Z  INFO scan_sources: tailwindcss_oxide::scanner: Discovering "/home/afdal/Laboratorium/PROJECT/extensionadminaksent/android/gradle"
2026-05-08T11:21:42.935324Z  INFO scan_sources: tailwindcss_oxide::scanner: Discovering "/home/afdal/Laboratorium/PROJECT/extensionadminaksent/android/gradle/wrapper"
2026-05-08T11:21:42.935421Z  INFO scan_sources: tailwindcss_oxide::scanner: Discovering "/home/afdal/Laboratorium/PROJECT/extensionadminaksent/android/app"
2026-05-08T11:21:42.935587Z  INFO scan_sources: tailwindcss_oxide::scanner: Discovering "/home/afdal/Laboratorium/PROJECT/extensionadminaksent/android/app/src"
2026-05-08T11:21:42.935676Z  INFO scan_sources: tailwindcss_oxide::scanner: Discovering "/home/afdal/Laboratorium/PROJECT/extensionadminaksent/android/app/src/main"
2026-05-08T11:21:42.935762Z  INFO scan_sources: tailwindcss_oxide::scanner: Discovering "/home/afdal/Laboratorium/PROJECT/extensionadminaksent/android/app/src/main/res"
2026-05-08T11:21:42.935830Z  INFO scan_sources: tailwindcss_oxide::scanner: Discovering "/home/afdal/Laboratorium/PROJECT/extensionadminaksent/android/app/src/main/res/drawable-land-xhdpi"
2026-05-08T11:21:42.935926Z  INFO scan_sources: tailwindcss_oxide::scanner: Discovering "/home/afdal/Laboratorium/PROJECT/extensionadminaksent/android/app/src/main/res/drawable-land-xxhdpi"
2026-05-08T11:21:42.936002Z  INFO scan_sources: tailwindcss_oxide::scanner: Discovering "/home/afdal/Laboratorium/PROJECT/extensionadminaksent/android/app/src/main/res/drawable-v24"
2026-05-08T11:21:42.936095Z  INFO scan_sources: tailwindcss_oxide::scanner: Discovering "/home/afdal/Laboratorium/PROJECT/extensionadminaksent/android/app/src/main/res/drawable-port-xxxhdpi"
2026-05-08T11:21:42.936167Z  INFO scan_sources: tailwindcss_oxide::scanner: Discovering "/home/afdal/Laboratorium/PROJECT/extensionadminaksent/android/app/src/main/res/drawable-land-xxxhdpi"
2026-05-08T11:21:42.936232Z  INFO scan_sources: tailwindcss_oxide::scanner: Discovering "/home/afdal/Laboratorium/PROJECT/extensionadminaksent/android/app/src/main/res/drawable-port-xxhdpi"
2026-05-08T11:21:42.936304Z  INFO scan_sources: tailwindcss_oxide::scanner: Discovering "/home/afdal/Laboratorium/PROJECT/extensionadminaksent/android/app/src/main/res/mipmap-hdpi"
2026-05-08T11:21:42.936384Z  INFO scan_sources: tailwindcss_oxide::scanner: Discovering "/home/afdal/Laboratorium/PROJECT/extensionadminaksent/android/app/src/main/res/drawable-land-hdpi"
2026-05-08T11:21:42.936455Z  INFO scan_sources: tailwindcss_oxide::scanner: Discovering "/home/afdal/Laboratorium/PROJECT/extensionadminaksent/android/app/src/main/res/xml"
2026-05-08T11:21:42.936999Z  INFO scan_sources: tailwindcss_oxide::scanner: Discovering "/home/afdal/Laboratorium/PROJECT/extensionadminaksent/android/app/src/main/res/mipmap-xhdpi"
2026-05-08T11:21:42.937330Z  INFO scan_sources: tailwindcss_oxide::scanner: Discovering "/home/afdal/Laboratorium/PROJECT/extensionadminaksent/android/app/src/main/res/drawable-land-mdpi"
2026-05-08T11:21:42.937649Z  INFO scan_sources: tailwindcss_oxide::scanner: Discovering "/home/afdal/Laboratorium/PROJECT/extensionadminaksent/android/app/src/main/res/drawable-port-hdpi"
2026-05-08T11:21:42.937937Z  INFO scan_sources: tailwindcss_oxide::scanner: Discovering "/home/afdal/Laboratorium/PROJECT/extensionadminaksent/android/app/src/main/res/mipmap-xxhdpi"
2026-05-08T11:21:42.938215Z  INFO scan_sources: tailwindcss_oxide::scanner: Discovering "/home/afdal/Laboratorium/PROJECT/extensionadminaksent/android/app/src/main/res/mipmap-mdpi"
2026-05-08T11:21:42.938493Z  INFO scan_sources: tailwindcss_oxide::scanner: Discovering "/home/afdal/Laboratorium/PROJECT/extensionadminaksent/android/app/src/main/res/drawable"
2026-05-08T11:21:42.938748Z  INFO scan_sources: tailwindcss_oxide::scanner: Discovering "/home/afdal/Laboratorium/PROJECT/extensionadminaksent/android/app/src/main/res/drawable-port-xhdpi"
2026-05-08T11:21:42.938980Z  INFO scan_sources: tailwindcss_oxide::scanner: Discovering "/home/afdal/Laboratorium/PROJECT/extensionadminaksent/android/app/src/main/res/mipmap-xxxhdpi"
2026-05-08T11:21:42.939245Z  INFO scan_sources: tailwindcss_oxide::scanner: Discovering "/home/afdal/Laboratorium/PROJECT/extensionadminaksent/android/app/src/main/res/layout"
2026-05-08T11:21:42.939499Z  INFO scan_sources: tailwindcss_oxide::scanner: Discovering "/home/afdal/Laboratorium/PROJECT/extensionadminaksent/android/app/src/main/res/mipmap-anydpi-v26"
2026-05-08T11:21:42.939756Z  INFO scan_sources: tailwindcss_oxide::scanner: Discovering "/home/afdal/Laboratorium/PROJECT/extensionadminaksent/android/app/src/main/res/drawable-port-mdpi"
2026-05-08T11:21:42.939975Z  INFO scan_sources: tailwindcss_oxide::scanner: Discovering "/home/afdal/Laboratorium/PROJECT/extensionadminaksent/android/app/src/main/res/values"
2026-05-08T11:21:42.940255Z  INFO scan_sources: tailwindcss_oxide::scanner: Discovering "/home/afdal/Laboratorium/PROJECT/extensionadminaksent/android/app/src/main/java"
2026-05-08T11:21:42.940325Z  INFO scan_sources: tailwindcss_oxide::scanner: Discovering "/home/afdal/Laboratorium/PROJECT/extensionadminaksent/android/app/src/main/java/io"
2026-05-08T11:21:42.940394Z  INFO scan_sources: tailwindcss_oxide::scanner: Discovering "/home/afdal/Laboratorium/PROJECT/extensionadminaksent/android/app/src/main/java/io/ionic"
2026-05-08T11:21:42.940481Z  INFO scan_sources: tailwindcss_oxide::scanner: Discovering "/home/afdal/Laboratorium/PROJECT/extensionadminaksent/android/app/src/main/java/io/ionic/starter"
2026-05-08T11:21:42.940599Z  INFO scan_sources: tailwindcss_oxide::scanner: Discovering "/home/afdal/Laboratorium/PROJECT/extensionadminaksent/android/app/src/main/assets"
2026-05-08T11:21:42.940728Z  INFO scan_sources: tailwindcss_oxide::scanner: Discovering "/home/afdal/Laboratorium/PROJECT/extensionadminaksent/android/app/src/androidTest"
2026-05-08T11:21:42.940787Z  INFO scan_sources: tailwindcss_oxide::scanner: Discovering "/home/afdal/Laboratorium/PROJECT/extensionadminaksent/android/app/src/androidTest/java"
2026-05-08T11:21:42.940840Z  INFO scan_sources: tailwindcss_oxide::scanner: Discovering "/home/afdal/Laboratorium/PROJECT/extensionadminaksent/android/app/src/androidTest/java/com"
2026-05-08T11:21:42.940899Z  INFO scan_sources: tailwindcss_oxide::scanner: Discovering "/home/afdal/Laboratorium/PROJECT/extensionadminaksent/android/app/src/androidTest/java/com/getcapacitor"
2026-05-08T11:21:42.940962Z  INFO scan_sources: tailwindcss_oxide::scanner: Discovering "/home/afdal/Laboratorium/PROJECT/extensionadminaksent/android/app/src/androidTest/java/com/getcapacitor/myapp"
2026-05-08T11:21:42.941072Z  INFO scan_sources: tailwindcss_oxide::scanner: Discovering "/home/afdal/Laboratorium/PROJECT/extensionadminaksent/android/app/src/test"
2026-05-08T11:21:42.941131Z  INFO scan_sources: tailwindcss_oxide::scanner: Discovering "/home/afdal/Laboratorium/PROJECT/extensionadminaksent/android/app/src/test/java"
2026-05-08T11:21:42.941186Z  INFO scan_sources: tailwindcss_oxide::scanner: Discovering "/home/afdal/Laboratorium/PROJECT/extensionadminaksent/android/app/src/test/java/com"
2026-05-08T11:21:42.941245Z  INFO scan_sources: tailwindcss_oxide::scanner: Discovering "/home/afdal/Laboratorium/PROJECT/extensionadminaksent/android/app/src/test/java/com/getcapacitor"
2026-05-08T11:21:42.941314Z  INFO scan_sources: tailwindcss_oxide::scanner: Discovering "/home/afdal/Laboratorium/PROJECT/extensionadminaksent/android/app/src/test/java/com/getcapacitor/myapp"
2026-05-08T11:21:42.947889Z  INFO scan_sources: tailwindcss_oxide::scanner: exit
2026-05-08T11:21:42.947939Z  INFO extract_candidates: tailwindcss_oxide::scanner: enter
2026-05-08T11:21:42.947949Z  INFO extract_candidates:read_all_files: tailwindcss_oxide::scanner: enter
2026-05-08T11:21:42.947956Z  INFO extract_candidates:read_all_files: tailwindcss_oxide::scanner: Reading 1 file(s)
2026-05-08T11:21:42.948038Z  INFO extract_candidates:read_all_files: tailwindcss_oxide::scanner: Reading "/home/afdal/Laboratorium/PROJECT/extensionadminaksent/src/hook/requests/customer.ts"
2026-05-08T11:21:42.948055Z  INFO extract_candidates:read_all_files: tailwindcss_oxide::scanner: exit
2026-05-08T11:21:42.948063Z  INFO extract_candidates:parse_all_blobs: tailwindcss_oxide::scanner: enter
2026-05-08T11:21:42.948070Z  INFO extract_candidates:parse_all_blobs:extract: tailwindcss_oxide::scanner: enter
2026-05-08T11:21:42.951450Z  INFO extract_candidates:parse_all_blobs:extract: tailwindcss_oxide::scanner: exit
2026-05-08T11:21:42.953349Z  INFO extract_candidates:parse_all_blobs: tailwindcss_oxide::scanner: exit
2026-05-08T11:21:42.959217Z  INFO extract_candidates: tailwindcss_oxide::scanner: exit
2026-05-08T11:21:42.961583Z  INFO get_files: tailwindcss_oxide::scanner: enter
2026-05-08T11:21:42.962033Z  INFO get_files:scan_sources: tailwindcss_oxide::scanner: enter
2026-05-08T11:21:42.962934Z  INFO get_files:scan_sources: tailwindcss_oxide::scanner: Discovering "/home/afdal/Laboratorium/PROJECT/extensionadminaksent/scripts"
2026-05-08T11:21:42.965415Z  INFO get_files:scan_sources: tailwindcss_oxide::scanner: Discovering "/home/afdal/Laboratorium/PROJECT/extensionadminaksent/cypress"
2026-05-08T11:21:42.965518Z  INFO get_files:scan_sources: tailwindcss_oxide::scanner: Discovering "/home/afdal/Laboratorium/PROJECT/extensionadminaksent/cypress/fixtures"
2026-05-08T11:21:42.965613Z  INFO get_files:scan_sources: tailwindcss_oxide::scanner: Discovering "/home/afdal/Laboratorium/PROJECT/extensionadminaksent/cypress/e2e"
2026-05-08T11:21:42.965690Z  INFO get_files:scan_sources: tailwindcss_oxide::scanner: Discovering "/home/afdal/Laboratorium/PROJECT/extensionadminaksent/cypress/support"
2026-05-08T11:21:42.965786Z  INFO get_files:scan_sources: tailwindcss_oxide::scanner: Discovering "/home/afdal/Laboratorium/PROJECT/extensionadminaksent/.vscode"
2026-05-08T11:21:42.965905Z  INFO get_files:scan_sources: tailwindcss_oxide::scanner: Discovering "/home/afdal/Laboratorium/PROJECT/extensionadminaksent/src"
2026-05-08T11:21:42.965965Z  INFO get_files:scan_sources: tailwindcss_oxide::scanner: Discovering "/home/afdal/Laboratorium/PROJECT/extensionadminaksent/src/hook"
2026-05-08T11:21:42.966033Z  INFO get_files:scan_sources: tailwindcss_oxide::scanner: Discovering "/home/afdal/Laboratorium/PROJECT/extensionadminaksent/src/hook/requests"
2026-05-08T11:21:42.966117Z  INFO get_files:scan_sources: tailwindcss_oxide::scanner: Discovering "/home/afdal/Laboratorium/PROJECT/extensionadminaksent/src/components"
2026-05-08T11:21:42.966185Z  INFO get_files:scan_sources: tailwindcss_oxide::scanner: Discovering "/home/afdal/Laboratorium/PROJECT/extensionadminaksent/src/components/customer"
2026-05-08T11:21:42.966284Z  INFO get_files:scan_sources: tailwindcss_oxide::scanner: Discovering "/home/afdal/Laboratorium/PROJECT/extensionadminaksent/src/components/input"
2026-05-08T11:21:42.966376Z  INFO get_files:scan_sources: tailwindcss_oxide::scanner: Discovering "/home/afdal/Laboratorium/PROJECT/extensionadminaksent/src/components/layout"
2026-05-08T11:21:42.966447Z  INFO get_files:scan_sources: tailwindcss_oxide::scanner: Discovering "/home/afdal/Laboratorium/PROJECT/extensionadminaksent/src/components/list"
2026-05-08T11:21:42.966550Z  INFO get_files:scan_sources: tailwindcss_oxide::scanner: Discovering "/home/afdal/Laboratorium/PROJECT/extensionadminaksent/src/components/toolbars"
2026-05-08T11:21:42.966649Z  INFO get_files:scan_sources: tailwindcss_oxide::scanner: Discovering "/home/afdal/Laboratorium/PROJECT/extensionadminaksent/src/theme"
2026-05-08T11:21:42.966760Z  INFO get_files:scan_sources: tailwindcss_oxide::scanner: Discovering "/home/afdal/Laboratorium/PROJECT/extensionadminaksent/src/utils"
2026-05-08T11:21:42.967052Z  INFO get_files:scan_sources: tailwindcss_oxide::scanner: Discovering "/home/afdal/Laboratorium/PROJECT/extensionadminaksent/src/databases"
2026-05-08T11:21:42.967137Z  INFO get_files:scan_sources: tailwindcss_oxide::scanner: Discovering "/home/afdal/Laboratorium/PROJECT/extensionadminaksent/src/databases/migrations"
2026-05-08T11:21:42.967232Z  INFO get_files:scan_sources: tailwindcss_oxide::scanner: Discovering "/home/afdal/Laboratorium/PROJECT/extensionadminaksent/src/databases/entities"
2026-05-08T11:21:42.967335Z  INFO get_files:scan_sources: tailwindcss_oxide::scanner: Discovering "/home/afdal/Laboratorium/PROJECT/extensionadminaksent/src/types"
2026-05-08T11:21:42.967408Z  INFO get_files:scan_sources: tailwindcss_oxide::scanner: Discovering "/home/afdal/Laboratorium/PROJECT/extensionadminaksent/src/pages"
2026-05-08T11:21:42.967463Z  INFO get_files:scan_sources: tailwindcss_oxide::scanner: Discovering "/home/afdal/Laboratorium/PROJECT/extensionadminaksent/src/pages/Customer"
2026-05-08T11:21:42.972856Z  INFO get_files:scan_sources: tailwindcss_oxide::scanner: Discovering "/home/afdal/Laboratorium/PROJECT/extensionadminaksent/src/pages/Home"
2026-05-08T11:21:42.973974Z  INFO get_files:scan_sources: tailwindcss_oxide::scanner: Discovering "/home/afdal/Laboratorium/PROJECT/extensionadminaksent/src/pages/Validation"
2026-05-08T11:21:42.974645Z  INFO get_files:scan_sources: tailwindcss_oxide::scanner: Discovering "/home/afdal/Laboratorium/PROJECT/extensionadminaksent/src/pages/Unpaid"
2026-05-08T11:21:42.974953Z  INFO get_files:scan_sources: tailwindcss_oxide::scanner: Discovering "/home/afdal/Laboratorium/PROJECT/extensionadminaksent/src/pages/Payment"
2026-05-08T11:21:42.975193Z  INFO get_files:scan_sources: tailwindcss_oxide::scanner: Discovering "/home/afdal/Laboratorium/PROJECT/extensionadminaksent/src/context"
2026-05-08T11:21:42.975519Z  INFO get_files:scan_sources: tailwindcss_oxide::scanner: Discovering "/home/afdal/Laboratorium/PROJECT/extensionadminaksent/public"
2026-05-08T11:21:42.975861Z  INFO get_files:scan_sources: tailwindcss_oxide::scanner: Discovering "/home/afdal/Laboratorium/PROJECT/extensionadminaksent/public/assets"
2026-05-08T11:21:42.976271Z  INFO get_files:scan_sources: tailwindcss_oxide::scanner: Discovering "/home/afdal/Laboratorium/PROJECT/extensionadminaksent/android"
2026-05-08T11:21:42.976844Z  INFO get_files:scan_sources: tailwindcss_oxide::scanner: Discovering "/home/afdal/Laboratorium/PROJECT/extensionadminaksent/android/.kotlin"
2026-05-08T11:21:42.977316Z  INFO get_files:scan_sources: tailwindcss_oxide::scanner: Discovering "/home/afdal/Laboratorium/PROJECT/extensionadminaksent/android/.kotlin/sessions"
2026-05-08T11:21:42.977698Z  INFO get_files:scan_sources: tailwindcss_oxide::scanner: Discovering "/home/afdal/Laboratorium/PROJECT/extensionadminaksent/android/gradle"
2026-05-08T11:21:42.978000Z  INFO get_files:scan_sources: tailwindcss_oxide::scanner: Discovering "/home/afdal/Laboratorium/PROJECT/extensionadminaksent/android/gradle/wrapper"
2026-05-08T11:21:42.978239Z  INFO get_files:scan_sources: tailwindcss_oxide::scanner: Discovering "/home/afdal/Laboratorium/PROJECT/extensionadminaksent/android/app"
2026-05-08T11:21:42.978558Z  INFO get_files:scan_sources: tailwindcss_oxide::scanner: Discovering "/home/afdal/Laboratorium/PROJECT/extensionadminaksent/android/app/src"
2026-05-08T11:21:42.978766Z  INFO get_files:scan_sources: tailwindcss_oxide::scanner: Discovering "/home/afdal/Laboratorium/PROJECT/extensionadminaksent/android/app/src/main"
2026-05-08T11:21:42.978962Z  INFO get_files:scan_sources: tailwindcss_oxide::scanner: Discovering "/home/afdal/Laboratorium/PROJECT/extensionadminaksent/android/app/src/main/res"
2026-05-08T11:21:42.979146Z  INFO get_files:scan_sources: tailwindcss_oxide::scanner: Discovering "/home/afdal/Laboratorium/PROJECT/extensionadminaksent/android/app/src/main/res/drawable-land-xhdpi"
2026-05-08T11:21:42.979337Z  INFO get_files:scan_sources: tailwindcss_oxide::scanner: Discovering "/home/afdal/Laboratorium/PROJECT/extensionadminaksent/android/app/src/main/res/drawable-land-xxhdpi"
2026-05-08T11:21:42.979535Z  INFO get_files:scan_sources: tailwindcss_oxide::scanner: Discovering "/home/afdal/Laboratorium/PROJECT/extensionadminaksent/android/app/src/main/res/drawable-v24"
2026-05-08T11:21:42.979774Z  INFO get_files:scan_sources: tailwindcss_oxide::scanner: Discovering "/home/afdal/Laboratorium/PROJECT/extensionadminaksent/android/app/src/main/res/drawable-port-xxxhdpi"
2026-05-08T11:21:42.979995Z  INFO get_files:scan_sources: tailwindcss_oxide::scanner: Discovering "/home/afdal/Laboratorium/PROJECT/extensionadminaksent/android/app/src/main/res/drawable-land-xxxhdpi"
2026-05-08T11:21:42.980206Z  INFO get_files:scan_sources: tailwindcss_oxide::scanner: Discovering "/home/afdal/Laboratorium/PROJECT/extensionadminaksent/android/app/src/main/res/drawable-port-xxhdpi"
2026-05-08T11:21:42.980391Z  INFO get_files:scan_sources: tailwindcss_oxide::scanner: Discovering "/home/afdal/Laboratorium/PROJECT/extensionadminaksent/android/app/src/main/res/mipmap-hdpi"
2026-05-08T11:21:42.980608Z  INFO get_files:scan_sources: tailwindcss_oxide::scanner: Discovering "/home/afdal/Laboratorium/PROJECT/extensionadminaksent/android/app/src/main/res/drawable-land-hdpi"
2026-05-08T11:21:42.980813Z  INFO get_files:scan_sources: tailwindcss_oxide::scanner: Discovering "/home/afdal/Laboratorium/PROJECT/extensionadminaksent/android/app/src/main/res/xml"
2026-05-08T11:21:42.981071Z  INFO get_files:scan_sources: tailwindcss_oxide::scanner: Discovering "/home/afdal/Laboratorium/PROJECT/extensionadminaksent/android/app/src/main/res/mipmap-xhdpi"
2026-05-08T11:21:42.981303Z  INFO get_files:scan_sources: tailwindcss_oxide::scanner: Discovering "/home/afdal/Laboratorium/PROJECT/extensionadminaksent/android/app/src/main/res/drawable-land-mdpi"
2026-05-08T11:21:42.981498Z  INFO get_files:scan_sources: tailwindcss_oxide::scanner: Discovering "/home/afdal/Laboratorium/PROJECT/extensionadminaksent/android/app/src/main/res/drawable-port-hdpi"
2026-05-08T11:21:42.981704Z  INFO get_files:scan_sources: tailwindcss_oxide::scanner: Discovering "/home/afdal/Laboratorium/PROJECT/extensionadminaksent/android/app/src/main/res/mipmap-xxhdpi"
2026-05-08T11:21:42.981912Z  INFO get_files:scan_sources: tailwindcss_oxide::scanner: Discovering "/home/afdal/Laboratorium/PROJECT/extensionadminaksent/android/app/src/main/res/mipmap-mdpi"
2026-05-08T11:21:42.982132Z  INFO get_files:scan_sources: tailwindcss_oxide::scanner: Discovering "/home/afdal/Laboratorium/PROJECT/extensionadminaksent/android/app/src/main/res/drawable"
2026-05-08T11:21:42.982455Z  INFO get_files:scan_sources: tailwindcss_oxide::scanner: Discovering "/home/afdal/Laboratorium/PROJECT/extensionadminaksent/android/app/src/main/res/drawable-port-xhdpi"
2026-05-08T11:21:42.982713Z  INFO get_files:scan_sources: tailwindcss_oxide::scanner: Discovering "/home/afdal/Laboratorium/PROJECT/extensionadminaksent/android/app/src/main/res/mipmap-xxxhdpi"
2026-05-08T11:21:42.982903Z  INFO get_files:scan_sources: tailwindcss_oxide::scanner: Discovering "/home/afdal/Laboratorium/PROJECT/extensionadminaksent/android/app/src/main/res/layout"
2026-05-08T11:21:42.983104Z  INFO get_files:scan_sources: tailwindcss_oxide::scanner: Discovering "/home/afdal/Laboratorium/PROJECT/extensionadminaksent/android/app/src/main/res/mipmap-anydpi-v26"
2026-05-08T11:21:42.983292Z  INFO get_files:scan_sources: tailwindcss_oxide::scanner: Discovering "/home/afdal/Laboratorium/PROJECT/extensionadminaksent/android/app/src/main/res/drawable-port-mdpi"
2026-05-08T11:21:42.983496Z  INFO get_files:scan_sources: tailwindcss_oxide::scanner: Discovering "/home/afdal/Laboratorium/PROJECT/extensionadminaksent/android/app/src/main/res/values"
2026-05-08T11:21:42.983654Z  INFO get_files:scan_sources: tailwindcss_oxide::scanner: Discovering "/home/afdal/Laboratorium/PROJECT/extensionadminaksent/android/app/src/main/java"
2026-05-08T11:21:42.983716Z  INFO get_files:scan_sources: tailwindcss_oxide::scanner: Discovering "/home/afdal/Laboratorium/PROJECT/extensionadminaksent/android/app/src/main/java/io"
2026-05-08T11:21:42.983778Z  INFO get_files:scan_sources: tailwindcss_oxide::scanner: Discovering "/home/afdal/Laboratorium/PROJECT/extensionadminaksent/android/app/src/main/java/io/ionic"
2026-05-08T11:21:42.983843Z  INFO get_files:scan_sources: tailwindcss_oxide::scanner: Discovering "/home/afdal/Laboratorium/PROJECT/extensionadminaksent/android/app/src/main/java/io/ionic/starter"
2026-05-08T11:21:42.983940Z  INFO get_files:scan_sources: tailwindcss_oxide::scanner: Discovering "/home/afdal/Laboratorium/PROJECT/extensionadminaksent/android/app/src/main/assets"
2026-05-08T11:21:42.984069Z  INFO get_files:scan_sources: tailwindcss_oxide::scanner: Discovering "/home/afdal/Laboratorium/PROJECT/extensionadminaksent/android/app/src/androidTest"
2026-05-08T11:21:42.984123Z  INFO get_files:scan_sources: tailwindcss_oxide::scanner: Discovering "/home/afdal/Laboratorium/PROJECT/extensionadminaksent/android/app/src/androidTest/java"
2026-05-08T11:21:42.984176Z  INFO get_files:scan_sources: tailwindcss_oxide::scanner: Discovering "/home/afdal/Laboratorium/PROJECT/extensionadminaksent/android/app/src/androidTest/java/com"
2026-05-08T11:21:42.984232Z  INFO get_files:scan_sources: tailwindcss_oxide::scanner: Discovering "/home/afdal/Laboratorium/PROJECT/extensionadminaksent/android/app/src/androidTest/java/com/getcapacitor"
2026-05-08T11:21:42.984291Z  INFO get_files:scan_sources: tailwindcss_oxide::scanner: Discovering "/home/afdal/Laboratorium/PROJECT/extensionadminaksent/android/app/src/androidTest/java/com/getcapacitor/myapp"
2026-05-08T11:21:42.984411Z  INFO get_files:scan_sources: tailwindcss_oxide::scanner: Discovering "/home/afdal/Laboratorium/PROJECT/extensionadminaksent/android/app/src/test"
2026-05-08T11:21:42.984467Z  INFO get_files:scan_sources: tailwindcss_oxide::scanner: Discovering "/home/afdal/Laboratorium/PROJECT/extensionadminaksent/android/app/src/test/java"
2026-05-08T11:21:42.984908Z  INFO get_files:scan_sources: tailwindcss_oxide::scanner: Discovering "/home/afdal/Laboratorium/PROJECT/extensionadminaksent/android/app/src/test/java/com"
2026-05-08T11:21:42.985116Z  INFO get_files:scan_sources: tailwindcss_oxide::scanner: Discovering "/home/afdal/Laboratorium/PROJECT/extensionadminaksent/android/app/src/test/java/com/getcapacitor"
2026-05-08T11:21:42.985305Z  INFO get_files:scan_sources: tailwindcss_oxide::scanner: Discovering "/home/afdal/Laboratorium/PROJECT/extensionadminaksent/android/app/src/test/java/com/getcapacitor/myapp"
2026-05-08T11:21:42.986894Z  INFO get_files:scan_sources: tailwindcss_oxide::scanner: exit
2026-05-08T11:21:42.987746Z  INFO get_files: tailwindcss_oxide::scanner: exit
2026-05-08T11:21:42.991004Z  INFO get_globs: tailwindcss_oxide::scanner: enter
2026-05-08T11:21:42.991623Z  INFO get_globs: tailwindcss_oxide::scanner: exit
2026-05-08T11:25:03.545225Z  INFO scan_sources: tailwindcss_oxide::scanner: enter
2026-05-08T11:25:03.546290Z  INFO scan_sources: tailwindcss_oxide::scanner: Discovering "/home/afdal/Laboratorium/PROJECT/extensionadminaksent/scripts"
2026-05-08T11:25:03.546415Z  INFO scan_sources: tailwindcss_oxide::scanner: Discovering "/home/afdal/Laboratorium/PROJECT/extensionadminaksent/cypress"
2026-05-08T11:25:03.547232Z  INFO scan_sources: tailwindcss_oxide::scanner: Discovering "/home/afdal/Laboratorium/PROJECT/extensionadminaksent/cypress/fixtures"
2026-05-08T11:25:03.547549Z  INFO scan_sources: tailwindcss_oxide::scanner: Discovering "/home/afdal/Laboratorium/PROJECT/extensionadminaksent/cypress/e2e"
2026-05-08T11:25:03.547852Z  INFO scan_sources: tailwindcss_oxide::scanner: Discovering "/home/afdal/Laboratorium/PROJECT/extensionadminaksent/cypress/support"
2026-05-08T11:25:03.548168Z  INFO scan_sources: tailwindcss_oxide::scanner: Discovering "/home/afdal/Laboratorium/PROJECT/extensionadminaksent/.vscode"
2026-05-08T11:25:03.548518Z  INFO scan_sources: tailwindcss_oxide::scanner: Discovering "/home/afdal/Laboratorium/PROJECT/extensionadminaksent/src"
2026-05-08T11:25:03.548797Z  INFO scan_sources: tailwindcss_oxide::scanner: Discovering "/home/afdal/Laboratorium/PROJECT/extensionadminaksent/src/hook"
2026-05-08T11:25:03.549085Z  INFO scan_sources: tailwindcss_oxide::scanner: Discovering "/home/afdal/Laboratorium/PROJECT/extensionadminaksent/src/hook/requests"
2026-05-08T11:25:03.549375Z  INFO scan_sources: tailwindcss_oxide::scanner: Discovering "/home/afdal/Laboratorium/PROJECT/extensionadminaksent/src/components"
2026-05-08T11:25:03.549640Z  INFO scan_sources: tailwindcss_oxide::scanner: Discovering "/home/afdal/Laboratorium/PROJECT/extensionadminaksent/src/components/customer"
2026-05-08T11:25:03.549893Z  INFO scan_sources: tailwindcss_oxide::scanner: Discovering "/home/afdal/Laboratorium/PROJECT/extensionadminaksent/src/components/input"
2026-05-08T11:25:03.550174Z  INFO scan_sources: tailwindcss_oxide::scanner: Discovering "/home/afdal/Laboratorium/PROJECT/extensionadminaksent/src/components/layout"
2026-05-08T11:25:03.550413Z  INFO scan_sources: tailwindcss_oxide::scanner: Discovering "/home/afdal/Laboratorium/PROJECT/extensionadminaksent/src/components/list"
2026-05-08T11:25:03.550701Z  INFO scan_sources: tailwindcss_oxide::scanner: Discovering "/home/afdal/Laboratorium/PROJECT/extensionadminaksent/src/components/toolbars"
2026-05-08T11:25:03.550956Z  INFO scan_sources: tailwindcss_oxide::scanner: Discovering "/home/afdal/Laboratorium/PROJECT/extensionadminaksent/src/theme"
2026-05-08T11:25:03.551281Z  INFO scan_sources: tailwindcss_oxide::scanner: Discovering "/home/afdal/Laboratorium/PROJECT/extensionadminaksent/src/utils"
2026-05-08T11:25:03.551657Z  INFO scan_sources: tailwindcss_oxide::scanner: Discovering "/home/afdal/Laboratorium/PROJECT/extensionadminaksent/src/databases"
2026-05-08T11:25:03.552053Z  INFO scan_sources: tailwindcss_oxide::scanner: Discovering "/home/afdal/Laboratorium/PROJECT/extensionadminaksent/src/databases/migrations"
2026-05-08T11:25:03.552385Z  INFO scan_sources: tailwindcss_oxide::scanner: Discovering "/home/afdal/Laboratorium/PROJECT/extensionadminaksent/src/databases/entities"
2026-05-08T11:25:03.552748Z  INFO scan_sources: tailwindcss_oxide::scanner: Discovering "/home/afdal/Laboratorium/PROJECT/extensionadminaksent/src/types"
2026-05-08T11:25:03.553096Z  INFO scan_sources: tailwindcss_oxide::scanner: Discovering "/home/afdal/Laboratorium/PROJECT/extensionadminaksent/src/pages"
2026-05-08T11:25:03.553499Z  INFO scan_sources: tailwindcss_oxide::scanner: Discovering "/home/afdal/Laboratorium/PROJECT/extensionadminaksent/src/pages/Customer"
2026-05-08T11:25:03.553845Z  INFO scan_sources: tailwindcss_oxide::scanner: Discovering "/home/afdal/Laboratorium/PROJECT/extensionadminaksent/src/pages/Customer/Customer.tsx"
2026-05-08T11:25:03.554247Z  INFO scan_sources: tailwindcss_oxide::scanner: Discovering "/home/afdal/Laboratorium/PROJECT/extensionadminaksent/src/pages/Home"
2026-05-08T11:25:03.554916Z  INFO scan_sources: tailwindcss_oxide::scanner: Discovering "/home/afdal/Laboratorium/PROJECT/extensionadminaksent/src/pages/Validation"
2026-05-08T11:25:03.555764Z  INFO scan_sources: tailwindcss_oxide::scanner: Discovering "/home/afdal/Laboratorium/PROJECT/extensionadminaksent/src/pages/Unpaid"
2026-05-08T11:25:03.556640Z  INFO scan_sources: tailwindcss_oxide::scanner: Discovering "/home/afdal/Laboratorium/PROJECT/extensionadminaksent/src/pages/Payment"
2026-05-08T11:25:03.557534Z  INFO scan_sources: tailwindcss_oxide::scanner: Discovering "/home/afdal/Laboratorium/PROJECT/extensionadminaksent/src/context"
2026-05-08T11:25:03.558443Z  INFO scan_sources: tailwindcss_oxide::scanner: Discovering "/home/afdal/Laboratorium/PROJECT/extensionadminaksent/public"
2026-05-08T11:25:03.558825Z  INFO scan_sources: tailwindcss_oxide::scanner: Discovering "/home/afdal/Laboratorium/PROJECT/extensionadminaksent/public/assets"
2026-05-08T11:25:03.559274Z  INFO scan_sources: tailwindcss_oxide::scanner: Discovering "/home/afdal/Laboratorium/PROJECT/extensionadminaksent/android"
2026-05-08T11:25:03.560101Z  INFO scan_sources: tailwindcss_oxide::scanner: Discovering "/home/afdal/Laboratorium/PROJECT/extensionadminaksent/android/.kotlin"
2026-05-08T11:25:03.560402Z  INFO scan_sources: tailwindcss_oxide::scanner: Discovering "/home/afdal/Laboratorium/PROJECT/extensionadminaksent/android/.kotlin/sessions"
2026-05-08T11:25:03.560943Z  INFO scan_sources: tailwindcss_oxide::scanner: Discovering "/home/afdal/Laboratorium/PROJECT/extensionadminaksent/android/gradle"
2026-05-08T11:25:03.561048Z  INFO scan_sources: tailwindcss_oxide::scanner: Discovering "/home/afdal/Laboratorium/PROJECT/extensionadminaksent/android/gradle/wrapper"
2026-05-08T11:25:03.561147Z  INFO scan_sources: tailwindcss_oxide::scanner: Discovering "/home/afdal/Laboratorium/PROJECT/extensionadminaksent/android/app"
2026-05-08T11:25:03.561311Z  INFO scan_sources: tailwindcss_oxide::scanner: Discovering "/home/afdal/Laboratorium/PROJECT/extensionadminaksent/android/app/src"
2026-05-08T11:25:03.561390Z  INFO scan_sources: tailwindcss_oxide::scanner: Discovering "/home/afdal/Laboratorium/PROJECT/extensionadminaksent/android/app/src/main"
2026-05-08T11:25:03.561495Z  INFO scan_sources: tailwindcss_oxide::scanner: Discovering "/home/afdal/Laboratorium/PROJECT/extensionadminaksent/android/app/src/main/res"
2026-05-08T11:25:03.561573Z  INFO scan_sources: tailwindcss_oxide::scanner: Discovering "/home/afdal/Laboratorium/PROJECT/extensionadminaksent/android/app/src/main/res/drawable-land-xhdpi"
2026-05-08T11:25:03.561644Z  INFO scan_sources: tailwindcss_oxide::scanner: Discovering "/home/afdal/Laboratorium/PROJECT/extensionadminaksent/android/app/src/main/res/drawable-land-xxhdpi"
2026-05-08T11:25:03.561708Z  INFO scan_sources: tailwindcss_oxide::scanner: Discovering "/home/afdal/Laboratorium/PROJECT/extensionadminaksent/android/app/src/main/res/drawable-v24"
2026-05-08T11:25:03.561798Z  INFO scan_sources: tailwindcss_oxide::scanner: Discovering "/home/afdal/Laboratorium/PROJECT/extensionadminaksent/android/app/src/main/res/drawable-port-xxxhdpi"
2026-05-08T11:25:03.562356Z  INFO scan_sources: tailwindcss_oxide::scanner: Discovering "/home/afdal/Laboratorium/PROJECT/extensionadminaksent/android/app/src/main/res/drawable-land-xxxhdpi"
2026-05-08T11:25:03.562623Z  INFO scan_sources: tailwindcss_oxide::scanner: Discovering "/home/afdal/Laboratorium/PROJECT/extensionadminaksent/android/app/src/main/res/drawable-port-xxhdpi"
2026-05-08T11:25:03.562893Z  INFO scan_sources: tailwindcss_oxide::scanner: Discovering "/home/afdal/Laboratorium/PROJECT/extensionadminaksent/android/app/src/main/res/mipmap-hdpi"
2026-05-08T11:25:03.563167Z  INFO scan_sources: tailwindcss_oxide::scanner: Discovering "/home/afdal/Laboratorium/PROJECT/extensionadminaksent/android/app/src/main/res/drawable-land-hdpi"
2026-05-08T11:25:03.563433Z  INFO scan_sources: tailwindcss_oxide::scanner: Discovering "/home/afdal/Laboratorium/PROJECT/extensionadminaksent/android/app/src/main/res/xml"
2026-05-08T11:25:03.563765Z  INFO scan_sources: tailwindcss_oxide::scanner: Discovering "/home/afdal/Laboratorium/PROJECT/extensionadminaksent/android/app/src/main/res/mipmap-xhdpi"
2026-05-08T11:25:03.564055Z  INFO scan_sources: tailwindcss_oxide::scanner: Discovering "/home/afdal/Laboratorium/PROJECT/extensionadminaksent/android/app/src/main/res/drawable-land-mdpi"
2026-05-08T11:25:03.564369Z  INFO scan_sources: tailwindcss_oxide::scanner: Discovering "/home/afdal/Laboratorium/PROJECT/extensionadminaksent/android/app/src/main/res/drawable-port-hdpi"
2026-05-08T11:25:03.564687Z  INFO scan_sources: tailwindcss_oxide::scanner: Discovering "/home/afdal/Laboratorium/PROJECT/extensionadminaksent/android/app/src/main/res/mipmap-xxhdpi"
2026-05-08T11:25:03.565033Z  INFO scan_sources: tailwindcss_oxide::scanner: Discovering "/home/afdal/Laboratorium/PROJECT/extensionadminaksent/android/app/src/main/res/mipmap-mdpi"
2026-05-08T11:25:03.565345Z  INFO scan_sources: tailwindcss_oxide::scanner: Discovering "/home/afdal/Laboratorium/PROJECT/extensionadminaksent/android/app/src/main/res/drawable"
2026-05-08T11:25:03.565676Z  INFO scan_sources: tailwindcss_oxide::scanner: Discovering "/home/afdal/Laboratorium/PROJECT/extensionadminaksent/android/app/src/main/res/drawable-port-xhdpi"
2026-05-08T11:25:03.566032Z  INFO scan_sources: tailwindcss_oxide::scanner: Discovering "/home/afdal/Laboratorium/PROJECT/extensionadminaksent/android/app/src/main/res/mipmap-xxxhdpi"
2026-05-08T11:25:03.566425Z  INFO scan_sources: tailwindcss_oxide::scanner: Discovering "/home/afdal/Laboratorium/PROJECT/extensionadminaksent/android/app/src/main/res/layout"
2026-05-08T11:25:03.566724Z  INFO scan_sources: tailwindcss_oxide::scanner: Discovering "/home/afdal/Laboratorium/PROJECT/extensionadminaksent/android/app/src/main/res/mipmap-anydpi-v26"
2026-05-08T11:25:03.567050Z  INFO scan_sources: tailwindcss_oxide::scanner: Discovering "/home/afdal/Laboratorium/PROJECT/extensionadminaksent/android/app/src/main/res/drawable-port-mdpi"
2026-05-08T11:25:03.567321Z  INFO scan_sources: tailwindcss_oxide::scanner: Discovering "/home/afdal/Laboratorium/PROJECT/extensionadminaksent/android/app/src/main/res/values"
2026-05-08T11:25:03.567666Z  INFO scan_sources: tailwindcss_oxide::scanner: Discovering "/home/afdal/Laboratorium/PROJECT/extensionadminaksent/android/app/src/main/java"
2026-05-08T11:25:03.567748Z  INFO scan_sources: tailwindcss_oxide::scanner: Discovering "/home/afdal/Laboratorium/PROJECT/extensionadminaksent/android/app/src/main/java/io"
2026-05-08T11:25:03.567813Z  INFO scan_sources: tailwindcss_oxide::scanner: Discovering "/home/afdal/Laboratorium/PROJECT/extensionadminaksent/android/app/src/main/java/io/ionic"
2026-05-08T11:25:03.567880Z  INFO scan_sources: tailwindcss_oxide::scanner: Discovering "/home/afdal/Laboratorium/PROJECT/extensionadminaksent/android/app/src/main/java/io/ionic/starter"
2026-05-08T11:25:03.567997Z  INFO scan_sources: tailwindcss_oxide::scanner: Discovering "/home/afdal/Laboratorium/PROJECT/extensionadminaksent/android/app/src/main/assets"
2026-05-08T11:25:03.568131Z  INFO scan_sources: tailwindcss_oxide::scanner: Discovering "/home/afdal/Laboratorium/PROJECT/extensionadminaksent/android/app/src/androidTest"
2026-05-08T11:25:03.568185Z  INFO scan_sources: tailwindcss_oxide::scanner: Discovering "/home/afdal/Laboratorium/PROJECT/extensionadminaksent/android/app/src/androidTest/java"
2026-05-08T11:25:03.568241Z  INFO scan_sources: tailwindcss_oxide::scanner: Discovering "/home/afdal/Laboratorium/PROJECT/extensionadminaksent/android/app/src/androidTest/java/com"
2026-05-08T11:25:03.568299Z  INFO scan_sources: tailwindcss_oxide::scanner: Discovering "/home/afdal/Laboratorium/PROJECT/extensionadminaksent/android/app/src/androidTest/java/com/getcapacitor"
2026-05-08T11:25:03.568355Z  INFO scan_sources: tailwindcss_oxide::scanner: Discovering "/home/afdal/Laboratorium/PROJECT/extensionadminaksent/android/app/src/androidTest/java/com/getcapacitor/myapp"
2026-05-08T11:25:03.568868Z  INFO scan_sources: tailwindcss_oxide::scanner: Discovering "/home/afdal/Laboratorium/PROJECT/extensionadminaksent/android/app/src/test"
2026-05-08T11:25:03.569277Z  INFO scan_sources: tailwindcss_oxide::scanner: Discovering "/home/afdal/Laboratorium/PROJECT/extensionadminaksent/android/app/src/test/java"
2026-05-08T11:25:03.569739Z  INFO scan_sources: tailwindcss_oxide::scanner: Discovering "/home/afdal/Laboratorium/PROJECT/extensionadminaksent/android/app/src/test/java/com"
2026-05-08T11:25:03.570039Z  INFO scan_sources: tailwindcss_oxide::scanner: Discovering "/home/afdal/Laboratorium/PROJECT/extensionadminaksent/android/app/src/test/java/com/getcapacitor"
2026-05-08T11:25:03.570311Z  INFO scan_sources: tailwindcss_oxide::scanner: Discovering "/home/afdal/Laboratorium/PROJECT/extensionadminaksent/android/app/src/test/java/com/getcapacitor/myapp"
2026-05-08T11:25:03.571071Z  INFO scan_sources: tailwindcss_oxide::scanner: exit
2026-05-08T11:25:03.571352Z  INFO extract_candidates: tailwindcss_oxide::scanner: enter
2026-05-08T11:25:03.571499Z  INFO extract_candidates:read_all_files: tailwindcss_oxide::scanner: enter
2026-05-08T11:25:03.571717Z  INFO extract_candidates:read_all_files: tailwindcss_oxide::scanner: Reading 1 file(s)
2026-05-08T11:25:03.572055Z  INFO extract_candidates:read_all_files: tailwindcss_oxide::scanner: Reading "/home/afdal/Laboratorium/PROJECT/extensionadminaksent/src/pages/Customer/Customer.tsx"
2026-05-08T11:25:03.572091Z  INFO extract_candidates:read_all_files: tailwindcss_oxide::scanner: exit
2026-05-08T11:25:03.572102Z  INFO extract_candidates:parse_all_blobs: tailwindcss_oxide::scanner: enter
2026-05-08T11:25:03.572108Z  INFO extract_candidates:parse_all_blobs:extract: tailwindcss_oxide::scanner: enter
2026-05-08T11:25:03.575346Z  INFO extract_candidates:parse_all_blobs:extract: tailwindcss_oxide::scanner: exit
2026-05-08T11:25:03.575401Z  INFO extract_candidates:parse_all_blobs: tailwindcss_oxide::scanner: exit
2026-05-08T11:25:03.577329Z  INFO extract_candidates: tailwindcss_oxide::scanner: exit
2026-05-08T11:25:03.581874Z  INFO get_files: tailwindcss_oxide::scanner: enter
2026-05-08T11:25:03.582191Z  INFO get_files:scan_sources: tailwindcss_oxide::scanner: enter
2026-05-08T11:25:03.583188Z  INFO get_files:scan_sources: tailwindcss_oxide::scanner: Discovering "/home/afdal/Laboratorium/PROJECT/extensionadminaksent/scripts"
2026-05-08T11:25:03.583831Z  INFO get_files:scan_sources: tailwindcss_oxide::scanner: Discovering "/home/afdal/Laboratorium/PROJECT/extensionadminaksent/cypress"
2026-05-08T11:25:03.584196Z  INFO get_files:scan_sources: tailwindcss_oxide::scanner: Discovering "/home/afdal/Laboratorium/PROJECT/extensionadminaksent/cypress/fixtures"
2026-05-08T11:25:03.584784Z  INFO get_files:scan_sources: tailwindcss_oxide::scanner: Discovering "/home/afdal/Laboratorium/PROJECT/extensionadminaksent/cypress/e2e"
2026-05-08T11:25:03.587218Z  INFO get_files:scan_sources: tailwindcss_oxide::scanner: Discovering "/home/afdal/Laboratorium/PROJECT/extensionadminaksent/cypress/support"
2026-05-08T11:25:03.587559Z  INFO get_files:scan_sources: tailwindcss_oxide::scanner: Discovering "/home/afdal/Laboratorium/PROJECT/extensionadminaksent/.vscode"
2026-05-08T11:25:03.587968Z  INFO get_files:scan_sources: tailwindcss_oxide::scanner: Discovering "/home/afdal/Laboratorium/PROJECT/extensionadminaksent/src"
2026-05-08T11:25:03.588208Z  INFO get_files:scan_sources: tailwindcss_oxide::scanner: Discovering "/home/afdal/Laboratorium/PROJECT/extensionadminaksent/src/hook"
2026-05-08T11:25:03.588428Z  INFO get_files:scan_sources: tailwindcss_oxide::scanner: Discovering "/home/afdal/Laboratorium/PROJECT/extensionadminaksent/src/hook/requests"
2026-05-08T11:25:03.588669Z  INFO get_files:scan_sources: tailwindcss_oxide::scanner: Discovering "/home/afdal/Laboratorium/PROJECT/extensionadminaksent/src/components"
2026-05-08T11:25:03.590092Z  INFO get_files:scan_sources: tailwindcss_oxide::scanner: Discovering "/home/afdal/Laboratorium/PROJECT/extensionadminaksent/src/components/customer"
2026-05-08T11:25:03.590529Z  INFO get_files:scan_sources: tailwindcss_oxide::scanner: Discovering "/home/afdal/Laboratorium/PROJECT/extensionadminaksent/src/components/input"
2026-05-08T11:25:03.590807Z  INFO get_files:scan_sources: tailwindcss_oxide::scanner: Discovering "/home/afdal/Laboratorium/PROJECT/extensionadminaksent/src/components/layout"
2026-05-08T11:25:03.591008Z  INFO get_files:scan_sources: tailwindcss_oxide::scanner: Discovering "/home/afdal/Laboratorium/PROJECT/extensionadminaksent/src/components/list"
2026-05-08T11:25:03.591224Z  INFO get_files:scan_sources: tailwindcss_oxide::scanner: Discovering "/home/afdal/Laboratorium/PROJECT/extensionadminaksent/src/components/toolbars"
2026-05-08T11:25:03.591429Z  INFO get_files:scan_sources: tailwindcss_oxide::scanner: Discovering "/home/afdal/Laboratorium/PROJECT/extensionadminaksent/src/theme"
2026-05-08T11:25:03.591761Z  INFO get_files:scan_sources: tailwindcss_oxide::scanner: Discovering "/home/afdal/Laboratorium/PROJECT/extensionadminaksent/src/utils"
2026-05-08T11:25:03.592406Z  INFO get_files:scan_sources: tailwindcss_oxide::scanner: Discovering "/home/afdal/Laboratorium/PROJECT/extensionadminaksent/src/databases"
2026-05-08T11:25:03.593085Z  INFO get_files:scan_sources: tailwindcss_oxide::scanner: Discovering "/home/afdal/Laboratorium/PROJECT/extensionadminaksent/src/databases/migrations"
2026-05-08T11:25:03.593410Z  INFO get_files:scan_sources: tailwindcss_oxide::scanner: Discovering "/home/afdal/Laboratorium/PROJECT/extensionadminaksent/src/databases/entities"
2026-05-08T11:25:03.593789Z  INFO get_files:scan_sources: tailwindcss_oxide::scanner: Discovering "/home/afdal/Laboratorium/PROJECT/extensionadminaksent/src/types"
2026-05-08T11:25:03.594038Z  INFO get_files:scan_sources: tailwindcss_oxide::scanner: Discovering "/home/afdal/Laboratorium/PROJECT/extensionadminaksent/src/pages"
2026-05-08T11:25:03.594212Z  INFO get_files:scan_sources: tailwindcss_oxide::scanner: Discovering "/home/afdal/Laboratorium/PROJECT/extensionadminaksent/src/pages/Customer"
2026-05-08T11:25:03.594416Z  INFO get_files:scan_sources: tailwindcss_oxide::scanner: Discovering "/home/afdal/Laboratorium/PROJECT/extensionadminaksent/src/pages/Home"
2026-05-08T11:25:03.594614Z  INFO get_files:scan_sources: tailwindcss_oxide::scanner: Discovering "/home/afdal/Laboratorium/PROJECT/extensionadminaksent/src/pages/Validation"
2026-05-08T11:25:03.594849Z  INFO get_files:scan_sources: tailwindcss_oxide::scanner: Discovering "/home/afdal/Laboratorium/PROJECT/extensionadminaksent/src/pages/Unpaid"
2026-05-08T11:25:03.595050Z  INFO get_files:scan_sources: tailwindcss_oxide::scanner: Discovering "/home/afdal/Laboratorium/PROJECT/extensionadminaksent/src/pages/Payment"
2026-05-08T11:25:03.595271Z  INFO get_files:scan_sources: tailwindcss_oxide::scanner: Discovering "/home/afdal/Laboratorium/PROJECT/extensionadminaksent/src/context"
2026-05-08T11:25:03.595535Z  INFO get_files:scan_sources: tailwindcss_oxide::scanner: Discovering "/home/afdal/Laboratorium/PROJECT/extensionadminaksent/public"
2026-05-08T11:25:03.595633Z  INFO get_files:scan_sources: tailwindcss_oxide::scanner: Discovering "/home/afdal/Laboratorium/PROJECT/extensionadminaksent/public/assets"
2026-05-08T11:25:03.595834Z  INFO get_files:scan_sources: tailwindcss_oxide::scanner: Discovering "/home/afdal/Laboratorium/PROJECT/extensionadminaksent/android"
2026-05-08T11:25:03.596190Z  INFO get_files:scan_sources: tailwindcss_oxide::scanner: Discovering "/home/afdal/Laboratorium/PROJECT/extensionadminaksent/android/.kotlin"
2026-05-08T11:25:03.596264Z  INFO get_files:scan_sources: tailwindcss_oxide::scanner: Discovering "/home/afdal/Laboratorium/PROJECT/extensionadminaksent/android/.kotlin/sessions"
2026-05-08T11:25:03.596679Z  INFO get_files:scan_sources: tailwindcss_oxide::scanner: Discovering "/home/afdal/Laboratorium/PROJECT/extensionadminaksent/android/gradle"
2026-05-08T11:25:03.596927Z  INFO get_files:scan_sources: tailwindcss_oxide::scanner: Discovering "/home/afdal/Laboratorium/PROJECT/extensionadminaksent/android/gradle/wrapper"
2026-05-08T11:25:03.597168Z  INFO get_files:scan_sources: tailwindcss_oxide::scanner: Discovering "/home/afdal/Laboratorium/PROJECT/extensionadminaksent/android/app"
2026-05-08T11:25:03.597437Z  INFO get_files:scan_sources: tailwindcss_oxide::scanner: Discovering "/home/afdal/Laboratorium/PROJECT/extensionadminaksent/android/app/src"
2026-05-08T11:25:03.597673Z  INFO get_files:scan_sources: tailwindcss_oxide::scanner: Discovering "/home/afdal/Laboratorium/PROJECT/extensionadminaksent/android/app/src/main"
2026-05-08T11:25:03.597889Z  INFO get_files:scan_sources: tailwindcss_oxide::scanner: Discovering "/home/afdal/Laboratorium/PROJECT/extensionadminaksent/android/app/src/main/res"
2026-05-08T11:25:03.598087Z  INFO get_files:scan_sources: tailwindcss_oxide::scanner: Discovering "/home/afdal/Laboratorium/PROJECT/extensionadminaksent/android/app/src/main/res/drawable-land-xhdpi"
2026-05-08T11:25:03.598273Z  INFO get_files:scan_sources: tailwindcss_oxide::scanner: Discovering "/home/afdal/Laboratorium/PROJECT/extensionadminaksent/android/app/src/main/res/drawable-land-xxhdpi"
2026-05-08T11:25:03.598466Z  INFO get_files:scan_sources: tailwindcss_oxide::scanner: Discovering "/home/afdal/Laboratorium/PROJECT/extensionadminaksent/android/app/src/main/res/drawable-v24"
2026-05-08T11:25:03.598713Z  INFO get_files:scan_sources: tailwindcss_oxide::scanner: Discovering "/home/afdal/Laboratorium/PROJECT/extensionadminaksent/android/app/src/main/res/drawable-port-xxxhdpi"
2026-05-08T11:25:03.598920Z  INFO get_files:scan_sources: tailwindcss_oxide::scanner: Discovering "/home/afdal/Laboratorium/PROJECT/extensionadminaksent/android/app/src/main/res/drawable-land-xxxhdpi"
2026-05-08T11:25:03.599138Z  INFO get_files:scan_sources: tailwindcss_oxide::scanner: Discovering "/home/afdal/Laboratorium/PROJECT/extensionadminaksent/android/app/src/main/res/drawable-port-xxhdpi"
2026-05-08T11:25:03.599333Z  INFO get_files:scan_sources: tailwindcss_oxide::scanner: Discovering "/home/afdal/Laboratorium/PROJECT/extensionadminaksent/android/app/src/main/res/mipmap-hdpi"
2026-05-08T11:25:03.599539Z  INFO get_files:scan_sources: tailwindcss_oxide::scanner: Discovering "/home/afdal/Laboratorium/PROJECT/extensionadminaksent/android/app/src/main/res/drawable-land-hdpi"
2026-05-08T11:25:03.599822Z  INFO get_files:scan_sources: tailwindcss_oxide::scanner: Discovering "/home/afdal/Laboratorium/PROJECT/extensionadminaksent/android/app/src/main/res/xml"
2026-05-08T11:25:03.600078Z  INFO get_files:scan_sources: tailwindcss_oxide::scanner: Discovering "/home/afdal/Laboratorium/PROJECT/extensionadminaksent/android/app/src/main/res/mipmap-xhdpi"
2026-05-08T11:25:03.600346Z  INFO get_files:scan_sources: tailwindcss_oxide::scanner: Discovering "/home/afdal/Laboratorium/PROJECT/extensionadminaksent/android/app/src/main/res/drawable-land-mdpi"
2026-05-08T11:25:03.600608Z  INFO get_files:scan_sources: tailwindcss_oxide::scanner: Discovering "/home/afdal/Laboratorium/PROJECT/extensionadminaksent/android/app/src/main/res/drawable-port-hdpi"
2026-05-08T11:25:03.600885Z  INFO get_files:scan_sources: tailwindcss_oxide::scanner: Discovering "/home/afdal/Laboratorium/PROJECT/extensionadminaksent/android/app/src/main/res/mipmap-xxhdpi"
2026-05-08T11:25:03.600979Z  INFO get_files:scan_sources: tailwindcss_oxide::scanner: Discovering "/home/afdal/Laboratorium/PROJECT/extensionadminaksent/android/app/src/main/res/mipmap-mdpi"
2026-05-08T11:25:03.601061Z  INFO get_files:scan_sources: tailwindcss_oxide::scanner: Discovering "/home/afdal/Laboratorium/PROJECT/extensionadminaksent/android/app/src/main/res/drawable"
2026-05-08T11:25:03.601147Z  INFO get_files:scan_sources: tailwindcss_oxide::scanner: Discovering "/home/afdal/Laboratorium/PROJECT/extensionadminaksent/android/app/src/main/res/drawable-port-xhdpi"
2026-05-08T11:25:03.601211Z  INFO get_files:scan_sources: tailwindcss_oxide::scanner: Discovering "/home/afdal/Laboratorium/PROJECT/extensionadminaksent/android/app/src/main/res/mipmap-xxxhdpi"
2026-05-08T11:25:03.601283Z  INFO get_files:scan_sources: tailwindcss_oxide::scanner: Discovering "/home/afdal/Laboratorium/PROJECT/extensionadminaksent/android/app/src/main/res/layout"
2026-05-08T11:25:03.601362Z  INFO get_files:scan_sources: tailwindcss_oxide::scanner: Discovering "/home/afdal/Laboratorium/PROJECT/extensionadminaksent/android/app/src/main/res/mipmap-anydpi-v26"
2026-05-08T11:25:03.601456Z  INFO get_files:scan_sources: tailwindcss_oxide::scanner: Discovering "/home/afdal/Laboratorium/PROJECT/extensionadminaksent/android/app/src/main/res/drawable-port-mdpi"
2026-05-08T11:25:03.601538Z  INFO get_files:scan_sources: tailwindcss_oxide::scanner: Discovering "/home/afdal/Laboratorium/PROJECT/extensionadminaksent/android/app/src/main/res/values"
2026-05-08T11:25:03.601685Z  INFO get_files:scan_sources: tailwindcss_oxide::scanner: Discovering "/home/afdal/Laboratorium/PROJECT/extensionadminaksent/android/app/src/main/java"
2026-05-08T11:25:03.601760Z  INFO get_files:scan_sources: tailwindcss_oxide::scanner: Discovering "/home/afdal/Laboratorium/PROJECT/extensionadminaksent/android/app/src/main/java/io"
2026-05-08T11:25:03.601866Z  INFO get_files:scan_sources: tailwindcss_oxide::scanner: Discovering "/home/afdal/Laboratorium/PROJECT/extensionadminaksent/android/app/src/main/java/io/ionic"
2026-05-08T11:25:03.601937Z  INFO get_files:scan_sources: tailwindcss_oxide::scanner: Discovering "/home/afdal/Laboratorium/PROJECT/extensionadminaksent/android/app/src/main/java/io/ionic/starter"
2026-05-08T11:25:03.602055Z  INFO get_files:scan_sources: tailwindcss_oxide::scanner: Discovering "/home/afdal/Laboratorium/PROJECT/extensionadminaksent/android/app/src/main/assets"
2026-05-08T11:25:03.602272Z  INFO get_files:scan_sources: tailwindcss_oxide::scanner: Discovering "/home/afdal/Laboratorium/PROJECT/extensionadminaksent/android/app/src/androidTest"
2026-05-08T11:25:03.602377Z  INFO get_files:scan_sources: tailwindcss_oxide::scanner: Discovering "/home/afdal/Laboratorium/PROJECT/extensionadminaksent/android/app/src/androidTest/java"
2026-05-08T11:25:03.602454Z  INFO get_files:scan_sources: tailwindcss_oxide::scanner: Discovering "/home/afdal/Laboratorium/PROJECT/extensionadminaksent/android/app/src/androidTest/java/com"
2026-05-08T11:25:03.602551Z  INFO get_files:scan_sources: tailwindcss_oxide::scanner: Discovering "/home/afdal/Laboratorium/PROJECT/extensionadminaksent/android/app/src/androidTest/java/com/getcapacitor"
2026-05-08T11:25:03.602622Z  INFO get_files:scan_sources: tailwindcss_oxide::scanner: Discovering "/home/afdal/Laboratorium/PROJECT/extensionadminaksent/android/app/src/androidTest/java/com/getcapacitor/myapp"
2026-05-08T11:25:03.602757Z  INFO get_files:scan_sources: tailwindcss_oxide::scanner: Discovering "/home/afdal/Laboratorium/PROJECT/extensionadminaksent/android/app/src/test"
2026-05-08T11:25:03.602849Z  INFO get_files:scan_sources: tailwindcss_oxide::scanner: Discovering "/home/afdal/Laboratorium/PROJECT/extensionadminaksent/android/app/src/test/java"
2026-05-08T11:25:03.602930Z  INFO get_files:scan_sources: tailwindcss_oxide::scanner: Discovering "/home/afdal/Laboratorium/PROJECT/extensionadminaksent/android/app/src/test/java/com"
2026-05-08T11:25:03.602999Z  INFO get_files:scan_sources: tailwindcss_oxide::scanner: Discovering "/home/afdal/Laboratorium/PROJECT/extensionadminaksent/android/app/src/test/java/com/getcapacitor"
2026-05-08T11:25:03.603058Z  INFO get_files:scan_sources: tailwindcss_oxide::scanner: Discovering "/home/afdal/Laboratorium/PROJECT/extensionadminaksent/android/app/src/test/java/com/getcapacitor/myapp"
2026-05-08T11:25:03.603574Z  INFO get_files:scan_sources: tailwindcss_oxide::scanner: exit
2026-05-08T11:25:03.606568Z  INFO get_files: tailwindcss_oxide::scanner: exit
2026-05-08T11:25:03.606853Z  INFO get_globs: tailwindcss_oxide::scanner: enter
2026-05-08T11:25:03.606877Z  INFO get_globs: tailwindcss_oxide::scanner: exit
