2026-03-07T17:15:00.082097Z  INFO tailwindcss_oxide::scanner: Provided sources:
2026-03-07T17:15:00.082163Z  INFO tailwindcss_oxide::scanner: Source: PublicSourceEntry { base: "/home/afdal/Laboratorium/PROJECT/extensionadminaksent", pattern: "**/*", negated: false }
2026-03-07T17:15:00.082236Z  INFO tailwindcss_oxide::scanner: Optimized sources:
2026-03-07T17:15:00.082247Z  INFO tailwindcss_oxide::scanner: Source: Auto { base: "/home/afdal/Laboratorium/PROJECT/extensionadminaksent" }
2026-03-07T17:15:01.961723Z  INFO tailwindcss_oxide::scanner: Provided sources:
2026-03-07T17:15:01.961764Z  INFO tailwindcss_oxide::scanner: Source: PublicSourceEntry { base: "/home/afdal/Laboratorium/PROJECT/extensionadminaksent", pattern: "**/*", negated: false }
2026-03-07T17:15:01.961806Z  INFO tailwindcss_oxide::scanner: Optimized sources:
2026-03-07T17:15:01.961819Z  INFO tailwindcss_oxide::scanner: Source: Auto { base: "/home/afdal/Laboratorium/PROJECT/extensionadminaksent" }
2026-03-07T17:15:01.961919Z  INFO scan_sources: tailwindcss_oxide::scanner: enter
2026-03-07T17:15:01.963451Z  INFO scan_sources: tailwindcss_oxide::scanner: Discovering "/home/afdal/Laboratorium/PROJECT/extensionadminaksent/index.html"
2026-03-07T17:15:01.963667Z  INFO scan_sources: tailwindcss_oxide::scanner: Discovering "/home/afdal/Laboratorium/PROJECT/extensionadminaksent/tailwind.config.js"
2026-03-07T17:15:01.963721Z  INFO scan_sources: tailwindcss_oxide::scanner: Discovering "/home/afdal/Laboratorium/PROJECT/extensionadminaksent/.browserslistrc"
2026-03-07T17:15:01.963770Z  INFO scan_sources: tailwindcss_oxide::scanner: Discovering "/home/afdal/Laboratorium/PROJECT/extensionadminaksent/scripts"
2026-03-07T17:15:01.963850Z  INFO scan_sources: tailwindcss_oxide::scanner: Discovering "/home/afdal/Laboratorium/PROJECT/extensionadminaksent/scripts/modify-typeorm.cjs"
2026-03-07T17:15:01.963895Z  INFO scan_sources: tailwindcss_oxide::scanner: Discovering "/home/afdal/Laboratorium/PROJECT/extensionadminaksent/cypress"
2026-03-07T17:15:01.963968Z  INFO scan_sources: tailwindcss_oxide::scanner: Discovering "/home/afdal/Laboratorium/PROJECT/extensionadminaksent/cypress/fixtures"
2026-03-07T17:15:01.964035Z  INFO scan_sources: tailwindcss_oxide::scanner: Discovering "/home/afdal/Laboratorium/PROJECT/extensionadminaksent/cypress/fixtures/example.json"
2026-03-07T17:15:01.964077Z  INFO scan_sources: tailwindcss_oxide::scanner: Discovering "/home/afdal/Laboratorium/PROJECT/extensionadminaksent/cypress/e2e"
2026-03-07T17:15:01.964146Z  INFO scan_sources: tailwindcss_oxide::scanner: Discovering "/home/afdal/Laboratorium/PROJECT/extensionadminaksent/cypress/e2e/test.cy.ts"
2026-03-07T17:15:01.964195Z  INFO scan_sources: tailwindcss_oxide::scanner: Discovering "/home/afdal/Laboratorium/PROJECT/extensionadminaksent/cypress/support"
2026-03-07T17:15:01.964261Z  INFO scan_sources: tailwindcss_oxide::scanner: Discovering "/home/afdal/Laboratorium/PROJECT/extensionadminaksent/cypress/support/e2e.ts"
2026-03-07T17:15:01.964293Z  INFO scan_sources: tailwindcss_oxide::scanner: Discovering "/home/afdal/Laboratorium/PROJECT/extensionadminaksent/cypress/support/commands.ts"
2026-03-07T17:15:01.964343Z  INFO scan_sources: tailwindcss_oxide::scanner: Discovering "/home/afdal/Laboratorium/PROJECT/extensionadminaksent/.vscode"
2026-03-07T17:15:01.964433Z  INFO scan_sources: tailwindcss_oxide::scanner: Discovering "/home/afdal/Laboratorium/PROJECT/extensionadminaksent/.vscode/extensions.json"
2026-03-07T17:15:01.964496Z  INFO scan_sources: tailwindcss_oxide::scanner: Discovering "/home/afdal/Laboratorium/PROJECT/extensionadminaksent/readme.md"
2026-03-07T17:15:01.964529Z  INFO scan_sources: tailwindcss_oxide::scanner: Discovering "/home/afdal/Laboratorium/PROJECT/extensionadminaksent/src"
2026-03-07T17:15:01.964631Z  INFO scan_sources: tailwindcss_oxide::scanner: Discovering "/home/afdal/Laboratorium/PROJECT/extensionadminaksent/src/hook"
2026-03-07T17:15:01.964716Z  INFO scan_sources: tailwindcss_oxide::scanner: Discovering "/home/afdal/Laboratorium/PROJECT/extensionadminaksent/src/hook/share-target.ts"
2026-03-07T17:15:01.964769Z  INFO scan_sources: tailwindcss_oxide::scanner: Discovering "/home/afdal/Laboratorium/PROJECT/extensionadminaksent/src/hook/requests"
2026-03-07T17:15:01.964839Z  INFO scan_sources: tailwindcss_oxide::scanner: Discovering "/home/afdal/Laboratorium/PROJECT/extensionadminaksent/src/hook/requests/customer.ts"
2026-03-07T17:15:01.964887Z  INFO scan_sources: tailwindcss_oxide::scanner: Discovering "/home/afdal/Laboratorium/PROJECT/extensionadminaksent/src/components"
2026-03-07T17:15:01.964954Z  INFO scan_sources: tailwindcss_oxide::scanner: Discovering "/home/afdal/Laboratorium/PROJECT/extensionadminaksent/src/components/ExploreContainer.css"
2026-03-07T17:15:01.964988Z  INFO scan_sources: tailwindcss_oxide::scanner: Discovering "/home/afdal/Laboratorium/PROJECT/extensionadminaksent/src/components/customer"
2026-03-07T17:15:01.965054Z  INFO scan_sources: tailwindcss_oxide::scanner: Discovering "/home/afdal/Laboratorium/PROJECT/extensionadminaksent/src/components/customer/SelectCustomer.tsx"
2026-03-07T17:15:01.965090Z  INFO scan_sources: tailwindcss_oxide::scanner: Discovering "/home/afdal/Laboratorium/PROJECT/extensionadminaksent/src/components/customer/DetailCardCustomer.tsx"
2026-03-07T17:15:01.965136Z  INFO scan_sources: tailwindcss_oxide::scanner: Discovering "/home/afdal/Laboratorium/PROJECT/extensionadminaksent/src/components/input"
2026-03-07T17:15:01.965202Z  INFO scan_sources: tailwindcss_oxide::scanner: Discovering "/home/afdal/Laboratorium/PROJECT/extensionadminaksent/src/components/input/DateTimeInputText.tsx"
2026-03-07T17:15:01.965232Z  INFO scan_sources: tailwindcss_oxide::scanner: Discovering "/home/afdal/Laboratorium/PROJECT/extensionadminaksent/src/components/input/DateTimeInput.tsx"
2026-03-07T17:15:01.965261Z  INFO scan_sources: tailwindcss_oxide::scanner: Discovering "/home/afdal/Laboratorium/PROJECT/extensionadminaksent/src/components/input/ImagePicker.tsx"
2026-03-07T17:15:01.965304Z  INFO scan_sources: tailwindcss_oxide::scanner: Discovering "/home/afdal/Laboratorium/PROJECT/extensionadminaksent/src/components/layout"
2026-03-07T17:15:01.965369Z  INFO scan_sources: tailwindcss_oxide::scanner: Discovering "/home/afdal/Laboratorium/PROJECT/extensionadminaksent/src/components/layout/BaseLayout.tsx"
2026-03-07T17:15:01.965409Z  INFO scan_sources: tailwindcss_oxide::scanner: Discovering "/home/afdal/Laboratorium/PROJECT/extensionadminaksent/src/components/list"
2026-03-07T17:15:01.965472Z  INFO scan_sources: tailwindcss_oxide::scanner: Discovering "/home/afdal/Laboratorium/PROJECT/extensionadminaksent/src/components/list/DataList.tsx"
2026-03-07T17:15:01.965505Z  INFO scan_sources: tailwindcss_oxide::scanner: Discovering "/home/afdal/Laboratorium/PROJECT/extensionadminaksent/src/components/list/DataListScrolling.tsx"
2026-03-07T17:15:01.965542Z  INFO scan_sources: tailwindcss_oxide::scanner: Discovering "/home/afdal/Laboratorium/PROJECT/extensionadminaksent/src/components/ExploreContainer.tsx"
2026-03-07T17:15:01.965605Z  INFO scan_sources: tailwindcss_oxide::scanner: Discovering "/home/afdal/Laboratorium/PROJECT/extensionadminaksent/src/components/toolbars"
2026-03-07T17:15:01.965683Z  INFO scan_sources: tailwindcss_oxide::scanner: Discovering "/home/afdal/Laboratorium/PROJECT/extensionadminaksent/src/components/toolbars/HeaderFilterChip.tsx"
2026-03-07T17:15:01.965713Z  INFO scan_sources: tailwindcss_oxide::scanner: Discovering "/home/afdal/Laboratorium/PROJECT/extensionadminaksent/src/components/toolbars/TextSearch.tsx"
2026-03-07T17:15:01.965758Z  INFO scan_sources: tailwindcss_oxide::scanner: Discovering "/home/afdal/Laboratorium/PROJECT/extensionadminaksent/src/theme"
2026-03-07T17:15:01.965832Z  INFO scan_sources: tailwindcss_oxide::scanner: Discovering "/home/afdal/Laboratorium/PROJECT/extensionadminaksent/src/theme/variables.css"
2026-03-07T17:15:01.965862Z  INFO scan_sources: tailwindcss_oxide::scanner: Discovering "/home/afdal/Laboratorium/PROJECT/extensionadminaksent/src/theme/global.css"
2026-03-07T17:15:01.965896Z  INFO scan_sources: tailwindcss_oxide::scanner: Discovering "/home/afdal/Laboratorium/PROJECT/extensionadminaksent/src/App.tsx"
2026-03-07T17:15:01.965943Z  INFO scan_sources: tailwindcss_oxide::scanner: Discovering "/home/afdal/Laboratorium/PROJECT/extensionadminaksent/src/utils"
2026-03-07T17:15:01.966006Z  INFO scan_sources: tailwindcss_oxide::scanner: Discovering "/home/afdal/Laboratorium/PROJECT/extensionadminaksent/src/utils/cookie.ts"
2026-03-07T17:15:01.966046Z  INFO scan_sources: tailwindcss_oxide::scanner: Discovering "/home/afdal/Laboratorium/PROJECT/extensionadminaksent/src/utils/helpers.ts"
2026-03-07T17:15:01.966081Z  INFO scan_sources: tailwindcss_oxide::scanner: Discovering "/home/afdal/Laboratorium/PROJECT/extensionadminaksent/src/utils/payment.ts"
2026-03-07T17:15:01.966121Z  INFO scan_sources: tailwindcss_oxide::scanner: Discovering "/home/afdal/Laboratorium/PROJECT/extensionadminaksent/src/vite-env.d.ts"
2026-03-07T17:15:01.966149Z  INFO scan_sources: tailwindcss_oxide::scanner: Discovering "/home/afdal/Laboratorium/PROJECT/extensionadminaksent/src/App.test.tsx"
2026-03-07T17:15:01.966176Z  INFO scan_sources: tailwindcss_oxide::scanner: Discovering "/home/afdal/Laboratorium/PROJECT/extensionadminaksent/src/setupTests.ts"
2026-03-07T17:15:01.966210Z  INFO scan_sources: tailwindcss_oxide::scanner: Discovering "/home/afdal/Laboratorium/PROJECT/extensionadminaksent/src/databases"
2026-03-07T17:15:01.966293Z  INFO scan_sources: tailwindcss_oxide::scanner: Discovering "/home/afdal/Laboratorium/PROJECT/extensionadminaksent/src/databases/migrations"
2026-03-07T17:15:01.966370Z  INFO scan_sources: tailwindcss_oxide::scanner: Discovering "/home/afdal/Laboratorium/PROJECT/extensionadminaksent/src/databases/migrations/1772192135876-Init.ts"
2026-03-07T17:15:01.966414Z  INFO scan_sources: tailwindcss_oxide::scanner: Discovering "/home/afdal/Laboratorium/PROJECT/extensionadminaksent/src/databases/data-source.cli.ts"
2026-03-07T17:15:01.966443Z  INFO scan_sources: tailwindcss_oxide::scanner: Discovering "/home/afdal/Laboratorium/PROJECT/extensionadminaksent/src/databases/sqlite-params.ts"
2026-03-07T17:15:01.966476Z  INFO scan_sources: tailwindcss_oxide::scanner: Discovering "/home/afdal/Laboratorium/PROJECT/extensionadminaksent/src/databases/entities"
2026-03-07T17:15:01.966541Z  INFO scan_sources: tailwindcss_oxide::scanner: Discovering "/home/afdal/Laboratorium/PROJECT/extensionadminaksent/src/databases/entities/payment-customer.ts"
2026-03-07T17:15:01.966628Z  INFO scan_sources: tailwindcss_oxide::scanner: Discovering "/home/afdal/Laboratorium/PROJECT/extensionadminaksent/src/databases/data-source.runtime.ts"
2026-03-07T17:15:01.966667Z  INFO scan_sources: tailwindcss_oxide::scanner: Discovering "/home/afdal/Laboratorium/PROJECT/extensionadminaksent/src/databases/utilities.ts"
2026-03-07T17:15:01.966711Z  INFO scan_sources: tailwindcss_oxide::scanner: Discovering "/home/afdal/Laboratorium/PROJECT/extensionadminaksent/src/types"
2026-03-07T17:15:01.966786Z  INFO scan_sources: tailwindcss_oxide::scanner: Discovering "/home/afdal/Laboratorium/PROJECT/extensionadminaksent/src/types/customer.ts"
2026-03-07T17:15:01.966841Z  INFO scan_sources: tailwindcss_oxide::scanner: Discovering "/home/afdal/Laboratorium/PROJECT/extensionadminaksent/src/pages"
2026-03-07T17:15:01.966911Z  INFO scan_sources: tailwindcss_oxide::scanner: Discovering "/home/afdal/Laboratorium/PROJECT/extensionadminaksent/src/pages/Customer"
2026-03-07T17:15:01.966989Z  INFO scan_sources: tailwindcss_oxide::scanner: Discovering "/home/afdal/Laboratorium/PROJECT/extensionadminaksent/src/pages/Customer/Customer.tsx"
2026-03-07T17:15:01.967024Z  INFO scan_sources: tailwindcss_oxide::scanner: Discovering "/home/afdal/Laboratorium/PROJECT/extensionadminaksent/src/pages/Customer/Customer.example"
2026-03-07T17:15:01.967065Z  INFO scan_sources: tailwindcss_oxide::scanner: Discovering "/home/afdal/Laboratorium/PROJECT/extensionadminaksent/src/pages/Home"
2026-03-07T17:15:01.967132Z  INFO scan_sources: tailwindcss_oxide::scanner: Discovering "/home/afdal/Laboratorium/PROJECT/extensionadminaksent/src/pages/Home/Home.css"
2026-03-07T17:15:01.967176Z  INFO scan_sources: tailwindcss_oxide::scanner: Discovering "/home/afdal/Laboratorium/PROJECT/extensionadminaksent/src/pages/Home/Home.tsx"
2026-03-07T17:15:01.967217Z  INFO scan_sources: tailwindcss_oxide::scanner: Discovering "/home/afdal/Laboratorium/PROJECT/extensionadminaksent/src/pages/Validation"
2026-03-07T17:15:01.967283Z  INFO scan_sources: tailwindcss_oxide::scanner: Discovering "/home/afdal/Laboratorium/PROJECT/extensionadminaksent/src/pages/Validation/ValidationPage.tsx"
2026-03-07T17:15:01.967323Z  INFO scan_sources: tailwindcss_oxide::scanner: Discovering "/home/afdal/Laboratorium/PROJECT/extensionadminaksent/src/pages/Unpaid"
2026-03-07T17:15:01.967399Z  INFO scan_sources: tailwindcss_oxide::scanner: Discovering "/home/afdal/Laboratorium/PROJECT/extensionadminaksent/src/pages/Unpaid/Unpaid.tsx"
2026-03-07T17:15:01.967439Z  INFO scan_sources: tailwindcss_oxide::scanner: Discovering "/home/afdal/Laboratorium/PROJECT/extensionadminaksent/src/pages/Payment"
2026-03-07T17:15:01.967525Z  INFO scan_sources: tailwindcss_oxide::scanner: Discovering "/home/afdal/Laboratorium/PROJECT/extensionadminaksent/src/pages/Payment/Payment.example"
2026-03-07T17:15:01.967557Z  INFO scan_sources: tailwindcss_oxide::scanner: Discovering "/home/afdal/Laboratorium/PROJECT/extensionadminaksent/src/pages/Payment/Payment.tsx"
2026-03-07T17:15:01.967633Z  INFO scan_sources: tailwindcss_oxide::scanner: Discovering "/home/afdal/Laboratorium/PROJECT/extensionadminaksent/src/context"
2026-03-07T17:15:01.967726Z  INFO scan_sources: tailwindcss_oxide::scanner: Discovering "/home/afdal/Laboratorium/PROJECT/extensionadminaksent/src/context/app-context.ts"
2026-03-07T17:15:01.967763Z  INFO scan_sources: tailwindcss_oxide::scanner: Discovering "/home/afdal/Laboratorium/PROJECT/extensionadminaksent/src/main.tsx"
2026-03-07T17:15:01.967910Z  INFO scan_sources: tailwindcss_oxide::scanner: Discovering "/home/afdal/Laboratorium/PROJECT/extensionadminaksent/capacitor.config.ts"
2026-03-07T17:15:01.967946Z  INFO scan_sources: tailwindcss_oxide::scanner: Discovering "/home/afdal/Laboratorium/PROJECT/extensionadminaksent/cypress.config.ts"
2026-03-07T17:15:01.967974Z  INFO scan_sources: tailwindcss_oxide::scanner: Discovering "/home/afdal/Laboratorium/PROJECT/extensionadminaksent/package.json"
2026-03-07T17:15:01.968014Z  INFO scan_sources: tailwindcss_oxide::scanner: Discovering "/home/afdal/Laboratorium/PROJECT/extensionadminaksent/vite.config.ts.timestamp-1772340183302-ce57645161e1c.mjs"
2026-03-07T17:15:01.968052Z  INFO scan_sources: tailwindcss_oxide::scanner: Discovering "/home/afdal/Laboratorium/PROJECT/extensionadminaksent/public"
2026-03-07T17:15:01.968137Z  INFO scan_sources: tailwindcss_oxide::scanner: Discovering "/home/afdal/Laboratorium/PROJECT/extensionadminaksent/public/manifest.json"
2026-03-07T17:15:01.968177Z  INFO scan_sources: tailwindcss_oxide::scanner: Discovering "/home/afdal/Laboratorium/PROJECT/extensionadminaksent/public/assets"
2026-03-07T17:15:01.968277Z  INFO scan_sources: tailwindcss_oxide::scanner: Discovering "/home/afdal/Laboratorium/PROJECT/extensionadminaksent/ionic.starter.json"
2026-03-07T17:15:01.968403Z  INFO scan_sources: tailwindcss_oxide::scanner: Discovering "/home/afdal/Laboratorium/PROJECT/extensionadminaksent/eslint.config.js"
2026-03-07T17:15:01.968435Z  INFO scan_sources: tailwindcss_oxide::scanner: Discovering "/home/afdal/Laboratorium/PROJECT/extensionadminaksent/ionic.config.json"
2026-03-07T17:15:01.968461Z  INFO scan_sources: tailwindcss_oxide::scanner: Discovering "/home/afdal/Laboratorium/PROJECT/extensionadminaksent/tsconfig.json"
2026-03-07T17:15:01.968489Z  INFO scan_sources: tailwindcss_oxide::scanner: Discovering "/home/afdal/Laboratorium/PROJECT/extensionadminaksent/sample.md"
2026-03-07T17:15:01.968524Z  INFO scan_sources: tailwindcss_oxide::scanner: Discovering "/home/afdal/Laboratorium/PROJECT/extensionadminaksent/android"
2026-03-07T17:15:01.968908Z  INFO scan_sources: tailwindcss_oxide::scanner: Discovering "/home/afdal/Laboratorium/PROJECT/extensionadminaksent/android/.kotlin"
2026-03-07T17:15:01.969020Z  INFO scan_sources: tailwindcss_oxide::scanner: Discovering "/home/afdal/Laboratorium/PROJECT/extensionadminaksent/android/.kotlin/sessions"
2026-03-07T17:15:01.969117Z  INFO scan_sources: tailwindcss_oxide::scanner: Discovering "/home/afdal/Laboratorium/PROJECT/extensionadminaksent/android/gradlew.bat"
2026-03-07T17:15:01.969164Z  INFO scan_sources: tailwindcss_oxide::scanner: Discovering "/home/afdal/Laboratorium/PROJECT/extensionadminaksent/android/variables.gradle"
2026-03-07T17:15:01.969207Z  INFO scan_sources: tailwindcss_oxide::scanner: Discovering "/home/afdal/Laboratorium/PROJECT/extensionadminaksent/android/build.gradle"
2026-03-07T17:15:01.969251Z  INFO scan_sources: tailwindcss_oxide::scanner: Discovering "/home/afdal/Laboratorium/PROJECT/extensionadminaksent/android/capacitor.settings.gradle"
2026-03-07T17:15:01.969394Z  INFO scan_sources: tailwindcss_oxide::scanner: Discovering "/home/afdal/Laboratorium/PROJECT/extensionadminaksent/android/gradle"
2026-03-07T17:15:01.969480Z  INFO scan_sources: tailwindcss_oxide::scanner: Discovering "/home/afdal/Laboratorium/PROJECT/extensionadminaksent/android/gradle/wrapper"
2026-03-07T17:15:01.969552Z  INFO scan_sources: tailwindcss_oxide::scanner: Discovering "/home/afdal/Laboratorium/PROJECT/extensionadminaksent/android/gradle/wrapper/gradle-wrapper.properties"
2026-03-07T17:15:01.969626Z  INFO scan_sources: tailwindcss_oxide::scanner: Discovering "/home/afdal/Laboratorium/PROJECT/extensionadminaksent/android/settings.gradle"
2026-03-07T17:15:01.969671Z  INFO scan_sources: tailwindcss_oxide::scanner: Discovering "/home/afdal/Laboratorium/PROJECT/extensionadminaksent/android/app"
2026-03-07T17:15:01.969869Z  INFO scan_sources: tailwindcss_oxide::scanner: Discovering "/home/afdal/Laboratorium/PROJECT/extensionadminaksent/android/app/src"
2026-03-07T17:15:01.970031Z  INFO scan_sources: tailwindcss_oxide::scanner: Discovering "/home/afdal/Laboratorium/PROJECT/extensionadminaksent/android/app/src/main"
2026-03-07T17:15:01.970174Z  INFO scan_sources: tailwindcss_oxide::scanner: Discovering "/home/afdal/Laboratorium/PROJECT/extensionadminaksent/android/app/src/main/AndroidManifest.xml.orig"
2026-03-07T17:15:01.970294Z  INFO scan_sources: tailwindcss_oxide::scanner: Discovering "/home/afdal/Laboratorium/PROJECT/extensionadminaksent/android/app/src/main/res"
2026-03-07T17:15:01.970468Z  INFO scan_sources: tailwindcss_oxide::scanner: Discovering "/home/afdal/Laboratorium/PROJECT/extensionadminaksent/android/app/src/main/res/drawable-land-xhdpi"
2026-03-07T17:15:01.970638Z  INFO scan_sources: tailwindcss_oxide::scanner: Discovering "/home/afdal/Laboratorium/PROJECT/extensionadminaksent/android/app/src/main/res/drawable-land-xxhdpi"
2026-03-07T17:15:01.970811Z  INFO scan_sources: tailwindcss_oxide::scanner: Discovering "/home/afdal/Laboratorium/PROJECT/extensionadminaksent/android/app/src/main/res/drawable-v24"
2026-03-07T17:15:01.970953Z  INFO scan_sources: tailwindcss_oxide::scanner: Discovering "/home/afdal/Laboratorium/PROJECT/extensionadminaksent/android/app/src/main/res/drawable-v24/ic_launcher_foreground.xml"
2026-03-07T17:15:01.971027Z  INFO scan_sources: tailwindcss_oxide::scanner: Discovering "/home/afdal/Laboratorium/PROJECT/extensionadminaksent/android/app/src/main/res/drawable-port-xxxhdpi"
2026-03-07T17:15:01.971143Z  INFO scan_sources: tailwindcss_oxide::scanner: Discovering "/home/afdal/Laboratorium/PROJECT/extensionadminaksent/android/app/src/main/res/drawable-land-xxxhdpi"
2026-03-07T17:15:01.971276Z  INFO scan_sources: tailwindcss_oxide::scanner: Discovering "/home/afdal/Laboratorium/PROJECT/extensionadminaksent/android/app/src/main/res/drawable-port-xxhdpi"
2026-03-07T17:15:01.971438Z  INFO scan_sources: tailwindcss_oxide::scanner: Discovering "/home/afdal/Laboratorium/PROJECT/extensionadminaksent/android/app/src/main/res/mipmap-hdpi"
2026-03-07T17:15:01.971640Z  INFO scan_sources: tailwindcss_oxide::scanner: Discovering "/home/afdal/Laboratorium/PROJECT/extensionadminaksent/android/app/src/main/res/drawable-land-hdpi"
2026-03-07T17:15:01.971992Z  INFO scan_sources: tailwindcss_oxide::scanner: Discovering "/home/afdal/Laboratorium/PROJECT/extensionadminaksent/android/app/src/main/res/xml"
2026-03-07T17:15:01.972232Z  INFO scan_sources: tailwindcss_oxide::scanner: Discovering "/home/afdal/Laboratorium/PROJECT/extensionadminaksent/android/app/src/main/res/xml/file_paths.xml"
2026-03-07T17:15:01.972389Z  INFO scan_sources: tailwindcss_oxide::scanner: Discovering "/home/afdal/Laboratorium/PROJECT/extensionadminaksent/android/app/src/main/res/mipmap-xhdpi"
2026-03-07T17:15:01.972679Z  INFO scan_sources: tailwindcss_oxide::scanner: Discovering "/home/afdal/Laboratorium/PROJECT/extensionadminaksent/android/app/src/main/res/drawable-land-mdpi"
2026-03-07T17:15:01.972991Z  INFO scan_sources: tailwindcss_oxide::scanner: Discovering "/home/afdal/Laboratorium/PROJECT/extensionadminaksent/android/app/src/main/res/drawable-port-hdpi"
2026-03-07T17:15:01.973254Z  INFO scan_sources: tailwindcss_oxide::scanner: Discovering "/home/afdal/Laboratorium/PROJECT/extensionadminaksent/android/app/src/main/res/mipmap-xxhdpi"
2026-03-07T17:15:01.973383Z  INFO scan_sources: tailwindcss_oxide::scanner: Discovering "/home/afdal/Laboratorium/PROJECT/extensionadminaksent/android/app/src/main/res/mipmap-mdpi"
2026-03-07T17:15:01.973509Z  INFO scan_sources: tailwindcss_oxide::scanner: Discovering "/home/afdal/Laboratorium/PROJECT/extensionadminaksent/android/app/src/main/res/drawable"
2026-03-07T17:15:01.973616Z  INFO scan_sources: tailwindcss_oxide::scanner: Discovering "/home/afdal/Laboratorium/PROJECT/extensionadminaksent/android/app/src/main/res/drawable/ic_launcher_background.xml"
2026-03-07T17:15:01.973684Z  INFO scan_sources: tailwindcss_oxide::scanner: Discovering "/home/afdal/Laboratorium/PROJECT/extensionadminaksent/android/app/src/main/res/drawable-port-xhdpi"
2026-03-07T17:15:01.973788Z  INFO scan_sources: tailwindcss_oxide::scanner: Discovering "/home/afdal/Laboratorium/PROJECT/extensionadminaksent/android/app/src/main/res/mipmap-xxxhdpi"
2026-03-07T17:15:01.973893Z  INFO scan_sources: tailwindcss_oxide::scanner: Discovering "/home/afdal/Laboratorium/PROJECT/extensionadminaksent/android/app/src/main/res/layout"
2026-03-07T17:15:01.973965Z  INFO scan_sources: tailwindcss_oxide::scanner: Discovering "/home/afdal/Laboratorium/PROJECT/extensionadminaksent/android/app/src/main/res/layout/activity_main.xml"
2026-03-07T17:15:01.974011Z  INFO scan_sources: tailwindcss_oxide::scanner: Discovering "/home/afdal/Laboratorium/PROJECT/extensionadminaksent/android/app/src/main/res/mipmap-anydpi-v26"
2026-03-07T17:15:01.974083Z  INFO scan_sources: tailwindcss_oxide::scanner: Discovering "/home/afdal/Laboratorium/PROJECT/extensionadminaksent/android/app/src/main/res/mipmap-anydpi-v26/ic_launcher_round.xml"
2026-03-07T17:15:01.974116Z  INFO scan_sources: tailwindcss_oxide::scanner: Discovering "/home/afdal/Laboratorium/PROJECT/extensionadminaksent/android/app/src/main/res/mipmap-anydpi-v26/ic_launcher.xml"
2026-03-07T17:15:01.974159Z  INFO scan_sources: tailwindcss_oxide::scanner: Discovering "/home/afdal/Laboratorium/PROJECT/extensionadminaksent/android/app/src/main/res/drawable-port-mdpi"
2026-03-07T17:15:01.974245Z  INFO scan_sources: tailwindcss_oxide::scanner: Discovering "/home/afdal/Laboratorium/PROJECT/extensionadminaksent/android/app/src/main/res/values"
2026-03-07T17:15:01.974318Z  INFO scan_sources: tailwindcss_oxide::scanner: Discovering "/home/afdal/Laboratorium/PROJECT/extensionadminaksent/android/app/src/main/res/values/strings.xml"
2026-03-07T17:15:01.974352Z  INFO scan_sources: tailwindcss_oxide::scanner: Discovering "/home/afdal/Laboratorium/PROJECT/extensionadminaksent/android/app/src/main/res/values/ic_launcher_background.xml"
2026-03-07T17:15:01.974384Z  INFO scan_sources: tailwindcss_oxide::scanner: Discovering "/home/afdal/Laboratorium/PROJECT/extensionadminaksent/android/app/src/main/res/values/styles.xml"
2026-03-07T17:15:01.974446Z  INFO scan_sources: tailwindcss_oxide::scanner: Discovering "/home/afdal/Laboratorium/PROJECT/extensionadminaksent/android/app/src/main/java"
2026-03-07T17:15:01.974611Z  INFO scan_sources: tailwindcss_oxide::scanner: Discovering "/home/afdal/Laboratorium/PROJECT/extensionadminaksent/android/app/src/main/java/io"
2026-03-07T17:15:01.974722Z  INFO scan_sources: tailwindcss_oxide::scanner: Discovering "/home/afdal/Laboratorium/PROJECT/extensionadminaksent/android/app/src/main/java/io/ionic"
2026-03-07T17:15:01.974821Z  INFO scan_sources: tailwindcss_oxide::scanner: Discovering "/home/afdal/Laboratorium/PROJECT/extensionadminaksent/android/app/src/main/java/io/ionic/starter"
2026-03-07T17:15:01.974909Z  INFO scan_sources: tailwindcss_oxide::scanner: Discovering "/home/afdal/Laboratorium/PROJECT/extensionadminaksent/android/app/src/main/java/io/ionic/starter/MainActivity.java"
2026-03-07T17:15:01.974976Z  INFO scan_sources: tailwindcss_oxide::scanner: Discovering "/home/afdal/Laboratorium/PROJECT/extensionadminaksent/android/app/src/main/assets"
2026-03-07T17:15:01.975118Z  INFO scan_sources: tailwindcss_oxide::scanner: Discovering "/home/afdal/Laboratorium/PROJECT/extensionadminaksent/android/app/src/main/AndroidManifest.xml"
2026-03-07T17:15:01.975169Z  INFO scan_sources: tailwindcss_oxide::scanner: Discovering "/home/afdal/Laboratorium/PROJECT/extensionadminaksent/android/app/src/androidTest"
2026-03-07T17:15:01.975241Z  INFO scan_sources: tailwindcss_oxide::scanner: Discovering "/home/afdal/Laboratorium/PROJECT/extensionadminaksent/android/app/src/androidTest/java"
2026-03-07T17:15:01.975318Z  INFO scan_sources: tailwindcss_oxide::scanner: Discovering "/home/afdal/Laboratorium/PROJECT/extensionadminaksent/android/app/src/androidTest/java/com"
2026-03-07T17:15:01.975390Z  INFO scan_sources: tailwindcss_oxide::scanner: Discovering "/home/afdal/Laboratorium/PROJECT/extensionadminaksent/android/app/src/androidTest/java/com/getcapacitor"
2026-03-07T17:15:01.975495Z  INFO scan_sources: tailwindcss_oxide::scanner: Discovering "/home/afdal/Laboratorium/PROJECT/extensionadminaksent/android/app/src/androidTest/java/com/getcapacitor/myapp"
2026-03-07T17:15:01.975593Z  INFO scan_sources: tailwindcss_oxide::scanner: Discovering "/home/afdal/Laboratorium/PROJECT/extensionadminaksent/android/app/src/androidTest/java/com/getcapacitor/myapp/ExampleInstrumentedTest.java"
2026-03-07T17:15:01.975679Z  INFO scan_sources: tailwindcss_oxide::scanner: Discovering "/home/afdal/Laboratorium/PROJECT/extensionadminaksent/android/app/src/test"
2026-03-07T17:15:01.975757Z  INFO scan_sources: tailwindcss_oxide::scanner: Discovering "/home/afdal/Laboratorium/PROJECT/extensionadminaksent/android/app/src/test/java"
2026-03-07T17:15:01.975829Z  INFO scan_sources: tailwindcss_oxide::scanner: Discovering "/home/afdal/Laboratorium/PROJECT/extensionadminaksent/android/app/src/test/java/com"
2026-03-07T17:15:01.975901Z  INFO scan_sources: tailwindcss_oxide::scanner: Discovering "/home/afdal/Laboratorium/PROJECT/extensionadminaksent/android/app/src/test/java/com/getcapacitor"
2026-03-07T17:15:01.975986Z  INFO scan_sources: tailwindcss_oxide::scanner: Discovering "/home/afdal/Laboratorium/PROJECT/extensionadminaksent/android/app/src/test/java/com/getcapacitor/myapp"
2026-03-07T17:15:01.976079Z  INFO scan_sources: tailwindcss_oxide::scanner: Discovering "/home/afdal/Laboratorium/PROJECT/extensionadminaksent/android/app/src/test/java/com/getcapacitor/myapp/ExampleUnitTest.java"
2026-03-07T17:15:01.976160Z  INFO scan_sources: tailwindcss_oxide::scanner: Discovering "/home/afdal/Laboratorium/PROJECT/extensionadminaksent/android/app/build.gradle"
2026-03-07T17:15:01.976195Z  INFO scan_sources: tailwindcss_oxide::scanner: Discovering "/home/afdal/Laboratorium/PROJECT/extensionadminaksent/android/app/proguard-rules.pro"
2026-03-07T17:15:01.976223Z  INFO scan_sources: tailwindcss_oxide::scanner: Discovering "/home/afdal/Laboratorium/PROJECT/extensionadminaksent/android/app/capacitor.build.gradle"
2026-03-07T17:15:01.976324Z  INFO scan_sources: tailwindcss_oxide::scanner: Discovering "/home/afdal/Laboratorium/PROJECT/extensionadminaksent/android/gradle.properties"
2026-03-07T17:15:01.976429Z  INFO scan_sources: tailwindcss_oxide::scanner: Discovering "/home/afdal/Laboratorium/PROJECT/extensionadminaksent/android/gradlew"
2026-03-07T17:15:01.976554Z  INFO scan_sources: tailwindcss_oxide::scanner: Discovering "/home/afdal/Laboratorium/PROJECT/extensionadminaksent/vite.config.ts"
2026-03-07T17:15:01.976610Z  INFO scan_sources: tailwindcss_oxide::scanner: Discovering "/home/afdal/Laboratorium/PROJECT/extensionadminaksent/tsconfig.node.json"
2026-03-07T17:15:01.976687Z  INFO scan_sources: tailwindcss_oxide::scanner: exit
2026-03-07T17:15:01.976701Z  INFO extract_candidates: tailwindcss_oxide::scanner: enter
2026-03-07T17:15:01.976737Z  INFO extract_candidates:read_all_files: tailwindcss_oxide::scanner: enter
2026-03-07T17:15:01.976746Z  INFO extract_candidates:read_all_files: tailwindcss_oxide::scanner: Reading 83 file(s)
2026-03-07T17:15:01.977774Z  INFO tailwindcss_oxide::scanner: Reading "/home/afdal/Laboratorium/PROJECT/extensionadminaksent/src/pages/Unpaid/Unpaid.tsx"
2026-03-07T17:15:01.977792Z  INFO tailwindcss_oxide::scanner: Reading "/home/afdal/Laboratorium/PROJECT/extensionadminaksent/android/app/src/main/AndroidManifest.xml.orig"
2026-03-07T17:15:01.977550Z  INFO tailwindcss_oxide::scanner: Reading "/home/afdal/Laboratorium/PROJECT/extensionadminaksent/index.html"
2026-03-07T17:15:01.977995Z  INFO tailwindcss_oxide::scanner: Reading "/home/afdal/Laboratorium/PROJECT/extensionadminaksent/android/app/src/main/res/drawable-v24/ic_launcher_foreground.xml"
2026-03-07T17:15:01.977998Z  INFO tailwindcss_oxide::scanner: Reading "/home/afdal/Laboratorium/PROJECT/extensionadminaksent/tailwind.config.js"
2026-03-07T17:15:01.978028Z  INFO tailwindcss_oxide::scanner: Reading "/home/afdal/Laboratorium/PROJECT/extensionadminaksent/.browserslistrc"
2026-03-07T17:15:01.978030Z  INFO tailwindcss_oxide::scanner: Reading "/home/afdal/Laboratorium/PROJECT/extensionadminaksent/android/app/src/main/res/xml/file_paths.xml"
2026-03-07T17:15:01.978056Z  INFO tailwindcss_oxide::scanner: Reading "/home/afdal/Laboratorium/PROJECT/extensionadminaksent/scripts/modify-typeorm.cjs"
2026-03-07T17:15:01.978067Z  INFO tailwindcss_oxide::scanner: Reading "/home/afdal/Laboratorium/PROJECT/extensionadminaksent/android/app/src/main/res/drawable/ic_launcher_background.xml"
2026-03-07T17:15:01.978089Z  INFO tailwindcss_oxide::scanner: Reading "/home/afdal/Laboratorium/PROJECT/extensionadminaksent/cypress/fixtures/example.json"
2026-03-07T17:15:01.978101Z  INFO tailwindcss_oxide::scanner: Reading "/home/afdal/Laboratorium/PROJECT/extensionadminaksent/android/app/src/main/res/layout/activity_main.xml"
2026-03-07T17:15:01.978114Z  INFO tailwindcss_oxide::scanner: Reading "/home/afdal/Laboratorium/PROJECT/extensionadminaksent/cypress/e2e/test.cy.ts"
2026-03-07T17:15:01.978128Z  INFO tailwindcss_oxide::scanner: Reading "/home/afdal/Laboratorium/PROJECT/extensionadminaksent/android/app/src/main/res/mipmap-anydpi-v26/ic_launcher_round.xml"
2026-03-07T17:15:01.978140Z  INFO tailwindcss_oxide::scanner: Reading "/home/afdal/Laboratorium/PROJECT/extensionadminaksent/cypress/support/e2e.ts"
2026-03-07T17:15:01.978164Z  INFO tailwindcss_oxide::scanner: Reading "/home/afdal/Laboratorium/PROJECT/extensionadminaksent/android/app/src/main/res/mipmap-anydpi-v26/ic_launcher.xml"
2026-03-07T17:15:01.978172Z  INFO tailwindcss_oxide::scanner: Reading "/home/afdal/Laboratorium/PROJECT/extensionadminaksent/cypress/support/commands.ts"
2026-03-07T17:15:01.978187Z  INFO tailwindcss_oxide::scanner: Reading "/home/afdal/Laboratorium/PROJECT/extensionadminaksent/android/app/src/main/res/values/strings.xml"
2026-03-07T17:15:01.978208Z  INFO tailwindcss_oxide::scanner: Reading "/home/afdal/Laboratorium/PROJECT/extensionadminaksent/.vscode/extensions.json"
2026-03-07T17:15:01.978215Z  INFO tailwindcss_oxide::scanner: Reading "/home/afdal/Laboratorium/PROJECT/extensionadminaksent/android/app/src/main/res/values/ic_launcher_background.xml"
2026-03-07T17:15:01.978231Z  INFO tailwindcss_oxide::scanner: Reading "/home/afdal/Laboratorium/PROJECT/extensionadminaksent/readme.md"
2026-03-07T17:15:01.978239Z  INFO tailwindcss_oxide::scanner: Reading "/home/afdal/Laboratorium/PROJECT/extensionadminaksent/android/app/src/main/res/values/styles.xml"
2026-03-07T17:15:01.978279Z  INFO tailwindcss_oxide::scanner: Reading "/home/afdal/Laboratorium/PROJECT/extensionadminaksent/src/hook/share-target.ts"
2026-03-07T17:15:01.978291Z  INFO tailwindcss_oxide::scanner: Reading "/home/afdal/Laboratorium/PROJECT/extensionadminaksent/android/app/src/main/java/io/ionic/starter/MainActivity.java"
2026-03-07T17:15:01.978321Z  INFO tailwindcss_oxide::scanner: Reading "/home/afdal/Laboratorium/PROJECT/extensionadminaksent/android/app/src/main/AndroidManifest.xml"
2026-03-07T17:15:01.978330Z  INFO tailwindcss_oxide::scanner: Reading "/home/afdal/Laboratorium/PROJECT/extensionadminaksent/src/hook/requests/customer.ts"
2026-03-07T17:15:01.978346Z  INFO tailwindcss_oxide::scanner: Reading "/home/afdal/Laboratorium/PROJECT/extensionadminaksent/android/app/src/androidTest/java/com/getcapacitor/myapp/ExampleInstrumentedTest.java"
2026-03-07T17:15:01.978375Z  INFO tailwindcss_oxide::scanner: Reading "/home/afdal/Laboratorium/PROJECT/extensionadminaksent/android/app/src/test/java/com/getcapacitor/myapp/ExampleUnitTest.java"
2026-03-07T17:15:01.978397Z  INFO tailwindcss_oxide::scanner: Reading "/home/afdal/Laboratorium/PROJECT/extensionadminaksent/src/components/customer/SelectCustomer.tsx"
2026-03-07T17:15:01.978409Z  INFO tailwindcss_oxide::scanner: Reading "/home/afdal/Laboratorium/PROJECT/extensionadminaksent/android/app/build.gradle"
2026-03-07T17:15:01.978433Z  INFO tailwindcss_oxide::scanner: Reading "/home/afdal/Laboratorium/PROJECT/extensionadminaksent/android/app/proguard-rules.pro"
2026-03-07T17:15:01.978448Z  INFO tailwindcss_oxide::scanner: Reading "/home/afdal/Laboratorium/PROJECT/extensionadminaksent/src/components/customer/DetailCardCustomer.tsx"
2026-03-07T17:15:01.978457Z  INFO tailwindcss_oxide::scanner: Reading "/home/afdal/Laboratorium/PROJECT/extensionadminaksent/android/app/capacitor.build.gradle"
2026-03-07T17:15:01.978477Z  INFO tailwindcss_oxide::scanner: Reading "/home/afdal/Laboratorium/PROJECT/extensionadminaksent/src/components/input/DateTimeInputText.tsx"
2026-03-07T17:15:01.978487Z  INFO tailwindcss_oxide::scanner: Reading "/home/afdal/Laboratorium/PROJECT/extensionadminaksent/android/gradle.properties"
2026-03-07T17:15:01.978503Z  INFO tailwindcss_oxide::scanner: Reading "/home/afdal/Laboratorium/PROJECT/extensionadminaksent/src/components/input/DateTimeInput.tsx"
2026-03-07T17:15:01.978525Z  INFO tailwindcss_oxide::scanner: Reading "/home/afdal/Laboratorium/PROJECT/extensionadminaksent/android/gradlew"
2026-03-07T17:15:01.978526Z  INFO tailwindcss_oxide::scanner: Reading "/home/afdal/Laboratorium/PROJECT/extensionadminaksent/src/components/input/ImagePicker.tsx"
2026-03-07T17:15:01.978555Z  INFO tailwindcss_oxide::scanner: Reading "/home/afdal/Laboratorium/PROJECT/extensionadminaksent/src/components/layout/BaseLayout.tsx"
2026-03-07T17:15:01.978557Z  INFO tailwindcss_oxide::scanner: Reading "/home/afdal/Laboratorium/PROJECT/extensionadminaksent/vite.config.ts"
2026-03-07T17:15:01.978632Z  INFO tailwindcss_oxide::scanner: Reading "/home/afdal/Laboratorium/PROJECT/extensionadminaksent/src/components/list/DataList.tsx"
2026-03-07T17:15:01.978647Z  INFO tailwindcss_oxide::scanner: Reading "/home/afdal/Laboratorium/PROJECT/extensionadminaksent/tsconfig.node.json"
2026-03-07T17:15:01.978682Z  INFO tailwindcss_oxide::scanner: Reading "/home/afdal/Laboratorium/PROJECT/extensionadminaksent/src/components/list/DataListScrolling.tsx"
2026-03-07T17:15:01.978700Z  INFO tailwindcss_oxide::scanner: Reading "/home/afdal/Laboratorium/PROJECT/extensionadminaksent/ionic.starter.json"
2026-03-07T17:15:01.978725Z  INFO tailwindcss_oxide::scanner: Reading "/home/afdal/Laboratorium/PROJECT/extensionadminaksent/src/components/ExploreContainer.tsx"
2026-03-07T17:15:01.978738Z  INFO tailwindcss_oxide::scanner: Reading "/home/afdal/Laboratorium/PROJECT/extensionadminaksent/eslint.config.js"
2026-03-07T17:15:01.978779Z  INFO tailwindcss_oxide::scanner: Reading "/home/afdal/Laboratorium/PROJECT/extensionadminaksent/src/components/toolbars/HeaderFilterChip.tsx"
2026-03-07T17:15:01.978804Z  INFO tailwindcss_oxide::scanner: Reading "/home/afdal/Laboratorium/PROJECT/extensionadminaksent/ionic.config.json"
2026-03-07T17:15:01.978844Z  INFO tailwindcss_oxide::scanner: Reading "/home/afdal/Laboratorium/PROJECT/extensionadminaksent/tsconfig.json"
2026-03-07T17:15:01.978847Z  INFO tailwindcss_oxide::scanner: Reading "/home/afdal/Laboratorium/PROJECT/extensionadminaksent/src/components/toolbars/TextSearch.tsx"
2026-03-07T17:15:01.978891Z  INFO tailwindcss_oxide::scanner: Reading "/home/afdal/Laboratorium/PROJECT/extensionadminaksent/src/App.tsx"
2026-03-07T17:15:01.978892Z  INFO tailwindcss_oxide::scanner: Reading "/home/afdal/Laboratorium/PROJECT/extensionadminaksent/sample.md"
2026-03-07T17:15:01.978919Z  INFO tailwindcss_oxide::scanner: Reading "/home/afdal/Laboratorium/PROJECT/extensionadminaksent/src/utils/cookie.ts"
2026-03-07T17:15:01.978947Z  INFO tailwindcss_oxide::scanner: Reading "/home/afdal/Laboratorium/PROJECT/extensionadminaksent/src/utils/helpers.ts"
2026-03-07T17:15:01.978948Z  INFO tailwindcss_oxide::scanner: Reading "/home/afdal/Laboratorium/PROJECT/extensionadminaksent/android/gradlew.bat"
2026-03-07T17:15:01.978982Z  INFO tailwindcss_oxide::scanner: Reading "/home/afdal/Laboratorium/PROJECT/extensionadminaksent/android/variables.gradle"
2026-03-07T17:15:01.978992Z  INFO tailwindcss_oxide::scanner: Reading "/home/afdal/Laboratorium/PROJECT/extensionadminaksent/src/utils/payment.ts"
2026-03-07T17:15:01.979005Z  INFO tailwindcss_oxide::scanner: Reading "/home/afdal/Laboratorium/PROJECT/extensionadminaksent/android/build.gradle"
2026-03-07T17:15:01.979025Z  INFO tailwindcss_oxide::scanner: Reading "/home/afdal/Laboratorium/PROJECT/extensionadminaksent/src/vite-env.d.ts"
2026-03-07T17:15:01.979027Z  INFO tailwindcss_oxide::scanner: Reading "/home/afdal/Laboratorium/PROJECT/extensionadminaksent/android/capacitor.settings.gradle"
2026-03-07T17:15:01.979049Z  INFO tailwindcss_oxide::scanner: Reading "/home/afdal/Laboratorium/PROJECT/extensionadminaksent/src/App.test.tsx"
2026-03-07T17:15:01.979058Z  INFO tailwindcss_oxide::scanner: Reading "/home/afdal/Laboratorium/PROJECT/extensionadminaksent/android/gradle/wrapper/gradle-wrapper.properties"
2026-03-07T17:15:01.979073Z  INFO tailwindcss_oxide::scanner: Reading "/home/afdal/Laboratorium/PROJECT/extensionadminaksent/src/setupTests.ts"
2026-03-07T17:15:01.979082Z  INFO tailwindcss_oxide::scanner: Reading "/home/afdal/Laboratorium/PROJECT/extensionadminaksent/android/settings.gradle"
2026-03-07T17:15:01.979096Z  INFO tailwindcss_oxide::scanner: Reading "/home/afdal/Laboratorium/PROJECT/extensionadminaksent/src/databases/migrations/1772192135876-Init.ts"
2026-03-07T17:15:01.979106Z  INFO tailwindcss_oxide::scanner: Reading "/home/afdal/Laboratorium/PROJECT/extensionadminaksent/capacitor.config.ts"
2026-03-07T17:15:01.979120Z  INFO tailwindcss_oxide::scanner: Reading "/home/afdal/Laboratorium/PROJECT/extensionadminaksent/src/databases/data-source.cli.ts"
2026-03-07T17:15:01.979136Z  INFO tailwindcss_oxide::scanner: Reading "/home/afdal/Laboratorium/PROJECT/extensionadminaksent/cypress.config.ts"
2026-03-07T17:15:01.979151Z  INFO tailwindcss_oxide::scanner: Reading "/home/afdal/Laboratorium/PROJECT/extensionadminaksent/src/databases/sqlite-params.ts"
2026-03-07T17:15:01.979170Z  INFO tailwindcss_oxide::scanner: Reading "/home/afdal/Laboratorium/PROJECT/extensionadminaksent/package.json"
2026-03-07T17:15:01.979176Z  INFO tailwindcss_oxide::scanner: Reading "/home/afdal/Laboratorium/PROJECT/extensionadminaksent/src/databases/entities/payment-customer.ts"
2026-03-07T17:15:01.979198Z  INFO tailwindcss_oxide::scanner: Reading "/home/afdal/Laboratorium/PROJECT/extensionadminaksent/src/databases/data-source.runtime.ts"
2026-03-07T17:15:01.979214Z  INFO tailwindcss_oxide::scanner: Reading "/home/afdal/Laboratorium/PROJECT/extensionadminaksent/vite.config.ts.timestamp-1772340183302-ce57645161e1c.mjs"
2026-03-07T17:15:01.979266Z  INFO tailwindcss_oxide::scanner: Reading "/home/afdal/Laboratorium/PROJECT/extensionadminaksent/public/manifest.json"
2026-03-07T17:15:01.979313Z  INFO tailwindcss_oxide::scanner: Reading "/home/afdal/Laboratorium/PROJECT/extensionadminaksent/src/pages/Payment/Payment.tsx"
2026-03-07T17:15:01.979354Z  INFO tailwindcss_oxide::scanner: Reading "/home/afdal/Laboratorium/PROJECT/extensionadminaksent/src/context/app-context.ts"
2026-03-07T17:15:01.979363Z  INFO tailwindcss_oxide::scanner: Reading "/home/afdal/Laboratorium/PROJECT/extensionadminaksent/src/pages/Payment/Payment.example"
2026-03-07T17:15:01.979377Z  INFO tailwindcss_oxide::scanner: Reading "/home/afdal/Laboratorium/PROJECT/extensionadminaksent/src/main.tsx"
2026-03-07T17:15:01.979403Z  INFO tailwindcss_oxide::scanner: Reading "/home/afdal/Laboratorium/PROJECT/extensionadminaksent/src/pages/Home/Home.tsx"
2026-03-07T17:15:01.979426Z  INFO tailwindcss_oxide::scanner: Reading "/home/afdal/Laboratorium/PROJECT/extensionadminaksent/src/pages/Validation/ValidationPage.tsx"
2026-03-07T17:15:01.979457Z  INFO tailwindcss_oxide::scanner: Reading "/home/afdal/Laboratorium/PROJECT/extensionadminaksent/src/pages/Customer/Customer.example"
2026-03-07T17:15:01.979220Z  INFO tailwindcss_oxide::scanner: Reading "/home/afdal/Laboratorium/PROJECT/extensionadminaksent/src/databases/utilities.ts"
2026-03-07T17:15:01.979647Z  INFO tailwindcss_oxide::scanner: Reading "/home/afdal/Laboratorium/PROJECT/extensionadminaksent/src/types/customer.ts"
2026-03-07T17:15:01.979690Z  INFO tailwindcss_oxide::scanner: Reading "/home/afdal/Laboratorium/PROJECT/extensionadminaksent/src/pages/Customer/Customer.tsx"
2026-03-07T17:15:01.979748Z  INFO extract_candidates:read_all_files: tailwindcss_oxide::scanner: exit
2026-03-07T17:15:01.979768Z  INFO extract_candidates:parse_all_blobs: tailwindcss_oxide::scanner: enter
2026-03-07T17:15:01.979777Z  INFO extract_candidates:parse_all_blobs:extract: tailwindcss_oxide::scanner: enter
2026-03-07T17:15:01.992468Z  INFO extract_candidates:parse_all_blobs:extract: tailwindcss_oxide::scanner: exit
2026-03-07T17:15:01.992675Z  INFO extract_candidates:parse_all_blobs: tailwindcss_oxide::scanner: exit
2026-03-07T17:15:01.992704Z  INFO extract_candidates:read_all_files: tailwindcss_oxide::scanner: enter
2026-03-07T17:15:01.992716Z  INFO extract_candidates:read_all_files: tailwindcss_oxide::scanner: Reading 4 file(s)
2026-03-07T17:15:01.993184Z  INFO tailwindcss_oxide::scanner: Reading "/home/afdal/Laboratorium/PROJECT/extensionadminaksent/src/theme/variables.css"
2026-03-07T17:15:01.993283Z  INFO tailwindcss_oxide::scanner: Reading "/home/afdal/Laboratorium/PROJECT/extensionadminaksent/src/components/ExploreContainer.css"
2026-03-07T17:15:01.993422Z  INFO tailwindcss_oxide::scanner: Reading "/home/afdal/Laboratorium/PROJECT/extensionadminaksent/src/theme/global.css"
2026-03-07T17:15:01.993539Z  INFO tailwindcss_oxide::scanner: Reading "/home/afdal/Laboratorium/PROJECT/extensionadminaksent/src/pages/Home/Home.css"
2026-03-07T17:15:01.993709Z  INFO extract_candidates:read_all_files: tailwindcss_oxide::scanner: exit
2026-03-07T17:15:01.993769Z  INFO extract_candidates:extract_css_variables: tailwindcss_oxide::scanner: enter
2026-03-07T17:15:01.993785Z  INFO extract_candidates:extract_css_variables:extract: tailwindcss_oxide::scanner: enter
2026-03-07T17:15:01.994351Z  INFO extract_candidates:extract_css_variables:extract: tailwindcss_oxide::scanner: exit
2026-03-07T17:15:01.994427Z  INFO extract_candidates:extract_css_variables: tailwindcss_oxide::scanner: exit
2026-03-07T17:15:01.996823Z  INFO extract_candidates: tailwindcss_oxide::scanner: exit
2026-03-07T17:15:02.007686Z  INFO get_files: tailwindcss_oxide::scanner: enter
2026-03-07T17:15:02.007813Z  INFO get_files:scan_sources: tailwindcss_oxide::scanner: enter
2026-03-07T17:15:02.009902Z  INFO get_files:scan_sources: tailwindcss_oxide::scanner: Discovering "/home/afdal/Laboratorium/PROJECT/extensionadminaksent/scripts"
2026-03-07T17:15:02.010244Z  INFO get_files:scan_sources: tailwindcss_oxide::scanner: Discovering "/home/afdal/Laboratorium/PROJECT/extensionadminaksent/cypress"
2026-03-07T17:15:02.010365Z  INFO get_files:scan_sources: tailwindcss_oxide::scanner: Discovering "/home/afdal/Laboratorium/PROJECT/extensionadminaksent/cypress/fixtures"
2026-03-07T17:15:02.010502Z  INFO get_files:scan_sources: tailwindcss_oxide::scanner: Discovering "/home/afdal/Laboratorium/PROJECT/extensionadminaksent/cypress/e2e"
2026-03-07T17:15:02.011068Z  INFO get_files:scan_sources: tailwindcss_oxide::scanner: Discovering "/home/afdal/Laboratorium/PROJECT/extensionadminaksent/cypress/support"
2026-03-07T17:15:02.011282Z  INFO get_files:scan_sources: tailwindcss_oxide::scanner: Discovering "/home/afdal/Laboratorium/PROJECT/extensionadminaksent/.vscode"
2026-03-07T17:15:02.011540Z  INFO get_files:scan_sources: tailwindcss_oxide::scanner: Discovering "/home/afdal/Laboratorium/PROJECT/extensionadminaksent/src"
2026-03-07T17:15:02.011868Z  INFO get_files:scan_sources: tailwindcss_oxide::scanner: Discovering "/home/afdal/Laboratorium/PROJECT/extensionadminaksent/src/hook"
2026-03-07T17:15:02.012147Z  INFO get_files:scan_sources: tailwindcss_oxide::scanner: Discovering "/home/afdal/Laboratorium/PROJECT/extensionadminaksent/src/hook/requests"
2026-03-07T17:15:02.012345Z  INFO get_files:scan_sources: tailwindcss_oxide::scanner: Discovering "/home/afdal/Laboratorium/PROJECT/extensionadminaksent/src/components"
2026-03-07T17:15:02.012561Z  INFO get_files:scan_sources: tailwindcss_oxide::scanner: Discovering "/home/afdal/Laboratorium/PROJECT/extensionadminaksent/src/components/customer"
2026-03-07T17:15:02.013001Z  INFO get_files:scan_sources: tailwindcss_oxide::scanner: Discovering "/home/afdal/Laboratorium/PROJECT/extensionadminaksent/src/components/input"
2026-03-07T17:15:02.014286Z  INFO get_files:scan_sources: tailwindcss_oxide::scanner: Discovering "/home/afdal/Laboratorium/PROJECT/extensionadminaksent/src/components/layout"
2026-03-07T17:15:02.015451Z  INFO get_files:scan_sources: tailwindcss_oxide::scanner: Discovering "/home/afdal/Laboratorium/PROJECT/extensionadminaksent/src/components/list"
2026-03-07T17:15:02.016088Z  INFO get_files:scan_sources: tailwindcss_oxide::scanner: Discovering "/home/afdal/Laboratorium/PROJECT/extensionadminaksent/src/components/toolbars"
2026-03-07T17:15:02.016622Z  INFO get_files:scan_sources: tailwindcss_oxide::scanner: Discovering "/home/afdal/Laboratorium/PROJECT/extensionadminaksent/src/theme"
2026-03-07T17:15:02.017171Z  INFO get_files:scan_sources: tailwindcss_oxide::scanner: Discovering "/home/afdal/Laboratorium/PROJECT/extensionadminaksent/src/utils"
2026-03-07T17:15:02.017835Z  INFO get_files:scan_sources: tailwindcss_oxide::scanner: Discovering "/home/afdal/Laboratorium/PROJECT/extensionadminaksent/src/databases"
2026-03-07T17:15:02.018283Z  INFO get_files:scan_sources: tailwindcss_oxide::scanner: Discovering "/home/afdal/Laboratorium/PROJECT/extensionadminaksent/src/databases/migrations"
2026-03-07T17:15:02.018807Z  INFO get_files:scan_sources: tailwindcss_oxide::scanner: Discovering "/home/afdal/Laboratorium/PROJECT/extensionadminaksent/src/databases/entities"
2026-03-07T17:15:02.020757Z  INFO get_files:scan_sources: tailwindcss_oxide::scanner: Discovering "/home/afdal/Laboratorium/PROJECT/extensionadminaksent/src/types"
2026-03-07T17:15:02.021434Z  INFO get_files:scan_sources: tailwindcss_oxide::scanner: Discovering "/home/afdal/Laboratorium/PROJECT/extensionadminaksent/src/pages"
2026-03-07T17:15:02.023381Z  INFO get_files:scan_sources: tailwindcss_oxide::scanner: Discovering "/home/afdal/Laboratorium/PROJECT/extensionadminaksent/src/pages/Customer"
2026-03-07T17:15:02.024108Z  INFO get_files:scan_sources: tailwindcss_oxide::scanner: Discovering "/home/afdal/Laboratorium/PROJECT/extensionadminaksent/src/pages/Home"
2026-03-07T17:15:02.025377Z  INFO get_files:scan_sources: tailwindcss_oxide::scanner: Discovering "/home/afdal/Laboratorium/PROJECT/extensionadminaksent/src/pages/Validation"
2026-03-07T17:15:02.026446Z  INFO get_files:scan_sources: tailwindcss_oxide::scanner: Discovering "/home/afdal/Laboratorium/PROJECT/extensionadminaksent/src/pages/Unpaid"
2026-03-07T17:15:02.027284Z  INFO get_files:scan_sources: tailwindcss_oxide::scanner: Discovering "/home/afdal/Laboratorium/PROJECT/extensionadminaksent/src/pages/Payment"
2026-03-07T17:15:02.028897Z  INFO get_files:scan_sources: tailwindcss_oxide::scanner: Discovering "/home/afdal/Laboratorium/PROJECT/extensionadminaksent/src/context"
2026-03-07T17:15:02.029495Z  INFO get_files:scan_sources: tailwindcss_oxide::scanner: Discovering "/home/afdal/Laboratorium/PROJECT/extensionadminaksent/public"
2026-03-07T17:15:02.029786Z  INFO get_files:scan_sources: tailwindcss_oxide::scanner: Discovering "/home/afdal/Laboratorium/PROJECT/extensionadminaksent/public/assets"
2026-03-07T17:15:02.030065Z  INFO get_files:scan_sources: tailwindcss_oxide::scanner: Discovering "/home/afdal/Laboratorium/PROJECT/extensionadminaksent/android"
2026-03-07T17:15:02.030500Z  INFO get_files:scan_sources: tailwindcss_oxide::scanner: Discovering "/home/afdal/Laboratorium/PROJECT/extensionadminaksent/android/.kotlin"
2026-03-07T17:15:02.030600Z  INFO get_files:scan_sources: tailwindcss_oxide::scanner: Discovering "/home/afdal/Laboratorium/PROJECT/extensionadminaksent/android/.kotlin/sessions"
2026-03-07T17:15:02.030841Z  INFO get_files:scan_sources: tailwindcss_oxide::scanner: Discovering "/home/afdal/Laboratorium/PROJECT/extensionadminaksent/android/gradle"
2026-03-07T17:15:02.030915Z  INFO get_files:scan_sources: tailwindcss_oxide::scanner: Discovering "/home/afdal/Laboratorium/PROJECT/extensionadminaksent/android/gradle/wrapper"
2026-03-07T17:15:02.031041Z  INFO get_files:scan_sources: tailwindcss_oxide::scanner: Discovering "/home/afdal/Laboratorium/PROJECT/extensionadminaksent/android/app"
2026-03-07T17:15:02.031239Z  INFO get_files:scan_sources: tailwindcss_oxide::scanner: Discovering "/home/afdal/Laboratorium/PROJECT/extensionadminaksent/android/app/src"
2026-03-07T17:15:02.031329Z  INFO get_files:scan_sources: tailwindcss_oxide::scanner: Discovering "/home/afdal/Laboratorium/PROJECT/extensionadminaksent/android/app/src/main"
2026-03-07T17:15:02.031424Z  INFO get_files:scan_sources: tailwindcss_oxide::scanner: Discovering "/home/afdal/Laboratorium/PROJECT/extensionadminaksent/android/app/src/main/res"
2026-03-07T17:15:02.031516Z  INFO get_files:scan_sources: tailwindcss_oxide::scanner: Discovering "/home/afdal/Laboratorium/PROJECT/extensionadminaksent/android/app/src/main/res/drawable-land-xhdpi"
2026-03-07T17:15:02.033025Z  INFO get_files:scan_sources: tailwindcss_oxide::scanner: Discovering "/home/afdal/Laboratorium/PROJECT/extensionadminaksent/android/app/src/main/res/drawable-land-xxhdpi"
2026-03-07T17:15:02.033217Z  INFO get_files:scan_sources: tailwindcss_oxide::scanner: Discovering "/home/afdal/Laboratorium/PROJECT/extensionadminaksent/android/app/src/main/res/drawable-v24"
2026-03-07T17:15:02.033386Z  INFO get_files:scan_sources: tailwindcss_oxide::scanner: Discovering "/home/afdal/Laboratorium/PROJECT/extensionadminaksent/android/app/src/main/res/drawable-port-xxxhdpi"
2026-03-07T17:15:02.033512Z  INFO get_files:scan_sources: tailwindcss_oxide::scanner: Discovering "/home/afdal/Laboratorium/PROJECT/extensionadminaksent/android/app/src/main/res/drawable-land-xxxhdpi"
2026-03-07T17:15:02.033721Z  INFO get_files:scan_sources: tailwindcss_oxide::scanner: Discovering "/home/afdal/Laboratorium/PROJECT/extensionadminaksent/android/app/src/main/res/drawable-port-xxhdpi"
2026-03-07T17:15:02.033878Z  INFO get_files:scan_sources: tailwindcss_oxide::scanner: Discovering "/home/afdal/Laboratorium/PROJECT/extensionadminaksent/android/app/src/main/res/mipmap-hdpi"
2026-03-07T17:15:02.034011Z  INFO get_files:scan_sources: tailwindcss_oxide::scanner: Discovering "/home/afdal/Laboratorium/PROJECT/extensionadminaksent/android/app/src/main/res/drawable-land-hdpi"
2026-03-07T17:15:02.034146Z  INFO get_files:scan_sources: tailwindcss_oxide::scanner: Discovering "/home/afdal/Laboratorium/PROJECT/extensionadminaksent/android/app/src/main/res/xml"
2026-03-07T17:15:02.034262Z  INFO get_files:scan_sources: tailwindcss_oxide::scanner: Discovering "/home/afdal/Laboratorium/PROJECT/extensionadminaksent/android/app/src/main/res/mipmap-xhdpi"
2026-03-07T17:15:02.034370Z  INFO get_files:scan_sources: tailwindcss_oxide::scanner: Discovering "/home/afdal/Laboratorium/PROJECT/extensionadminaksent/android/app/src/main/res/drawable-land-mdpi"
2026-03-07T17:15:02.034459Z  INFO get_files:scan_sources: tailwindcss_oxide::scanner: Discovering "/home/afdal/Laboratorium/PROJECT/extensionadminaksent/android/app/src/main/res/drawable-port-hdpi"
2026-03-07T17:15:02.034537Z  INFO get_files:scan_sources: tailwindcss_oxide::scanner: Discovering "/home/afdal/Laboratorium/PROJECT/extensionadminaksent/android/app/src/main/res/mipmap-xxhdpi"
2026-03-07T17:15:02.034641Z  INFO get_files:scan_sources: tailwindcss_oxide::scanner: Discovering "/home/afdal/Laboratorium/PROJECT/extensionadminaksent/android/app/src/main/res/mipmap-mdpi"
2026-03-07T17:15:02.034738Z  INFO get_files:scan_sources: tailwindcss_oxide::scanner: Discovering "/home/afdal/Laboratorium/PROJECT/extensionadminaksent/android/app/src/main/res/drawable"
2026-03-07T17:15:02.034836Z  INFO get_files:scan_sources: tailwindcss_oxide::scanner: Discovering "/home/afdal/Laboratorium/PROJECT/extensionadminaksent/android/app/src/main/res/drawable-port-xhdpi"
2026-03-07T17:15:02.034919Z  INFO get_files:scan_sources: tailwindcss_oxide::scanner: Discovering "/home/afdal/Laboratorium/PROJECT/extensionadminaksent/android/app/src/main/res/mipmap-xxxhdpi"
2026-03-07T17:15:02.035012Z  INFO get_files:scan_sources: tailwindcss_oxide::scanner: Discovering "/home/afdal/Laboratorium/PROJECT/extensionadminaksent/android/app/src/main/res/layout"
2026-03-07T17:15:02.035106Z  INFO get_files:scan_sources: tailwindcss_oxide::scanner: Discovering "/home/afdal/Laboratorium/PROJECT/extensionadminaksent/android/app/src/main/res/mipmap-anydpi-v26"
2026-03-07T17:15:02.035218Z  INFO get_files:scan_sources: tailwindcss_oxide::scanner: Discovering "/home/afdal/Laboratorium/PROJECT/extensionadminaksent/android/app/src/main/res/drawable-port-mdpi"
2026-03-07T17:15:02.035300Z  INFO get_files:scan_sources: tailwindcss_oxide::scanner: Discovering "/home/afdal/Laboratorium/PROJECT/extensionadminaksent/android/app/src/main/res/values"
2026-03-07T17:15:02.035445Z  INFO get_files:scan_sources: tailwindcss_oxide::scanner: Discovering "/home/afdal/Laboratorium/PROJECT/extensionadminaksent/android/app/src/main/java"
2026-03-07T17:15:02.035514Z  INFO get_files:scan_sources: tailwindcss_oxide::scanner: Discovering "/home/afdal/Laboratorium/PROJECT/extensionadminaksent/android/app/src/main/java/io"
2026-03-07T17:15:02.035605Z  INFO get_files:scan_sources: tailwindcss_oxide::scanner: Discovering "/home/afdal/Laboratorium/PROJECT/extensionadminaksent/android/app/src/main/java/io/ionic"
2026-03-07T17:15:02.035693Z  INFO get_files:scan_sources: tailwindcss_oxide::scanner: Discovering "/home/afdal/Laboratorium/PROJECT/extensionadminaksent/android/app/src/main/java/io/ionic/starter"
2026-03-07T17:15:02.035818Z  INFO get_files:scan_sources: tailwindcss_oxide::scanner: Discovering "/home/afdal/Laboratorium/PROJECT/extensionadminaksent/android/app/src/main/assets"
2026-03-07T17:15:02.036022Z  INFO get_files:scan_sources: tailwindcss_oxide::scanner: Discovering "/home/afdal/Laboratorium/PROJECT/extensionadminaksent/android/app/src/androidTest"
2026-03-07T17:15:02.036104Z  INFO get_files:scan_sources: tailwindcss_oxide::scanner: Discovering "/home/afdal/Laboratorium/PROJECT/extensionadminaksent/android/app/src/androidTest/java"
2026-03-07T17:15:02.036173Z  INFO get_files:scan_sources: tailwindcss_oxide::scanner: Discovering "/home/afdal/Laboratorium/PROJECT/extensionadminaksent/android/app/src/androidTest/java/com"
2026-03-07T17:15:02.036245Z  INFO get_files:scan_sources: tailwindcss_oxide::scanner: Discovering "/home/afdal/Laboratorium/PROJECT/extensionadminaksent/android/app/src/androidTest/java/com/getcapacitor"
2026-03-07T17:15:02.036319Z  INFO get_files:scan_sources: tailwindcss_oxide::scanner: Discovering "/home/afdal/Laboratorium/PROJECT/extensionadminaksent/android/app/src/androidTest/java/com/getcapacitor/myapp"
2026-03-07T17:15:02.036542Z  INFO get_files:scan_sources: tailwindcss_oxide::scanner: Discovering "/home/afdal/Laboratorium/PROJECT/extensionadminaksent/android/app/src/test"
2026-03-07T17:15:02.036868Z  INFO get_files:scan_sources: tailwindcss_oxide::scanner: Discovering "/home/afdal/Laboratorium/PROJECT/extensionadminaksent/android/app/src/test/java"
2026-03-07T17:15:02.037124Z  INFO get_files:scan_sources: tailwindcss_oxide::scanner: Discovering "/home/afdal/Laboratorium/PROJECT/extensionadminaksent/android/app/src/test/java/com"
2026-03-07T17:15:02.037290Z  INFO get_files:scan_sources: tailwindcss_oxide::scanner: Discovering "/home/afdal/Laboratorium/PROJECT/extensionadminaksent/android/app/src/test/java/com/getcapacitor"
2026-03-07T17:15:02.037370Z  INFO get_files:scan_sources: tailwindcss_oxide::scanner: Discovering "/home/afdal/Laboratorium/PROJECT/extensionadminaksent/android/app/src/test/java/com/getcapacitor/myapp"
2026-03-07T17:15:02.038685Z  INFO get_files:scan_sources: tailwindcss_oxide::scanner: exit
2026-03-07T17:15:02.039470Z  INFO get_files: tailwindcss_oxide::scanner: exit
2026-03-07T17:15:02.040191Z  INFO get_globs: tailwindcss_oxide::scanner: enter
2026-03-07T17:15:02.040969Z  INFO get_globs:scan_sources: tailwindcss_oxide::scanner: enter
2026-03-07T17:15:02.043134Z  INFO get_globs:scan_sources: tailwindcss_oxide::scanner: Discovering "/home/afdal/Laboratorium/PROJECT/extensionadminaksent/scripts"
2026-03-07T17:15:02.043373Z  INFO get_globs:scan_sources: tailwindcss_oxide::scanner: Discovering "/home/afdal/Laboratorium/PROJECT/extensionadminaksent/cypress"
2026-03-07T17:15:02.043519Z  INFO get_globs:scan_sources: tailwindcss_oxide::scanner: Discovering "/home/afdal/Laboratorium/PROJECT/extensionadminaksent/cypress/fixtures"
2026-03-07T17:15:02.043918Z  INFO get_globs:scan_sources: tailwindcss_oxide::scanner: Discovering "/home/afdal/Laboratorium/PROJECT/extensionadminaksent/cypress/e2e"
2026-03-07T17:15:02.044071Z  INFO get_globs:scan_sources: tailwindcss_oxide::scanner: Discovering "/home/afdal/Laboratorium/PROJECT/extensionadminaksent/cypress/support"
2026-03-07T17:15:02.044295Z  INFO get_globs:scan_sources: tailwindcss_oxide::scanner: Discovering "/home/afdal/Laboratorium/PROJECT/extensionadminaksent/.vscode"
2026-03-07T17:15:02.044454Z  INFO get_globs:scan_sources: tailwindcss_oxide::scanner: Discovering "/home/afdal/Laboratorium/PROJECT/extensionadminaksent/src"
2026-03-07T17:15:02.044521Z  INFO get_globs:scan_sources: tailwindcss_oxide::scanner: Discovering "/home/afdal/Laboratorium/PROJECT/extensionadminaksent/src/hook"
2026-03-07T17:15:02.044606Z  INFO get_globs:scan_sources: tailwindcss_oxide::scanner: Discovering "/home/afdal/Laboratorium/PROJECT/extensionadminaksent/src/hook/requests"
2026-03-07T17:15:02.044698Z  INFO get_globs:scan_sources: tailwindcss_oxide::scanner: Discovering "/home/afdal/Laboratorium/PROJECT/extensionadminaksent/src/components"
2026-03-07T17:15:02.044776Z  INFO get_globs:scan_sources: tailwindcss_oxide::scanner: Discovering "/home/afdal/Laboratorium/PROJECT/extensionadminaksent/src/components/customer"
2026-03-07T17:15:02.044868Z  INFO get_globs:scan_sources: tailwindcss_oxide::scanner: Discovering "/home/afdal/Laboratorium/PROJECT/extensionadminaksent/src/components/input"
2026-03-07T17:15:02.044967Z  INFO get_globs:scan_sources: tailwindcss_oxide::scanner: Discovering "/home/afdal/Laboratorium/PROJECT/extensionadminaksent/src/components/layout"
2026-03-07T17:15:02.045042Z  INFO get_globs:scan_sources: tailwindcss_oxide::scanner: Discovering "/home/afdal/Laboratorium/PROJECT/extensionadminaksent/src/components/list"
2026-03-07T17:15:02.045138Z  INFO get_globs:scan_sources: tailwindcss_oxide::scanner: Discovering "/home/afdal/Laboratorium/PROJECT/extensionadminaksent/src/components/toolbars"
2026-03-07T17:15:02.045227Z  INFO get_globs:scan_sources: tailwindcss_oxide::scanner: Discovering "/home/afdal/Laboratorium/PROJECT/extensionadminaksent/src/theme"
2026-03-07T17:15:02.045348Z  INFO get_globs:scan_sources: tailwindcss_oxide::scanner: Discovering "/home/afdal/Laboratorium/PROJECT/extensionadminaksent/src/utils"
2026-03-07T17:15:02.045484Z  INFO get_globs:scan_sources: tailwindcss_oxide::scanner: Discovering "/home/afdal/Laboratorium/PROJECT/extensionadminaksent/src/databases"
2026-03-07T17:15:02.045558Z  INFO get_globs:scan_sources: tailwindcss_oxide::scanner: Discovering "/home/afdal/Laboratorium/PROJECT/extensionadminaksent/src/databases/migrations"
2026-03-07T17:15:02.045674Z  INFO get_globs:scan_sources: tailwindcss_oxide::scanner: Discovering "/home/afdal/Laboratorium/PROJECT/extensionadminaksent/src/databases/entities"
2026-03-07T17:15:02.045780Z  INFO get_globs:scan_sources: tailwindcss_oxide::scanner: Discovering "/home/afdal/Laboratorium/PROJECT/extensionadminaksent/src/types"
2026-03-07T17:15:02.045855Z  INFO get_globs:scan_sources: tailwindcss_oxide::scanner: Discovering "/home/afdal/Laboratorium/PROJECT/extensionadminaksent/src/pages"
2026-03-07T17:15:02.045912Z  INFO get_globs:scan_sources: tailwindcss_oxide::scanner: Discovering "/home/afdal/Laboratorium/PROJECT/extensionadminaksent/src/pages/Customer"
2026-03-07T17:15:02.046008Z  INFO get_globs:scan_sources: tailwindcss_oxide::scanner: Discovering "/home/afdal/Laboratorium/PROJECT/extensionadminaksent/src/pages/Home"
2026-03-07T17:15:02.046095Z  INFO get_globs:scan_sources: tailwindcss_oxide::scanner: Discovering "/home/afdal/Laboratorium/PROJECT/extensionadminaksent/src/pages/Validation"
2026-03-07T17:15:02.046170Z  INFO get_globs:scan_sources: tailwindcss_oxide::scanner: Discovering "/home/afdal/Laboratorium/PROJECT/extensionadminaksent/src/pages/Unpaid"
2026-03-07T17:15:02.046246Z  INFO get_globs:scan_sources: tailwindcss_oxide::scanner: Discovering "/home/afdal/Laboratorium/PROJECT/extensionadminaksent/src/pages/Payment"
2026-03-07T17:15:02.046336Z  INFO get_globs:scan_sources: tailwindcss_oxide::scanner: Discovering "/home/afdal/Laboratorium/PROJECT/extensionadminaksent/src/context"
2026-03-07T17:15:02.046537Z  INFO get_globs:scan_sources: tailwindcss_oxide::scanner: Discovering "/home/afdal/Laboratorium/PROJECT/extensionadminaksent/public"
2026-03-07T17:15:02.046782Z  INFO get_globs:scan_sources: tailwindcss_oxide::scanner: Discovering "/home/afdal/Laboratorium/PROJECT/extensionadminaksent/public/assets"
2026-03-07T17:15:02.047005Z  INFO get_globs:scan_sources: tailwindcss_oxide::scanner: Discovering "/home/afdal/Laboratorium/PROJECT/extensionadminaksent/android"
2026-03-07T17:15:02.047383Z  INFO get_globs:scan_sources: tailwindcss_oxide::scanner: Discovering "/home/afdal/Laboratorium/PROJECT/extensionadminaksent/android/.kotlin"
2026-03-07T17:15:02.047453Z  INFO get_globs:scan_sources: tailwindcss_oxide::scanner: Discovering "/home/afdal/Laboratorium/PROJECT/extensionadminaksent/android/.kotlin/sessions"
2026-03-07T17:15:02.047692Z  INFO get_globs:scan_sources: tailwindcss_oxide::scanner: Discovering "/home/afdal/Laboratorium/PROJECT/extensionadminaksent/android/gradle"
2026-03-07T17:15:02.047769Z  INFO get_globs:scan_sources: tailwindcss_oxide::scanner: Discovering "/home/afdal/Laboratorium/PROJECT/extensionadminaksent/android/gradle/wrapper"
2026-03-07T17:15:02.047883Z  INFO get_globs:scan_sources: tailwindcss_oxide::scanner: Discovering "/home/afdal/Laboratorium/PROJECT/extensionadminaksent/android/app"
2026-03-07T17:15:02.048061Z  INFO get_globs:scan_sources: tailwindcss_oxide::scanner: Discovering "/home/afdal/Laboratorium/PROJECT/extensionadminaksent/android/app/src"
2026-03-07T17:15:02.048146Z  INFO get_globs:scan_sources: tailwindcss_oxide::scanner: Discovering "/home/afdal/Laboratorium/PROJECT/extensionadminaksent/android/app/src/main"
2026-03-07T17:15:02.048252Z  INFO get_globs:scan_sources: tailwindcss_oxide::scanner: Discovering "/home/afdal/Laboratorium/PROJECT/extensionadminaksent/android/app/src/main/res"
2026-03-07T17:15:02.048349Z  INFO get_globs:scan_sources: tailwindcss_oxide::scanner: Discovering "/home/afdal/Laboratorium/PROJECT/extensionadminaksent/android/app/src/main/res/drawable-land-xhdpi"
2026-03-07T17:15:02.048437Z  INFO get_globs:scan_sources: tailwindcss_oxide::scanner: Discovering "/home/afdal/Laboratorium/PROJECT/extensionadminaksent/android/app/src/main/res/drawable-land-xxhdpi"
2026-03-07T17:15:02.048506Z  INFO get_globs:scan_sources: tailwindcss_oxide::scanner: Discovering "/home/afdal/Laboratorium/PROJECT/extensionadminaksent/android/app/src/main/res/drawable-v24"
2026-03-07T17:15:02.048590Z  INFO get_globs:scan_sources: tailwindcss_oxide::scanner: Discovering "/home/afdal/Laboratorium/PROJECT/extensionadminaksent/android/app/src/main/res/drawable-port-xxxhdpi"
2026-03-07T17:15:02.048657Z  INFO get_globs:scan_sources: tailwindcss_oxide::scanner: Discovering "/home/afdal/Laboratorium/PROJECT/extensionadminaksent/android/app/src/main/res/drawable-land-xxxhdpi"
2026-03-07T17:15:02.048714Z  INFO get_globs:scan_sources: tailwindcss_oxide::scanner: Discovering "/home/afdal/Laboratorium/PROJECT/extensionadminaksent/android/app/src/main/res/drawable-port-xxhdpi"
2026-03-07T17:15:02.048772Z  INFO get_globs:scan_sources: tailwindcss_oxide::scanner: Discovering "/home/afdal/Laboratorium/PROJECT/extensionadminaksent/android/app/src/main/res/mipmap-hdpi"
2026-03-07T17:15:02.048846Z  INFO get_globs:scan_sources: tailwindcss_oxide::scanner: Discovering "/home/afdal/Laboratorium/PROJECT/extensionadminaksent/android/app/src/main/res/drawable-land-hdpi"
2026-03-07T17:15:02.048918Z  INFO get_globs:scan_sources: tailwindcss_oxide::scanner: Discovering "/home/afdal/Laboratorium/PROJECT/extensionadminaksent/android/app/src/main/res/xml"
2026-03-07T17:15:02.048997Z  INFO get_globs:scan_sources: tailwindcss_oxide::scanner: Discovering "/home/afdal/Laboratorium/PROJECT/extensionadminaksent/android/app/src/main/res/mipmap-xhdpi"
2026-03-07T17:15:02.049069Z  INFO get_globs:scan_sources: tailwindcss_oxide::scanner: Discovering "/home/afdal/Laboratorium/PROJECT/extensionadminaksent/android/app/src/main/res/drawable-land-mdpi"
2026-03-07T17:15:02.049128Z  INFO get_globs:scan_sources: tailwindcss_oxide::scanner: Discovering "/home/afdal/Laboratorium/PROJECT/extensionadminaksent/android/app/src/main/res/drawable-port-hdpi"
2026-03-07T17:15:02.049185Z  INFO get_globs:scan_sources: tailwindcss_oxide::scanner: Discovering "/home/afdal/Laboratorium/PROJECT/extensionadminaksent/android/app/src/main/res/mipmap-xxhdpi"
2026-03-07T17:15:02.049255Z  INFO get_globs:scan_sources: tailwindcss_oxide::scanner: Discovering "/home/afdal/Laboratorium/PROJECT/extensionadminaksent/android/app/src/main/res/mipmap-mdpi"
2026-03-07T17:15:02.049324Z  INFO get_globs:scan_sources: tailwindcss_oxide::scanner: Discovering "/home/afdal/Laboratorium/PROJECT/extensionadminaksent/android/app/src/main/res/drawable"
2026-03-07T17:15:02.049396Z  INFO get_globs:scan_sources: tailwindcss_oxide::scanner: Discovering "/home/afdal/Laboratorium/PROJECT/extensionadminaksent/android/app/src/main/res/drawable-port-xhdpi"
2026-03-07T17:15:02.049454Z  INFO get_globs:scan_sources: tailwindcss_oxide::scanner: Discovering "/home/afdal/Laboratorium/PROJECT/extensionadminaksent/android/app/src/main/res/mipmap-xxxhdpi"
2026-03-07T17:15:02.049518Z  INFO get_globs:scan_sources: tailwindcss_oxide::scanner: Discovering "/home/afdal/Laboratorium/PROJECT/extensionadminaksent/android/app/src/main/res/layout"
2026-03-07T17:15:02.049594Z  INFO get_globs:scan_sources: tailwindcss_oxide::scanner: Discovering "/home/afdal/Laboratorium/PROJECT/extensionadminaksent/android/app/src/main/res/mipmap-anydpi-v26"
2026-03-07T17:15:02.049678Z  INFO get_globs:scan_sources: tailwindcss_oxide::scanner: Discovering "/home/afdal/Laboratorium/PROJECT/extensionadminaksent/android/app/src/main/res/drawable-port-mdpi"
2026-03-07T17:15:02.049736Z  INFO get_globs:scan_sources: tailwindcss_oxide::scanner: Discovering "/home/afdal/Laboratorium/PROJECT/extensionadminaksent/android/app/src/main/res/values"
2026-03-07T17:15:02.049836Z  INFO get_globs:scan_sources: tailwindcss_oxide::scanner: Discovering "/home/afdal/Laboratorium/PROJECT/extensionadminaksent/android/app/src/main/java"
2026-03-07T17:15:02.049893Z  INFO get_globs:scan_sources: tailwindcss_oxide::scanner: Discovering "/home/afdal/Laboratorium/PROJECT/extensionadminaksent/android/app/src/main/java/io"
2026-03-07T17:15:02.049948Z  INFO get_globs:scan_sources: tailwindcss_oxide::scanner: Discovering "/home/afdal/Laboratorium/PROJECT/extensionadminaksent/android/app/src/main/java/io/ionic"
2026-03-07T17:15:02.050007Z  INFO get_globs:scan_sources: tailwindcss_oxide::scanner: Discovering "/home/afdal/Laboratorium/PROJECT/extensionadminaksent/android/app/src/main/java/io/ionic/starter"
2026-03-07T17:15:02.050091Z  INFO get_globs:scan_sources: tailwindcss_oxide::scanner: Discovering "/home/afdal/Laboratorium/PROJECT/extensionadminaksent/android/app/src/main/assets"
2026-03-07T17:15:02.050207Z  INFO get_globs:scan_sources: tailwindcss_oxide::scanner: Discovering "/home/afdal/Laboratorium/PROJECT/extensionadminaksent/android/app/src/androidTest"
2026-03-07T17:15:02.050256Z  INFO get_globs:scan_sources: tailwindcss_oxide::scanner: Discovering "/home/afdal/Laboratorium/PROJECT/extensionadminaksent/android/app/src/androidTest/java"
2026-03-07T17:15:02.050305Z  INFO get_globs:scan_sources: tailwindcss_oxide::scanner: Discovering "/home/afdal/Laboratorium/PROJECT/extensionadminaksent/android/app/src/androidTest/java/com"
2026-03-07T17:15:02.050355Z  INFO get_globs:scan_sources: tailwindcss_oxide::scanner: Discovering "/home/afdal/Laboratorium/PROJECT/extensionadminaksent/android/app/src/androidTest/java/com/getcapacitor"
2026-03-07T17:15:02.050407Z  INFO get_globs:scan_sources: tailwindcss_oxide::scanner: Discovering "/home/afdal/Laboratorium/PROJECT/extensionadminaksent/android/app/src/androidTest/java/com/getcapacitor/myapp"
2026-03-07T17:15:02.050494Z  INFO get_globs:scan_sources: tailwindcss_oxide::scanner: Discovering "/home/afdal/Laboratorium/PROJECT/extensionadminaksent/android/app/src/test"
2026-03-07T17:15:02.050544Z  INFO get_globs:scan_sources: tailwindcss_oxide::scanner: Discovering "/home/afdal/Laboratorium/PROJECT/extensionadminaksent/android/app/src/test/java"
2026-03-07T17:15:02.050600Z  INFO get_globs:scan_sources: tailwindcss_oxide::scanner: Discovering "/home/afdal/Laboratorium/PROJECT/extensionadminaksent/android/app/src/test/java/com"
2026-03-07T17:15:02.050649Z  INFO get_globs:scan_sources: tailwindcss_oxide::scanner: Discovering "/home/afdal/Laboratorium/PROJECT/extensionadminaksent/android/app/src/test/java/com/getcapacitor"
2026-03-07T17:15:02.050694Z  INFO get_globs:scan_sources: tailwindcss_oxide::scanner: Discovering "/home/afdal/Laboratorium/PROJECT/extensionadminaksent/android/app/src/test/java/com/getcapacitor/myapp"
2026-03-07T17:15:02.051029Z  INFO get_globs:scan_sources: tailwindcss_oxide::scanner: exit
2026-03-07T17:15:02.079176Z  INFO get_globs: tailwindcss_oxide::scanner: exit
2026-03-07T17:15:02.211939Z  INFO tailwindcss_oxide::scanner: Provided sources:
2026-03-07T17:15:02.211984Z  INFO tailwindcss_oxide::scanner: Source: PublicSourceEntry { base: "/home/afdal/Laboratorium/PROJECT/extensionadminaksent", pattern: "**/*", negated: false }
2026-03-07T17:15:02.212026Z  INFO tailwindcss_oxide::scanner: Optimized sources:
2026-03-07T17:15:02.212314Z  INFO tailwindcss_oxide::scanner: Source: Auto { base: "/home/afdal/Laboratorium/PROJECT/extensionadminaksent" }
2026-03-07T17:15:02.223949Z  INFO tailwindcss_oxide::scanner: Provided sources:
2026-03-07T17:15:02.223991Z  INFO tailwindcss_oxide::scanner: Source: PublicSourceEntry { base: "/home/afdal/Laboratorium/PROJECT/extensionadminaksent", pattern: "**/*", negated: false }
2026-03-07T17:15:02.224044Z  INFO tailwindcss_oxide::scanner: Optimized sources:
2026-03-07T17:15:02.224051Z  INFO tailwindcss_oxide::scanner: Source: Auto { base: "/home/afdal/Laboratorium/PROJECT/extensionadminaksent" }
2026-03-07T17:15:02.230059Z  INFO tailwindcss_oxide::scanner: Provided sources:
2026-03-07T17:15:02.230112Z  INFO tailwindcss_oxide::scanner: Source: PublicSourceEntry { base: "/home/afdal/Laboratorium/PROJECT/extensionadminaksent", pattern: "**/*", negated: false }
2026-03-07T17:15:02.230163Z  INFO tailwindcss_oxide::scanner: Optimized sources:
2026-03-07T17:15:02.230184Z  INFO tailwindcss_oxide::scanner: Source: Auto { base: "/home/afdal/Laboratorium/PROJECT/extensionadminaksent" }
2026-03-07T17:15:02.235646Z  INFO tailwindcss_oxide::scanner: Provided sources:
2026-03-07T17:15:02.235686Z  INFO tailwindcss_oxide::scanner: Source: PublicSourceEntry { base: "/home/afdal/Laboratorium/PROJECT/extensionadminaksent", pattern: "**/*", negated: false }
2026-03-07T17:15:02.235728Z  INFO tailwindcss_oxide::scanner: Optimized sources:
2026-03-07T17:15:02.235735Z  INFO tailwindcss_oxide::scanner: Source: Auto { base: "/home/afdal/Laboratorium/PROJECT/extensionadminaksent" }
2026-03-07T17:15:02.245841Z  INFO tailwindcss_oxide::scanner: Provided sources:
2026-03-07T17:15:02.245882Z  INFO tailwindcss_oxide::scanner: Source: PublicSourceEntry { base: "/home/afdal/Laboratorium/PROJECT/extensionadminaksent", pattern: "**/*", negated: false }
2026-03-07T17:15:02.245924Z  INFO tailwindcss_oxide::scanner: Optimized sources:
2026-03-07T17:15:02.245931Z  INFO tailwindcss_oxide::scanner: Source: Auto { base: "/home/afdal/Laboratorium/PROJECT/extensionadminaksent" }
2026-03-07T17:15:02.263881Z  INFO tailwindcss_oxide::scanner: Provided sources:
2026-03-07T17:15:02.263930Z  INFO tailwindcss_oxide::scanner: Source: PublicSourceEntry { base: "/home/afdal/Laboratorium/PROJECT/extensionadminaksent", pattern: "**/*", negated: false }
2026-03-07T17:15:02.263982Z  INFO tailwindcss_oxide::scanner: Optimized sources:
2026-03-07T17:15:02.263989Z  INFO tailwindcss_oxide::scanner: Source: Auto { base: "/home/afdal/Laboratorium/PROJECT/extensionadminaksent" }
2026-03-07T17:15:02.270688Z  INFO tailwindcss_oxide::scanner: Provided sources:
2026-03-07T17:15:02.270757Z  INFO tailwindcss_oxide::scanner: Source: PublicSourceEntry { base: "/home/afdal/Laboratorium/PROJECT/extensionadminaksent", pattern: "**/*", negated: false }
2026-03-07T17:15:02.270822Z  INFO tailwindcss_oxide::scanner: Optimized sources:
2026-03-07T17:15:02.270833Z  INFO tailwindcss_oxide::scanner: Source: Auto { base: "/home/afdal/Laboratorium/PROJECT/extensionadminaksent" }
2026-03-07T17:15:02.277072Z  INFO tailwindcss_oxide::scanner: Provided sources:
2026-03-07T17:15:02.277112Z  INFO tailwindcss_oxide::scanner: Source: PublicSourceEntry { base: "/home/afdal/Laboratorium/PROJECT/extensionadminaksent", pattern: "**/*", negated: false }
2026-03-07T17:15:02.277158Z  INFO tailwindcss_oxide::scanner: Optimized sources:
2026-03-07T17:15:02.277166Z  INFO tailwindcss_oxide::scanner: Source: Auto { base: "/home/afdal/Laboratorium/PROJECT/extensionadminaksent" }
2026-03-07T17:15:02.283673Z  INFO tailwindcss_oxide::scanner: Provided sources:
2026-03-07T17:15:02.283727Z  INFO tailwindcss_oxide::scanner: Source: PublicSourceEntry { base: "/home/afdal/Laboratorium/PROJECT/extensionadminaksent", pattern: "**/*", negated: false }
2026-03-07T17:15:02.283785Z  INFO tailwindcss_oxide::scanner: Optimized sources:
2026-03-07T17:15:02.283793Z  INFO tailwindcss_oxide::scanner: Source: Auto { base: "/home/afdal/Laboratorium/PROJECT/extensionadminaksent" }
2026-03-07T17:15:02.299074Z  INFO tailwindcss_oxide::scanner: Provided sources:
2026-03-07T17:15:02.299123Z  INFO tailwindcss_oxide::scanner: Source: PublicSourceEntry { base: "/home/afdal/Laboratorium/PROJECT/extensionadminaksent", pattern: "**/*", negated: false }
2026-03-07T17:15:02.299177Z  INFO tailwindcss_oxide::scanner: Optimized sources:
2026-03-07T17:15:02.299186Z  INFO tailwindcss_oxide::scanner: Source: Auto { base: "/home/afdal/Laboratorium/PROJECT/extensionadminaksent" }
2026-03-07T17:15:02.308632Z  INFO tailwindcss_oxide::scanner: Provided sources:
2026-03-07T17:15:02.308674Z  INFO tailwindcss_oxide::scanner: Source: PublicSourceEntry { base: "/home/afdal/Laboratorium/PROJECT/extensionadminaksent", pattern: "**/*", negated: false }
2026-03-07T17:15:02.308718Z  INFO tailwindcss_oxide::scanner: Optimized sources:
2026-03-07T17:15:02.308729Z  INFO tailwindcss_oxide::scanner: Source: Auto { base: "/home/afdal/Laboratorium/PROJECT/extensionadminaksent" }
2026-03-07T17:17:13.375684Z  INFO scan_sources: tailwindcss_oxide::scanner: enter
2026-03-07T17:17:13.376668Z  INFO scan_sources: tailwindcss_oxide::scanner: Discovering "/home/afdal/Laboratorium/PROJECT/extensionadminaksent/scripts"
2026-03-07T17:17:13.376806Z  INFO scan_sources: tailwindcss_oxide::scanner: Discovering "/home/afdal/Laboratorium/PROJECT/extensionadminaksent/cypress"
2026-03-07T17:17:13.376895Z  INFO scan_sources: tailwindcss_oxide::scanner: Discovering "/home/afdal/Laboratorium/PROJECT/extensionadminaksent/cypress/fixtures"
2026-03-07T17:17:13.377004Z  INFO scan_sources: tailwindcss_oxide::scanner: Discovering "/home/afdal/Laboratorium/PROJECT/extensionadminaksent/cypress/e2e"
2026-03-07T17:17:13.377112Z  INFO scan_sources: tailwindcss_oxide::scanner: Discovering "/home/afdal/Laboratorium/PROJECT/extensionadminaksent/cypress/support"
2026-03-07T17:17:13.377231Z  INFO scan_sources: tailwindcss_oxide::scanner: Discovering "/home/afdal/Laboratorium/PROJECT/extensionadminaksent/.vscode"
2026-03-07T17:17:13.377398Z  INFO scan_sources: tailwindcss_oxide::scanner: Discovering "/home/afdal/Laboratorium/PROJECT/extensionadminaksent/src"
2026-03-07T17:17:13.377481Z  INFO scan_sources: tailwindcss_oxide::scanner: Discovering "/home/afdal/Laboratorium/PROJECT/extensionadminaksent/src/hook"
2026-03-07T17:17:13.377578Z  INFO scan_sources: tailwindcss_oxide::scanner: Discovering "/home/afdal/Laboratorium/PROJECT/extensionadminaksent/src/hook/requests"
2026-03-07T17:17:13.377657Z  INFO scan_sources: tailwindcss_oxide::scanner: Discovering "/home/afdal/Laboratorium/PROJECT/extensionadminaksent/src/hook/requests/customer.ts"
2026-03-07T17:17:13.377721Z  INFO scan_sources: tailwindcss_oxide::scanner: Discovering "/home/afdal/Laboratorium/PROJECT/extensionadminaksent/src/components"
2026-03-07T17:17:13.377812Z  INFO scan_sources: tailwindcss_oxide::scanner: Discovering "/home/afdal/Laboratorium/PROJECT/extensionadminaksent/src/components/customer"
2026-03-07T17:17:13.377923Z  INFO scan_sources: tailwindcss_oxide::scanner: Discovering "/home/afdal/Laboratorium/PROJECT/extensionadminaksent/src/components/input"
2026-03-07T17:17:13.378051Z  INFO scan_sources: tailwindcss_oxide::scanner: Discovering "/home/afdal/Laboratorium/PROJECT/extensionadminaksent/src/components/layout"
2026-03-07T17:17:13.378143Z  INFO scan_sources: tailwindcss_oxide::scanner: Discovering "/home/afdal/Laboratorium/PROJECT/extensionadminaksent/src/components/list"
2026-03-07T17:17:13.378261Z  INFO scan_sources: tailwindcss_oxide::scanner: Discovering "/home/afdal/Laboratorium/PROJECT/extensionadminaksent/src/components/toolbars"
2026-03-07T17:17:13.378387Z  INFO scan_sources: tailwindcss_oxide::scanner: Discovering "/home/afdal/Laboratorium/PROJECT/extensionadminaksent/src/theme"
2026-03-07T17:17:13.378621Z  INFO scan_sources: tailwindcss_oxide::scanner: Discovering "/home/afdal/Laboratorium/PROJECT/extensionadminaksent/src/utils"
2026-03-07T17:17:13.378807Z  INFO scan_sources: tailwindcss_oxide::scanner: Discovering "/home/afdal/Laboratorium/PROJECT/extensionadminaksent/src/databases"
2026-03-07T17:17:13.378903Z  INFO scan_sources: tailwindcss_oxide::scanner: Discovering "/home/afdal/Laboratorium/PROJECT/extensionadminaksent/src/databases/migrations"
2026-03-07T17:17:13.379034Z  INFO scan_sources: tailwindcss_oxide::scanner: Discovering "/home/afdal/Laboratorium/PROJECT/extensionadminaksent/src/databases/entities"
2026-03-07T17:17:13.379177Z  INFO scan_sources: tailwindcss_oxide::scanner: Discovering "/home/afdal/Laboratorium/PROJECT/extensionadminaksent/src/types"
2026-03-07T17:17:13.379272Z  INFO scan_sources: tailwindcss_oxide::scanner: Discovering "/home/afdal/Laboratorium/PROJECT/extensionadminaksent/src/pages"
2026-03-07T17:17:13.379339Z  INFO scan_sources: tailwindcss_oxide::scanner: Discovering "/home/afdal/Laboratorium/PROJECT/extensionadminaksent/src/pages/Customer"
2026-03-07T17:17:13.379461Z  INFO scan_sources: tailwindcss_oxide::scanner: Discovering "/home/afdal/Laboratorium/PROJECT/extensionadminaksent/src/pages/Home"
2026-03-07T17:17:13.379594Z  INFO scan_sources: tailwindcss_oxide::scanner: Discovering "/home/afdal/Laboratorium/PROJECT/extensionadminaksent/src/pages/Validation"
2026-03-07T17:17:13.379685Z  INFO scan_sources: tailwindcss_oxide::scanner: Discovering "/home/afdal/Laboratorium/PROJECT/extensionadminaksent/src/pages/Unpaid"
2026-03-07T17:17:13.379767Z  INFO scan_sources: tailwindcss_oxide::scanner: Discovering "/home/afdal/Laboratorium/PROJECT/extensionadminaksent/src/pages/Payment"
2026-03-07T17:17:13.379864Z  INFO scan_sources: tailwindcss_oxide::scanner: Discovering "/home/afdal/Laboratorium/PROJECT/extensionadminaksent/src/context"
2026-03-07T17:17:13.380108Z  INFO scan_sources: tailwindcss_oxide::scanner: Discovering "/home/afdal/Laboratorium/PROJECT/extensionadminaksent/public"
2026-03-07T17:17:13.380203Z  INFO scan_sources: tailwindcss_oxide::scanner: Discovering "/home/afdal/Laboratorium/PROJECT/extensionadminaksent/public/assets"
2026-03-07T17:17:13.380422Z  INFO scan_sources: tailwindcss_oxide::scanner: Discovering "/home/afdal/Laboratorium/PROJECT/extensionadminaksent/android"
2026-03-07T17:17:13.380879Z  INFO scan_sources: tailwindcss_oxide::scanner: Discovering "/home/afdal/Laboratorium/PROJECT/extensionadminaksent/android/.kotlin"
2026-03-07T17:17:13.380974Z  INFO scan_sources: tailwindcss_oxide::scanner: Discovering "/home/afdal/Laboratorium/PROJECT/extensionadminaksent/android/.kotlin/sessions"
2026-03-07T17:17:13.381231Z  INFO scan_sources: tailwindcss_oxide::scanner: Discovering "/home/afdal/Laboratorium/PROJECT/extensionadminaksent/android/gradle"
2026-03-07T17:17:13.381306Z  INFO scan_sources: tailwindcss_oxide::scanner: Discovering "/home/afdal/Laboratorium/PROJECT/extensionadminaksent/android/gradle/wrapper"
2026-03-07T17:17:13.381415Z  INFO scan_sources: tailwindcss_oxide::scanner: Discovering "/home/afdal/Laboratorium/PROJECT/extensionadminaksent/android/app"
2026-03-07T17:17:13.381604Z  INFO scan_sources: tailwindcss_oxide::scanner: Discovering "/home/afdal/Laboratorium/PROJECT/extensionadminaksent/android/app/src"
2026-03-07T17:17:13.381699Z  INFO scan_sources: tailwindcss_oxide::scanner: Discovering "/home/afdal/Laboratorium/PROJECT/extensionadminaksent/android/app/src/main"
2026-03-07T17:17:13.381804Z  INFO scan_sources: tailwindcss_oxide::scanner: Discovering "/home/afdal/Laboratorium/PROJECT/extensionadminaksent/android/app/src/main/res"
2026-03-07T17:17:13.381884Z  INFO scan_sources: tailwindcss_oxide::scanner: Discovering "/home/afdal/Laboratorium/PROJECT/extensionadminaksent/android/app/src/main/res/drawable-land-xhdpi"
2026-03-07T17:17:13.381965Z  INFO scan_sources: tailwindcss_oxide::scanner: Discovering "/home/afdal/Laboratorium/PROJECT/extensionadminaksent/android/app/src/main/res/drawable-land-xxhdpi"
2026-03-07T17:17:13.382042Z  INFO scan_sources: tailwindcss_oxide::scanner: Discovering "/home/afdal/Laboratorium/PROJECT/extensionadminaksent/android/app/src/main/res/drawable-v24"
2026-03-07T17:17:13.382137Z  INFO scan_sources: tailwindcss_oxide::scanner: Discovering "/home/afdal/Laboratorium/PROJECT/extensionadminaksent/android/app/src/main/res/drawable-port-xxxhdpi"
2026-03-07T17:17:13.382215Z  INFO scan_sources: tailwindcss_oxide::scanner: Discovering "/home/afdal/Laboratorium/PROJECT/extensionadminaksent/android/app/src/main/res/drawable-land-xxxhdpi"
2026-03-07T17:17:13.382289Z  INFO scan_sources: tailwindcss_oxide::scanner: Discovering "/home/afdal/Laboratorium/PROJECT/extensionadminaksent/android/app/src/main/res/drawable-port-xxhdpi"
2026-03-07T17:17:13.382362Z  INFO scan_sources: tailwindcss_oxide::scanner: Discovering "/home/afdal/Laboratorium/PROJECT/extensionadminaksent/android/app/src/main/res/mipmap-hdpi"
2026-03-07T17:17:13.382446Z  INFO scan_sources: tailwindcss_oxide::scanner: Discovering "/home/afdal/Laboratorium/PROJECT/extensionadminaksent/android/app/src/main/res/drawable-land-hdpi"
2026-03-07T17:17:13.382528Z  INFO scan_sources: tailwindcss_oxide::scanner: Discovering "/home/afdal/Laboratorium/PROJECT/extensionadminaksent/android/app/src/main/res/xml"
2026-03-07T17:17:13.382646Z  INFO scan_sources: tailwindcss_oxide::scanner: Discovering "/home/afdal/Laboratorium/PROJECT/extensionadminaksent/android/app/src/main/res/mipmap-xhdpi"
2026-03-07T17:17:13.382754Z  INFO scan_sources: tailwindcss_oxide::scanner: Discovering "/home/afdal/Laboratorium/PROJECT/extensionadminaksent/android/app/src/main/res/drawable-land-mdpi"
2026-03-07T17:17:13.382828Z  INFO scan_sources: tailwindcss_oxide::scanner: Discovering "/home/afdal/Laboratorium/PROJECT/extensionadminaksent/android/app/src/main/res/drawable-port-hdpi"
2026-03-07T17:17:13.382901Z  INFO scan_sources: tailwindcss_oxide::scanner: Discovering "/home/afdal/Laboratorium/PROJECT/extensionadminaksent/android/app/src/main/res/mipmap-xxhdpi"
2026-03-07T17:17:13.382984Z  INFO scan_sources: tailwindcss_oxide::scanner: Discovering "/home/afdal/Laboratorium/PROJECT/extensionadminaksent/android/app/src/main/res/mipmap-mdpi"
2026-03-07T17:17:13.383069Z  INFO scan_sources: tailwindcss_oxide::scanner: Discovering "/home/afdal/Laboratorium/PROJECT/extensionadminaksent/android/app/src/main/res/drawable"
2026-03-07T17:17:13.383161Z  INFO scan_sources: tailwindcss_oxide::scanner: Discovering "/home/afdal/Laboratorium/PROJECT/extensionadminaksent/android/app/src/main/res/drawable-port-xhdpi"
2026-03-07T17:17:13.383236Z  INFO scan_sources: tailwindcss_oxide::scanner: Discovering "/home/afdal/Laboratorium/PROJECT/extensionadminaksent/android/app/src/main/res/mipmap-xxxhdpi"
2026-03-07T17:17:13.383319Z  INFO scan_sources: tailwindcss_oxide::scanner: Discovering "/home/afdal/Laboratorium/PROJECT/extensionadminaksent/android/app/src/main/res/layout"
2026-03-07T17:17:13.383412Z  INFO scan_sources: tailwindcss_oxide::scanner: Discovering "/home/afdal/Laboratorium/PROJECT/extensionadminaksent/android/app/src/main/res/mipmap-anydpi-v26"
2026-03-07T17:17:13.383522Z  INFO scan_sources: tailwindcss_oxide::scanner: Discovering "/home/afdal/Laboratorium/PROJECT/extensionadminaksent/android/app/src/main/res/drawable-port-mdpi"
2026-03-07T17:17:13.383623Z  INFO scan_sources: tailwindcss_oxide::scanner: Discovering "/home/afdal/Laboratorium/PROJECT/extensionadminaksent/android/app/src/main/res/values"
2026-03-07T17:17:13.383771Z  INFO scan_sources: tailwindcss_oxide::scanner: Discovering "/home/afdal/Laboratorium/PROJECT/extensionadminaksent/android/app/src/main/java"
2026-03-07T17:17:13.383841Z  INFO scan_sources: tailwindcss_oxide::scanner: Discovering "/home/afdal/Laboratorium/PROJECT/extensionadminaksent/android/app/src/main/java/io"
2026-03-07T17:17:13.383915Z  INFO scan_sources: tailwindcss_oxide::scanner: Discovering "/home/afdal/Laboratorium/PROJECT/extensionadminaksent/android/app/src/main/java/io/ionic"
2026-03-07T17:17:13.383998Z  INFO scan_sources: tailwindcss_oxide::scanner: Discovering "/home/afdal/Laboratorium/PROJECT/extensionadminaksent/android/app/src/main/java/io/ionic/starter"
2026-03-07T17:17:13.384113Z  INFO scan_sources: tailwindcss_oxide::scanner: Discovering "/home/afdal/Laboratorium/PROJECT/extensionadminaksent/android/app/src/main/assets"
2026-03-07T17:17:13.384271Z  INFO scan_sources: tailwindcss_oxide::scanner: Discovering "/home/afdal/Laboratorium/PROJECT/extensionadminaksent/android/app/src/androidTest"
2026-03-07T17:17:13.384341Z  INFO scan_sources: tailwindcss_oxide::scanner: Discovering "/home/afdal/Laboratorium/PROJECT/extensionadminaksent/android/app/src/androidTest/java"
2026-03-07T17:17:13.384407Z  INFO scan_sources: tailwindcss_oxide::scanner: Discovering "/home/afdal/Laboratorium/PROJECT/extensionadminaksent/android/app/src/androidTest/java/com"
2026-03-07T17:17:13.384475Z  INFO scan_sources: tailwindcss_oxide::scanner: Discovering "/home/afdal/Laboratorium/PROJECT/extensionadminaksent/android/app/src/androidTest/java/com/getcapacitor"
2026-03-07T17:17:13.384544Z  INFO scan_sources: tailwindcss_oxide::scanner: Discovering "/home/afdal/Laboratorium/PROJECT/extensionadminaksent/android/app/src/androidTest/java/com/getcapacitor/myapp"
2026-03-07T17:17:13.384687Z  INFO scan_sources: tailwindcss_oxide::scanner: Discovering "/home/afdal/Laboratorium/PROJECT/extensionadminaksent/android/app/src/test"
2026-03-07T17:17:13.384774Z  INFO scan_sources: tailwindcss_oxide::scanner: Discovering "/home/afdal/Laboratorium/PROJECT/extensionadminaksent/android/app/src/test/java"
2026-03-07T17:17:13.384837Z  INFO scan_sources: tailwindcss_oxide::scanner: Discovering "/home/afdal/Laboratorium/PROJECT/extensionadminaksent/android/app/src/test/java/com"
2026-03-07T17:17:13.384906Z  INFO scan_sources: tailwindcss_oxide::scanner: Discovering "/home/afdal/Laboratorium/PROJECT/extensionadminaksent/android/app/src/test/java/com/getcapacitor"
2026-03-07T17:17:13.384973Z  INFO scan_sources: tailwindcss_oxide::scanner: Discovering "/home/afdal/Laboratorium/PROJECT/extensionadminaksent/android/app/src/test/java/com/getcapacitor/myapp"
2026-03-07T17:17:13.385540Z  INFO scan_sources: tailwindcss_oxide::scanner: exit
2026-03-07T17:17:13.385586Z  INFO extract_candidates: tailwindcss_oxide::scanner: enter
2026-03-07T17:17:13.385604Z  INFO extract_candidates:read_all_files: tailwindcss_oxide::scanner: enter
2026-03-07T17:17:13.385611Z  INFO extract_candidates:read_all_files: tailwindcss_oxide::scanner: Reading 1 file(s)
2026-03-07T17:17:13.385682Z  INFO extract_candidates:read_all_files: tailwindcss_oxide::scanner: Reading "/home/afdal/Laboratorium/PROJECT/extensionadminaksent/src/hook/requests/customer.ts"
2026-03-07T17:17:13.385700Z  INFO extract_candidates:read_all_files: tailwindcss_oxide::scanner: exit
2026-03-07T17:17:13.385709Z  INFO extract_candidates:parse_all_blobs: tailwindcss_oxide::scanner: enter
2026-03-07T17:17:13.385717Z  INFO extract_candidates:parse_all_blobs:extract: tailwindcss_oxide::scanner: enter
2026-03-07T17:17:13.395458Z  INFO extract_candidates:parse_all_blobs:extract: tailwindcss_oxide::scanner: exit
2026-03-07T17:17:13.395507Z  INFO extract_candidates:parse_all_blobs: tailwindcss_oxide::scanner: exit
2026-03-07T17:17:13.397105Z  INFO extract_candidates: tailwindcss_oxide::scanner: exit
2026-03-07T17:17:13.401555Z  INFO get_files: tailwindcss_oxide::scanner: enter
2026-03-07T17:17:13.401775Z  INFO get_files:scan_sources: tailwindcss_oxide::scanner: enter
2026-03-07T17:17:13.403608Z  INFO get_files:scan_sources: tailwindcss_oxide::scanner: Discovering "/home/afdal/Laboratorium/PROJECT/extensionadminaksent/scripts"
2026-03-07T17:17:13.403912Z  INFO get_files:scan_sources: tailwindcss_oxide::scanner: Discovering "/home/afdal/Laboratorium/PROJECT/extensionadminaksent/cypress"
2026-03-07T17:17:13.404102Z  INFO get_files:scan_sources: tailwindcss_oxide::scanner: Discovering "/home/afdal/Laboratorium/PROJECT/extensionadminaksent/cypress/fixtures"
2026-03-07T17:17:13.404299Z  INFO get_files:scan_sources: tailwindcss_oxide::scanner: Discovering "/home/afdal/Laboratorium/PROJECT/extensionadminaksent/cypress/e2e"
2026-03-07T17:17:13.404491Z  INFO get_files:scan_sources: tailwindcss_oxide::scanner: Discovering "/home/afdal/Laboratorium/PROJECT/extensionadminaksent/cypress/support"
2026-03-07T17:17:13.404706Z  INFO get_files:scan_sources: tailwindcss_oxide::scanner: Discovering "/home/afdal/Laboratorium/PROJECT/extensionadminaksent/.vscode"
2026-03-07T17:17:13.404978Z  INFO get_files:scan_sources: tailwindcss_oxide::scanner: Discovering "/home/afdal/Laboratorium/PROJECT/extensionadminaksent/src"
2026-03-07T17:17:13.405160Z  INFO get_files:scan_sources: tailwindcss_oxide::scanner: Discovering "/home/afdal/Laboratorium/PROJECT/extensionadminaksent/src/hook"
2026-03-07T17:17:13.405358Z  INFO get_files:scan_sources: tailwindcss_oxide::scanner: Discovering "/home/afdal/Laboratorium/PROJECT/extensionadminaksent/src/hook/requests"
2026-03-07T17:17:13.405574Z  INFO get_files:scan_sources: tailwindcss_oxide::scanner: Discovering "/home/afdal/Laboratorium/PROJECT/extensionadminaksent/src/components"
2026-03-07T17:17:13.405789Z  INFO get_files:scan_sources: tailwindcss_oxide::scanner: Discovering "/home/afdal/Laboratorium/PROJECT/extensionadminaksent/src/components/customer"
2026-03-07T17:17:13.406004Z  INFO get_files:scan_sources: tailwindcss_oxide::scanner: Discovering "/home/afdal/Laboratorium/PROJECT/extensionadminaksent/src/components/input"
2026-03-07T17:17:13.406254Z  INFO get_files:scan_sources: tailwindcss_oxide::scanner: Discovering "/home/afdal/Laboratorium/PROJECT/extensionadminaksent/src/components/layout"
2026-03-07T17:17:13.406450Z  INFO get_files:scan_sources: tailwindcss_oxide::scanner: Discovering "/home/afdal/Laboratorium/PROJECT/extensionadminaksent/src/components/list"
2026-03-07T17:17:13.407450Z  INFO get_files:scan_sources: tailwindcss_oxide::scanner: Discovering "/home/afdal/Laboratorium/PROJECT/extensionadminaksent/src/components/toolbars"
2026-03-07T17:17:13.407761Z  INFO get_files:scan_sources: tailwindcss_oxide::scanner: Discovering "/home/afdal/Laboratorium/PROJECT/extensionadminaksent/src/theme"
2026-03-07T17:17:13.408006Z  INFO get_files:scan_sources: tailwindcss_oxide::scanner: Discovering "/home/afdal/Laboratorium/PROJECT/extensionadminaksent/src/utils"
2026-03-07T17:17:13.408278Z  INFO get_files:scan_sources: tailwindcss_oxide::scanner: Discovering "/home/afdal/Laboratorium/PROJECT/extensionadminaksent/src/databases"
2026-03-07T17:17:13.408464Z  INFO get_files:scan_sources: tailwindcss_oxide::scanner: Discovering "/home/afdal/Laboratorium/PROJECT/extensionadminaksent/src/databases/migrations"
2026-03-07T17:17:13.408688Z  INFO get_files:scan_sources: tailwindcss_oxide::scanner: Discovering "/home/afdal/Laboratorium/PROJECT/extensionadminaksent/src/databases/entities"
2026-03-07T17:17:13.408919Z  INFO get_files:scan_sources: tailwindcss_oxide::scanner: Discovering "/home/afdal/Laboratorium/PROJECT/extensionadminaksent/src/types"
2026-03-07T17:17:13.409105Z  INFO get_files:scan_sources: tailwindcss_oxide::scanner: Discovering "/home/afdal/Laboratorium/PROJECT/extensionadminaksent/src/pages"
2026-03-07T17:17:13.409272Z  INFO get_files:scan_sources: tailwindcss_oxide::scanner: Discovering "/home/afdal/Laboratorium/PROJECT/extensionadminaksent/src/pages/Customer"
2026-03-07T17:17:13.409947Z  INFO get_files:scan_sources: tailwindcss_oxide::scanner: Discovering "/home/afdal/Laboratorium/PROJECT/extensionadminaksent/src/pages/Home"
2026-03-07T17:17:13.410436Z  INFO get_files:scan_sources: tailwindcss_oxide::scanner: Discovering "/home/afdal/Laboratorium/PROJECT/extensionadminaksent/src/pages/Validation"
2026-03-07T17:17:13.410955Z  INFO get_files:scan_sources: tailwindcss_oxide::scanner: Discovering "/home/afdal/Laboratorium/PROJECT/extensionadminaksent/src/pages/Unpaid"
2026-03-07T17:17:13.411688Z  INFO get_files:scan_sources: tailwindcss_oxide::scanner: Discovering "/home/afdal/Laboratorium/PROJECT/extensionadminaksent/src/pages/Payment"
2026-03-07T17:17:13.412337Z  INFO get_files:scan_sources: tailwindcss_oxide::scanner: Discovering "/home/afdal/Laboratorium/PROJECT/extensionadminaksent/src/context"
2026-03-07T17:17:13.413473Z  INFO get_files:scan_sources: tailwindcss_oxide::scanner: Discovering "/home/afdal/Laboratorium/PROJECT/extensionadminaksent/public"
2026-03-07T17:17:13.413607Z  INFO get_files:scan_sources: tailwindcss_oxide::scanner: Discovering "/home/afdal/Laboratorium/PROJECT/extensionadminaksent/public/assets"
2026-03-07T17:17:13.413837Z  INFO get_files:scan_sources: tailwindcss_oxide::scanner: Discovering "/home/afdal/Laboratorium/PROJECT/extensionadminaksent/android"
2026-03-07T17:17:13.414324Z  INFO get_files:scan_sources: tailwindcss_oxide::scanner: Discovering "/home/afdal/Laboratorium/PROJECT/extensionadminaksent/android/.kotlin"
2026-03-07T17:17:13.414400Z  INFO get_files:scan_sources: tailwindcss_oxide::scanner: Discovering "/home/afdal/Laboratorium/PROJECT/extensionadminaksent/android/.kotlin/sessions"
2026-03-07T17:17:13.414944Z  INFO get_files:scan_sources: tailwindcss_oxide::scanner: Discovering "/home/afdal/Laboratorium/PROJECT/extensionadminaksent/android/gradle"
2026-03-07T17:17:13.415163Z  INFO get_files:scan_sources: tailwindcss_oxide::scanner: Discovering "/home/afdal/Laboratorium/PROJECT/extensionadminaksent/android/gradle/wrapper"
2026-03-07T17:17:13.416682Z  INFO get_files:scan_sources: tailwindcss_oxide::scanner: Discovering "/home/afdal/Laboratorium/PROJECT/extensionadminaksent/android/app"
2026-03-07T17:17:13.417225Z  INFO get_files:scan_sources: tailwindcss_oxide::scanner: Discovering "/home/afdal/Laboratorium/PROJECT/extensionadminaksent/android/app/src"
2026-03-07T17:17:13.418026Z  INFO get_files:scan_sources: tailwindcss_oxide::scanner: Discovering "/home/afdal/Laboratorium/PROJECT/extensionadminaksent/android/app/src/main"
2026-03-07T17:17:13.419644Z  INFO get_files:scan_sources: tailwindcss_oxide::scanner: Discovering "/home/afdal/Laboratorium/PROJECT/extensionadminaksent/android/app/src/main/res"
2026-03-07T17:17:13.419952Z  INFO get_files:scan_sources: tailwindcss_oxide::scanner: Discovering "/home/afdal/Laboratorium/PROJECT/extensionadminaksent/android/app/src/main/res/drawable-land-xhdpi"
2026-03-07T17:17:13.420324Z  INFO get_files:scan_sources: tailwindcss_oxide::scanner: Discovering "/home/afdal/Laboratorium/PROJECT/extensionadminaksent/android/app/src/main/res/drawable-land-xxhdpi"
2026-03-07T17:17:13.420420Z  INFO get_files:scan_sources: tailwindcss_oxide::scanner: Discovering "/home/afdal/Laboratorium/PROJECT/extensionadminaksent/android/app/src/main/res/drawable-v24"
2026-03-07T17:17:13.420540Z  INFO get_files:scan_sources: tailwindcss_oxide::scanner: Discovering "/home/afdal/Laboratorium/PROJECT/extensionadminaksent/android/app/src/main/res/drawable-port-xxxhdpi"
2026-03-07T17:17:13.420647Z  INFO get_files:scan_sources: tailwindcss_oxide::scanner: Discovering "/home/afdal/Laboratorium/PROJECT/extensionadminaksent/android/app/src/main/res/drawable-land-xxxhdpi"
2026-03-07T17:17:13.420747Z  INFO get_files:scan_sources: tailwindcss_oxide::scanner: Discovering "/home/afdal/Laboratorium/PROJECT/extensionadminaksent/android/app/src/main/res/drawable-port-xxhdpi"
2026-03-07T17:17:13.420834Z  INFO get_files:scan_sources: tailwindcss_oxide::scanner: Discovering "/home/afdal/Laboratorium/PROJECT/extensionadminaksent/android/app/src/main/res/mipmap-hdpi"
2026-03-07T17:17:13.420935Z  INFO get_files:scan_sources: tailwindcss_oxide::scanner: Discovering "/home/afdal/Laboratorium/PROJECT/extensionadminaksent/android/app/src/main/res/drawable-land-hdpi"
2026-03-07T17:17:13.421026Z  INFO get_files:scan_sources: tailwindcss_oxide::scanner: Discovering "/home/afdal/Laboratorium/PROJECT/extensionadminaksent/android/app/src/main/res/xml"
2026-03-07T17:17:13.421134Z  INFO get_files:scan_sources: tailwindcss_oxide::scanner: Discovering "/home/afdal/Laboratorium/PROJECT/extensionadminaksent/android/app/src/main/res/mipmap-xhdpi"
2026-03-07T17:17:13.421238Z  INFO get_files:scan_sources: tailwindcss_oxide::scanner: Discovering "/home/afdal/Laboratorium/PROJECT/extensionadminaksent/android/app/src/main/res/drawable-land-mdpi"
2026-03-07T17:17:13.421328Z  INFO get_files:scan_sources: tailwindcss_oxide::scanner: Discovering "/home/afdal/Laboratorium/PROJECT/extensionadminaksent/android/app/src/main/res/drawable-port-hdpi"
2026-03-07T17:17:13.421415Z  INFO get_files:scan_sources: tailwindcss_oxide::scanner: Discovering "/home/afdal/Laboratorium/PROJECT/extensionadminaksent/android/app/src/main/res/mipmap-xxhdpi"
2026-03-07T17:17:13.421508Z  INFO get_files:scan_sources: tailwindcss_oxide::scanner: Discovering "/home/afdal/Laboratorium/PROJECT/extensionadminaksent/android/app/src/main/res/mipmap-mdpi"
2026-03-07T17:17:13.423044Z  INFO get_files:scan_sources: tailwindcss_oxide::scanner: Discovering "/home/afdal/Laboratorium/PROJECT/extensionadminaksent/android/app/src/main/res/drawable"
2026-03-07T17:17:13.426165Z  INFO get_files:scan_sources: tailwindcss_oxide::scanner: Discovering "/home/afdal/Laboratorium/PROJECT/extensionadminaksent/android/app/src/main/res/drawable-port-xhdpi"
2026-03-07T17:17:13.426992Z  INFO get_files:scan_sources: tailwindcss_oxide::scanner: Discovering "/home/afdal/Laboratorium/PROJECT/extensionadminaksent/android/app/src/main/res/mipmap-xxxhdpi"
2026-03-07T17:17:13.427339Z  INFO get_files:scan_sources: tailwindcss_oxide::scanner: Discovering "/home/afdal/Laboratorium/PROJECT/extensionadminaksent/android/app/src/main/res/layout"
2026-03-07T17:17:13.428235Z  INFO get_files:scan_sources: tailwindcss_oxide::scanner: Discovering "/home/afdal/Laboratorium/PROJECT/extensionadminaksent/android/app/src/main/res/mipmap-anydpi-v26"
2026-03-07T17:17:13.428406Z  INFO get_files:scan_sources: tailwindcss_oxide::scanner: Discovering "/home/afdal/Laboratorium/PROJECT/extensionadminaksent/android/app/src/main/res/drawable-port-mdpi"
2026-03-07T17:17:13.428491Z  INFO get_files:scan_sources: tailwindcss_oxide::scanner: Discovering "/home/afdal/Laboratorium/PROJECT/extensionadminaksent/android/app/src/main/res/values"
2026-03-07T17:17:13.428652Z  INFO get_files:scan_sources: tailwindcss_oxide::scanner: Discovering "/home/afdal/Laboratorium/PROJECT/extensionadminaksent/android/app/src/main/java"
2026-03-07T17:17:13.428763Z  INFO get_files:scan_sources: tailwindcss_oxide::scanner: Discovering "/home/afdal/Laboratorium/PROJECT/extensionadminaksent/android/app/src/main/java/io"
2026-03-07T17:17:13.428866Z  INFO get_files:scan_sources: tailwindcss_oxide::scanner: Discovering "/home/afdal/Laboratorium/PROJECT/extensionadminaksent/android/app/src/main/java/io/ionic"
2026-03-07T17:17:13.429001Z  INFO get_files:scan_sources: tailwindcss_oxide::scanner: Discovering "/home/afdal/Laboratorium/PROJECT/extensionadminaksent/android/app/src/main/java/io/ionic/starter"
2026-03-07T17:17:13.429261Z  INFO get_files:scan_sources: tailwindcss_oxide::scanner: Discovering "/home/afdal/Laboratorium/PROJECT/extensionadminaksent/android/app/src/main/assets"
2026-03-07T17:17:13.429547Z  INFO get_files:scan_sources: tailwindcss_oxide::scanner: Discovering "/home/afdal/Laboratorium/PROJECT/extensionadminaksent/android/app/src/androidTest"
2026-03-07T17:17:13.433894Z  INFO get_files:scan_sources: tailwindcss_oxide::scanner: Discovering "/home/afdal/Laboratorium/PROJECT/extensionadminaksent/android/app/src/androidTest/java"
2026-03-07T17:17:13.433996Z  INFO get_files:scan_sources: tailwindcss_oxide::scanner: Discovering "/home/afdal/Laboratorium/PROJECT/extensionadminaksent/android/app/src/androidTest/java/com"
2026-03-07T17:17:13.434070Z  INFO get_files:scan_sources: tailwindcss_oxide::scanner: Discovering "/home/afdal/Laboratorium/PROJECT/extensionadminaksent/android/app/src/androidTest/java/com/getcapacitor"
2026-03-07T17:17:13.434143Z  INFO get_files:scan_sources: tailwindcss_oxide::scanner: Discovering "/home/afdal/Laboratorium/PROJECT/extensionadminaksent/android/app/src/androidTest/java/com/getcapacitor/myapp"
2026-03-07T17:17:13.434266Z  INFO get_files:scan_sources: tailwindcss_oxide::scanner: Discovering "/home/afdal/Laboratorium/PROJECT/extensionadminaksent/android/app/src/test"
2026-03-07T17:17:13.434334Z  INFO get_files:scan_sources: tailwindcss_oxide::scanner: Discovering "/home/afdal/Laboratorium/PROJECT/extensionadminaksent/android/app/src/test/java"
2026-03-07T17:17:13.434399Z  INFO get_files:scan_sources: tailwindcss_oxide::scanner: Discovering "/home/afdal/Laboratorium/PROJECT/extensionadminaksent/android/app/src/test/java/com"
2026-03-07T17:17:13.434470Z  INFO get_files:scan_sources: tailwindcss_oxide::scanner: Discovering "/home/afdal/Laboratorium/PROJECT/extensionadminaksent/android/app/src/test/java/com/getcapacitor"
2026-03-07T17:17:13.434539Z  INFO get_files:scan_sources: tailwindcss_oxide::scanner: Discovering "/home/afdal/Laboratorium/PROJECT/extensionadminaksent/android/app/src/test/java/com/getcapacitor/myapp"
2026-03-07T17:17:13.435092Z  INFO get_files:scan_sources: tailwindcss_oxide::scanner: exit
2026-03-07T17:17:13.435432Z  INFO get_files: tailwindcss_oxide::scanner: exit
2026-03-07T17:17:13.435869Z  INFO get_globs: tailwindcss_oxide::scanner: enter
2026-03-07T17:17:13.436416Z  INFO get_globs: tailwindcss_oxide::scanner: exit
2026-03-07T17:17:26.767882Z  INFO scan_sources: tailwindcss_oxide::scanner: enter
2026-03-07T17:17:26.768916Z  INFO scan_sources: tailwindcss_oxide::scanner: Discovering "/home/afdal/Laboratorium/PROJECT/extensionadminaksent/scripts"
2026-03-07T17:17:26.769045Z  INFO scan_sources: tailwindcss_oxide::scanner: Discovering "/home/afdal/Laboratorium/PROJECT/extensionadminaksent/cypress"
2026-03-07T17:17:26.769140Z  INFO scan_sources: tailwindcss_oxide::scanner: Discovering "/home/afdal/Laboratorium/PROJECT/extensionadminaksent/cypress/fixtures"
2026-03-07T17:17:26.769232Z  INFO scan_sources: tailwindcss_oxide::scanner: Discovering "/home/afdal/Laboratorium/PROJECT/extensionadminaksent/cypress/e2e"
2026-03-07T17:17:26.769341Z  INFO scan_sources: tailwindcss_oxide::scanner: Discovering "/home/afdal/Laboratorium/PROJECT/extensionadminaksent/cypress/support"
2026-03-07T17:17:26.769453Z  INFO scan_sources: tailwindcss_oxide::scanner: Discovering "/home/afdal/Laboratorium/PROJECT/extensionadminaksent/.vscode"
2026-03-07T17:17:26.769633Z  INFO scan_sources: tailwindcss_oxide::scanner: Discovering "/home/afdal/Laboratorium/PROJECT/extensionadminaksent/src"
2026-03-07T17:17:26.771007Z  INFO scan_sources: tailwindcss_oxide::scanner: Discovering "/home/afdal/Laboratorium/PROJECT/extensionadminaksent/src/hook"
2026-03-07T17:17:26.771121Z  INFO scan_sources: tailwindcss_oxide::scanner: Discovering "/home/afdal/Laboratorium/PROJECT/extensionadminaksent/src/hook/requests"
2026-03-07T17:17:26.771186Z  INFO scan_sources: tailwindcss_oxide::scanner: Discovering "/home/afdal/Laboratorium/PROJECT/extensionadminaksent/src/hook/requests/customer.ts"
2026-03-07T17:17:26.771256Z  INFO scan_sources: tailwindcss_oxide::scanner: Discovering "/home/afdal/Laboratorium/PROJECT/extensionadminaksent/src/components"
2026-03-07T17:17:26.771353Z  INFO scan_sources: tailwindcss_oxide::scanner: Discovering "/home/afdal/Laboratorium/PROJECT/extensionadminaksent/src/components/customer"
2026-03-07T17:17:26.771454Z  INFO scan_sources: tailwindcss_oxide::scanner: Discovering "/home/afdal/Laboratorium/PROJECT/extensionadminaksent/src/components/input"
2026-03-07T17:17:26.771598Z  INFO scan_sources: tailwindcss_oxide::scanner: Discovering "/home/afdal/Laboratorium/PROJECT/extensionadminaksent/src/components/layout"
2026-03-07T17:17:26.771692Z  INFO scan_sources: tailwindcss_oxide::scanner: Discovering "/home/afdal/Laboratorium/PROJECT/extensionadminaksent/src/components/list"
2026-03-07T17:17:26.771806Z  INFO scan_sources: tailwindcss_oxide::scanner: Discovering "/home/afdal/Laboratorium/PROJECT/extensionadminaksent/src/components/toolbars"
2026-03-07T17:17:26.771922Z  INFO scan_sources: tailwindcss_oxide::scanner: Discovering "/home/afdal/Laboratorium/PROJECT/extensionadminaksent/src/theme"
2026-03-07T17:17:26.772051Z  INFO scan_sources: tailwindcss_oxide::scanner: Discovering "/home/afdal/Laboratorium/PROJECT/extensionadminaksent/src/utils"
2026-03-07T17:17:26.772212Z  INFO scan_sources: tailwindcss_oxide::scanner: Discovering "/home/afdal/Laboratorium/PROJECT/extensionadminaksent/src/databases"
2026-03-07T17:17:26.772294Z  INFO scan_sources: tailwindcss_oxide::scanner: Discovering "/home/afdal/Laboratorium/PROJECT/extensionadminaksent/src/databases/migrations"
2026-03-07T17:17:26.772418Z  INFO scan_sources: tailwindcss_oxide::scanner: Discovering "/home/afdal/Laboratorium/PROJECT/extensionadminaksent/src/databases/entities"
2026-03-07T17:17:26.772540Z  INFO scan_sources: tailwindcss_oxide::scanner: Discovering "/home/afdal/Laboratorium/PROJECT/extensionadminaksent/src/types"
2026-03-07T17:17:26.772645Z  INFO scan_sources: tailwindcss_oxide::scanner: Discovering "/home/afdal/Laboratorium/PROJECT/extensionadminaksent/src/pages"
2026-03-07T17:17:26.772720Z  INFO scan_sources: tailwindcss_oxide::scanner: Discovering "/home/afdal/Laboratorium/PROJECT/extensionadminaksent/src/pages/Customer"
2026-03-07T17:17:26.772828Z  INFO scan_sources: tailwindcss_oxide::scanner: Discovering "/home/afdal/Laboratorium/PROJECT/extensionadminaksent/src/pages/Home"
2026-03-07T17:17:26.772928Z  INFO scan_sources: tailwindcss_oxide::scanner: Discovering "/home/afdal/Laboratorium/PROJECT/extensionadminaksent/src/pages/Validation"
2026-03-07T17:17:26.773008Z  INFO scan_sources: tailwindcss_oxide::scanner: Discovering "/home/afdal/Laboratorium/PROJECT/extensionadminaksent/src/pages/Unpaid"
2026-03-07T17:17:26.773088Z  INFO scan_sources: tailwindcss_oxide::scanner: Discovering "/home/afdal/Laboratorium/PROJECT/extensionadminaksent/src/pages/Payment"
2026-03-07T17:17:26.773203Z  INFO scan_sources: tailwindcss_oxide::scanner: Discovering "/home/afdal/Laboratorium/PROJECT/extensionadminaksent/src/context"
2026-03-07T17:17:26.773458Z  INFO scan_sources: tailwindcss_oxide::scanner: Discovering "/home/afdal/Laboratorium/PROJECT/extensionadminaksent/public"
2026-03-07T17:17:26.773543Z  INFO scan_sources: tailwindcss_oxide::scanner: Discovering "/home/afdal/Laboratorium/PROJECT/extensionadminaksent/public/assets"
2026-03-07T17:17:26.773760Z  INFO scan_sources: tailwindcss_oxide::scanner: Discovering "/home/afdal/Laboratorium/PROJECT/extensionadminaksent/android"
2026-03-07T17:17:26.774178Z  INFO scan_sources: tailwindcss_oxide::scanner: Discovering "/home/afdal/Laboratorium/PROJECT/extensionadminaksent/android/.kotlin"
2026-03-07T17:17:26.774258Z  INFO scan_sources: tailwindcss_oxide::scanner: Discovering "/home/afdal/Laboratorium/PROJECT/extensionadminaksent/android/.kotlin/sessions"
2026-03-07T17:17:26.774482Z  INFO scan_sources: tailwindcss_oxide::scanner: Discovering "/home/afdal/Laboratorium/PROJECT/extensionadminaksent/android/gradle"
2026-03-07T17:17:26.774547Z  INFO scan_sources: tailwindcss_oxide::scanner: Discovering "/home/afdal/Laboratorium/PROJECT/extensionadminaksent/android/gradle/wrapper"
2026-03-07T17:17:26.774704Z  INFO scan_sources: tailwindcss_oxide::scanner: Discovering "/home/afdal/Laboratorium/PROJECT/extensionadminaksent/android/app"
2026-03-07T17:17:26.774906Z  INFO scan_sources: tailwindcss_oxide::scanner: Discovering "/home/afdal/Laboratorium/PROJECT/extensionadminaksent/android/app/src"
2026-03-07T17:17:26.774999Z  INFO scan_sources: tailwindcss_oxide::scanner: Discovering "/home/afdal/Laboratorium/PROJECT/extensionadminaksent/android/app/src/main"
2026-03-07T17:17:26.775098Z  INFO scan_sources: tailwindcss_oxide::scanner: Discovering "/home/afdal/Laboratorium/PROJECT/extensionadminaksent/android/app/src/main/res"
2026-03-07T17:17:26.775180Z  INFO scan_sources: tailwindcss_oxide::scanner: Discovering "/home/afdal/Laboratorium/PROJECT/extensionadminaksent/android/app/src/main/res/drawable-land-xhdpi"
2026-03-07T17:17:26.775264Z  INFO scan_sources: tailwindcss_oxide::scanner: Discovering "/home/afdal/Laboratorium/PROJECT/extensionadminaksent/android/app/src/main/res/drawable-land-xxhdpi"
2026-03-07T17:17:26.775350Z  INFO scan_sources: tailwindcss_oxide::scanner: Discovering "/home/afdal/Laboratorium/PROJECT/extensionadminaksent/android/app/src/main/res/drawable-v24"
2026-03-07T17:17:26.775448Z  INFO scan_sources: tailwindcss_oxide::scanner: Discovering "/home/afdal/Laboratorium/PROJECT/extensionadminaksent/android/app/src/main/res/drawable-port-xxxhdpi"
2026-03-07T17:17:26.775530Z  INFO scan_sources: tailwindcss_oxide::scanner: Discovering "/home/afdal/Laboratorium/PROJECT/extensionadminaksent/android/app/src/main/res/drawable-land-xxxhdpi"
2026-03-07T17:17:26.775628Z  INFO scan_sources: tailwindcss_oxide::scanner: Discovering "/home/afdal/Laboratorium/PROJECT/extensionadminaksent/android/app/src/main/res/drawable-port-xxhdpi"
2026-03-07T17:17:26.775717Z  INFO scan_sources: tailwindcss_oxide::scanner: Discovering "/home/afdal/Laboratorium/PROJECT/extensionadminaksent/android/app/src/main/res/mipmap-hdpi"
2026-03-07T17:17:26.775810Z  INFO scan_sources: tailwindcss_oxide::scanner: Discovering "/home/afdal/Laboratorium/PROJECT/extensionadminaksent/android/app/src/main/res/drawable-land-hdpi"
2026-03-07T17:17:26.775892Z  INFO scan_sources: tailwindcss_oxide::scanner: Discovering "/home/afdal/Laboratorium/PROJECT/extensionadminaksent/android/app/src/main/res/xml"
2026-03-07T17:17:26.775990Z  INFO scan_sources: tailwindcss_oxide::scanner: Discovering "/home/afdal/Laboratorium/PROJECT/extensionadminaksent/android/app/src/main/res/mipmap-xhdpi"
2026-03-07T17:17:26.776071Z  INFO scan_sources: tailwindcss_oxide::scanner: Discovering "/home/afdal/Laboratorium/PROJECT/extensionadminaksent/android/app/src/main/res/drawable-land-mdpi"
2026-03-07T17:17:26.776145Z  INFO scan_sources: tailwindcss_oxide::scanner: Discovering "/home/afdal/Laboratorium/PROJECT/extensionadminaksent/android/app/src/main/res/drawable-port-hdpi"
2026-03-07T17:17:26.776237Z  INFO scan_sources: tailwindcss_oxide::scanner: Discovering "/home/afdal/Laboratorium/PROJECT/extensionadminaksent/android/app/src/main/res/mipmap-xxhdpi"
2026-03-07T17:17:26.776323Z  INFO scan_sources: tailwindcss_oxide::scanner: Discovering "/home/afdal/Laboratorium/PROJECT/extensionadminaksent/android/app/src/main/res/mipmap-mdpi"
2026-03-07T17:17:26.776410Z  INFO scan_sources: tailwindcss_oxide::scanner: Discovering "/home/afdal/Laboratorium/PROJECT/extensionadminaksent/android/app/src/main/res/drawable"
2026-03-07T17:17:26.776509Z  INFO scan_sources: tailwindcss_oxide::scanner: Discovering "/home/afdal/Laboratorium/PROJECT/extensionadminaksent/android/app/src/main/res/drawable-port-xhdpi"
2026-03-07T17:17:26.776602Z  INFO scan_sources: tailwindcss_oxide::scanner: Discovering "/home/afdal/Laboratorium/PROJECT/extensionadminaksent/android/app/src/main/res/mipmap-xxxhdpi"
2026-03-07T17:17:26.776701Z  INFO scan_sources: tailwindcss_oxide::scanner: Discovering "/home/afdal/Laboratorium/PROJECT/extensionadminaksent/android/app/src/main/res/layout"
2026-03-07T17:17:26.776788Z  INFO scan_sources: tailwindcss_oxide::scanner: Discovering "/home/afdal/Laboratorium/PROJECT/extensionadminaksent/android/app/src/main/res/mipmap-anydpi-v26"
2026-03-07T17:17:26.776888Z  INFO scan_sources: tailwindcss_oxide::scanner: Discovering "/home/afdal/Laboratorium/PROJECT/extensionadminaksent/android/app/src/main/res/drawable-port-mdpi"
2026-03-07T17:17:26.776984Z  INFO scan_sources: tailwindcss_oxide::scanner: Discovering "/home/afdal/Laboratorium/PROJECT/extensionadminaksent/android/app/src/main/res/values"
2026-03-07T17:17:26.777127Z  INFO scan_sources: tailwindcss_oxide::scanner: Discovering "/home/afdal/Laboratorium/PROJECT/extensionadminaksent/android/app/src/main/java"
2026-03-07T17:17:26.777202Z  INFO scan_sources: tailwindcss_oxide::scanner: Discovering "/home/afdal/Laboratorium/PROJECT/extensionadminaksent/android/app/src/main/java/io"
2026-03-07T17:17:26.777278Z  INFO scan_sources: tailwindcss_oxide::scanner: Discovering "/home/afdal/Laboratorium/PROJECT/extensionadminaksent/android/app/src/main/java/io/ionic"
2026-03-07T17:17:26.777359Z  INFO scan_sources: tailwindcss_oxide::scanner: Discovering "/home/afdal/Laboratorium/PROJECT/extensionadminaksent/android/app/src/main/java/io/ionic/starter"
2026-03-07T17:17:26.777489Z  INFO scan_sources: tailwindcss_oxide::scanner: Discovering "/home/afdal/Laboratorium/PROJECT/extensionadminaksent/android/app/src/main/assets"
2026-03-07T17:17:26.777667Z  INFO scan_sources: tailwindcss_oxide::scanner: Discovering "/home/afdal/Laboratorium/PROJECT/extensionadminaksent/android/app/src/androidTest"
2026-03-07T17:17:26.777756Z  INFO scan_sources: tailwindcss_oxide::scanner: Discovering "/home/afdal/Laboratorium/PROJECT/extensionadminaksent/android/app/src/androidTest/java"
2026-03-07T17:17:26.777827Z  INFO scan_sources: tailwindcss_oxide::scanner: Discovering "/home/afdal/Laboratorium/PROJECT/extensionadminaksent/android/app/src/androidTest/java/com"
2026-03-07T17:17:26.777898Z  INFO scan_sources: tailwindcss_oxide::scanner: Discovering "/home/afdal/Laboratorium/PROJECT/extensionadminaksent/android/app/src/androidTest/java/com/getcapacitor"
2026-03-07T17:17:26.777975Z  INFO scan_sources: tailwindcss_oxide::scanner: Discovering "/home/afdal/Laboratorium/PROJECT/extensionadminaksent/android/app/src/androidTest/java/com/getcapacitor/myapp"
2026-03-07T17:17:26.778294Z  INFO scan_sources: tailwindcss_oxide::scanner: Discovering "/home/afdal/Laboratorium/PROJECT/extensionadminaksent/android/app/src/test"
2026-03-07T17:17:26.778561Z  INFO scan_sources: tailwindcss_oxide::scanner: Discovering "/home/afdal/Laboratorium/PROJECT/extensionadminaksent/android/app/src/test/java"
2026-03-07T17:17:26.778873Z  INFO scan_sources: tailwindcss_oxide::scanner: Discovering "/home/afdal/Laboratorium/PROJECT/extensionadminaksent/android/app/src/test/java/com"
2026-03-07T17:17:26.779145Z  INFO scan_sources: tailwindcss_oxide::scanner: Discovering "/home/afdal/Laboratorium/PROJECT/extensionadminaksent/android/app/src/test/java/com/getcapacitor"
2026-03-07T17:17:26.779355Z  INFO scan_sources: tailwindcss_oxide::scanner: Discovering "/home/afdal/Laboratorium/PROJECT/extensionadminaksent/android/app/src/test/java/com/getcapacitor/myapp"
2026-03-07T17:17:26.780189Z  INFO scan_sources: tailwindcss_oxide::scanner: exit
2026-03-07T17:17:26.780433Z  INFO extract_candidates: tailwindcss_oxide::scanner: enter
2026-03-07T17:17:26.780613Z  INFO extract_candidates:read_all_files: tailwindcss_oxide::scanner: enter
2026-03-07T17:17:26.780827Z  INFO extract_candidates:read_all_files: tailwindcss_oxide::scanner: Reading 1 file(s)
2026-03-07T17:17:26.781229Z  INFO extract_candidates:read_all_files: tailwindcss_oxide::scanner: Reading "/home/afdal/Laboratorium/PROJECT/extensionadminaksent/src/hook/requests/customer.ts"
2026-03-07T17:17:26.781617Z  INFO extract_candidates:read_all_files: tailwindcss_oxide::scanner: exit
2026-03-07T17:17:26.782680Z  INFO extract_candidates:parse_all_blobs: tailwindcss_oxide::scanner: enter
2026-03-07T17:17:26.783554Z  INFO extract_candidates:parse_all_blobs:extract: tailwindcss_oxide::scanner: enter
2026-03-07T17:17:26.786148Z  INFO extract_candidates:parse_all_blobs:extract: tailwindcss_oxide::scanner: exit
2026-03-07T17:17:26.786196Z  INFO extract_candidates:parse_all_blobs: tailwindcss_oxide::scanner: exit
2026-03-07T17:17:26.787087Z  INFO extract_candidates: tailwindcss_oxide::scanner: exit
2026-03-07T17:17:26.790051Z  INFO get_files: tailwindcss_oxide::scanner: enter
2026-03-07T17:17:26.790193Z  INFO get_files:scan_sources: tailwindcss_oxide::scanner: enter
2026-03-07T17:17:26.791213Z  INFO get_files:scan_sources: tailwindcss_oxide::scanner: Discovering "/home/afdal/Laboratorium/PROJECT/extensionadminaksent/scripts"
2026-03-07T17:17:26.791523Z  INFO get_files:scan_sources: tailwindcss_oxide::scanner: Discovering "/home/afdal/Laboratorium/PROJECT/extensionadminaksent/cypress"
2026-03-07T17:17:26.791755Z  INFO get_files:scan_sources: tailwindcss_oxide::scanner: Discovering "/home/afdal/Laboratorium/PROJECT/extensionadminaksent/cypress/fixtures"
2026-03-07T17:17:26.791870Z  INFO get_files:scan_sources: tailwindcss_oxide::scanner: Discovering "/home/afdal/Laboratorium/PROJECT/extensionadminaksent/cypress/e2e"
2026-03-07T17:17:26.791962Z  INFO get_files:scan_sources: tailwindcss_oxide::scanner: Discovering "/home/afdal/Laboratorium/PROJECT/extensionadminaksent/cypress/support"
2026-03-07T17:17:26.792066Z  INFO get_files:scan_sources: tailwindcss_oxide::scanner: Discovering "/home/afdal/Laboratorium/PROJECT/extensionadminaksent/.vscode"
2026-03-07T17:17:26.792212Z  INFO get_files:scan_sources: tailwindcss_oxide::scanner: Discovering "/home/afdal/Laboratorium/PROJECT/extensionadminaksent/src"
2026-03-07T17:17:26.792285Z  INFO get_files:scan_sources: tailwindcss_oxide::scanner: Discovering "/home/afdal/Laboratorium/PROJECT/extensionadminaksent/src/hook"
2026-03-07T17:17:26.792364Z  INFO get_files:scan_sources: tailwindcss_oxide::scanner: Discovering "/home/afdal/Laboratorium/PROJECT/extensionadminaksent/src/hook/requests"
2026-03-07T17:17:26.792463Z  INFO get_files:scan_sources: tailwindcss_oxide::scanner: Discovering "/home/afdal/Laboratorium/PROJECT/extensionadminaksent/src/components"
2026-03-07T17:17:26.792541Z  INFO get_files:scan_sources: tailwindcss_oxide::scanner: Discovering "/home/afdal/Laboratorium/PROJECT/extensionadminaksent/src/components/customer"
2026-03-07T17:17:26.792662Z  INFO get_files:scan_sources: tailwindcss_oxide::scanner: Discovering "/home/afdal/Laboratorium/PROJECT/extensionadminaksent/src/components/input"
2026-03-07T17:17:26.792783Z  INFO get_files:scan_sources: tailwindcss_oxide::scanner: Discovering "/home/afdal/Laboratorium/PROJECT/extensionadminaksent/src/components/layout"
2026-03-07T17:17:26.792865Z  INFO get_files:scan_sources: tailwindcss_oxide::scanner: Discovering "/home/afdal/Laboratorium/PROJECT/extensionadminaksent/src/components/list"
2026-03-07T17:17:26.793225Z  INFO get_files:scan_sources: tailwindcss_oxide::scanner: Discovering "/home/afdal/Laboratorium/PROJECT/extensionadminaksent/src/components/toolbars"
2026-03-07T17:17:26.793451Z  INFO get_files:scan_sources: tailwindcss_oxide::scanner: Discovering "/home/afdal/Laboratorium/PROJECT/extensionadminaksent/src/theme"
2026-03-07T17:17:26.793691Z  INFO get_files:scan_sources: tailwindcss_oxide::scanner: Discovering "/home/afdal/Laboratorium/PROJECT/extensionadminaksent/src/utils"
2026-03-07T17:17:26.793992Z  INFO get_files:scan_sources: tailwindcss_oxide::scanner: Discovering "/home/afdal/Laboratorium/PROJECT/extensionadminaksent/src/databases"
2026-03-07T17:17:26.794215Z  INFO get_files:scan_sources: tailwindcss_oxide::scanner: Discovering "/home/afdal/Laboratorium/PROJECT/extensionadminaksent/src/databases/migrations"
2026-03-07T17:17:26.794459Z  INFO get_files:scan_sources: tailwindcss_oxide::scanner: Discovering "/home/afdal/Laboratorium/PROJECT/extensionadminaksent/src/databases/entities"
2026-03-07T17:17:26.794722Z  INFO get_files:scan_sources: tailwindcss_oxide::scanner: Discovering "/home/afdal/Laboratorium/PROJECT/extensionadminaksent/src/types"
2026-03-07T17:17:26.794956Z  INFO get_files:scan_sources: tailwindcss_oxide::scanner: Discovering "/home/afdal/Laboratorium/PROJECT/extensionadminaksent/src/pages"
2026-03-07T17:17:26.795153Z  INFO get_files:scan_sources: tailwindcss_oxide::scanner: Discovering "/home/afdal/Laboratorium/PROJECT/extensionadminaksent/src/pages/Customer"
2026-03-07T17:17:26.795424Z  INFO get_files:scan_sources: tailwindcss_oxide::scanner: Discovering "/home/afdal/Laboratorium/PROJECT/extensionadminaksent/src/pages/Home"
2026-03-07T17:17:26.795697Z  INFO get_files:scan_sources: tailwindcss_oxide::scanner: Discovering "/home/afdal/Laboratorium/PROJECT/extensionadminaksent/src/pages/Validation"
2026-03-07T17:17:26.795938Z  INFO get_files:scan_sources: tailwindcss_oxide::scanner: Discovering "/home/afdal/Laboratorium/PROJECT/extensionadminaksent/src/pages/Unpaid"
2026-03-07T17:17:26.796150Z  INFO get_files:scan_sources: tailwindcss_oxide::scanner: Discovering "/home/afdal/Laboratorium/PROJECT/extensionadminaksent/src/pages/Payment"
2026-03-07T17:17:26.796373Z  INFO get_files:scan_sources: tailwindcss_oxide::scanner: Discovering "/home/afdal/Laboratorium/PROJECT/extensionadminaksent/src/context"
2026-03-07T17:17:26.796769Z  INFO get_files:scan_sources: tailwindcss_oxide::scanner: Discovering "/home/afdal/Laboratorium/PROJECT/extensionadminaksent/public"
2026-03-07T17:17:26.797025Z  INFO get_files:scan_sources: tailwindcss_oxide::scanner: Discovering "/home/afdal/Laboratorium/PROJECT/extensionadminaksent/public/assets"
2026-03-07T17:17:26.797374Z  INFO get_files:scan_sources: tailwindcss_oxide::scanner: Discovering "/home/afdal/Laboratorium/PROJECT/extensionadminaksent/android"
2026-03-07T17:17:26.797901Z  INFO get_files:scan_sources: tailwindcss_oxide::scanner: Discovering "/home/afdal/Laboratorium/PROJECT/extensionadminaksent/android/.kotlin"
2026-03-07T17:17:26.798126Z  INFO get_files:scan_sources: tailwindcss_oxide::scanner: Discovering "/home/afdal/Laboratorium/PROJECT/extensionadminaksent/android/.kotlin/sessions"
2026-03-07T17:17:26.798376Z  INFO get_files:scan_sources: tailwindcss_oxide::scanner: Discovering "/home/afdal/Laboratorium/PROJECT/extensionadminaksent/android/gradle"
2026-03-07T17:17:26.798445Z  INFO get_files:scan_sources: tailwindcss_oxide::scanner: Discovering "/home/afdal/Laboratorium/PROJECT/extensionadminaksent/android/gradle/wrapper"
2026-03-07T17:17:26.798557Z  INFO get_files:scan_sources: tailwindcss_oxide::scanner: Discovering "/home/afdal/Laboratorium/PROJECT/extensionadminaksent/android/app"
2026-03-07T17:17:26.799148Z  INFO get_files:scan_sources: tailwindcss_oxide::scanner: Discovering "/home/afdal/Laboratorium/PROJECT/extensionadminaksent/android/app/src"
2026-03-07T17:17:26.799397Z  INFO get_files:scan_sources: tailwindcss_oxide::scanner: Discovering "/home/afdal/Laboratorium/PROJECT/extensionadminaksent/android/app/src/main"
2026-03-07T17:17:26.799635Z  INFO get_files:scan_sources: tailwindcss_oxide::scanner: Discovering "/home/afdal/Laboratorium/PROJECT/extensionadminaksent/android/app/src/main/res"
2026-03-07T17:17:26.799855Z  INFO get_files:scan_sources: tailwindcss_oxide::scanner: Discovering "/home/afdal/Laboratorium/PROJECT/extensionadminaksent/android/app/src/main/res/drawable-land-xhdpi"
2026-03-07T17:17:26.800071Z  INFO get_files:scan_sources: tailwindcss_oxide::scanner: Discovering "/home/afdal/Laboratorium/PROJECT/extensionadminaksent/android/app/src/main/res/drawable-land-xxhdpi"
2026-03-07T17:17:26.800264Z  INFO get_files:scan_sources: tailwindcss_oxide::scanner: Discovering "/home/afdal/Laboratorium/PROJECT/extensionadminaksent/android/app/src/main/res/drawable-v24"
2026-03-07T17:17:26.800471Z  INFO get_files:scan_sources: tailwindcss_oxide::scanner: Discovering "/home/afdal/Laboratorium/PROJECT/extensionadminaksent/android/app/src/main/res/drawable-port-xxxhdpi"
2026-03-07T17:17:26.800671Z  INFO get_files:scan_sources: tailwindcss_oxide::scanner: Discovering "/home/afdal/Laboratorium/PROJECT/extensionadminaksent/android/app/src/main/res/drawable-land-xxxhdpi"
2026-03-07T17:17:26.800773Z  INFO get_files:scan_sources: tailwindcss_oxide::scanner: Discovering "/home/afdal/Laboratorium/PROJECT/extensionadminaksent/android/app/src/main/res/drawable-port-xxhdpi"
2026-03-07T17:17:26.800853Z  INFO get_files:scan_sources: tailwindcss_oxide::scanner: Discovering "/home/afdal/Laboratorium/PROJECT/extensionadminaksent/android/app/src/main/res/mipmap-hdpi"
2026-03-07T17:17:26.800938Z  INFO get_files:scan_sources: tailwindcss_oxide::scanner: Discovering "/home/afdal/Laboratorium/PROJECT/extensionadminaksent/android/app/src/main/res/drawable-land-hdpi"
2026-03-07T17:17:26.801018Z  INFO get_files:scan_sources: tailwindcss_oxide::scanner: Discovering "/home/afdal/Laboratorium/PROJECT/extensionadminaksent/android/app/src/main/res/xml"
2026-03-07T17:17:26.801113Z  INFO get_files:scan_sources: tailwindcss_oxide::scanner: Discovering "/home/afdal/Laboratorium/PROJECT/extensionadminaksent/android/app/src/main/res/mipmap-xhdpi"
2026-03-07T17:17:26.801204Z  INFO get_files:scan_sources: tailwindcss_oxide::scanner: Discovering "/home/afdal/Laboratorium/PROJECT/extensionadminaksent/android/app/src/main/res/drawable-land-mdpi"
2026-03-07T17:17:26.801282Z  INFO get_files:scan_sources: tailwindcss_oxide::scanner: Discovering "/home/afdal/Laboratorium/PROJECT/extensionadminaksent/android/app/src/main/res/drawable-port-hdpi"
2026-03-07T17:17:26.801358Z  INFO get_files:scan_sources: tailwindcss_oxide::scanner: Discovering "/home/afdal/Laboratorium/PROJECT/extensionadminaksent/android/app/src/main/res/mipmap-xxhdpi"
2026-03-07T17:17:26.801444Z  INFO get_files:scan_sources: tailwindcss_oxide::scanner: Discovering "/home/afdal/Laboratorium/PROJECT/extensionadminaksent/android/app/src/main/res/mipmap-mdpi"
2026-03-07T17:17:26.801526Z  INFO get_files:scan_sources: tailwindcss_oxide::scanner: Discovering "/home/afdal/Laboratorium/PROJECT/extensionadminaksent/android/app/src/main/res/drawable"
2026-03-07T17:17:26.801624Z  INFO get_files:scan_sources: tailwindcss_oxide::scanner: Discovering "/home/afdal/Laboratorium/PROJECT/extensionadminaksent/android/app/src/main/res/drawable-port-xhdpi"
2026-03-07T17:17:26.801706Z  INFO get_files:scan_sources: tailwindcss_oxide::scanner: Discovering "/home/afdal/Laboratorium/PROJECT/extensionadminaksent/android/app/src/main/res/mipmap-xxxhdpi"
2026-03-07T17:17:26.801795Z  INFO get_files:scan_sources: tailwindcss_oxide::scanner: Discovering "/home/afdal/Laboratorium/PROJECT/extensionadminaksent/android/app/src/main/res/layout"
2026-03-07T17:17:26.801890Z  INFO get_files:scan_sources: tailwindcss_oxide::scanner: Discovering "/home/afdal/Laboratorium/PROJECT/extensionadminaksent/android/app/src/main/res/mipmap-anydpi-v26"
2026-03-07T17:17:26.802000Z  INFO get_files:scan_sources: tailwindcss_oxide::scanner: Discovering "/home/afdal/Laboratorium/PROJECT/extensionadminaksent/android/app/src/main/res/drawable-port-mdpi"
2026-03-07T17:17:26.802100Z  INFO get_files:scan_sources: tailwindcss_oxide::scanner: Discovering "/home/afdal/Laboratorium/PROJECT/extensionadminaksent/android/app/src/main/res/values"
2026-03-07T17:17:26.802230Z  INFO get_files:scan_sources: tailwindcss_oxide::scanner: Discovering "/home/afdal/Laboratorium/PROJECT/extensionadminaksent/android/app/src/main/java"
2026-03-07T17:17:26.802292Z  INFO get_files:scan_sources: tailwindcss_oxide::scanner: Discovering "/home/afdal/Laboratorium/PROJECT/extensionadminaksent/android/app/src/main/java/io"
2026-03-07T17:17:26.802360Z  INFO get_files:scan_sources: tailwindcss_oxide::scanner: Discovering "/home/afdal/Laboratorium/PROJECT/extensionadminaksent/android/app/src/main/java/io/ionic"
2026-03-07T17:17:26.802433Z  INFO get_files:scan_sources: tailwindcss_oxide::scanner: Discovering "/home/afdal/Laboratorium/PROJECT/extensionadminaksent/android/app/src/main/java/io/ionic/starter"
2026-03-07T17:17:26.802545Z  INFO get_files:scan_sources: tailwindcss_oxide::scanner: Discovering "/home/afdal/Laboratorium/PROJECT/extensionadminaksent/android/app/src/main/assets"
2026-03-07T17:17:26.802908Z  INFO get_files:scan_sources: tailwindcss_oxide::scanner: Discovering "/home/afdal/Laboratorium/PROJECT/extensionadminaksent/android/app/src/androidTest"
2026-03-07T17:17:26.803134Z  INFO get_files:scan_sources: tailwindcss_oxide::scanner: Discovering "/home/afdal/Laboratorium/PROJECT/extensionadminaksent/android/app/src/androidTest/java"
2026-03-07T17:17:26.803320Z  INFO get_files:scan_sources: tailwindcss_oxide::scanner: Discovering "/home/afdal/Laboratorium/PROJECT/extensionadminaksent/android/app/src/androidTest/java/com"
2026-03-07T17:17:26.803498Z  INFO get_files:scan_sources: tailwindcss_oxide::scanner: Discovering "/home/afdal/Laboratorium/PROJECT/extensionadminaksent/android/app/src/androidTest/java/com/getcapacitor"
2026-03-07T17:17:26.803687Z  INFO get_files:scan_sources: tailwindcss_oxide::scanner: Discovering "/home/afdal/Laboratorium/PROJECT/extensionadminaksent/android/app/src/androidTest/java/com/getcapacitor/myapp"
2026-03-07T17:17:26.803916Z  INFO get_files:scan_sources: tailwindcss_oxide::scanner: Discovering "/home/afdal/Laboratorium/PROJECT/extensionadminaksent/android/app/src/test"
2026-03-07T17:17:26.804088Z  INFO get_files:scan_sources: tailwindcss_oxide::scanner: Discovering "/home/afdal/Laboratorium/PROJECT/extensionadminaksent/android/app/src/test/java"
2026-03-07T17:17:26.804257Z  INFO get_files:scan_sources: tailwindcss_oxide::scanner: Discovering "/home/afdal/Laboratorium/PROJECT/extensionadminaksent/android/app/src/test/java/com"
2026-03-07T17:17:26.804428Z  INFO get_files:scan_sources: tailwindcss_oxide::scanner: Discovering "/home/afdal/Laboratorium/PROJECT/extensionadminaksent/android/app/src/test/java/com/getcapacitor"
2026-03-07T17:17:26.804613Z  INFO get_files:scan_sources: tailwindcss_oxide::scanner: Discovering "/home/afdal/Laboratorium/PROJECT/extensionadminaksent/android/app/src/test/java/com/getcapacitor/myapp"
2026-03-07T17:17:26.805273Z  INFO get_files:scan_sources: tailwindcss_oxide::scanner: exit
2026-03-07T17:17:26.806032Z  INFO get_files: tailwindcss_oxide::scanner: exit
2026-03-07T17:17:26.807024Z  INFO get_globs: tailwindcss_oxide::scanner: enter
2026-03-07T17:17:26.807083Z  INFO get_globs: tailwindcss_oxide::scanner: exit
2026-03-07T17:20:32.860013Z  INFO scan_sources: tailwindcss_oxide::scanner: enter
2026-03-07T17:20:32.862939Z  INFO scan_sources: tailwindcss_oxide::scanner: Discovering "/home/afdal/Laboratorium/PROJECT/extensionadminaksent/scripts"
2026-03-07T17:20:32.863346Z  INFO scan_sources: tailwindcss_oxide::scanner: Discovering "/home/afdal/Laboratorium/PROJECT/extensionadminaksent/cypress"
2026-03-07T17:20:32.863597Z  INFO scan_sources: tailwindcss_oxide::scanner: Discovering "/home/afdal/Laboratorium/PROJECT/extensionadminaksent/cypress/fixtures"
2026-03-07T17:20:32.863885Z  INFO scan_sources: tailwindcss_oxide::scanner: Discovering "/home/afdal/Laboratorium/PROJECT/extensionadminaksent/cypress/e2e"
2026-03-07T17:20:32.864216Z  INFO scan_sources: tailwindcss_oxide::scanner: Discovering "/home/afdal/Laboratorium/PROJECT/extensionadminaksent/cypress/support"
2026-03-07T17:20:32.864638Z  INFO scan_sources: tailwindcss_oxide::scanner: Discovering "/home/afdal/Laboratorium/PROJECT/extensionadminaksent/.vscode"
2026-03-07T17:20:32.865109Z  INFO scan_sources: tailwindcss_oxide::scanner: Discovering "/home/afdal/Laboratorium/PROJECT/extensionadminaksent/src"
2026-03-07T17:20:32.865337Z  INFO scan_sources: tailwindcss_oxide::scanner: Discovering "/home/afdal/Laboratorium/PROJECT/extensionadminaksent/src/hook"
2026-03-07T17:20:32.865678Z  INFO scan_sources: tailwindcss_oxide::scanner: Discovering "/home/afdal/Laboratorium/PROJECT/extensionadminaksent/src/hook/requests"
2026-03-07T17:20:32.866007Z  INFO scan_sources: tailwindcss_oxide::scanner: Discovering "/home/afdal/Laboratorium/PROJECT/extensionadminaksent/src/components"
2026-03-07T17:20:32.866277Z  INFO scan_sources: tailwindcss_oxide::scanner: Discovering "/home/afdal/Laboratorium/PROJECT/extensionadminaksent/src/components/customer"
2026-03-07T17:20:32.866683Z  INFO scan_sources: tailwindcss_oxide::scanner: Discovering "/home/afdal/Laboratorium/PROJECT/extensionadminaksent/src/components/input"
2026-03-07T17:20:32.867111Z  INFO scan_sources: tailwindcss_oxide::scanner: Discovering "/home/afdal/Laboratorium/PROJECT/extensionadminaksent/src/components/layout"
2026-03-07T17:20:32.867470Z  INFO scan_sources: tailwindcss_oxide::scanner: Discovering "/home/afdal/Laboratorium/PROJECT/extensionadminaksent/src/components/list"
2026-03-07T17:20:32.868044Z  INFO scan_sources: tailwindcss_oxide::scanner: Discovering "/home/afdal/Laboratorium/PROJECT/extensionadminaksent/src/components/toolbars"
2026-03-07T17:20:32.868491Z  INFO scan_sources: tailwindcss_oxide::scanner: Discovering "/home/afdal/Laboratorium/PROJECT/extensionadminaksent/src/theme"
2026-03-07T17:20:32.869041Z  INFO scan_sources: tailwindcss_oxide::scanner: Discovering "/home/afdal/Laboratorium/PROJECT/extensionadminaksent/src/utils"
2026-03-07T17:20:32.869398Z  INFO scan_sources: tailwindcss_oxide::scanner: Discovering "/home/afdal/Laboratorium/PROJECT/extensionadminaksent/src/utils/payment.ts"
2026-03-07T17:20:32.869816Z  INFO scan_sources: tailwindcss_oxide::scanner: Discovering "/home/afdal/Laboratorium/PROJECT/extensionadminaksent/src/databases"
2026-03-07T17:20:32.870103Z  INFO scan_sources: tailwindcss_oxide::scanner: Discovering "/home/afdal/Laboratorium/PROJECT/extensionadminaksent/src/databases/migrations"
2026-03-07T17:20:32.870612Z  INFO scan_sources: tailwindcss_oxide::scanner: Discovering "/home/afdal/Laboratorium/PROJECT/extensionadminaksent/src/databases/entities"
2026-03-07T17:20:32.871024Z  INFO scan_sources: tailwindcss_oxide::scanner: Discovering "/home/afdal/Laboratorium/PROJECT/extensionadminaksent/src/types"
2026-03-07T17:20:32.871351Z  INFO scan_sources: tailwindcss_oxide::scanner: Discovering "/home/afdal/Laboratorium/PROJECT/extensionadminaksent/src/pages"
2026-03-07T17:20:32.871617Z  INFO scan_sources: tailwindcss_oxide::scanner: Discovering "/home/afdal/Laboratorium/PROJECT/extensionadminaksent/src/pages/Customer"
2026-03-07T17:20:32.871952Z  INFO scan_sources: tailwindcss_oxide::scanner: Discovering "/home/afdal/Laboratorium/PROJECT/extensionadminaksent/src/pages/Home"
2026-03-07T17:20:32.872243Z  INFO scan_sources: tailwindcss_oxide::scanner: Discovering "/home/afdal/Laboratorium/PROJECT/extensionadminaksent/src/pages/Validation"
2026-03-07T17:20:32.872497Z  INFO scan_sources: tailwindcss_oxide::scanner: Discovering "/home/afdal/Laboratorium/PROJECT/extensionadminaksent/src/pages/Unpaid"
2026-03-07T17:20:32.872806Z  INFO scan_sources: tailwindcss_oxide::scanner: Discovering "/home/afdal/Laboratorium/PROJECT/extensionadminaksent/src/pages/Payment"
2026-03-07T17:20:32.873402Z  INFO scan_sources: tailwindcss_oxide::scanner: Discovering "/home/afdal/Laboratorium/PROJECT/extensionadminaksent/src/context"
2026-03-07T17:20:32.874309Z  INFO scan_sources: tailwindcss_oxide::scanner: Discovering "/home/afdal/Laboratorium/PROJECT/extensionadminaksent/public"
2026-03-07T17:20:32.874700Z  INFO scan_sources: tailwindcss_oxide::scanner: Discovering "/home/afdal/Laboratorium/PROJECT/extensionadminaksent/public/assets"
2026-03-07T17:20:32.875375Z  INFO scan_sources: tailwindcss_oxide::scanner: Discovering "/home/afdal/Laboratorium/PROJECT/extensionadminaksent/android"
2026-03-07T17:20:32.876795Z  INFO scan_sources: tailwindcss_oxide::scanner: Discovering "/home/afdal/Laboratorium/PROJECT/extensionadminaksent/android/.kotlin"
2026-03-07T17:20:32.877519Z  INFO scan_sources: tailwindcss_oxide::scanner: Discovering "/home/afdal/Laboratorium/PROJECT/extensionadminaksent/android/.kotlin/sessions"
2026-03-07T17:20:32.878747Z  INFO scan_sources: tailwindcss_oxide::scanner: Discovering "/home/afdal/Laboratorium/PROJECT/extensionadminaksent/android/gradle"
2026-03-07T17:20:32.879450Z  INFO scan_sources: tailwindcss_oxide::scanner: Discovering "/home/afdal/Laboratorium/PROJECT/extensionadminaksent/android/gradle/wrapper"
2026-03-07T17:20:32.880339Z  INFO scan_sources: tailwindcss_oxide::scanner: Discovering "/home/afdal/Laboratorium/PROJECT/extensionadminaksent/android/app"
2026-03-07T17:20:32.881366Z  INFO scan_sources: tailwindcss_oxide::scanner: Discovering "/home/afdal/Laboratorium/PROJECT/extensionadminaksent/android/app/src"
2026-03-07T17:20:32.882636Z  INFO scan_sources: tailwindcss_oxide::scanner: Discovering "/home/afdal/Laboratorium/PROJECT/extensionadminaksent/android/app/src/main"
2026-03-07T17:20:32.883480Z  INFO scan_sources: tailwindcss_oxide::scanner: Discovering "/home/afdal/Laboratorium/PROJECT/extensionadminaksent/android/app/src/main/res"
2026-03-07T17:20:32.884214Z  INFO scan_sources: tailwindcss_oxide::scanner: Discovering "/home/afdal/Laboratorium/PROJECT/extensionadminaksent/android/app/src/main/res/drawable-land-xhdpi"
2026-03-07T17:20:32.884906Z  INFO scan_sources: tailwindcss_oxide::scanner: Discovering "/home/afdal/Laboratorium/PROJECT/extensionadminaksent/android/app/src/main/res/drawable-land-xxhdpi"
2026-03-07T17:20:32.885226Z  INFO scan_sources: tailwindcss_oxide::scanner: Discovering "/home/afdal/Laboratorium/PROJECT/extensionadminaksent/android/app/src/main/res/drawable-v24"
2026-03-07T17:20:32.886148Z  INFO scan_sources: tailwindcss_oxide::scanner: Discovering "/home/afdal/Laboratorium/PROJECT/extensionadminaksent/android/app/src/main/res/drawable-port-xxxhdpi"
2026-03-07T17:20:32.886987Z  INFO scan_sources: tailwindcss_oxide::scanner: Discovering "/home/afdal/Laboratorium/PROJECT/extensionadminaksent/android/app/src/main/res/drawable-land-xxxhdpi"
2026-03-07T17:20:32.887694Z  INFO scan_sources: tailwindcss_oxide::scanner: Discovering "/home/afdal/Laboratorium/PROJECT/extensionadminaksent/android/app/src/main/res/drawable-port-xxhdpi"
2026-03-07T17:20:32.888072Z  INFO scan_sources: tailwindcss_oxide::scanner: Discovering "/home/afdal/Laboratorium/PROJECT/extensionadminaksent/android/app/src/main/res/mipmap-hdpi"
2026-03-07T17:20:32.888418Z  INFO scan_sources: tailwindcss_oxide::scanner: Discovering "/home/afdal/Laboratorium/PROJECT/extensionadminaksent/android/app/src/main/res/drawable-land-hdpi"
2026-03-07T17:20:32.888715Z  INFO scan_sources: tailwindcss_oxide::scanner: Discovering "/home/afdal/Laboratorium/PROJECT/extensionadminaksent/android/app/src/main/res/xml"
2026-03-07T17:20:32.889059Z  INFO scan_sources: tailwindcss_oxide::scanner: Discovering "/home/afdal/Laboratorium/PROJECT/extensionadminaksent/android/app/src/main/res/mipmap-xhdpi"
2026-03-07T17:20:32.889347Z  INFO scan_sources: tailwindcss_oxide::scanner: Discovering "/home/afdal/Laboratorium/PROJECT/extensionadminaksent/android/app/src/main/res/drawable-land-mdpi"
2026-03-07T17:20:32.890072Z  INFO scan_sources: tailwindcss_oxide::scanner: Discovering "/home/afdal/Laboratorium/PROJECT/extensionadminaksent/android/app/src/main/res/drawable-port-hdpi"
2026-03-07T17:20:32.890394Z  INFO scan_sources: tailwindcss_oxide::scanner: Discovering "/home/afdal/Laboratorium/PROJECT/extensionadminaksent/android/app/src/main/res/mipmap-xxhdpi"
2026-03-07T17:20:32.890720Z  INFO scan_sources: tailwindcss_oxide::scanner: Discovering "/home/afdal/Laboratorium/PROJECT/extensionadminaksent/android/app/src/main/res/mipmap-mdpi"
2026-03-07T17:20:32.891413Z  INFO scan_sources: tailwindcss_oxide::scanner: Discovering "/home/afdal/Laboratorium/PROJECT/extensionadminaksent/android/app/src/main/res/drawable"
2026-03-07T17:20:32.892107Z  INFO scan_sources: tailwindcss_oxide::scanner: Discovering "/home/afdal/Laboratorium/PROJECT/extensionadminaksent/android/app/src/main/res/drawable-port-xhdpi"
2026-03-07T17:20:32.892767Z  INFO scan_sources: tailwindcss_oxide::scanner: Discovering "/home/afdal/Laboratorium/PROJECT/extensionadminaksent/android/app/src/main/res/mipmap-xxxhdpi"
2026-03-07T17:20:32.893413Z  INFO scan_sources: tailwindcss_oxide::scanner: Discovering "/home/afdal/Laboratorium/PROJECT/extensionadminaksent/android/app/src/main/res/layout"
2026-03-07T17:20:32.894088Z  INFO scan_sources: tailwindcss_oxide::scanner: Discovering "/home/afdal/Laboratorium/PROJECT/extensionadminaksent/android/app/src/main/res/mipmap-anydpi-v26"
2026-03-07T17:20:32.894481Z  INFO scan_sources: tailwindcss_oxide::scanner: Discovering "/home/afdal/Laboratorium/PROJECT/extensionadminaksent/android/app/src/main/res/drawable-port-mdpi"
2026-03-07T17:20:32.894779Z  INFO scan_sources: tailwindcss_oxide::scanner: Discovering "/home/afdal/Laboratorium/PROJECT/extensionadminaksent/android/app/src/main/res/values"
2026-03-07T17:20:32.895249Z  INFO scan_sources: tailwindcss_oxide::scanner: Discovering "/home/afdal/Laboratorium/PROJECT/extensionadminaksent/android/app/src/main/java"
2026-03-07T17:20:32.895514Z  INFO scan_sources: tailwindcss_oxide::scanner: Discovering "/home/afdal/Laboratorium/PROJECT/extensionadminaksent/android/app/src/main/java/io"
2026-03-07T17:20:32.895818Z  INFO scan_sources: tailwindcss_oxide::scanner: Discovering "/home/afdal/Laboratorium/PROJECT/extensionadminaksent/android/app/src/main/java/io/ionic"
2026-03-07T17:20:32.896106Z  INFO scan_sources: tailwindcss_oxide::scanner: Discovering "/home/afdal/Laboratorium/PROJECT/extensionadminaksent/android/app/src/main/java/io/ionic/starter"
2026-03-07T17:20:32.896494Z  INFO scan_sources: tailwindcss_oxide::scanner: Discovering "/home/afdal/Laboratorium/PROJECT/extensionadminaksent/android/app/src/main/assets"
2026-03-07T17:20:32.897018Z  INFO scan_sources: tailwindcss_oxide::scanner: Discovering "/home/afdal/Laboratorium/PROJECT/extensionadminaksent/android/app/src/androidTest"
2026-03-07T17:20:32.897227Z  INFO scan_sources: tailwindcss_oxide::scanner: Discovering "/home/afdal/Laboratorium/PROJECT/extensionadminaksent/android/app/src/androidTest/java"
2026-03-07T17:20:32.897435Z  INFO scan_sources: tailwindcss_oxide::scanner: Discovering "/home/afdal/Laboratorium/PROJECT/extensionadminaksent/android/app/src/androidTest/java/com"
2026-03-07T17:20:32.897699Z  INFO scan_sources: tailwindcss_oxide::scanner: Discovering "/home/afdal/Laboratorium/PROJECT/extensionadminaksent/android/app/src/androidTest/java/com/getcapacitor"
2026-03-07T17:20:32.897944Z  INFO scan_sources: tailwindcss_oxide::scanner: Discovering "/home/afdal/Laboratorium/PROJECT/extensionadminaksent/android/app/src/androidTest/java/com/getcapacitor/myapp"
2026-03-07T17:20:32.898334Z  INFO scan_sources: tailwindcss_oxide::scanner: Discovering "/home/afdal/Laboratorium/PROJECT/extensionadminaksent/android/app/src/test"
2026-03-07T17:20:32.898598Z  INFO scan_sources: tailwindcss_oxide::scanner: Discovering "/home/afdal/Laboratorium/PROJECT/extensionadminaksent/android/app/src/test/java"
2026-03-07T17:20:32.898833Z  INFO scan_sources: tailwindcss_oxide::scanner: Discovering "/home/afdal/Laboratorium/PROJECT/extensionadminaksent/android/app/src/test/java/com"
2026-03-07T17:20:32.899094Z  INFO scan_sources: tailwindcss_oxide::scanner: Discovering "/home/afdal/Laboratorium/PROJECT/extensionadminaksent/android/app/src/test/java/com/getcapacitor"
2026-03-07T17:20:32.899325Z  INFO scan_sources: tailwindcss_oxide::scanner: Discovering "/home/afdal/Laboratorium/PROJECT/extensionadminaksent/android/app/src/test/java/com/getcapacitor/myapp"
2026-03-07T17:20:32.901421Z  INFO scan_sources: tailwindcss_oxide::scanner: exit
2026-03-07T17:20:32.901506Z  INFO extract_candidates: tailwindcss_oxide::scanner: enter
2026-03-07T17:20:32.901542Z  INFO extract_candidates:read_all_files: tailwindcss_oxide::scanner: enter
2026-03-07T17:20:32.901593Z  INFO extract_candidates:read_all_files: tailwindcss_oxide::scanner: Reading 1 file(s)
2026-03-07T17:20:32.901841Z  INFO extract_candidates:read_all_files: tailwindcss_oxide::scanner: Reading "/home/afdal/Laboratorium/PROJECT/extensionadminaksent/src/utils/payment.ts"
2026-03-07T17:20:32.901896Z  INFO extract_candidates:read_all_files: tailwindcss_oxide::scanner: exit
2026-03-07T17:20:32.901951Z  INFO extract_candidates:parse_all_blobs: tailwindcss_oxide::scanner: enter
2026-03-07T17:20:32.901982Z  INFO extract_candidates:parse_all_blobs:extract: tailwindcss_oxide::scanner: enter
2026-03-07T17:20:32.902964Z  INFO extract_candidates:parse_all_blobs:extract: tailwindcss_oxide::scanner: exit
2026-03-07T17:20:32.903050Z  INFO extract_candidates:parse_all_blobs: tailwindcss_oxide::scanner: exit
2026-03-07T17:20:32.903286Z  INFO extract_candidates: tailwindcss_oxide::scanner: exit
2026-03-07T17:20:32.908888Z  INFO get_files: tailwindcss_oxide::scanner: enter
2026-03-07T17:20:32.908956Z  INFO get_files:scan_sources: tailwindcss_oxide::scanner: enter
2026-03-07T17:20:32.911614Z  INFO get_files:scan_sources: tailwindcss_oxide::scanner: Discovering "/home/afdal/Laboratorium/PROJECT/extensionadminaksent/scripts"
2026-03-07T17:20:32.912033Z  INFO get_files:scan_sources: tailwindcss_oxide::scanner: Discovering "/home/afdal/Laboratorium/PROJECT/extensionadminaksent/cypress"
2026-03-07T17:20:32.912288Z  INFO get_files:scan_sources: tailwindcss_oxide::scanner: Discovering "/home/afdal/Laboratorium/PROJECT/extensionadminaksent/cypress/fixtures"
2026-03-07T17:20:32.912607Z  INFO get_files:scan_sources: tailwindcss_oxide::scanner: Discovering "/home/afdal/Laboratorium/PROJECT/extensionadminaksent/cypress/e2e"
2026-03-07T17:20:32.912967Z  INFO get_files:scan_sources: tailwindcss_oxide::scanner: Discovering "/home/afdal/Laboratorium/PROJECT/extensionadminaksent/cypress/support"
2026-03-07T17:20:32.913332Z  INFO get_files:scan_sources: tailwindcss_oxide::scanner: Discovering "/home/afdal/Laboratorium/PROJECT/extensionadminaksent/.vscode"
2026-03-07T17:20:32.913984Z  INFO get_files:scan_sources: tailwindcss_oxide::scanner: Discovering "/home/afdal/Laboratorium/PROJECT/extensionadminaksent/src"
2026-03-07T17:20:32.916138Z  INFO get_files:scan_sources: tailwindcss_oxide::scanner: Discovering "/home/afdal/Laboratorium/PROJECT/extensionadminaksent/src/hook"
2026-03-07T17:20:32.916508Z  INFO get_files:scan_sources: tailwindcss_oxide::scanner: Discovering "/home/afdal/Laboratorium/PROJECT/extensionadminaksent/src/hook/requests"
2026-03-07T17:20:32.916872Z  INFO get_files:scan_sources: tailwindcss_oxide::scanner: Discovering "/home/afdal/Laboratorium/PROJECT/extensionadminaksent/src/components"
2026-03-07T17:20:32.917177Z  INFO get_files:scan_sources: tailwindcss_oxide::scanner: Discovering "/home/afdal/Laboratorium/PROJECT/extensionadminaksent/src/components/customer"
2026-03-07T17:20:32.917697Z  INFO get_files:scan_sources: tailwindcss_oxide::scanner: Discovering "/home/afdal/Laboratorium/PROJECT/extensionadminaksent/src/components/input"
2026-03-07T17:20:32.918092Z  INFO get_files:scan_sources: tailwindcss_oxide::scanner: Discovering "/home/afdal/Laboratorium/PROJECT/extensionadminaksent/src/components/layout"
2026-03-07T17:20:32.918395Z  INFO get_files:scan_sources: tailwindcss_oxide::scanner: Discovering "/home/afdal/Laboratorium/PROJECT/extensionadminaksent/src/components/list"
2026-03-07T17:20:32.918764Z  INFO get_files:scan_sources: tailwindcss_oxide::scanner: Discovering "/home/afdal/Laboratorium/PROJECT/extensionadminaksent/src/components/toolbars"
2026-03-07T17:20:32.919118Z  INFO get_files:scan_sources: tailwindcss_oxide::scanner: Discovering "/home/afdal/Laboratorium/PROJECT/extensionadminaksent/src/theme"
2026-03-07T17:20:32.919515Z  INFO get_files:scan_sources: tailwindcss_oxide::scanner: Discovering "/home/afdal/Laboratorium/PROJECT/extensionadminaksent/src/utils"
2026-03-07T17:20:32.920114Z  INFO get_files:scan_sources: tailwindcss_oxide::scanner: Discovering "/home/afdal/Laboratorium/PROJECT/extensionadminaksent/src/databases"
2026-03-07T17:20:32.920411Z  INFO get_files:scan_sources: tailwindcss_oxide::scanner: Discovering "/home/afdal/Laboratorium/PROJECT/extensionadminaksent/src/databases/migrations"
2026-03-07T17:20:32.920825Z  INFO get_files:scan_sources: tailwindcss_oxide::scanner: Discovering "/home/afdal/Laboratorium/PROJECT/extensionadminaksent/src/databases/entities"
2026-03-07T17:20:32.921213Z  INFO get_files:scan_sources: tailwindcss_oxide::scanner: Discovering "/home/afdal/Laboratorium/PROJECT/extensionadminaksent/src/types"
2026-03-07T17:20:32.921469Z  INFO get_files:scan_sources: tailwindcss_oxide::scanner: Discovering "/home/afdal/Laboratorium/PROJECT/extensionadminaksent/src/pages"
2026-03-07T17:20:32.921695Z  INFO get_files:scan_sources: tailwindcss_oxide::scanner: Discovering "/home/afdal/Laboratorium/PROJECT/extensionadminaksent/src/pages/Customer"
2026-03-07T17:20:32.922017Z  INFO get_files:scan_sources: tailwindcss_oxide::scanner: Discovering "/home/afdal/Laboratorium/PROJECT/extensionadminaksent/src/pages/Home"
2026-03-07T17:20:32.922314Z  INFO get_files:scan_sources: tailwindcss_oxide::scanner: Discovering "/home/afdal/Laboratorium/PROJECT/extensionadminaksent/src/pages/Validation"
2026-03-07T17:20:32.922586Z  INFO get_files:scan_sources: tailwindcss_oxide::scanner: Discovering "/home/afdal/Laboratorium/PROJECT/extensionadminaksent/src/pages/Unpaid"
2026-03-07T17:20:32.922874Z  INFO get_files:scan_sources: tailwindcss_oxide::scanner: Discovering "/home/afdal/Laboratorium/PROJECT/extensionadminaksent/src/pages/Payment"
2026-03-07T17:20:32.923278Z  INFO get_files:scan_sources: tailwindcss_oxide::scanner: Discovering "/home/afdal/Laboratorium/PROJECT/extensionadminaksent/src/context"
2026-03-07T17:20:32.924288Z  INFO get_files:scan_sources: tailwindcss_oxide::scanner: Discovering "/home/afdal/Laboratorium/PROJECT/extensionadminaksent/public"
2026-03-07T17:20:32.924642Z  INFO get_files:scan_sources: tailwindcss_oxide::scanner: Discovering "/home/afdal/Laboratorium/PROJECT/extensionadminaksent/public/assets"
2026-03-07T17:20:32.925505Z  INFO get_files:scan_sources: tailwindcss_oxide::scanner: Discovering "/home/afdal/Laboratorium/PROJECT/extensionadminaksent/android"
2026-03-07T17:20:32.926890Z  INFO get_files:scan_sources: tailwindcss_oxide::scanner: Discovering "/home/afdal/Laboratorium/PROJECT/extensionadminaksent/android/.kotlin"
2026-03-07T17:20:32.927183Z  INFO get_files:scan_sources: tailwindcss_oxide::scanner: Discovering "/home/afdal/Laboratorium/PROJECT/extensionadminaksent/android/.kotlin/sessions"
2026-03-07T17:20:32.928085Z  INFO get_files:scan_sources: tailwindcss_oxide::scanner: Discovering "/home/afdal/Laboratorium/PROJECT/extensionadminaksent/android/gradle"
2026-03-07T17:20:32.928401Z  INFO get_files:scan_sources: tailwindcss_oxide::scanner: Discovering "/home/afdal/Laboratorium/PROJECT/extensionadminaksent/android/gradle/wrapper"
2026-03-07T17:20:32.928807Z  INFO get_files:scan_sources: tailwindcss_oxide::scanner: Discovering "/home/afdal/Laboratorium/PROJECT/extensionadminaksent/android/app"
2026-03-07T17:20:32.929339Z  INFO get_files:scan_sources: tailwindcss_oxide::scanner: Discovering "/home/afdal/Laboratorium/PROJECT/extensionadminaksent/android/app/src"
2026-03-07T17:20:32.929596Z  INFO get_files:scan_sources: tailwindcss_oxide::scanner: Discovering "/home/afdal/Laboratorium/PROJECT/extensionadminaksent/android/app/src/main"
2026-03-07T17:20:32.929815Z  INFO get_files:scan_sources: tailwindcss_oxide::scanner: Discovering "/home/afdal/Laboratorium/PROJECT/extensionadminaksent/android/app/src/main/res"
2026-03-07T17:20:32.930083Z  INFO get_files:scan_sources: tailwindcss_oxide::scanner: Discovering "/home/afdal/Laboratorium/PROJECT/extensionadminaksent/android/app/src/main/res/drawable-land-xhdpi"
2026-03-07T17:20:32.930313Z  INFO get_files:scan_sources: tailwindcss_oxide::scanner: Discovering "/home/afdal/Laboratorium/PROJECT/extensionadminaksent/android/app/src/main/res/drawable-land-xxhdpi"
2026-03-07T17:20:32.930481Z  INFO get_files:scan_sources: tailwindcss_oxide::scanner: Discovering "/home/afdal/Laboratorium/PROJECT/extensionadminaksent/android/app/src/main/res/drawable-v24"
2026-03-07T17:20:32.930741Z  INFO get_files:scan_sources: tailwindcss_oxide::scanner: Discovering "/home/afdal/Laboratorium/PROJECT/extensionadminaksent/android/app/src/main/res/drawable-port-xxxhdpi"
2026-03-07T17:20:32.930947Z  INFO get_files:scan_sources: tailwindcss_oxide::scanner: Discovering "/home/afdal/Laboratorium/PROJECT/extensionadminaksent/android/app/src/main/res/drawable-land-xxxhdpi"
2026-03-07T17:20:32.931164Z  INFO get_files:scan_sources: tailwindcss_oxide::scanner: Discovering "/home/afdal/Laboratorium/PROJECT/extensionadminaksent/android/app/src/main/res/drawable-port-xxhdpi"
2026-03-07T17:20:32.931406Z  INFO get_files:scan_sources: tailwindcss_oxide::scanner: Discovering "/home/afdal/Laboratorium/PROJECT/extensionadminaksent/android/app/src/main/res/mipmap-hdpi"
2026-03-07T17:20:32.931646Z  INFO get_files:scan_sources: tailwindcss_oxide::scanner: Discovering "/home/afdal/Laboratorium/PROJECT/extensionadminaksent/android/app/src/main/res/drawable-land-hdpi"
2026-03-07T17:20:32.931836Z  INFO get_files:scan_sources: tailwindcss_oxide::scanner: Discovering "/home/afdal/Laboratorium/PROJECT/extensionadminaksent/android/app/src/main/res/xml"
2026-03-07T17:20:32.932052Z  INFO get_files:scan_sources: tailwindcss_oxide::scanner: Discovering "/home/afdal/Laboratorium/PROJECT/extensionadminaksent/android/app/src/main/res/mipmap-xhdpi"
2026-03-07T17:20:32.932252Z  INFO get_files:scan_sources: tailwindcss_oxide::scanner: Discovering "/home/afdal/Laboratorium/PROJECT/extensionadminaksent/android/app/src/main/res/drawable-land-mdpi"
2026-03-07T17:20:32.932422Z  INFO get_files:scan_sources: tailwindcss_oxide::scanner: Discovering "/home/afdal/Laboratorium/PROJECT/extensionadminaksent/android/app/src/main/res/drawable-port-hdpi"
2026-03-07T17:20:32.932849Z  INFO get_files:scan_sources: tailwindcss_oxide::scanner: Discovering "/home/afdal/Laboratorium/PROJECT/extensionadminaksent/android/app/src/main/res/mipmap-xxhdpi"
2026-03-07T17:20:32.933073Z  INFO get_files:scan_sources: tailwindcss_oxide::scanner: Discovering "/home/afdal/Laboratorium/PROJECT/extensionadminaksent/android/app/src/main/res/mipmap-mdpi"
2026-03-07T17:20:32.933263Z  INFO get_files:scan_sources: tailwindcss_oxide::scanner: Discovering "/home/afdal/Laboratorium/PROJECT/extensionadminaksent/android/app/src/main/res/drawable"
2026-03-07T17:20:32.933468Z  INFO get_files:scan_sources: tailwindcss_oxide::scanner: Discovering "/home/afdal/Laboratorium/PROJECT/extensionadminaksent/android/app/src/main/res/drawable-port-xhdpi"
2026-03-07T17:20:32.933665Z  INFO get_files:scan_sources: tailwindcss_oxide::scanner: Discovering "/home/afdal/Laboratorium/PROJECT/extensionadminaksent/android/app/src/main/res/mipmap-xxxhdpi"
2026-03-07T17:20:32.934002Z  INFO get_files:scan_sources: tailwindcss_oxide::scanner: Discovering "/home/afdal/Laboratorium/PROJECT/extensionadminaksent/android/app/src/main/res/layout"
2026-03-07T17:20:32.934316Z  INFO get_files:scan_sources: tailwindcss_oxide::scanner: Discovering "/home/afdal/Laboratorium/PROJECT/extensionadminaksent/android/app/src/main/res/mipmap-anydpi-v26"
2026-03-07T17:20:32.934984Z  INFO get_files:scan_sources: tailwindcss_oxide::scanner: Discovering "/home/afdal/Laboratorium/PROJECT/extensionadminaksent/android/app/src/main/res/drawable-port-mdpi"
2026-03-07T17:20:32.935296Z  INFO get_files:scan_sources: tailwindcss_oxide::scanner: Discovering "/home/afdal/Laboratorium/PROJECT/extensionadminaksent/android/app/src/main/res/values"
2026-03-07T17:20:32.935713Z  INFO get_files:scan_sources: tailwindcss_oxide::scanner: Discovering "/home/afdal/Laboratorium/PROJECT/extensionadminaksent/android/app/src/main/java"
2026-03-07T17:20:32.935978Z  INFO get_files:scan_sources: tailwindcss_oxide::scanner: Discovering "/home/afdal/Laboratorium/PROJECT/extensionadminaksent/android/app/src/main/java/io"
2026-03-07T17:20:32.936221Z  INFO get_files:scan_sources: tailwindcss_oxide::scanner: Discovering "/home/afdal/Laboratorium/PROJECT/extensionadminaksent/android/app/src/main/java/io/ionic"
2026-03-07T17:20:32.936404Z  INFO get_files:scan_sources: tailwindcss_oxide::scanner: Discovering "/home/afdal/Laboratorium/PROJECT/extensionadminaksent/android/app/src/main/java/io/ionic/starter"
2026-03-07T17:20:32.936998Z  INFO get_files:scan_sources: tailwindcss_oxide::scanner: Discovering "/home/afdal/Laboratorium/PROJECT/extensionadminaksent/android/app/src/main/assets"
2026-03-07T17:20:32.937344Z  INFO get_files:scan_sources: tailwindcss_oxide::scanner: Discovering "/home/afdal/Laboratorium/PROJECT/extensionadminaksent/android/app/src/androidTest"
2026-03-07T17:20:32.937497Z  INFO get_files:scan_sources: tailwindcss_oxide::scanner: Discovering "/home/afdal/Laboratorium/PROJECT/extensionadminaksent/android/app/src/androidTest/java"
2026-03-07T17:20:32.937679Z  INFO get_files:scan_sources: tailwindcss_oxide::scanner: Discovering "/home/afdal/Laboratorium/PROJECT/extensionadminaksent/android/app/src/androidTest/java/com"
2026-03-07T17:20:32.937848Z  INFO get_files:scan_sources: tailwindcss_oxide::scanner: Discovering "/home/afdal/Laboratorium/PROJECT/extensionadminaksent/android/app/src/androidTest/java/com/getcapacitor"
2026-03-07T17:20:32.938005Z  INFO get_files:scan_sources: tailwindcss_oxide::scanner: Discovering "/home/afdal/Laboratorium/PROJECT/extensionadminaksent/android/app/src/androidTest/java/com/getcapacitor/myapp"
2026-03-07T17:20:32.938262Z  INFO get_files:scan_sources: tailwindcss_oxide::scanner: Discovering "/home/afdal/Laboratorium/PROJECT/extensionadminaksent/android/app/src/test"
2026-03-07T17:20:32.938417Z  INFO get_files:scan_sources: tailwindcss_oxide::scanner: Discovering "/home/afdal/Laboratorium/PROJECT/extensionadminaksent/android/app/src/test/java"
2026-03-07T17:20:32.938520Z  INFO get_files:scan_sources: tailwindcss_oxide::scanner: Discovering "/home/afdal/Laboratorium/PROJECT/extensionadminaksent/android/app/src/test/java/com"
2026-03-07T17:20:32.938642Z  INFO get_files:scan_sources: tailwindcss_oxide::scanner: Discovering "/home/afdal/Laboratorium/PROJECT/extensionadminaksent/android/app/src/test/java/com/getcapacitor"
2026-03-07T17:20:32.938752Z  INFO get_files:scan_sources: tailwindcss_oxide::scanner: Discovering "/home/afdal/Laboratorium/PROJECT/extensionadminaksent/android/app/src/test/java/com/getcapacitor/myapp"
2026-03-07T17:20:32.939608Z  INFO get_files:scan_sources: tailwindcss_oxide::scanner: exit
2026-03-07T17:20:32.940504Z  INFO get_files: tailwindcss_oxide::scanner: exit
2026-03-07T17:20:32.940926Z  INFO get_globs: tailwindcss_oxide::scanner: enter
2026-03-07T17:20:32.940986Z  INFO get_globs: tailwindcss_oxide::scanner: exit
2026-03-07T17:21:18.025440Z  INFO scan_sources: tailwindcss_oxide::scanner: enter
2026-03-07T17:21:18.027519Z  INFO scan_sources: tailwindcss_oxide::scanner: Discovering "/home/afdal/Laboratorium/PROJECT/extensionadminaksent/scripts"
2026-03-07T17:21:18.027689Z  INFO scan_sources: tailwindcss_oxide::scanner: Discovering "/home/afdal/Laboratorium/PROJECT/extensionadminaksent/cypress"
2026-03-07T17:21:18.027780Z  INFO scan_sources: tailwindcss_oxide::scanner: Discovering "/home/afdal/Laboratorium/PROJECT/extensionadminaksent/cypress/fixtures"
2026-03-07T17:21:18.027880Z  INFO scan_sources: tailwindcss_oxide::scanner: Discovering "/home/afdal/Laboratorium/PROJECT/extensionadminaksent/cypress/e2e"
2026-03-07T17:21:18.027980Z  INFO scan_sources: tailwindcss_oxide::scanner: Discovering "/home/afdal/Laboratorium/PROJECT/extensionadminaksent/cypress/support"
2026-03-07T17:21:18.028104Z  INFO scan_sources: tailwindcss_oxide::scanner: Discovering "/home/afdal/Laboratorium/PROJECT/extensionadminaksent/.vscode"
2026-03-07T17:21:18.028262Z  INFO scan_sources: tailwindcss_oxide::scanner: Discovering "/home/afdal/Laboratorium/PROJECT/extensionadminaksent/src"
2026-03-07T17:21:18.028358Z  INFO scan_sources: tailwindcss_oxide::scanner: Discovering "/home/afdal/Laboratorium/PROJECT/extensionadminaksent/src/hook"
2026-03-07T17:21:18.028463Z  INFO scan_sources: tailwindcss_oxide::scanner: Discovering "/home/afdal/Laboratorium/PROJECT/extensionadminaksent/src/hook/requests"
2026-03-07T17:21:18.028559Z  INFO scan_sources: tailwindcss_oxide::scanner: Discovering "/home/afdal/Laboratorium/PROJECT/extensionadminaksent/src/components"
2026-03-07T17:21:18.028665Z  INFO scan_sources: tailwindcss_oxide::scanner: Discovering "/home/afdal/Laboratorium/PROJECT/extensionadminaksent/src/components/customer"
2026-03-07T17:21:18.028778Z  INFO scan_sources: tailwindcss_oxide::scanner: Discovering "/home/afdal/Laboratorium/PROJECT/extensionadminaksent/src/components/input"
2026-03-07T17:21:18.028893Z  INFO scan_sources: tailwindcss_oxide::scanner: Discovering "/home/afdal/Laboratorium/PROJECT/extensionadminaksent/src/components/layout"
2026-03-07T17:21:18.028972Z  INFO scan_sources: tailwindcss_oxide::scanner: Discovering "/home/afdal/Laboratorium/PROJECT/extensionadminaksent/src/components/list"
2026-03-07T17:21:18.029085Z  INFO scan_sources: tailwindcss_oxide::scanner: Discovering "/home/afdal/Laboratorium/PROJECT/extensionadminaksent/src/components/toolbars"
2026-03-07T17:21:18.029192Z  INFO scan_sources: tailwindcss_oxide::scanner: Discovering "/home/afdal/Laboratorium/PROJECT/extensionadminaksent/src/theme"
2026-03-07T17:21:18.030186Z  INFO scan_sources: tailwindcss_oxide::scanner: Discovering "/home/afdal/Laboratorium/PROJECT/extensionadminaksent/src/utils"
2026-03-07T17:21:18.030583Z  INFO scan_sources: tailwindcss_oxide::scanner: Discovering "/home/afdal/Laboratorium/PROJECT/extensionadminaksent/src/utils/payment.ts"
2026-03-07T17:21:18.030838Z  INFO scan_sources: tailwindcss_oxide::scanner: Discovering "/home/afdal/Laboratorium/PROJECT/extensionadminaksent/src/databases"
2026-03-07T17:21:18.031414Z  INFO scan_sources: tailwindcss_oxide::scanner: Discovering "/home/afdal/Laboratorium/PROJECT/extensionadminaksent/src/databases/migrations"
2026-03-07T17:21:18.032080Z  INFO scan_sources: tailwindcss_oxide::scanner: Discovering "/home/afdal/Laboratorium/PROJECT/extensionadminaksent/src/databases/entities"
2026-03-07T17:21:18.032993Z  INFO scan_sources: tailwindcss_oxide::scanner: Discovering "/home/afdal/Laboratorium/PROJECT/extensionadminaksent/src/types"
2026-03-07T17:21:18.033135Z  INFO scan_sources: tailwindcss_oxide::scanner: Discovering "/home/afdal/Laboratorium/PROJECT/extensionadminaksent/src/pages"
2026-03-07T17:21:18.033213Z  INFO scan_sources: tailwindcss_oxide::scanner: Discovering "/home/afdal/Laboratorium/PROJECT/extensionadminaksent/src/pages/Customer"
2026-03-07T17:21:18.033331Z  INFO scan_sources: tailwindcss_oxide::scanner: Discovering "/home/afdal/Laboratorium/PROJECT/extensionadminaksent/src/pages/Home"
2026-03-07T17:21:18.033433Z  INFO scan_sources: tailwindcss_oxide::scanner: Discovering "/home/afdal/Laboratorium/PROJECT/extensionadminaksent/src/pages/Validation"
2026-03-07T17:21:18.033522Z  INFO scan_sources: tailwindcss_oxide::scanner: Discovering "/home/afdal/Laboratorium/PROJECT/extensionadminaksent/src/pages/Unpaid"
2026-03-07T17:21:18.033640Z  INFO scan_sources: tailwindcss_oxide::scanner: Discovering "/home/afdal/Laboratorium/PROJECT/extensionadminaksent/src/pages/Payment"
2026-03-07T17:21:18.033772Z  INFO scan_sources: tailwindcss_oxide::scanner: Discovering "/home/afdal/Laboratorium/PROJECT/extensionadminaksent/src/context"
2026-03-07T17:21:18.034073Z  INFO scan_sources: tailwindcss_oxide::scanner: Discovering "/home/afdal/Laboratorium/PROJECT/extensionadminaksent/public"
2026-03-07T17:21:18.034176Z  INFO scan_sources: tailwindcss_oxide::scanner: Discovering "/home/afdal/Laboratorium/PROJECT/extensionadminaksent/public/assets"
2026-03-07T17:21:18.034399Z  INFO scan_sources: tailwindcss_oxide::scanner: Discovering "/home/afdal/Laboratorium/PROJECT/extensionadminaksent/android"
2026-03-07T17:21:18.034860Z  INFO scan_sources: tailwindcss_oxide::scanner: Discovering "/home/afdal/Laboratorium/PROJECT/extensionadminaksent/android/.kotlin"
2026-03-07T17:21:18.034964Z  INFO scan_sources: tailwindcss_oxide::scanner: Discovering "/home/afdal/Laboratorium/PROJECT/extensionadminaksent/android/.kotlin/sessions"
2026-03-07T17:21:18.035207Z  INFO scan_sources: tailwindcss_oxide::scanner: Discovering "/home/afdal/Laboratorium/PROJECT/extensionadminaksent/android/gradle"
2026-03-07T17:21:18.035282Z  INFO scan_sources: tailwindcss_oxide::scanner: Discovering "/home/afdal/Laboratorium/PROJECT/extensionadminaksent/android/gradle/wrapper"
2026-03-07T17:21:18.035397Z  INFO scan_sources: tailwindcss_oxide::scanner: Discovering "/home/afdal/Laboratorium/PROJECT/extensionadminaksent/android/app"
2026-03-07T17:21:18.035596Z  INFO scan_sources: tailwindcss_oxide::scanner: Discovering "/home/afdal/Laboratorium/PROJECT/extensionadminaksent/android/app/src"
2026-03-07T17:21:18.035698Z  INFO scan_sources: tailwindcss_oxide::scanner: Discovering "/home/afdal/Laboratorium/PROJECT/extensionadminaksent/android/app/src/main"
2026-03-07T17:21:18.035804Z  INFO scan_sources: tailwindcss_oxide::scanner: Discovering "/home/afdal/Laboratorium/PROJECT/extensionadminaksent/android/app/src/main/res"
2026-03-07T17:21:18.035900Z  INFO scan_sources: tailwindcss_oxide::scanner: Discovering "/home/afdal/Laboratorium/PROJECT/extensionadminaksent/android/app/src/main/res/drawable-land-xhdpi"
2026-03-07T17:21:18.035988Z  INFO scan_sources: tailwindcss_oxide::scanner: Discovering "/home/afdal/Laboratorium/PROJECT/extensionadminaksent/android/app/src/main/res/drawable-land-xxhdpi"
2026-03-07T17:21:18.036073Z  INFO scan_sources: tailwindcss_oxide::scanner: Discovering "/home/afdal/Laboratorium/PROJECT/extensionadminaksent/android/app/src/main/res/drawable-v24"
2026-03-07T17:21:18.036172Z  INFO scan_sources: tailwindcss_oxide::scanner: Discovering "/home/afdal/Laboratorium/PROJECT/extensionadminaksent/android/app/src/main/res/drawable-port-xxxhdpi"
2026-03-07T17:21:18.036252Z  INFO scan_sources: tailwindcss_oxide::scanner: Discovering "/home/afdal/Laboratorium/PROJECT/extensionadminaksent/android/app/src/main/res/drawable-land-xxxhdpi"
2026-03-07T17:21:18.036331Z  INFO scan_sources: tailwindcss_oxide::scanner: Discovering "/home/afdal/Laboratorium/PROJECT/extensionadminaksent/android/app/src/main/res/drawable-port-xxhdpi"
2026-03-07T17:21:18.036408Z  INFO scan_sources: tailwindcss_oxide::scanner: Discovering "/home/afdal/Laboratorium/PROJECT/extensionadminaksent/android/app/src/main/res/mipmap-hdpi"
2026-03-07T17:21:18.036582Z  INFO scan_sources: tailwindcss_oxide::scanner: Discovering "/home/afdal/Laboratorium/PROJECT/extensionadminaksent/android/app/src/main/res/drawable-land-hdpi"
2026-03-07T17:21:18.036685Z  INFO scan_sources: tailwindcss_oxide::scanner: Discovering "/home/afdal/Laboratorium/PROJECT/extensionadminaksent/android/app/src/main/res/xml"
2026-03-07T17:21:18.036801Z  INFO scan_sources: tailwindcss_oxide::scanner: Discovering "/home/afdal/Laboratorium/PROJECT/extensionadminaksent/android/app/src/main/res/mipmap-xhdpi"
2026-03-07T17:21:18.036902Z  INFO scan_sources: tailwindcss_oxide::scanner: Discovering "/home/afdal/Laboratorium/PROJECT/extensionadminaksent/android/app/src/main/res/drawable-land-mdpi"
2026-03-07T17:21:18.036991Z  INFO scan_sources: tailwindcss_oxide::scanner: Discovering "/home/afdal/Laboratorium/PROJECT/extensionadminaksent/android/app/src/main/res/drawable-port-hdpi"
2026-03-07T17:21:18.037079Z  INFO scan_sources: tailwindcss_oxide::scanner: Discovering "/home/afdal/Laboratorium/PROJECT/extensionadminaksent/android/app/src/main/res/mipmap-xxhdpi"
2026-03-07T17:21:18.037179Z  INFO scan_sources: tailwindcss_oxide::scanner: Discovering "/home/afdal/Laboratorium/PROJECT/extensionadminaksent/android/app/src/main/res/mipmap-mdpi"
2026-03-07T17:21:18.037280Z  INFO scan_sources: tailwindcss_oxide::scanner: Discovering "/home/afdal/Laboratorium/PROJECT/extensionadminaksent/android/app/src/main/res/drawable"
2026-03-07T17:21:18.037386Z  INFO scan_sources: tailwindcss_oxide::scanner: Discovering "/home/afdal/Laboratorium/PROJECT/extensionadminaksent/android/app/src/main/res/drawable-port-xhdpi"
2026-03-07T17:21:18.037491Z  INFO scan_sources: tailwindcss_oxide::scanner: Discovering "/home/afdal/Laboratorium/PROJECT/extensionadminaksent/android/app/src/main/res/mipmap-xxxhdpi"
2026-03-07T17:21:18.039122Z  INFO scan_sources: tailwindcss_oxide::scanner: Discovering "/home/afdal/Laboratorium/PROJECT/extensionadminaksent/android/app/src/main/res/layout"
2026-03-07T17:21:18.039461Z  INFO scan_sources: tailwindcss_oxide::scanner: Discovering "/home/afdal/Laboratorium/PROJECT/extensionadminaksent/android/app/src/main/res/mipmap-anydpi-v26"
2026-03-07T17:21:18.039736Z  INFO scan_sources: tailwindcss_oxide::scanner: Discovering "/home/afdal/Laboratorium/PROJECT/extensionadminaksent/android/app/src/main/res/drawable-port-mdpi"
2026-03-07T17:21:18.039864Z  INFO scan_sources: tailwindcss_oxide::scanner: Discovering "/home/afdal/Laboratorium/PROJECT/extensionadminaksent/android/app/src/main/res/values"
2026-03-07T17:21:18.040009Z  INFO scan_sources: tailwindcss_oxide::scanner: Discovering "/home/afdal/Laboratorium/PROJECT/extensionadminaksent/android/app/src/main/java"
2026-03-07T17:21:18.040082Z  INFO scan_sources: tailwindcss_oxide::scanner: Discovering "/home/afdal/Laboratorium/PROJECT/extensionadminaksent/android/app/src/main/java/io"
2026-03-07T17:21:18.040154Z  INFO scan_sources: tailwindcss_oxide::scanner: Discovering "/home/afdal/Laboratorium/PROJECT/extensionadminaksent/android/app/src/main/java/io/ionic"
2026-03-07T17:21:18.040229Z  INFO scan_sources: tailwindcss_oxide::scanner: Discovering "/home/afdal/Laboratorium/PROJECT/extensionadminaksent/android/app/src/main/java/io/ionic/starter"
2026-03-07T17:21:18.040347Z  INFO scan_sources: tailwindcss_oxide::scanner: Discovering "/home/afdal/Laboratorium/PROJECT/extensionadminaksent/android/app/src/main/assets"
2026-03-07T17:21:18.040509Z  INFO scan_sources: tailwindcss_oxide::scanner: Discovering "/home/afdal/Laboratorium/PROJECT/extensionadminaksent/android/app/src/androidTest"
2026-03-07T17:21:18.040587Z  INFO scan_sources: tailwindcss_oxide::scanner: Discovering "/home/afdal/Laboratorium/PROJECT/extensionadminaksent/android/app/src/androidTest/java"
2026-03-07T17:21:18.040659Z  INFO scan_sources: tailwindcss_oxide::scanner: Discovering "/home/afdal/Laboratorium/PROJECT/extensionadminaksent/android/app/src/androidTest/java/com"
2026-03-07T17:21:18.040729Z  INFO scan_sources: tailwindcss_oxide::scanner: Discovering "/home/afdal/Laboratorium/PROJECT/extensionadminaksent/android/app/src/androidTest/java/com/getcapacitor"
2026-03-07T17:21:18.040797Z  INFO scan_sources: tailwindcss_oxide::scanner: Discovering "/home/afdal/Laboratorium/PROJECT/extensionadminaksent/android/app/src/androidTest/java/com/getcapacitor/myapp"
2026-03-07T17:21:18.040917Z  INFO scan_sources: tailwindcss_oxide::scanner: Discovering "/home/afdal/Laboratorium/PROJECT/extensionadminaksent/android/app/src/test"
2026-03-07T17:21:18.040984Z  INFO scan_sources: tailwindcss_oxide::scanner: Discovering "/home/afdal/Laboratorium/PROJECT/extensionadminaksent/android/app/src/test/java"
2026-03-07T17:21:18.041049Z  INFO scan_sources: tailwindcss_oxide::scanner: Discovering "/home/afdal/Laboratorium/PROJECT/extensionadminaksent/android/app/src/test/java/com"
2026-03-07T17:21:18.041117Z  INFO scan_sources: tailwindcss_oxide::scanner: Discovering "/home/afdal/Laboratorium/PROJECT/extensionadminaksent/android/app/src/test/java/com/getcapacitor"
2026-03-07T17:21:18.041186Z  INFO scan_sources: tailwindcss_oxide::scanner: Discovering "/home/afdal/Laboratorium/PROJECT/extensionadminaksent/android/app/src/test/java/com/getcapacitor/myapp"
2026-03-07T17:21:18.041746Z  INFO scan_sources: tailwindcss_oxide::scanner: exit
2026-03-07T17:21:18.041789Z  INFO extract_candidates: tailwindcss_oxide::scanner: enter
2026-03-07T17:21:18.041800Z  INFO extract_candidates:read_all_files: tailwindcss_oxide::scanner: enter
2026-03-07T17:21:18.041808Z  INFO extract_candidates:read_all_files: tailwindcss_oxide::scanner: Reading 1 file(s)
2026-03-07T17:21:18.041906Z  INFO extract_candidates:read_all_files: tailwindcss_oxide::scanner: Reading "/home/afdal/Laboratorium/PROJECT/extensionadminaksent/src/utils/payment.ts"
2026-03-07T17:21:18.041921Z  INFO extract_candidates:read_all_files: tailwindcss_oxide::scanner: exit
2026-03-07T17:21:18.041931Z  INFO extract_candidates:parse_all_blobs: tailwindcss_oxide::scanner: enter
2026-03-07T17:21:18.041939Z  INFO extract_candidates:parse_all_blobs:extract: tailwindcss_oxide::scanner: enter
2026-03-07T17:21:18.044685Z  INFO extract_candidates:parse_all_blobs:extract: tailwindcss_oxide::scanner: exit
2026-03-07T17:21:18.044916Z  INFO extract_candidates:parse_all_blobs: tailwindcss_oxide::scanner: exit
2026-03-07T17:21:18.046007Z  INFO extract_candidates: tailwindcss_oxide::scanner: exit
2026-03-07T17:21:18.048977Z  INFO get_files: tailwindcss_oxide::scanner: enter
2026-03-07T17:21:18.049216Z  INFO get_files:scan_sources: tailwindcss_oxide::scanner: enter
2026-03-07T17:21:18.050429Z  INFO get_files:scan_sources: tailwindcss_oxide::scanner: Discovering "/home/afdal/Laboratorium/PROJECT/extensionadminaksent/scripts"
2026-03-07T17:21:18.050835Z  INFO get_files:scan_sources: tailwindcss_oxide::scanner: Discovering "/home/afdal/Laboratorium/PROJECT/extensionadminaksent/cypress"
2026-03-07T17:21:18.050923Z  INFO get_files:scan_sources: tailwindcss_oxide::scanner: Discovering "/home/afdal/Laboratorium/PROJECT/extensionadminaksent/cypress/fixtures"
2026-03-07T17:21:18.051010Z  INFO get_files:scan_sources: tailwindcss_oxide::scanner: Discovering "/home/afdal/Laboratorium/PROJECT/extensionadminaksent/cypress/e2e"
2026-03-07T17:21:18.051098Z  INFO get_files:scan_sources: tailwindcss_oxide::scanner: Discovering "/home/afdal/Laboratorium/PROJECT/extensionadminaksent/cypress/support"
2026-03-07T17:21:18.051211Z  INFO get_files:scan_sources: tailwindcss_oxide::scanner: Discovering "/home/afdal/Laboratorium/PROJECT/extensionadminaksent/.vscode"
2026-03-07T17:21:18.051354Z  INFO get_files:scan_sources: tailwindcss_oxide::scanner: Discovering "/home/afdal/Laboratorium/PROJECT/extensionadminaksent/src"
2026-03-07T17:21:18.051432Z  INFO get_files:scan_sources: tailwindcss_oxide::scanner: Discovering "/home/afdal/Laboratorium/PROJECT/extensionadminaksent/src/hook"
2026-03-07T17:21:18.051510Z  INFO get_files:scan_sources: tailwindcss_oxide::scanner: Discovering "/home/afdal/Laboratorium/PROJECT/extensionadminaksent/src/hook/requests"
2026-03-07T17:21:18.051619Z  INFO get_files:scan_sources: tailwindcss_oxide::scanner: Discovering "/home/afdal/Laboratorium/PROJECT/extensionadminaksent/src/components"
2026-03-07T17:21:18.051718Z  INFO get_files:scan_sources: tailwindcss_oxide::scanner: Discovering "/home/afdal/Laboratorium/PROJECT/extensionadminaksent/src/components/customer"
2026-03-07T17:21:18.051818Z  INFO get_files:scan_sources: tailwindcss_oxide::scanner: Discovering "/home/afdal/Laboratorium/PROJECT/extensionadminaksent/src/components/input"
2026-03-07T17:21:18.051927Z  INFO get_files:scan_sources: tailwindcss_oxide::scanner: Discovering "/home/afdal/Laboratorium/PROJECT/extensionadminaksent/src/components/layout"
2026-03-07T17:21:18.052004Z  INFO get_files:scan_sources: tailwindcss_oxide::scanner: Discovering "/home/afdal/Laboratorium/PROJECT/extensionadminaksent/src/components/list"
2026-03-07T17:21:18.052121Z  INFO get_files:scan_sources: tailwindcss_oxide::scanner: Discovering "/home/afdal/Laboratorium/PROJECT/extensionadminaksent/src/components/toolbars"
2026-03-07T17:21:18.052223Z  INFO get_files:scan_sources: tailwindcss_oxide::scanner: Discovering "/home/afdal/Laboratorium/PROJECT/extensionadminaksent/src/theme"
2026-03-07T17:21:18.052345Z  INFO get_files:scan_sources: tailwindcss_oxide::scanner: Discovering "/home/afdal/Laboratorium/PROJECT/extensionadminaksent/src/utils"
2026-03-07T17:21:18.052533Z  INFO get_files:scan_sources: tailwindcss_oxide::scanner: Discovering "/home/afdal/Laboratorium/PROJECT/extensionadminaksent/src/databases"
2026-03-07T17:21:18.052647Z  INFO get_files:scan_sources: tailwindcss_oxide::scanner: Discovering "/home/afdal/Laboratorium/PROJECT/extensionadminaksent/src/databases/migrations"
2026-03-07T17:21:18.052795Z  INFO get_files:scan_sources: tailwindcss_oxide::scanner: Discovering "/home/afdal/Laboratorium/PROJECT/extensionadminaksent/src/databases/entities"
2026-03-07T17:21:18.052919Z  INFO get_files:scan_sources: tailwindcss_oxide::scanner: Discovering "/home/afdal/Laboratorium/PROJECT/extensionadminaksent/src/types"
2026-03-07T17:21:18.054168Z  INFO get_files:scan_sources: tailwindcss_oxide::scanner: Discovering "/home/afdal/Laboratorium/PROJECT/extensionadminaksent/src/pages"
2026-03-07T17:21:18.054282Z  INFO get_files:scan_sources: tailwindcss_oxide::scanner: Discovering "/home/afdal/Laboratorium/PROJECT/extensionadminaksent/src/pages/Customer"
2026-03-07T17:21:18.054524Z  INFO get_files:scan_sources: tailwindcss_oxide::scanner: Discovering "/home/afdal/Laboratorium/PROJECT/extensionadminaksent/src/pages/Home"
2026-03-07T17:21:18.054647Z  INFO get_files:scan_sources: tailwindcss_oxide::scanner: Discovering "/home/afdal/Laboratorium/PROJECT/extensionadminaksent/src/pages/Validation"
2026-03-07T17:21:18.054746Z  INFO get_files:scan_sources: tailwindcss_oxide::scanner: Discovering "/home/afdal/Laboratorium/PROJECT/extensionadminaksent/src/pages/Unpaid"
2026-03-07T17:21:18.054832Z  INFO get_files:scan_sources: tailwindcss_oxide::scanner: Discovering "/home/afdal/Laboratorium/PROJECT/extensionadminaksent/src/pages/Payment"
2026-03-07T17:21:18.054936Z  INFO get_files:scan_sources: tailwindcss_oxide::scanner: Discovering "/home/afdal/Laboratorium/PROJECT/extensionadminaksent/src/context"
2026-03-07T17:21:18.055188Z  INFO get_files:scan_sources: tailwindcss_oxide::scanner: Discovering "/home/afdal/Laboratorium/PROJECT/extensionadminaksent/public"
2026-03-07T17:21:18.055308Z  INFO get_files:scan_sources: tailwindcss_oxide::scanner: Discovering "/home/afdal/Laboratorium/PROJECT/extensionadminaksent/public/assets"
2026-03-07T17:21:18.055544Z  INFO get_files:scan_sources: tailwindcss_oxide::scanner: Discovering "/home/afdal/Laboratorium/PROJECT/extensionadminaksent/android"
2026-03-07T17:21:18.055978Z  INFO get_files:scan_sources: tailwindcss_oxide::scanner: Discovering "/home/afdal/Laboratorium/PROJECT/extensionadminaksent/android/.kotlin"
2026-03-07T17:21:18.056092Z  INFO get_files:scan_sources: tailwindcss_oxide::scanner: Discovering "/home/afdal/Laboratorium/PROJECT/extensionadminaksent/android/.kotlin/sessions"
2026-03-07T17:21:18.056342Z  INFO get_files:scan_sources: tailwindcss_oxide::scanner: Discovering "/home/afdal/Laboratorium/PROJECT/extensionadminaksent/android/gradle"
2026-03-07T17:21:18.056434Z  INFO get_files:scan_sources: tailwindcss_oxide::scanner: Discovering "/home/afdal/Laboratorium/PROJECT/extensionadminaksent/android/gradle/wrapper"
2026-03-07T17:21:18.056554Z  INFO get_files:scan_sources: tailwindcss_oxide::scanner: Discovering "/home/afdal/Laboratorium/PROJECT/extensionadminaksent/android/app"
2026-03-07T17:21:18.056826Z  INFO get_files:scan_sources: tailwindcss_oxide::scanner: Discovering "/home/afdal/Laboratorium/PROJECT/extensionadminaksent/android/app/src"
2026-03-07T17:21:18.057023Z  INFO get_files:scan_sources: tailwindcss_oxide::scanner: Discovering "/home/afdal/Laboratorium/PROJECT/extensionadminaksent/android/app/src/main"
2026-03-07T17:21:18.057179Z  INFO get_files:scan_sources: tailwindcss_oxide::scanner: Discovering "/home/afdal/Laboratorium/PROJECT/extensionadminaksent/android/app/src/main/res"
2026-03-07T17:21:18.057291Z  INFO get_files:scan_sources: tailwindcss_oxide::scanner: Discovering "/home/afdal/Laboratorium/PROJECT/extensionadminaksent/android/app/src/main/res/drawable-land-xhdpi"
2026-03-07T17:21:18.057413Z  INFO get_files:scan_sources: tailwindcss_oxide::scanner: Discovering "/home/afdal/Laboratorium/PROJECT/extensionadminaksent/android/app/src/main/res/drawable-land-xxhdpi"
2026-03-07T17:21:18.057517Z  INFO get_files:scan_sources: tailwindcss_oxide::scanner: Discovering "/home/afdal/Laboratorium/PROJECT/extensionadminaksent/android/app/src/main/res/drawable-v24"
2026-03-07T17:21:18.057708Z  INFO get_files:scan_sources: tailwindcss_oxide::scanner: Discovering "/home/afdal/Laboratorium/PROJECT/extensionadminaksent/android/app/src/main/res/drawable-port-xxxhdpi"
2026-03-07T17:21:18.057836Z  INFO get_files:scan_sources: tailwindcss_oxide::scanner: Discovering "/home/afdal/Laboratorium/PROJECT/extensionadminaksent/android/app/src/main/res/drawable-land-xxxhdpi"
2026-03-07T17:21:18.057931Z  INFO get_files:scan_sources: tailwindcss_oxide::scanner: Discovering "/home/afdal/Laboratorium/PROJECT/extensionadminaksent/android/app/src/main/res/drawable-port-xxhdpi"
2026-03-07T17:21:18.058380Z  INFO get_files:scan_sources: tailwindcss_oxide::scanner: Discovering "/home/afdal/Laboratorium/PROJECT/extensionadminaksent/android/app/src/main/res/mipmap-hdpi"
2026-03-07T17:21:18.058490Z  INFO get_files:scan_sources: tailwindcss_oxide::scanner: Discovering "/home/afdal/Laboratorium/PROJECT/extensionadminaksent/android/app/src/main/res/drawable-land-hdpi"
2026-03-07T17:21:18.058619Z  INFO get_files:scan_sources: tailwindcss_oxide::scanner: Discovering "/home/afdal/Laboratorium/PROJECT/extensionadminaksent/android/app/src/main/res/xml"
2026-03-07T17:21:18.058734Z  INFO get_files:scan_sources: tailwindcss_oxide::scanner: Discovering "/home/afdal/Laboratorium/PROJECT/extensionadminaksent/android/app/src/main/res/mipmap-xhdpi"
2026-03-07T17:21:18.058824Z  INFO get_files:scan_sources: tailwindcss_oxide::scanner: Discovering "/home/afdal/Laboratorium/PROJECT/extensionadminaksent/android/app/src/main/res/drawable-land-mdpi"
2026-03-07T17:21:18.058902Z  INFO get_files:scan_sources: tailwindcss_oxide::scanner: Discovering "/home/afdal/Laboratorium/PROJECT/extensionadminaksent/android/app/src/main/res/drawable-port-hdpi"
2026-03-07T17:21:18.058983Z  INFO get_files:scan_sources: tailwindcss_oxide::scanner: Discovering "/home/afdal/Laboratorium/PROJECT/extensionadminaksent/android/app/src/main/res/mipmap-xxhdpi"
2026-03-07T17:21:18.059068Z  INFO get_files:scan_sources: tailwindcss_oxide::scanner: Discovering "/home/afdal/Laboratorium/PROJECT/extensionadminaksent/android/app/src/main/res/mipmap-mdpi"
2026-03-07T17:21:18.059156Z  INFO get_files:scan_sources: tailwindcss_oxide::scanner: Discovering "/home/afdal/Laboratorium/PROJECT/extensionadminaksent/android/app/src/main/res/drawable"
2026-03-07T17:21:18.059255Z  INFO get_files:scan_sources: tailwindcss_oxide::scanner: Discovering "/home/afdal/Laboratorium/PROJECT/extensionadminaksent/android/app/src/main/res/drawable-port-xhdpi"
2026-03-07T17:21:18.059334Z  INFO get_files:scan_sources: tailwindcss_oxide::scanner: Discovering "/home/afdal/Laboratorium/PROJECT/extensionadminaksent/android/app/src/main/res/mipmap-xxxhdpi"
2026-03-07T17:21:18.059429Z  INFO get_files:scan_sources: tailwindcss_oxide::scanner: Discovering "/home/afdal/Laboratorium/PROJECT/extensionadminaksent/android/app/src/main/res/layout"
2026-03-07T17:21:18.059523Z  INFO get_files:scan_sources: tailwindcss_oxide::scanner: Discovering "/home/afdal/Laboratorium/PROJECT/extensionadminaksent/android/app/src/main/res/mipmap-anydpi-v26"
2026-03-07T17:21:18.059642Z  INFO get_files:scan_sources: tailwindcss_oxide::scanner: Discovering "/home/afdal/Laboratorium/PROJECT/extensionadminaksent/android/app/src/main/res/drawable-port-mdpi"
2026-03-07T17:21:18.059731Z  INFO get_files:scan_sources: tailwindcss_oxide::scanner: Discovering "/home/afdal/Laboratorium/PROJECT/extensionadminaksent/android/app/src/main/res/values"
2026-03-07T17:21:18.059877Z  INFO get_files:scan_sources: tailwindcss_oxide::scanner: Discovering "/home/afdal/Laboratorium/PROJECT/extensionadminaksent/android/app/src/main/java"
2026-03-07T17:21:18.059948Z  INFO get_files:scan_sources: tailwindcss_oxide::scanner: Discovering "/home/afdal/Laboratorium/PROJECT/extensionadminaksent/android/app/src/main/java/io"
2026-03-07T17:21:18.060016Z  INFO get_files:scan_sources: tailwindcss_oxide::scanner: Discovering "/home/afdal/Laboratorium/PROJECT/extensionadminaksent/android/app/src/main/java/io/ionic"
2026-03-07T17:21:18.060127Z  INFO get_files:scan_sources: tailwindcss_oxide::scanner: Discovering "/home/afdal/Laboratorium/PROJECT/extensionadminaksent/android/app/src/main/java/io/ionic/starter"
2026-03-07T17:21:18.060264Z  INFO get_files:scan_sources: tailwindcss_oxide::scanner: Discovering "/home/afdal/Laboratorium/PROJECT/extensionadminaksent/android/app/src/main/assets"
2026-03-07T17:21:18.060424Z  INFO get_files:scan_sources: tailwindcss_oxide::scanner: Discovering "/home/afdal/Laboratorium/PROJECT/extensionadminaksent/android/app/src/androidTest"
2026-03-07T17:21:18.060492Z  INFO get_files:scan_sources: tailwindcss_oxide::scanner: Discovering "/home/afdal/Laboratorium/PROJECT/extensionadminaksent/android/app/src/androidTest/java"
2026-03-07T17:21:18.060563Z  INFO get_files:scan_sources: tailwindcss_oxide::scanner: Discovering "/home/afdal/Laboratorium/PROJECT/extensionadminaksent/android/app/src/androidTest/java/com"
2026-03-07T17:21:18.060648Z  INFO get_files:scan_sources: tailwindcss_oxide::scanner: Discovering "/home/afdal/Laboratorium/PROJECT/extensionadminaksent/android/app/src/androidTest/java/com/getcapacitor"
2026-03-07T17:21:18.060719Z  INFO get_files:scan_sources: tailwindcss_oxide::scanner: Discovering "/home/afdal/Laboratorium/PROJECT/extensionadminaksent/android/app/src/androidTest/java/com/getcapacitor/myapp"
2026-03-07T17:21:18.060876Z  INFO get_files:scan_sources: tailwindcss_oxide::scanner: Discovering "/home/afdal/Laboratorium/PROJECT/extensionadminaksent/android/app/src/test"
2026-03-07T17:21:18.060953Z  INFO get_files:scan_sources: tailwindcss_oxide::scanner: Discovering "/home/afdal/Laboratorium/PROJECT/extensionadminaksent/android/app/src/test/java"
2026-03-07T17:21:18.061022Z  INFO get_files:scan_sources: tailwindcss_oxide::scanner: Discovering "/home/afdal/Laboratorium/PROJECT/extensionadminaksent/android/app/src/test/java/com"
2026-03-07T17:21:18.061093Z  INFO get_files:scan_sources: tailwindcss_oxide::scanner: Discovering "/home/afdal/Laboratorium/PROJECT/extensionadminaksent/android/app/src/test/java/com/getcapacitor"
2026-03-07T17:21:18.061164Z  INFO get_files:scan_sources: tailwindcss_oxide::scanner: Discovering "/home/afdal/Laboratorium/PROJECT/extensionadminaksent/android/app/src/test/java/com/getcapacitor/myapp"
2026-03-07T17:21:18.061760Z  INFO get_files:scan_sources: tailwindcss_oxide::scanner: exit
2026-03-07T17:21:18.062925Z  INFO get_files: tailwindcss_oxide::scanner: exit
2026-03-07T17:21:18.063222Z  INFO get_globs: tailwindcss_oxide::scanner: enter
2026-03-07T17:21:18.063249Z  INFO get_globs: tailwindcss_oxide::scanner: exit
2026-03-07T17:23:10.601380Z  INFO scan_sources: tailwindcss_oxide::scanner: enter
2026-03-07T17:23:10.602594Z  INFO scan_sources: tailwindcss_oxide::scanner: Discovering "/home/afdal/Laboratorium/PROJECT/extensionadminaksent/scripts"
2026-03-07T17:23:10.602737Z  INFO scan_sources: tailwindcss_oxide::scanner: Discovering "/home/afdal/Laboratorium/PROJECT/extensionadminaksent/cypress"
2026-03-07T17:23:10.602821Z  INFO scan_sources: tailwindcss_oxide::scanner: Discovering "/home/afdal/Laboratorium/PROJECT/extensionadminaksent/cypress/fixtures"
2026-03-07T17:23:10.602916Z  INFO scan_sources: tailwindcss_oxide::scanner: Discovering "/home/afdal/Laboratorium/PROJECT/extensionadminaksent/cypress/e2e"
2026-03-07T17:23:10.603013Z  INFO scan_sources: tailwindcss_oxide::scanner: Discovering "/home/afdal/Laboratorium/PROJECT/extensionadminaksent/cypress/support"
2026-03-07T17:23:10.603126Z  INFO scan_sources: tailwindcss_oxide::scanner: Discovering "/home/afdal/Laboratorium/PROJECT/extensionadminaksent/.vscode"
2026-03-07T17:23:10.603282Z  INFO scan_sources: tailwindcss_oxide::scanner: Discovering "/home/afdal/Laboratorium/PROJECT/extensionadminaksent/src"
2026-03-07T17:23:10.603377Z  INFO scan_sources: tailwindcss_oxide::scanner: Discovering "/home/afdal/Laboratorium/PROJECT/extensionadminaksent/src/hook"
2026-03-07T17:23:10.603473Z  INFO scan_sources: tailwindcss_oxide::scanner: Discovering "/home/afdal/Laboratorium/PROJECT/extensionadminaksent/src/hook/requests"
2026-03-07T17:23:10.603589Z  INFO scan_sources: tailwindcss_oxide::scanner: Discovering "/home/afdal/Laboratorium/PROJECT/extensionadminaksent/src/components"
2026-03-07T17:23:10.603694Z  INFO scan_sources: tailwindcss_oxide::scanner: Discovering "/home/afdal/Laboratorium/PROJECT/extensionadminaksent/src/components/customer"
2026-03-07T17:23:10.603792Z  INFO scan_sources: tailwindcss_oxide::scanner: Discovering "/home/afdal/Laboratorium/PROJECT/extensionadminaksent/src/components/input"
2026-03-07T17:23:10.603913Z  INFO scan_sources: tailwindcss_oxide::scanner: Discovering "/home/afdal/Laboratorium/PROJECT/extensionadminaksent/src/components/layout"
2026-03-07T17:23:10.603997Z  INFO scan_sources: tailwindcss_oxide::scanner: Discovering "/home/afdal/Laboratorium/PROJECT/extensionadminaksent/src/components/list"
2026-03-07T17:23:10.604107Z  INFO scan_sources: tailwindcss_oxide::scanner: Discovering "/home/afdal/Laboratorium/PROJECT/extensionadminaksent/src/components/toolbars"
2026-03-07T17:23:10.604212Z  INFO scan_sources: tailwindcss_oxide::scanner: Discovering "/home/afdal/Laboratorium/PROJECT/extensionadminaksent/src/theme"
2026-03-07T17:23:10.604337Z  INFO scan_sources: tailwindcss_oxide::scanner: Discovering "/home/afdal/Laboratorium/PROJECT/extensionadminaksent/src/utils"
2026-03-07T17:23:10.604430Z  INFO scan_sources: tailwindcss_oxide::scanner: Discovering "/home/afdal/Laboratorium/PROJECT/extensionadminaksent/src/utils/payment.ts"
2026-03-07T17:23:10.604518Z  INFO scan_sources: tailwindcss_oxide::scanner: Discovering "/home/afdal/Laboratorium/PROJECT/extensionadminaksent/src/databases"
2026-03-07T17:23:10.604836Z  INFO scan_sources: tailwindcss_oxide::scanner: Discovering "/home/afdal/Laboratorium/PROJECT/extensionadminaksent/src/databases/migrations"
2026-03-07T17:23:10.605213Z  INFO scan_sources: tailwindcss_oxide::scanner: Discovering "/home/afdal/Laboratorium/PROJECT/extensionadminaksent/src/databases/entities"
2026-03-07T17:23:10.605536Z  INFO scan_sources: tailwindcss_oxide::scanner: Discovering "/home/afdal/Laboratorium/PROJECT/extensionadminaksent/src/types"
2026-03-07T17:23:10.605655Z  INFO scan_sources: tailwindcss_oxide::scanner: Discovering "/home/afdal/Laboratorium/PROJECT/extensionadminaksent/src/pages"
2026-03-07T17:23:10.605733Z  INFO scan_sources: tailwindcss_oxide::scanner: Discovering "/home/afdal/Laboratorium/PROJECT/extensionadminaksent/src/pages/Customer"
2026-03-07T17:23:10.605850Z  INFO scan_sources: tailwindcss_oxide::scanner: Discovering "/home/afdal/Laboratorium/PROJECT/extensionadminaksent/src/pages/Home"
2026-03-07T17:23:10.606328Z  INFO scan_sources: tailwindcss_oxide::scanner: Discovering "/home/afdal/Laboratorium/PROJECT/extensionadminaksent/src/pages/Validation"
2026-03-07T17:23:10.606798Z  INFO scan_sources: tailwindcss_oxide::scanner: Discovering "/home/afdal/Laboratorium/PROJECT/extensionadminaksent/src/pages/Unpaid"
2026-03-07T17:23:10.607127Z  INFO scan_sources: tailwindcss_oxide::scanner: Discovering "/home/afdal/Laboratorium/PROJECT/extensionadminaksent/src/pages/Payment"
2026-03-07T17:23:10.607244Z  INFO scan_sources: tailwindcss_oxide::scanner: Discovering "/home/afdal/Laboratorium/PROJECT/extensionadminaksent/src/context"
2026-03-07T17:23:10.607787Z  INFO scan_sources: tailwindcss_oxide::scanner: Discovering "/home/afdal/Laboratorium/PROJECT/extensionadminaksent/public"
2026-03-07T17:23:10.608040Z  INFO scan_sources: tailwindcss_oxide::scanner: Discovering "/home/afdal/Laboratorium/PROJECT/extensionadminaksent/public/assets"
2026-03-07T17:23:10.608438Z  INFO scan_sources: tailwindcss_oxide::scanner: Discovering "/home/afdal/Laboratorium/PROJECT/extensionadminaksent/android"
2026-03-07T17:23:10.609149Z  INFO scan_sources: tailwindcss_oxide::scanner: Discovering "/home/afdal/Laboratorium/PROJECT/extensionadminaksent/android/.kotlin"
2026-03-07T17:23:10.609391Z  INFO scan_sources: tailwindcss_oxide::scanner: Discovering "/home/afdal/Laboratorium/PROJECT/extensionadminaksent/android/.kotlin/sessions"
2026-03-07T17:23:10.609888Z  INFO scan_sources: tailwindcss_oxide::scanner: Discovering "/home/afdal/Laboratorium/PROJECT/extensionadminaksent/android/gradle"
2026-03-07T17:23:10.610144Z  INFO scan_sources: tailwindcss_oxide::scanner: Discovering "/home/afdal/Laboratorium/PROJECT/extensionadminaksent/android/gradle/wrapper"
2026-03-07T17:23:10.610269Z  INFO scan_sources: tailwindcss_oxide::scanner: Discovering "/home/afdal/Laboratorium/PROJECT/extensionadminaksent/android/app"
2026-03-07T17:23:10.610464Z  INFO scan_sources: tailwindcss_oxide::scanner: Discovering "/home/afdal/Laboratorium/PROJECT/extensionadminaksent/android/app/src"
2026-03-07T17:23:10.610583Z  INFO scan_sources: tailwindcss_oxide::scanner: Discovering "/home/afdal/Laboratorium/PROJECT/extensionadminaksent/android/app/src/main"
2026-03-07T17:23:10.610700Z  INFO scan_sources: tailwindcss_oxide::scanner: Discovering "/home/afdal/Laboratorium/PROJECT/extensionadminaksent/android/app/src/main/res"
2026-03-07T17:23:10.611013Z  INFO scan_sources: tailwindcss_oxide::scanner: Discovering "/home/afdal/Laboratorium/PROJECT/extensionadminaksent/android/app/src/main/res/drawable-land-xhdpi"
2026-03-07T17:23:10.611408Z  INFO scan_sources: tailwindcss_oxide::scanner: Discovering "/home/afdal/Laboratorium/PROJECT/extensionadminaksent/android/app/src/main/res/drawable-land-xxhdpi"
2026-03-07T17:23:10.611668Z  INFO scan_sources: tailwindcss_oxide::scanner: Discovering "/home/afdal/Laboratorium/PROJECT/extensionadminaksent/android/app/src/main/res/drawable-v24"
2026-03-07T17:23:10.611982Z  INFO scan_sources: tailwindcss_oxide::scanner: Discovering "/home/afdal/Laboratorium/PROJECT/extensionadminaksent/android/app/src/main/res/drawable-port-xxxhdpi"
2026-03-07T17:23:10.612300Z  INFO scan_sources: tailwindcss_oxide::scanner: Discovering "/home/afdal/Laboratorium/PROJECT/extensionadminaksent/android/app/src/main/res/drawable-land-xxxhdpi"
2026-03-07T17:23:10.612609Z  INFO scan_sources: tailwindcss_oxide::scanner: Discovering "/home/afdal/Laboratorium/PROJECT/extensionadminaksent/android/app/src/main/res/drawable-port-xxhdpi"
2026-03-07T17:23:10.612707Z  INFO scan_sources: tailwindcss_oxide::scanner: Discovering "/home/afdal/Laboratorium/PROJECT/extensionadminaksent/android/app/src/main/res/mipmap-hdpi"
2026-03-07T17:23:10.612795Z  INFO scan_sources: tailwindcss_oxide::scanner: Discovering "/home/afdal/Laboratorium/PROJECT/extensionadminaksent/android/app/src/main/res/drawable-land-hdpi"
2026-03-07T17:23:10.612873Z  INFO scan_sources: tailwindcss_oxide::scanner: Discovering "/home/afdal/Laboratorium/PROJECT/extensionadminaksent/android/app/src/main/res/xml"
2026-03-07T17:23:10.612969Z  INFO scan_sources: tailwindcss_oxide::scanner: Discovering "/home/afdal/Laboratorium/PROJECT/extensionadminaksent/android/app/src/main/res/mipmap-xhdpi"
2026-03-07T17:23:10.613055Z  INFO scan_sources: tailwindcss_oxide::scanner: Discovering "/home/afdal/Laboratorium/PROJECT/extensionadminaksent/android/app/src/main/res/drawable-land-mdpi"
2026-03-07T17:23:10.613130Z  INFO scan_sources: tailwindcss_oxide::scanner: Discovering "/home/afdal/Laboratorium/PROJECT/extensionadminaksent/android/app/src/main/res/drawable-port-hdpi"
2026-03-07T17:23:10.613204Z  INFO scan_sources: tailwindcss_oxide::scanner: Discovering "/home/afdal/Laboratorium/PROJECT/extensionadminaksent/android/app/src/main/res/mipmap-xxhdpi"
2026-03-07T17:23:10.613288Z  INFO scan_sources: tailwindcss_oxide::scanner: Discovering "/home/afdal/Laboratorium/PROJECT/extensionadminaksent/android/app/src/main/res/mipmap-mdpi"
2026-03-07T17:23:10.613368Z  INFO scan_sources: tailwindcss_oxide::scanner: Discovering "/home/afdal/Laboratorium/PROJECT/extensionadminaksent/android/app/src/main/res/drawable"
2026-03-07T17:23:10.613461Z  INFO scan_sources: tailwindcss_oxide::scanner: Discovering "/home/afdal/Laboratorium/PROJECT/extensionadminaksent/android/app/src/main/res/drawable-port-xhdpi"
2026-03-07T17:23:10.613534Z  INFO scan_sources: tailwindcss_oxide::scanner: Discovering "/home/afdal/Laboratorium/PROJECT/extensionadminaksent/android/app/src/main/res/mipmap-xxxhdpi"
2026-03-07T17:23:10.613800Z  INFO scan_sources: tailwindcss_oxide::scanner: Discovering "/home/afdal/Laboratorium/PROJECT/extensionadminaksent/android/app/src/main/res/layout"
2026-03-07T17:23:10.613928Z  INFO scan_sources: tailwindcss_oxide::scanner: Discovering "/home/afdal/Laboratorium/PROJECT/extensionadminaksent/android/app/src/main/res/mipmap-anydpi-v26"
2026-03-07T17:23:10.614048Z  INFO scan_sources: tailwindcss_oxide::scanner: Discovering "/home/afdal/Laboratorium/PROJECT/extensionadminaksent/android/app/src/main/res/drawable-port-mdpi"
2026-03-07T17:23:10.614762Z  INFO scan_sources: tailwindcss_oxide::scanner: Discovering "/home/afdal/Laboratorium/PROJECT/extensionadminaksent/android/app/src/main/res/values"
2026-03-07T17:23:10.615285Z  INFO scan_sources: tailwindcss_oxide::scanner: Discovering "/home/afdal/Laboratorium/PROJECT/extensionadminaksent/android/app/src/main/java"
2026-03-07T17:23:10.615745Z  INFO scan_sources: tailwindcss_oxide::scanner: Discovering "/home/afdal/Laboratorium/PROJECT/extensionadminaksent/android/app/src/main/java/io"
2026-03-07T17:23:10.616038Z  INFO scan_sources: tailwindcss_oxide::scanner: Discovering "/home/afdal/Laboratorium/PROJECT/extensionadminaksent/android/app/src/main/java/io/ionic"
2026-03-07T17:23:10.616259Z  INFO scan_sources: tailwindcss_oxide::scanner: Discovering "/home/afdal/Laboratorium/PROJECT/extensionadminaksent/android/app/src/main/java/io/ionic/starter"
2026-03-07T17:23:10.616540Z  INFO scan_sources: tailwindcss_oxide::scanner: Discovering "/home/afdal/Laboratorium/PROJECT/extensionadminaksent/android/app/src/main/assets"
2026-03-07T17:23:10.616865Z  INFO scan_sources: tailwindcss_oxide::scanner: Discovering "/home/afdal/Laboratorium/PROJECT/extensionadminaksent/android/app/src/androidTest"
2026-03-07T17:23:10.617115Z  INFO scan_sources: tailwindcss_oxide::scanner: Discovering "/home/afdal/Laboratorium/PROJECT/extensionadminaksent/android/app/src/androidTest/java"
2026-03-07T17:23:10.617456Z  INFO scan_sources: tailwindcss_oxide::scanner: Discovering "/home/afdal/Laboratorium/PROJECT/extensionadminaksent/android/app/src/androidTest/java/com"
2026-03-07T17:23:10.617634Z  INFO scan_sources: tailwindcss_oxide::scanner: Discovering "/home/afdal/Laboratorium/PROJECT/extensionadminaksent/android/app/src/androidTest/java/com/getcapacitor"
2026-03-07T17:23:10.617850Z  INFO scan_sources: tailwindcss_oxide::scanner: Discovering "/home/afdal/Laboratorium/PROJECT/extensionadminaksent/android/app/src/androidTest/java/com/getcapacitor/myapp"
2026-03-07T17:23:10.618049Z  INFO scan_sources: tailwindcss_oxide::scanner: Discovering "/home/afdal/Laboratorium/PROJECT/extensionadminaksent/android/app/src/test"
2026-03-07T17:23:10.618127Z  INFO scan_sources: tailwindcss_oxide::scanner: Discovering "/home/afdal/Laboratorium/PROJECT/extensionadminaksent/android/app/src/test/java"
2026-03-07T17:23:10.618203Z  INFO scan_sources: tailwindcss_oxide::scanner: Discovering "/home/afdal/Laboratorium/PROJECT/extensionadminaksent/android/app/src/test/java/com"
2026-03-07T17:23:10.618270Z  INFO scan_sources: tailwindcss_oxide::scanner: Discovering "/home/afdal/Laboratorium/PROJECT/extensionadminaksent/android/app/src/test/java/com/getcapacitor"
2026-03-07T17:23:10.618337Z  INFO scan_sources: tailwindcss_oxide::scanner: Discovering "/home/afdal/Laboratorium/PROJECT/extensionadminaksent/android/app/src/test/java/com/getcapacitor/myapp"
2026-03-07T17:23:10.618927Z  INFO scan_sources: tailwindcss_oxide::scanner: exit
2026-03-07T17:23:10.618965Z  INFO extract_candidates: tailwindcss_oxide::scanner: enter
2026-03-07T17:23:10.618976Z  INFO extract_candidates:read_all_files: tailwindcss_oxide::scanner: enter
2026-03-07T17:23:10.618986Z  INFO extract_candidates:read_all_files: tailwindcss_oxide::scanner: Reading 1 file(s)
2026-03-07T17:23:10.619076Z  INFO extract_candidates:read_all_files: tailwindcss_oxide::scanner: Reading "/home/afdal/Laboratorium/PROJECT/extensionadminaksent/src/utils/payment.ts"
2026-03-07T17:23:10.619103Z  INFO extract_candidates:read_all_files: tailwindcss_oxide::scanner: exit
2026-03-07T17:23:10.619112Z  INFO extract_candidates:parse_all_blobs: tailwindcss_oxide::scanner: enter
2026-03-07T17:23:10.619132Z  INFO extract_candidates:parse_all_blobs:extract: tailwindcss_oxide::scanner: enter
2026-03-07T17:23:10.622756Z  INFO extract_candidates:parse_all_blobs:extract: tailwindcss_oxide::scanner: exit
2026-03-07T17:23:10.622959Z  INFO extract_candidates:parse_all_blobs: tailwindcss_oxide::scanner: exit
2026-03-07T17:23:10.624572Z  INFO extract_candidates: tailwindcss_oxide::scanner: exit
2026-03-07T17:23:10.628715Z  INFO get_files: tailwindcss_oxide::scanner: enter
2026-03-07T17:23:10.628942Z  INFO get_files:scan_sources: tailwindcss_oxide::scanner: enter
2026-03-07T17:23:10.632335Z  INFO get_files:scan_sources: tailwindcss_oxide::scanner: Discovering "/home/afdal/Laboratorium/PROJECT/extensionadminaksent/scripts"
2026-03-07T17:23:10.633971Z  INFO get_files:scan_sources: tailwindcss_oxide::scanner: Discovering "/home/afdal/Laboratorium/PROJECT/extensionadminaksent/cypress"
2026-03-07T17:23:10.634122Z  INFO get_files:scan_sources: tailwindcss_oxide::scanner: Discovering "/home/afdal/Laboratorium/PROJECT/extensionadminaksent/cypress/fixtures"
2026-03-07T17:23:10.634215Z  INFO get_files:scan_sources: tailwindcss_oxide::scanner: Discovering "/home/afdal/Laboratorium/PROJECT/extensionadminaksent/cypress/e2e"
2026-03-07T17:23:10.634303Z  INFO get_files:scan_sources: tailwindcss_oxide::scanner: Discovering "/home/afdal/Laboratorium/PROJECT/extensionadminaksent/cypress/support"
2026-03-07T17:23:10.634450Z  INFO get_files:scan_sources: tailwindcss_oxide::scanner: Discovering "/home/afdal/Laboratorium/PROJECT/extensionadminaksent/.vscode"
2026-03-07T17:23:10.634701Z  INFO get_files:scan_sources: tailwindcss_oxide::scanner: Discovering "/home/afdal/Laboratorium/PROJECT/extensionadminaksent/src"
2026-03-07T17:23:10.634894Z  INFO get_files:scan_sources: tailwindcss_oxide::scanner: Discovering "/home/afdal/Laboratorium/PROJECT/extensionadminaksent/src/hook"
2026-03-07T17:23:10.635041Z  INFO get_files:scan_sources: tailwindcss_oxide::scanner: Discovering "/home/afdal/Laboratorium/PROJECT/extensionadminaksent/src/hook/requests"
2026-03-07T17:23:10.635149Z  INFO get_files:scan_sources: tailwindcss_oxide::scanner: Discovering "/home/afdal/Laboratorium/PROJECT/extensionadminaksent/src/components"
2026-03-07T17:23:10.635238Z  INFO get_files:scan_sources: tailwindcss_oxide::scanner: Discovering "/home/afdal/Laboratorium/PROJECT/extensionadminaksent/src/components/customer"
2026-03-07T17:23:10.635341Z  INFO get_files:scan_sources: tailwindcss_oxide::scanner: Discovering "/home/afdal/Laboratorium/PROJECT/extensionadminaksent/src/components/input"
2026-03-07T17:23:10.635473Z  INFO get_files:scan_sources: tailwindcss_oxide::scanner: Discovering "/home/afdal/Laboratorium/PROJECT/extensionadminaksent/src/components/layout"
2026-03-07T17:23:10.635564Z  INFO get_files:scan_sources: tailwindcss_oxide::scanner: Discovering "/home/afdal/Laboratorium/PROJECT/extensionadminaksent/src/components/list"
2026-03-07T17:23:10.636424Z  INFO get_files:scan_sources: tailwindcss_oxide::scanner: Discovering "/home/afdal/Laboratorium/PROJECT/extensionadminaksent/src/components/toolbars"
2026-03-07T17:23:10.636740Z  INFO get_files:scan_sources: tailwindcss_oxide::scanner: Discovering "/home/afdal/Laboratorium/PROJECT/extensionadminaksent/src/theme"
2026-03-07T17:23:10.636999Z  INFO get_files:scan_sources: tailwindcss_oxide::scanner: Discovering "/home/afdal/Laboratorium/PROJECT/extensionadminaksent/src/utils"
2026-03-07T17:23:10.637283Z  INFO get_files:scan_sources: tailwindcss_oxide::scanner: Discovering "/home/afdal/Laboratorium/PROJECT/extensionadminaksent/src/databases"
2026-03-07T17:23:10.637491Z  INFO get_files:scan_sources: tailwindcss_oxide::scanner: Discovering "/home/afdal/Laboratorium/PROJECT/extensionadminaksent/src/databases/migrations"
2026-03-07T17:23:10.637745Z  INFO get_files:scan_sources: tailwindcss_oxide::scanner: Discovering "/home/afdal/Laboratorium/PROJECT/extensionadminaksent/src/databases/entities"
2026-03-07T17:23:10.638001Z  INFO get_files:scan_sources: tailwindcss_oxide::scanner: Discovering "/home/afdal/Laboratorium/PROJECT/extensionadminaksent/src/types"
2026-03-07T17:23:10.638249Z  INFO get_files:scan_sources: tailwindcss_oxide::scanner: Discovering "/home/afdal/Laboratorium/PROJECT/extensionadminaksent/src/pages"
2026-03-07T17:23:10.638428Z  INFO get_files:scan_sources: tailwindcss_oxide::scanner: Discovering "/home/afdal/Laboratorium/PROJECT/extensionadminaksent/src/pages/Customer"
2026-03-07T17:23:10.638648Z  INFO get_files:scan_sources: tailwindcss_oxide::scanner: Discovering "/home/afdal/Laboratorium/PROJECT/extensionadminaksent/src/pages/Home"
2026-03-07T17:23:10.638876Z  INFO get_files:scan_sources: tailwindcss_oxide::scanner: Discovering "/home/afdal/Laboratorium/PROJECT/extensionadminaksent/src/pages/Validation"
2026-03-07T17:23:10.639075Z  INFO get_files:scan_sources: tailwindcss_oxide::scanner: Discovering "/home/afdal/Laboratorium/PROJECT/extensionadminaksent/src/pages/Unpaid"
2026-03-07T17:23:10.639278Z  INFO get_files:scan_sources: tailwindcss_oxide::scanner: Discovering "/home/afdal/Laboratorium/PROJECT/extensionadminaksent/src/pages/Payment"
2026-03-07T17:23:10.639505Z  INFO get_files:scan_sources: tailwindcss_oxide::scanner: Discovering "/home/afdal/Laboratorium/PROJECT/extensionadminaksent/src/context"
2026-03-07T17:23:10.639909Z  INFO get_files:scan_sources: tailwindcss_oxide::scanner: Discovering "/home/afdal/Laboratorium/PROJECT/extensionadminaksent/public"
2026-03-07T17:23:10.640643Z  INFO get_files:scan_sources: tailwindcss_oxide::scanner: Discovering "/home/afdal/Laboratorium/PROJECT/extensionadminaksent/public/assets"
2026-03-07T17:23:10.641170Z  INFO get_files:scan_sources: tailwindcss_oxide::scanner: Discovering "/home/afdal/Laboratorium/PROJECT/extensionadminaksent/android"
2026-03-07T17:23:10.642703Z  INFO get_files:scan_sources: tailwindcss_oxide::scanner: Discovering "/home/afdal/Laboratorium/PROJECT/extensionadminaksent/android/.kotlin"
2026-03-07T17:23:10.642977Z  INFO get_files:scan_sources: tailwindcss_oxide::scanner: Discovering "/home/afdal/Laboratorium/PROJECT/extensionadminaksent/android/.kotlin/sessions"
2026-03-07T17:23:10.643334Z  INFO get_files:scan_sources: tailwindcss_oxide::scanner: Discovering "/home/afdal/Laboratorium/PROJECT/extensionadminaksent/android/gradle"
2026-03-07T17:23:10.643544Z  INFO get_files:scan_sources: tailwindcss_oxide::scanner: Discovering "/home/afdal/Laboratorium/PROJECT/extensionadminaksent/android/gradle/wrapper"
2026-03-07T17:23:10.643806Z  INFO get_files:scan_sources: tailwindcss_oxide::scanner: Discovering "/home/afdal/Laboratorium/PROJECT/extensionadminaksent/android/app"
2026-03-07T17:23:10.644117Z  INFO get_files:scan_sources: tailwindcss_oxide::scanner: Discovering "/home/afdal/Laboratorium/PROJECT/extensionadminaksent/android/app/src"
2026-03-07T17:23:10.644424Z  INFO get_files:scan_sources: tailwindcss_oxide::scanner: Discovering "/home/afdal/Laboratorium/PROJECT/extensionadminaksent/android/app/src/main"
2026-03-07T17:23:10.644691Z  INFO get_files:scan_sources: tailwindcss_oxide::scanner: Discovering "/home/afdal/Laboratorium/PROJECT/extensionadminaksent/android/app/src/main/res"
2026-03-07T17:23:10.644804Z  INFO get_files:scan_sources: tailwindcss_oxide::scanner: Discovering "/home/afdal/Laboratorium/PROJECT/extensionadminaksent/android/app/src/main/res/drawable-land-xhdpi"
2026-03-07T17:23:10.644888Z  INFO get_files:scan_sources: tailwindcss_oxide::scanner: Discovering "/home/afdal/Laboratorium/PROJECT/extensionadminaksent/android/app/src/main/res/drawable-land-xxhdpi"
2026-03-07T17:23:10.644968Z  INFO get_files:scan_sources: tailwindcss_oxide::scanner: Discovering "/home/afdal/Laboratorium/PROJECT/extensionadminaksent/android/app/src/main/res/drawable-v24"
2026-03-07T17:23:10.645073Z  INFO get_files:scan_sources: tailwindcss_oxide::scanner: Discovering "/home/afdal/Laboratorium/PROJECT/extensionadminaksent/android/app/src/main/res/drawable-port-xxxhdpi"
2026-03-07T17:23:10.645154Z  INFO get_files:scan_sources: tailwindcss_oxide::scanner: Discovering "/home/afdal/Laboratorium/PROJECT/extensionadminaksent/android/app/src/main/res/drawable-land-xxxhdpi"
2026-03-07T17:23:10.645258Z  INFO get_files:scan_sources: tailwindcss_oxide::scanner: Discovering "/home/afdal/Laboratorium/PROJECT/extensionadminaksent/android/app/src/main/res/drawable-port-xxhdpi"
2026-03-07T17:23:10.648491Z  INFO get_files:scan_sources: tailwindcss_oxide::scanner: Discovering "/home/afdal/Laboratorium/PROJECT/extensionadminaksent/android/app/src/main/res/mipmap-hdpi"
2026-03-07T17:23:10.648678Z  INFO get_files:scan_sources: tailwindcss_oxide::scanner: Discovering "/home/afdal/Laboratorium/PROJECT/extensionadminaksent/android/app/src/main/res/drawable-land-hdpi"
2026-03-07T17:23:10.648792Z  INFO get_files:scan_sources: tailwindcss_oxide::scanner: Discovering "/home/afdal/Laboratorium/PROJECT/extensionadminaksent/android/app/src/main/res/xml"
2026-03-07T17:23:10.648902Z  INFO get_files:scan_sources: tailwindcss_oxide::scanner: Discovering "/home/afdal/Laboratorium/PROJECT/extensionadminaksent/android/app/src/main/res/mipmap-xhdpi"
2026-03-07T17:23:10.649009Z  INFO get_files:scan_sources: tailwindcss_oxide::scanner: Discovering "/home/afdal/Laboratorium/PROJECT/extensionadminaksent/android/app/src/main/res/drawable-land-mdpi"
2026-03-07T17:23:10.649098Z  INFO get_files:scan_sources: tailwindcss_oxide::scanner: Discovering "/home/afdal/Laboratorium/PROJECT/extensionadminaksent/android/app/src/main/res/drawable-port-hdpi"
2026-03-07T17:23:10.649178Z  INFO get_files:scan_sources: tailwindcss_oxide::scanner: Discovering "/home/afdal/Laboratorium/PROJECT/extensionadminaksent/android/app/src/main/res/mipmap-xxhdpi"
2026-03-07T17:23:10.649270Z  INFO get_files:scan_sources: tailwindcss_oxide::scanner: Discovering "/home/afdal/Laboratorium/PROJECT/extensionadminaksent/android/app/src/main/res/mipmap-mdpi"
2026-03-07T17:23:10.649359Z  INFO get_files:scan_sources: tailwindcss_oxide::scanner: Discovering "/home/afdal/Laboratorium/PROJECT/extensionadminaksent/android/app/src/main/res/drawable"
2026-03-07T17:23:10.649470Z  INFO get_files:scan_sources: tailwindcss_oxide::scanner: Discovering "/home/afdal/Laboratorium/PROJECT/extensionadminaksent/android/app/src/main/res/drawable-port-xhdpi"
2026-03-07T17:23:10.649551Z  INFO get_files:scan_sources: tailwindcss_oxide::scanner: Discovering "/home/afdal/Laboratorium/PROJECT/extensionadminaksent/android/app/src/main/res/mipmap-xxxhdpi"
2026-03-07T17:23:10.649905Z  INFO get_files:scan_sources: tailwindcss_oxide::scanner: Discovering "/home/afdal/Laboratorium/PROJECT/extensionadminaksent/android/app/src/main/res/layout"
2026-03-07T17:23:10.650150Z  INFO get_files:scan_sources: tailwindcss_oxide::scanner: Discovering "/home/afdal/Laboratorium/PROJECT/extensionadminaksent/android/app/src/main/res/mipmap-anydpi-v26"
2026-03-07T17:23:10.650378Z  INFO get_files:scan_sources: tailwindcss_oxide::scanner: Discovering "/home/afdal/Laboratorium/PROJECT/extensionadminaksent/android/app/src/main/res/drawable-port-mdpi"
2026-03-07T17:23:10.650578Z  INFO get_files:scan_sources: tailwindcss_oxide::scanner: Discovering "/home/afdal/Laboratorium/PROJECT/extensionadminaksent/android/app/src/main/res/values"
2026-03-07T17:23:10.651149Z  INFO get_files:scan_sources: tailwindcss_oxide::scanner: Discovering "/home/afdal/Laboratorium/PROJECT/extensionadminaksent/android/app/src/main/java"
2026-03-07T17:23:10.651429Z  INFO get_files:scan_sources: tailwindcss_oxide::scanner: Discovering "/home/afdal/Laboratorium/PROJECT/extensionadminaksent/android/app/src/main/java/io"
2026-03-07T17:23:10.651682Z  INFO get_files:scan_sources: tailwindcss_oxide::scanner: Discovering "/home/afdal/Laboratorium/PROJECT/extensionadminaksent/android/app/src/main/java/io/ionic"
2026-03-07T17:23:10.652080Z  INFO get_files:scan_sources: tailwindcss_oxide::scanner: Discovering "/home/afdal/Laboratorium/PROJECT/extensionadminaksent/android/app/src/main/java/io/ionic/starter"
2026-03-07T17:23:10.652691Z  INFO get_files:scan_sources: tailwindcss_oxide::scanner: Discovering "/home/afdal/Laboratorium/PROJECT/extensionadminaksent/android/app/src/main/assets"
2026-03-07T17:23:10.653557Z  INFO get_files:scan_sources: tailwindcss_oxide::scanner: Discovering "/home/afdal/Laboratorium/PROJECT/extensionadminaksent/android/app/src/androidTest"
2026-03-07T17:23:10.653965Z  INFO get_files:scan_sources: tailwindcss_oxide::scanner: Discovering "/home/afdal/Laboratorium/PROJECT/extensionadminaksent/android/app/src/androidTest/java"
2026-03-07T17:23:10.654176Z  INFO get_files:scan_sources: tailwindcss_oxide::scanner: Discovering "/home/afdal/Laboratorium/PROJECT/extensionadminaksent/android/app/src/androidTest/java/com"
2026-03-07T17:23:10.654376Z  INFO get_files:scan_sources: tailwindcss_oxide::scanner: Discovering "/home/afdal/Laboratorium/PROJECT/extensionadminaksent/android/app/src/androidTest/java/com/getcapacitor"
2026-03-07T17:23:10.654582Z  INFO get_files:scan_sources: tailwindcss_oxide::scanner: Discovering "/home/afdal/Laboratorium/PROJECT/extensionadminaksent/android/app/src/androidTest/java/com/getcapacitor/myapp"
2026-03-07T17:23:10.654858Z  INFO get_files:scan_sources: tailwindcss_oxide::scanner: Discovering "/home/afdal/Laboratorium/PROJECT/extensionadminaksent/android/app/src/test"
2026-03-07T17:23:10.655031Z  INFO get_files:scan_sources: tailwindcss_oxide::scanner: Discovering "/home/afdal/Laboratorium/PROJECT/extensionadminaksent/android/app/src/test/java"
2026-03-07T17:23:10.655191Z  INFO get_files:scan_sources: tailwindcss_oxide::scanner: Discovering "/home/afdal/Laboratorium/PROJECT/extensionadminaksent/android/app/src/test/java/com"
2026-03-07T17:23:10.655352Z  INFO get_files:scan_sources: tailwindcss_oxide::scanner: Discovering "/home/afdal/Laboratorium/PROJECT/extensionadminaksent/android/app/src/test/java/com/getcapacitor"
2026-03-07T17:23:10.655524Z  INFO get_files:scan_sources: tailwindcss_oxide::scanner: Discovering "/home/afdal/Laboratorium/PROJECT/extensionadminaksent/android/app/src/test/java/com/getcapacitor/myapp"
2026-03-07T17:23:10.656219Z  INFO get_files:scan_sources: tailwindcss_oxide::scanner: exit
2026-03-07T17:23:10.658356Z  INFO get_files: tailwindcss_oxide::scanner: exit
2026-03-07T17:23:10.658730Z  INFO get_globs: tailwindcss_oxide::scanner: enter
2026-03-07T17:23:10.658793Z  INFO get_globs: tailwindcss_oxide::scanner: exit
2026-03-07T17:23:13.717811Z  INFO scan_sources: tailwindcss_oxide::scanner: enter
2026-03-07T17:23:13.718802Z  INFO scan_sources: tailwindcss_oxide::scanner: Discovering "/home/afdal/Laboratorium/PROJECT/extensionadminaksent/scripts"
2026-03-07T17:23:13.718931Z  INFO scan_sources: tailwindcss_oxide::scanner: Discovering "/home/afdal/Laboratorium/PROJECT/extensionadminaksent/cypress"
2026-03-07T17:23:13.719001Z  INFO scan_sources: tailwindcss_oxide::scanner: Discovering "/home/afdal/Laboratorium/PROJECT/extensionadminaksent/cypress/fixtures"
2026-03-07T17:23:13.719088Z  INFO scan_sources: tailwindcss_oxide::scanner: Discovering "/home/afdal/Laboratorium/PROJECT/extensionadminaksent/cypress/e2e"
2026-03-07T17:23:13.719176Z  INFO scan_sources: tailwindcss_oxide::scanner: Discovering "/home/afdal/Laboratorium/PROJECT/extensionadminaksent/cypress/support"
2026-03-07T17:23:13.719282Z  INFO scan_sources: tailwindcss_oxide::scanner: Discovering "/home/afdal/Laboratorium/PROJECT/extensionadminaksent/.vscode"
2026-03-07T17:23:13.719435Z  INFO scan_sources: tailwindcss_oxide::scanner: Discovering "/home/afdal/Laboratorium/PROJECT/extensionadminaksent/src"
2026-03-07T17:23:13.719512Z  INFO scan_sources: tailwindcss_oxide::scanner: Discovering "/home/afdal/Laboratorium/PROJECT/extensionadminaksent/src/hook"
2026-03-07T17:23:13.719611Z  INFO scan_sources: tailwindcss_oxide::scanner: Discovering "/home/afdal/Laboratorium/PROJECT/extensionadminaksent/src/hook/requests"
2026-03-07T17:23:13.719724Z  INFO scan_sources: tailwindcss_oxide::scanner: Discovering "/home/afdal/Laboratorium/PROJECT/extensionadminaksent/src/components"
2026-03-07T17:23:13.719818Z  INFO scan_sources: tailwindcss_oxide::scanner: Discovering "/home/afdal/Laboratorium/PROJECT/extensionadminaksent/src/components/customer"
2026-03-07T17:23:13.719922Z  INFO scan_sources: tailwindcss_oxide::scanner: Discovering "/home/afdal/Laboratorium/PROJECT/extensionadminaksent/src/components/input"
2026-03-07T17:23:13.720060Z  INFO scan_sources: tailwindcss_oxide::scanner: Discovering "/home/afdal/Laboratorium/PROJECT/extensionadminaksent/src/components/layout"
2026-03-07T17:23:13.720167Z  INFO scan_sources: tailwindcss_oxide::scanner: Discovering "/home/afdal/Laboratorium/PROJECT/extensionadminaksent/src/components/list"
2026-03-07T17:23:13.720279Z  INFO scan_sources: tailwindcss_oxide::scanner: Discovering "/home/afdal/Laboratorium/PROJECT/extensionadminaksent/src/components/toolbars"
2026-03-07T17:23:13.720380Z  INFO scan_sources: tailwindcss_oxide::scanner: Discovering "/home/afdal/Laboratorium/PROJECT/extensionadminaksent/src/theme"
2026-03-07T17:23:13.720500Z  INFO scan_sources: tailwindcss_oxide::scanner: Discovering "/home/afdal/Laboratorium/PROJECT/extensionadminaksent/src/utils"
2026-03-07T17:23:13.723669Z  INFO scan_sources: tailwindcss_oxide::scanner: Discovering "/home/afdal/Laboratorium/PROJECT/extensionadminaksent/src/utils/payment.ts"
2026-03-07T17:23:13.723818Z  INFO scan_sources: tailwindcss_oxide::scanner: Discovering "/home/afdal/Laboratorium/PROJECT/extensionadminaksent/src/databases"
2026-03-07T17:23:13.723914Z  INFO scan_sources: tailwindcss_oxide::scanner: Discovering "/home/afdal/Laboratorium/PROJECT/extensionadminaksent/src/databases/migrations"
2026-03-07T17:23:13.724053Z  INFO scan_sources: tailwindcss_oxide::scanner: Discovering "/home/afdal/Laboratorium/PROJECT/extensionadminaksent/src/databases/entities"
2026-03-07T17:23:13.724187Z  INFO scan_sources: tailwindcss_oxide::scanner: Discovering "/home/afdal/Laboratorium/PROJECT/extensionadminaksent/src/types"
2026-03-07T17:23:13.724271Z  INFO scan_sources: tailwindcss_oxide::scanner: Discovering "/home/afdal/Laboratorium/PROJECT/extensionadminaksent/src/pages"
2026-03-07T17:23:13.724331Z  INFO scan_sources: tailwindcss_oxide::scanner: Discovering "/home/afdal/Laboratorium/PROJECT/extensionadminaksent/src/pages/Customer"
2026-03-07T17:23:13.724444Z  INFO scan_sources: tailwindcss_oxide::scanner: Discovering "/home/afdal/Laboratorium/PROJECT/extensionadminaksent/src/pages/Home"
2026-03-07T17:23:13.724541Z  INFO scan_sources: tailwindcss_oxide::scanner: Discovering "/home/afdal/Laboratorium/PROJECT/extensionadminaksent/src/pages/Validation"
2026-03-07T17:23:13.724638Z  INFO scan_sources: tailwindcss_oxide::scanner: Discovering "/home/afdal/Laboratorium/PROJECT/extensionadminaksent/src/pages/Unpaid"
2026-03-07T17:23:13.724737Z  INFO scan_sources: tailwindcss_oxide::scanner: Discovering "/home/afdal/Laboratorium/PROJECT/extensionadminaksent/src/pages/Payment"
2026-03-07T17:23:13.724841Z  INFO scan_sources: tailwindcss_oxide::scanner: Discovering "/home/afdal/Laboratorium/PROJECT/extensionadminaksent/src/context"
2026-03-07T17:23:13.725096Z  INFO scan_sources: tailwindcss_oxide::scanner: Discovering "/home/afdal/Laboratorium/PROJECT/extensionadminaksent/public"
2026-03-07T17:23:13.725196Z  INFO scan_sources: tailwindcss_oxide::scanner: Discovering "/home/afdal/Laboratorium/PROJECT/extensionadminaksent/public/assets"
2026-03-07T17:23:13.725407Z  INFO scan_sources: tailwindcss_oxide::scanner: Discovering "/home/afdal/Laboratorium/PROJECT/extensionadminaksent/android"
2026-03-07T17:23:13.725893Z  INFO scan_sources: tailwindcss_oxide::scanner: Discovering "/home/afdal/Laboratorium/PROJECT/extensionadminaksent/android/.kotlin"
2026-03-07T17:23:13.725991Z  INFO scan_sources: tailwindcss_oxide::scanner: Discovering "/home/afdal/Laboratorium/PROJECT/extensionadminaksent/android/.kotlin/sessions"
2026-03-07T17:23:13.726424Z  INFO scan_sources: tailwindcss_oxide::scanner: Discovering "/home/afdal/Laboratorium/PROJECT/extensionadminaksent/android/gradle"
2026-03-07T17:23:13.726683Z  INFO scan_sources: tailwindcss_oxide::scanner: Discovering "/home/afdal/Laboratorium/PROJECT/extensionadminaksent/android/gradle/wrapper"
2026-03-07T17:23:13.726944Z  INFO scan_sources: tailwindcss_oxide::scanner: Discovering "/home/afdal/Laboratorium/PROJECT/extensionadminaksent/android/app"
2026-03-07T17:23:13.727273Z  INFO scan_sources: tailwindcss_oxide::scanner: Discovering "/home/afdal/Laboratorium/PROJECT/extensionadminaksent/android/app/src"
2026-03-07T17:23:13.727615Z  INFO scan_sources: tailwindcss_oxide::scanner: Discovering "/home/afdal/Laboratorium/PROJECT/extensionadminaksent/android/app/src/main"
2026-03-07T17:23:13.727951Z  INFO scan_sources: tailwindcss_oxide::scanner: Discovering "/home/afdal/Laboratorium/PROJECT/extensionadminaksent/android/app/src/main/res"
2026-03-07T17:23:13.728176Z  INFO scan_sources: tailwindcss_oxide::scanner: Discovering "/home/afdal/Laboratorium/PROJECT/extensionadminaksent/android/app/src/main/res/drawable-land-xhdpi"
2026-03-07T17:23:13.728427Z  INFO scan_sources: tailwindcss_oxide::scanner: Discovering "/home/afdal/Laboratorium/PROJECT/extensionadminaksent/android/app/src/main/res/drawable-land-xxhdpi"
2026-03-07T17:23:13.728669Z  INFO scan_sources: tailwindcss_oxide::scanner: Discovering "/home/afdal/Laboratorium/PROJECT/extensionadminaksent/android/app/src/main/res/drawable-v24"
2026-03-07T17:23:13.728938Z  INFO scan_sources: tailwindcss_oxide::scanner: Discovering "/home/afdal/Laboratorium/PROJECT/extensionadminaksent/android/app/src/main/res/drawable-port-xxxhdpi"
2026-03-07T17:23:13.729175Z  INFO scan_sources: tailwindcss_oxide::scanner: Discovering "/home/afdal/Laboratorium/PROJECT/extensionadminaksent/android/app/src/main/res/drawable-land-xxxhdpi"
2026-03-07T17:23:13.729400Z  INFO scan_sources: tailwindcss_oxide::scanner: Discovering "/home/afdal/Laboratorium/PROJECT/extensionadminaksent/android/app/src/main/res/drawable-port-xxhdpi"
2026-03-07T17:23:13.729662Z  INFO scan_sources: tailwindcss_oxide::scanner: Discovering "/home/afdal/Laboratorium/PROJECT/extensionadminaksent/android/app/src/main/res/mipmap-hdpi"
2026-03-07T17:23:13.729908Z  INFO scan_sources: tailwindcss_oxide::scanner: Discovering "/home/afdal/Laboratorium/PROJECT/extensionadminaksent/android/app/src/main/res/drawable-land-hdpi"
2026-03-07T17:23:13.730665Z  INFO scan_sources: tailwindcss_oxide::scanner: Discovering "/home/afdal/Laboratorium/PROJECT/extensionadminaksent/android/app/src/main/res/xml"
2026-03-07T17:23:13.730956Z  INFO scan_sources: tailwindcss_oxide::scanner: Discovering "/home/afdal/Laboratorium/PROJECT/extensionadminaksent/android/app/src/main/res/mipmap-xhdpi"
2026-03-07T17:23:13.731195Z  INFO scan_sources: tailwindcss_oxide::scanner: Discovering "/home/afdal/Laboratorium/PROJECT/extensionadminaksent/android/app/src/main/res/drawable-land-mdpi"
2026-03-07T17:23:13.731416Z  INFO scan_sources: tailwindcss_oxide::scanner: Discovering "/home/afdal/Laboratorium/PROJECT/extensionadminaksent/android/app/src/main/res/drawable-port-hdpi"
2026-03-07T17:23:13.731648Z  INFO scan_sources: tailwindcss_oxide::scanner: Discovering "/home/afdal/Laboratorium/PROJECT/extensionadminaksent/android/app/src/main/res/mipmap-xxhdpi"
2026-03-07T17:23:13.731869Z  INFO scan_sources: tailwindcss_oxide::scanner: Discovering "/home/afdal/Laboratorium/PROJECT/extensionadminaksent/android/app/src/main/res/mipmap-mdpi"
2026-03-07T17:23:13.732114Z  INFO scan_sources: tailwindcss_oxide::scanner: Discovering "/home/afdal/Laboratorium/PROJECT/extensionadminaksent/android/app/src/main/res/drawable"
2026-03-07T17:23:13.732346Z  INFO scan_sources: tailwindcss_oxide::scanner: Discovering "/home/afdal/Laboratorium/PROJECT/extensionadminaksent/android/app/src/main/res/drawable-port-xhdpi"
2026-03-07T17:23:13.732621Z  INFO scan_sources: tailwindcss_oxide::scanner: Discovering "/home/afdal/Laboratorium/PROJECT/extensionadminaksent/android/app/src/main/res/mipmap-xxxhdpi"
2026-03-07T17:23:13.732859Z  INFO scan_sources: tailwindcss_oxide::scanner: Discovering "/home/afdal/Laboratorium/PROJECT/extensionadminaksent/android/app/src/main/res/layout"
2026-03-07T17:23:13.733054Z  INFO scan_sources: tailwindcss_oxide::scanner: Discovering "/home/afdal/Laboratorium/PROJECT/extensionadminaksent/android/app/src/main/res/mipmap-anydpi-v26"
2026-03-07T17:23:13.733289Z  INFO scan_sources: tailwindcss_oxide::scanner: Discovering "/home/afdal/Laboratorium/PROJECT/extensionadminaksent/android/app/src/main/res/drawable-port-mdpi"
2026-03-07T17:23:13.733623Z  INFO scan_sources: tailwindcss_oxide::scanner: Discovering "/home/afdal/Laboratorium/PROJECT/extensionadminaksent/android/app/src/main/res/values"
2026-03-07T17:23:13.733970Z  INFO scan_sources: tailwindcss_oxide::scanner: Discovering "/home/afdal/Laboratorium/PROJECT/extensionadminaksent/android/app/src/main/java"
2026-03-07T17:23:13.734207Z  INFO scan_sources: tailwindcss_oxide::scanner: Discovering "/home/afdal/Laboratorium/PROJECT/extensionadminaksent/android/app/src/main/java/io"
2026-03-07T17:23:13.734477Z  INFO scan_sources: tailwindcss_oxide::scanner: Discovering "/home/afdal/Laboratorium/PROJECT/extensionadminaksent/android/app/src/main/java/io/ionic"
2026-03-07T17:23:13.734764Z  INFO scan_sources: tailwindcss_oxide::scanner: Discovering "/home/afdal/Laboratorium/PROJECT/extensionadminaksent/android/app/src/main/java/io/ionic/starter"
2026-03-07T17:23:13.735061Z  INFO scan_sources: tailwindcss_oxide::scanner: Discovering "/home/afdal/Laboratorium/PROJECT/extensionadminaksent/android/app/src/main/assets"
2026-03-07T17:23:13.735514Z  INFO scan_sources: tailwindcss_oxide::scanner: Discovering "/home/afdal/Laboratorium/PROJECT/extensionadminaksent/android/app/src/androidTest"
2026-03-07T17:23:13.735755Z  INFO scan_sources: tailwindcss_oxide::scanner: Discovering "/home/afdal/Laboratorium/PROJECT/extensionadminaksent/android/app/src/androidTest/java"
2026-03-07T17:23:13.735963Z  INFO scan_sources: tailwindcss_oxide::scanner: Discovering "/home/afdal/Laboratorium/PROJECT/extensionadminaksent/android/app/src/androidTest/java/com"
2026-03-07T17:23:13.736166Z  INFO scan_sources: tailwindcss_oxide::scanner: Discovering "/home/afdal/Laboratorium/PROJECT/extensionadminaksent/android/app/src/androidTest/java/com/getcapacitor"
2026-03-07T17:23:13.736415Z  INFO scan_sources: tailwindcss_oxide::scanner: Discovering "/home/afdal/Laboratorium/PROJECT/extensionadminaksent/android/app/src/androidTest/java/com/getcapacitor/myapp"
2026-03-07T17:23:13.737111Z  INFO scan_sources: tailwindcss_oxide::scanner: Discovering "/home/afdal/Laboratorium/PROJECT/extensionadminaksent/android/app/src/test"
2026-03-07T17:23:13.737703Z  INFO scan_sources: tailwindcss_oxide::scanner: Discovering "/home/afdal/Laboratorium/PROJECT/extensionadminaksent/android/app/src/test/java"
2026-03-07T17:23:13.738677Z  INFO scan_sources: tailwindcss_oxide::scanner: Discovering "/home/afdal/Laboratorium/PROJECT/extensionadminaksent/android/app/src/test/java/com"
2026-03-07T17:23:13.738795Z  INFO scan_sources: tailwindcss_oxide::scanner: Discovering "/home/afdal/Laboratorium/PROJECT/extensionadminaksent/android/app/src/test/java/com/getcapacitor"
2026-03-07T17:23:13.738875Z  INFO scan_sources: tailwindcss_oxide::scanner: Discovering "/home/afdal/Laboratorium/PROJECT/extensionadminaksent/android/app/src/test/java/com/getcapacitor/myapp"
2026-03-07T17:23:13.739469Z  INFO scan_sources: tailwindcss_oxide::scanner: exit
2026-03-07T17:23:13.739496Z  INFO extract_candidates: tailwindcss_oxide::scanner: enter
2026-03-07T17:23:13.739507Z  INFO extract_candidates:read_all_files: tailwindcss_oxide::scanner: enter
2026-03-07T17:23:13.739516Z  INFO extract_candidates:read_all_files: tailwindcss_oxide::scanner: Reading 1 file(s)
2026-03-07T17:23:13.739618Z  INFO extract_candidates:read_all_files: tailwindcss_oxide::scanner: Reading "/home/afdal/Laboratorium/PROJECT/extensionadminaksent/src/utils/payment.ts"
2026-03-07T17:23:13.739647Z  INFO extract_candidates:read_all_files: tailwindcss_oxide::scanner: exit
2026-03-07T17:23:13.739660Z  INFO extract_candidates:parse_all_blobs: tailwindcss_oxide::scanner: enter
2026-03-07T17:23:13.739669Z  INFO extract_candidates:parse_all_blobs:extract: tailwindcss_oxide::scanner: enter
2026-03-07T17:23:13.740939Z  INFO extract_candidates:parse_all_blobs:extract: tailwindcss_oxide::scanner: exit
2026-03-07T17:23:13.741129Z  INFO extract_candidates:parse_all_blobs: tailwindcss_oxide::scanner: exit
2026-03-07T17:23:13.742039Z  INFO extract_candidates: tailwindcss_oxide::scanner: exit
2026-03-07T17:23:13.745789Z  INFO get_files: tailwindcss_oxide::scanner: enter
2026-03-07T17:23:13.746001Z  INFO get_files:scan_sources: tailwindcss_oxide::scanner: enter
2026-03-07T17:23:13.747431Z  INFO get_files:scan_sources: tailwindcss_oxide::scanner: Discovering "/home/afdal/Laboratorium/PROJECT/extensionadminaksent/scripts"
2026-03-07T17:23:13.747775Z  INFO get_files:scan_sources: tailwindcss_oxide::scanner: Discovering "/home/afdal/Laboratorium/PROJECT/extensionadminaksent/cypress"
2026-03-07T17:23:13.748065Z  INFO get_files:scan_sources: tailwindcss_oxide::scanner: Discovering "/home/afdal/Laboratorium/PROJECT/extensionadminaksent/cypress/fixtures"
2026-03-07T17:23:13.748213Z  INFO get_files:scan_sources: tailwindcss_oxide::scanner: Discovering "/home/afdal/Laboratorium/PROJECT/extensionadminaksent/cypress/e2e"
2026-03-07T17:23:13.748312Z  INFO get_files:scan_sources: tailwindcss_oxide::scanner: Discovering "/home/afdal/Laboratorium/PROJECT/extensionadminaksent/cypress/support"
2026-03-07T17:23:13.748419Z  INFO get_files:scan_sources: tailwindcss_oxide::scanner: Discovering "/home/afdal/Laboratorium/PROJECT/extensionadminaksent/.vscode"
2026-03-07T17:23:13.749010Z  INFO get_files:scan_sources: tailwindcss_oxide::scanner: Discovering "/home/afdal/Laboratorium/PROJECT/extensionadminaksent/src"
2026-03-07T17:23:13.749250Z  INFO get_files:scan_sources: tailwindcss_oxide::scanner: Discovering "/home/afdal/Laboratorium/PROJECT/extensionadminaksent/src/hook"
2026-03-07T17:23:13.749456Z  INFO get_files:scan_sources: tailwindcss_oxide::scanner: Discovering "/home/afdal/Laboratorium/PROJECT/extensionadminaksent/src/hook/requests"
2026-03-07T17:23:13.749710Z  INFO get_files:scan_sources: tailwindcss_oxide::scanner: Discovering "/home/afdal/Laboratorium/PROJECT/extensionadminaksent/src/components"
2026-03-07T17:23:13.750038Z  INFO get_files:scan_sources: tailwindcss_oxide::scanner: Discovering "/home/afdal/Laboratorium/PROJECT/extensionadminaksent/src/components/customer"
2026-03-07T17:23:13.750169Z  INFO get_files:scan_sources: tailwindcss_oxide::scanner: Discovering "/home/afdal/Laboratorium/PROJECT/extensionadminaksent/src/components/input"
2026-03-07T17:23:13.750289Z  INFO get_files:scan_sources: tailwindcss_oxide::scanner: Discovering "/home/afdal/Laboratorium/PROJECT/extensionadminaksent/src/components/layout"
2026-03-07T17:23:13.750374Z  INFO get_files:scan_sources: tailwindcss_oxide::scanner: Discovering "/home/afdal/Laboratorium/PROJECT/extensionadminaksent/src/components/list"
2026-03-07T17:23:13.750490Z  INFO get_files:scan_sources: tailwindcss_oxide::scanner: Discovering "/home/afdal/Laboratorium/PROJECT/extensionadminaksent/src/components/toolbars"
2026-03-07T17:23:13.750620Z  INFO get_files:scan_sources: tailwindcss_oxide::scanner: Discovering "/home/afdal/Laboratorium/PROJECT/extensionadminaksent/src/theme"
2026-03-07T17:23:13.750757Z  INFO get_files:scan_sources: tailwindcss_oxide::scanner: Discovering "/home/afdal/Laboratorium/PROJECT/extensionadminaksent/src/utils"
2026-03-07T17:23:13.750930Z  INFO get_files:scan_sources: tailwindcss_oxide::scanner: Discovering "/home/afdal/Laboratorium/PROJECT/extensionadminaksent/src/databases"
2026-03-07T17:23:13.751015Z  INFO get_files:scan_sources: tailwindcss_oxide::scanner: Discovering "/home/afdal/Laboratorium/PROJECT/extensionadminaksent/src/databases/migrations"
2026-03-07T17:23:13.751130Z  INFO get_files:scan_sources: tailwindcss_oxide::scanner: Discovering "/home/afdal/Laboratorium/PROJECT/extensionadminaksent/src/databases/entities"
2026-03-07T17:23:13.751251Z  INFO get_files:scan_sources: tailwindcss_oxide::scanner: Discovering "/home/afdal/Laboratorium/PROJECT/extensionadminaksent/src/types"
2026-03-07T17:23:13.751338Z  INFO get_files:scan_sources: tailwindcss_oxide::scanner: Discovering "/home/afdal/Laboratorium/PROJECT/extensionadminaksent/src/pages"
2026-03-07T17:23:13.751399Z  INFO get_files:scan_sources: tailwindcss_oxide::scanner: Discovering "/home/afdal/Laboratorium/PROJECT/extensionadminaksent/src/pages/Customer"
2026-03-07T17:23:13.751499Z  INFO get_files:scan_sources: tailwindcss_oxide::scanner: Discovering "/home/afdal/Laboratorium/PROJECT/extensionadminaksent/src/pages/Home"
2026-03-07T17:23:13.751622Z  INFO get_files:scan_sources: tailwindcss_oxide::scanner: Discovering "/home/afdal/Laboratorium/PROJECT/extensionadminaksent/src/pages/Validation"
2026-03-07T17:23:13.751713Z  INFO get_files:scan_sources: tailwindcss_oxide::scanner: Discovering "/home/afdal/Laboratorium/PROJECT/extensionadminaksent/src/pages/Unpaid"
2026-03-07T17:23:13.751795Z  INFO get_files:scan_sources: tailwindcss_oxide::scanner: Discovering "/home/afdal/Laboratorium/PROJECT/extensionadminaksent/src/pages/Payment"
2026-03-07T17:23:13.751893Z  INFO get_files:scan_sources: tailwindcss_oxide::scanner: Discovering "/home/afdal/Laboratorium/PROJECT/extensionadminaksent/src/context"
2026-03-07T17:23:13.752363Z  INFO get_files:scan_sources: tailwindcss_oxide::scanner: Discovering "/home/afdal/Laboratorium/PROJECT/extensionadminaksent/public"
2026-03-07T17:23:13.752617Z  INFO get_files:scan_sources: tailwindcss_oxide::scanner: Discovering "/home/afdal/Laboratorium/PROJECT/extensionadminaksent/public/assets"
2026-03-07T17:23:13.752964Z  INFO get_files:scan_sources: tailwindcss_oxide::scanner: Discovering "/home/afdal/Laboratorium/PROJECT/extensionadminaksent/android"
2026-03-07T17:23:13.753501Z  INFO get_files:scan_sources: tailwindcss_oxide::scanner: Discovering "/home/afdal/Laboratorium/PROJECT/extensionadminaksent/android/.kotlin"
2026-03-07T17:23:13.753759Z  INFO get_files:scan_sources: tailwindcss_oxide::scanner: Discovering "/home/afdal/Laboratorium/PROJECT/extensionadminaksent/android/.kotlin/sessions"
2026-03-07T17:23:13.754147Z  INFO get_files:scan_sources: tailwindcss_oxide::scanner: Discovering "/home/afdal/Laboratorium/PROJECT/extensionadminaksent/android/gradle"
2026-03-07T17:23:13.754353Z  INFO get_files:scan_sources: tailwindcss_oxide::scanner: Discovering "/home/afdal/Laboratorium/PROJECT/extensionadminaksent/android/gradle/wrapper"
2026-03-07T17:23:13.754591Z  INFO get_files:scan_sources: tailwindcss_oxide::scanner: Discovering "/home/afdal/Laboratorium/PROJECT/extensionadminaksent/android/app"
2026-03-07T17:23:13.754873Z  INFO get_files:scan_sources: tailwindcss_oxide::scanner: Discovering "/home/afdal/Laboratorium/PROJECT/extensionadminaksent/android/app/src"
2026-03-07T17:23:13.755073Z  INFO get_files:scan_sources: tailwindcss_oxide::scanner: Discovering "/home/afdal/Laboratorium/PROJECT/extensionadminaksent/android/app/src/main"
2026-03-07T17:23:13.755276Z  INFO get_files:scan_sources: tailwindcss_oxide::scanner: Discovering "/home/afdal/Laboratorium/PROJECT/extensionadminaksent/android/app/src/main/res"
2026-03-07T17:23:13.755463Z  INFO get_files:scan_sources: tailwindcss_oxide::scanner: Discovering "/home/afdal/Laboratorium/PROJECT/extensionadminaksent/android/app/src/main/res/drawable-land-xhdpi"
2026-03-07T17:23:13.755659Z  INFO get_files:scan_sources: tailwindcss_oxide::scanner: Discovering "/home/afdal/Laboratorium/PROJECT/extensionadminaksent/android/app/src/main/res/drawable-land-xxhdpi"
2026-03-07T17:23:13.755849Z  INFO get_files:scan_sources: tailwindcss_oxide::scanner: Discovering "/home/afdal/Laboratorium/PROJECT/extensionadminaksent/android/app/src/main/res/drawable-v24"
2026-03-07T17:23:13.756056Z  INFO get_files:scan_sources: tailwindcss_oxide::scanner: Discovering "/home/afdal/Laboratorium/PROJECT/extensionadminaksent/android/app/src/main/res/drawable-port-xxxhdpi"
2026-03-07T17:23:13.756231Z  INFO get_files:scan_sources: tailwindcss_oxide::scanner: Discovering "/home/afdal/Laboratorium/PROJECT/extensionadminaksent/android/app/src/main/res/drawable-land-xxxhdpi"
2026-03-07T17:23:13.756400Z  INFO get_files:scan_sources: tailwindcss_oxide::scanner: Discovering "/home/afdal/Laboratorium/PROJECT/extensionadminaksent/android/app/src/main/res/drawable-port-xxhdpi"
2026-03-07T17:23:13.756583Z  INFO get_files:scan_sources: tailwindcss_oxide::scanner: Discovering "/home/afdal/Laboratorium/PROJECT/extensionadminaksent/android/app/src/main/res/mipmap-hdpi"
2026-03-07T17:23:13.756783Z  INFO get_files:scan_sources: tailwindcss_oxide::scanner: Discovering "/home/afdal/Laboratorium/PROJECT/extensionadminaksent/android/app/src/main/res/drawable-land-hdpi"
2026-03-07T17:23:13.756962Z  INFO get_files:scan_sources: tailwindcss_oxide::scanner: Discovering "/home/afdal/Laboratorium/PROJECT/extensionadminaksent/android/app/src/main/res/xml"
2026-03-07T17:23:13.757172Z  INFO get_files:scan_sources: tailwindcss_oxide::scanner: Discovering "/home/afdal/Laboratorium/PROJECT/extensionadminaksent/android/app/src/main/res/mipmap-xhdpi"
2026-03-07T17:23:13.757383Z  INFO get_files:scan_sources: tailwindcss_oxide::scanner: Discovering "/home/afdal/Laboratorium/PROJECT/extensionadminaksent/android/app/src/main/res/drawable-land-mdpi"
2026-03-07T17:23:13.757619Z  INFO get_files:scan_sources: tailwindcss_oxide::scanner: Discovering "/home/afdal/Laboratorium/PROJECT/extensionadminaksent/android/app/src/main/res/drawable-port-hdpi"
2026-03-07T17:23:13.757841Z  INFO get_files:scan_sources: tailwindcss_oxide::scanner: Discovering "/home/afdal/Laboratorium/PROJECT/extensionadminaksent/android/app/src/main/res/mipmap-xxhdpi"
2026-03-07T17:23:13.758038Z  INFO get_files:scan_sources: tailwindcss_oxide::scanner: Discovering "/home/afdal/Laboratorium/PROJECT/extensionadminaksent/android/app/src/main/res/mipmap-mdpi"
2026-03-07T17:23:13.758253Z  INFO get_files:scan_sources: tailwindcss_oxide::scanner: Discovering "/home/afdal/Laboratorium/PROJECT/extensionadminaksent/android/app/src/main/res/drawable"
2026-03-07T17:23:13.758623Z  INFO get_files:scan_sources: tailwindcss_oxide::scanner: Discovering "/home/afdal/Laboratorium/PROJECT/extensionadminaksent/android/app/src/main/res/drawable-port-xhdpi"
2026-03-07T17:23:13.758834Z  INFO get_files:scan_sources: tailwindcss_oxide::scanner: Discovering "/home/afdal/Laboratorium/PROJECT/extensionadminaksent/android/app/src/main/res/mipmap-xxxhdpi"
2026-03-07T17:23:13.759018Z  INFO get_files:scan_sources: tailwindcss_oxide::scanner: Discovering "/home/afdal/Laboratorium/PROJECT/extensionadminaksent/android/app/src/main/res/layout"
2026-03-07T17:23:13.759198Z  INFO get_files:scan_sources: tailwindcss_oxide::scanner: Discovering "/home/afdal/Laboratorium/PROJECT/extensionadminaksent/android/app/src/main/res/mipmap-anydpi-v26"
2026-03-07T17:23:13.759386Z  INFO get_files:scan_sources: tailwindcss_oxide::scanner: Discovering "/home/afdal/Laboratorium/PROJECT/extensionadminaksent/android/app/src/main/res/drawable-port-mdpi"
2026-03-07T17:23:13.759552Z  INFO get_files:scan_sources: tailwindcss_oxide::scanner: Discovering "/home/afdal/Laboratorium/PROJECT/extensionadminaksent/android/app/src/main/res/values"
2026-03-07T17:23:13.759781Z  INFO get_files:scan_sources: tailwindcss_oxide::scanner: Discovering "/home/afdal/Laboratorium/PROJECT/extensionadminaksent/android/app/src/main/java"
2026-03-07T17:23:13.759955Z  INFO get_files:scan_sources: tailwindcss_oxide::scanner: Discovering "/home/afdal/Laboratorium/PROJECT/extensionadminaksent/android/app/src/main/java/io"
2026-03-07T17:23:13.760135Z  INFO get_files:scan_sources: tailwindcss_oxide::scanner: Discovering "/home/afdal/Laboratorium/PROJECT/extensionadminaksent/android/app/src/main/java/io/ionic"
2026-03-07T17:23:13.760310Z  INFO get_files:scan_sources: tailwindcss_oxide::scanner: Discovering "/home/afdal/Laboratorium/PROJECT/extensionadminaksent/android/app/src/main/java/io/ionic/starter"
2026-03-07T17:23:13.760524Z  INFO get_files:scan_sources: tailwindcss_oxide::scanner: Discovering "/home/afdal/Laboratorium/PROJECT/extensionadminaksent/android/app/src/main/assets"
2026-03-07T17:23:13.760798Z  INFO get_files:scan_sources: tailwindcss_oxide::scanner: Discovering "/home/afdal/Laboratorium/PROJECT/extensionadminaksent/android/app/src/androidTest"
2026-03-07T17:23:13.760969Z  INFO get_files:scan_sources: tailwindcss_oxide::scanner: Discovering "/home/afdal/Laboratorium/PROJECT/extensionadminaksent/android/app/src/androidTest/java"
2026-03-07T17:23:13.761046Z  INFO get_files:scan_sources: tailwindcss_oxide::scanner: Discovering "/home/afdal/Laboratorium/PROJECT/extensionadminaksent/android/app/src/androidTest/java/com"
2026-03-07T17:23:13.761131Z  INFO get_files:scan_sources: tailwindcss_oxide::scanner: Discovering "/home/afdal/Laboratorium/PROJECT/extensionadminaksent/android/app/src/androidTest/java/com/getcapacitor"
2026-03-07T17:23:13.761200Z  INFO get_files:scan_sources: tailwindcss_oxide::scanner: Discovering "/home/afdal/Laboratorium/PROJECT/extensionadminaksent/android/app/src/androidTest/java/com/getcapacitor/myapp"
2026-03-07T17:23:13.761319Z  INFO get_files:scan_sources: tailwindcss_oxide::scanner: Discovering "/home/afdal/Laboratorium/PROJECT/extensionadminaksent/android/app/src/test"
2026-03-07T17:23:13.761386Z  INFO get_files:scan_sources: tailwindcss_oxide::scanner: Discovering "/home/afdal/Laboratorium/PROJECT/extensionadminaksent/android/app/src/test/java"
2026-03-07T17:23:13.761450Z  INFO get_files:scan_sources: tailwindcss_oxide::scanner: Discovering "/home/afdal/Laboratorium/PROJECT/extensionadminaksent/android/app/src/test/java/com"
2026-03-07T17:23:13.761517Z  INFO get_files:scan_sources: tailwindcss_oxide::scanner: Discovering "/home/afdal/Laboratorium/PROJECT/extensionadminaksent/android/app/src/test/java/com/getcapacitor"
2026-03-07T17:23:13.761596Z  INFO get_files:scan_sources: tailwindcss_oxide::scanner: Discovering "/home/afdal/Laboratorium/PROJECT/extensionadminaksent/android/app/src/test/java/com/getcapacitor/myapp"
2026-03-07T17:23:13.762086Z  INFO get_files:scan_sources: tailwindcss_oxide::scanner: exit
2026-03-07T17:23:13.762763Z  INFO get_files: tailwindcss_oxide::scanner: exit
2026-03-07T17:23:13.763274Z  INFO get_globs: tailwindcss_oxide::scanner: enter
2026-03-07T17:23:13.763340Z  INFO get_globs: tailwindcss_oxide::scanner: exit
2026-03-07T17:23:56.484193Z  INFO scan_sources: tailwindcss_oxide::scanner: enter
2026-03-07T17:23:56.485984Z  INFO scan_sources: tailwindcss_oxide::scanner: Discovering "/home/afdal/Laboratorium/PROJECT/extensionadminaksent/scripts"
2026-03-07T17:23:56.486117Z  INFO scan_sources: tailwindcss_oxide::scanner: Discovering "/home/afdal/Laboratorium/PROJECT/extensionadminaksent/cypress"
2026-03-07T17:23:56.486191Z  INFO scan_sources: tailwindcss_oxide::scanner: Discovering "/home/afdal/Laboratorium/PROJECT/extensionadminaksent/cypress/fixtures"
2026-03-07T17:23:56.486283Z  INFO scan_sources: tailwindcss_oxide::scanner: Discovering "/home/afdal/Laboratorium/PROJECT/extensionadminaksent/cypress/e2e"
2026-03-07T17:23:56.486389Z  INFO scan_sources: tailwindcss_oxide::scanner: Discovering "/home/afdal/Laboratorium/PROJECT/extensionadminaksent/cypress/support"
2026-03-07T17:23:56.486512Z  INFO scan_sources: tailwindcss_oxide::scanner: Discovering "/home/afdal/Laboratorium/PROJECT/extensionadminaksent/.vscode"
2026-03-07T17:23:56.486690Z  INFO scan_sources: tailwindcss_oxide::scanner: Discovering "/home/afdal/Laboratorium/PROJECT/extensionadminaksent/src"
2026-03-07T17:23:56.486777Z  INFO scan_sources: tailwindcss_oxide::scanner: Discovering "/home/afdal/Laboratorium/PROJECT/extensionadminaksent/src/hook"
2026-03-07T17:23:56.486859Z  INFO scan_sources: tailwindcss_oxide::scanner: Discovering "/home/afdal/Laboratorium/PROJECT/extensionadminaksent/src/hook/requests"
2026-03-07T17:23:56.486952Z  INFO scan_sources: tailwindcss_oxide::scanner: Discovering "/home/afdal/Laboratorium/PROJECT/extensionadminaksent/src/components"
2026-03-07T17:23:56.487034Z  INFO scan_sources: tailwindcss_oxide::scanner: Discovering "/home/afdal/Laboratorium/PROJECT/extensionadminaksent/src/components/customer"
2026-03-07T17:23:56.487133Z  INFO scan_sources: tailwindcss_oxide::scanner: Discovering "/home/afdal/Laboratorium/PROJECT/extensionadminaksent/src/components/input"
2026-03-07T17:23:56.487248Z  INFO scan_sources: tailwindcss_oxide::scanner: Discovering "/home/afdal/Laboratorium/PROJECT/extensionadminaksent/src/components/layout"
2026-03-07T17:23:56.487332Z  INFO scan_sources: tailwindcss_oxide::scanner: Discovering "/home/afdal/Laboratorium/PROJECT/extensionadminaksent/src/components/list"
2026-03-07T17:23:56.487442Z  INFO scan_sources: tailwindcss_oxide::scanner: Discovering "/home/afdal/Laboratorium/PROJECT/extensionadminaksent/src/components/toolbars"
2026-03-07T17:23:56.487559Z  INFO scan_sources: tailwindcss_oxide::scanner: Discovering "/home/afdal/Laboratorium/PROJECT/extensionadminaksent/src/theme"
2026-03-07T17:23:56.487707Z  INFO scan_sources: tailwindcss_oxide::scanner: Discovering "/home/afdal/Laboratorium/PROJECT/extensionadminaksent/src/utils"
2026-03-07T17:23:56.487813Z  INFO scan_sources: tailwindcss_oxide::scanner: Discovering "/home/afdal/Laboratorium/PROJECT/extensionadminaksent/src/utils/payment.ts"
2026-03-07T17:23:56.487917Z  INFO scan_sources: tailwindcss_oxide::scanner: Discovering "/home/afdal/Laboratorium/PROJECT/extensionadminaksent/src/databases"
2026-03-07T17:23:56.488018Z  INFO scan_sources: tailwindcss_oxide::scanner: Discovering "/home/afdal/Laboratorium/PROJECT/extensionadminaksent/src/databases/migrations"
2026-03-07T17:23:56.488171Z  INFO scan_sources: tailwindcss_oxide::scanner: Discovering "/home/afdal/Laboratorium/PROJECT/extensionadminaksent/src/databases/entities"
2026-03-07T17:23:56.488359Z  INFO scan_sources: tailwindcss_oxide::scanner: Discovering "/home/afdal/Laboratorium/PROJECT/extensionadminaksent/src/types"
2026-03-07T17:23:56.488483Z  INFO scan_sources: tailwindcss_oxide::scanner: Discovering "/home/afdal/Laboratorium/PROJECT/extensionadminaksent/src/pages"
2026-03-07T17:23:56.488559Z  INFO scan_sources: tailwindcss_oxide::scanner: Discovering "/home/afdal/Laboratorium/PROJECT/extensionadminaksent/src/pages/Customer"
2026-03-07T17:23:56.488738Z  INFO scan_sources: tailwindcss_oxide::scanner: Discovering "/home/afdal/Laboratorium/PROJECT/extensionadminaksent/src/pages/Home"
2026-03-07T17:23:56.488868Z  INFO scan_sources: tailwindcss_oxide::scanner: Discovering "/home/afdal/Laboratorium/PROJECT/extensionadminaksent/src/pages/Validation"
2026-03-07T17:23:56.489107Z  INFO scan_sources: tailwindcss_oxide::scanner: Discovering "/home/afdal/Laboratorium/PROJECT/extensionadminaksent/src/pages/Unpaid"
2026-03-07T17:23:56.489347Z  INFO scan_sources: tailwindcss_oxide::scanner: Discovering "/home/afdal/Laboratorium/PROJECT/extensionadminaksent/src/pages/Payment"
2026-03-07T17:23:56.489614Z  INFO scan_sources: tailwindcss_oxide::scanner: Discovering "/home/afdal/Laboratorium/PROJECT/extensionadminaksent/src/context"
2026-03-07T17:23:56.490202Z  INFO scan_sources: tailwindcss_oxide::scanner: Discovering "/home/afdal/Laboratorium/PROJECT/extensionadminaksent/public"
2026-03-07T17:23:56.490439Z  INFO scan_sources: tailwindcss_oxide::scanner: Discovering "/home/afdal/Laboratorium/PROJECT/extensionadminaksent/public/assets"
2026-03-07T17:23:56.491013Z  INFO scan_sources: tailwindcss_oxide::scanner: Discovering "/home/afdal/Laboratorium/PROJECT/extensionadminaksent/android"
2026-03-07T17:23:56.491528Z  INFO scan_sources: tailwindcss_oxide::scanner: Discovering "/home/afdal/Laboratorium/PROJECT/extensionadminaksent/android/.kotlin"
2026-03-07T17:23:56.491682Z  INFO scan_sources: tailwindcss_oxide::scanner: Discovering "/home/afdal/Laboratorium/PROJECT/extensionadminaksent/android/.kotlin/sessions"
2026-03-07T17:23:56.491957Z  INFO scan_sources: tailwindcss_oxide::scanner: Discovering "/home/afdal/Laboratorium/PROJECT/extensionadminaksent/android/gradle"
2026-03-07T17:23:56.492026Z  INFO scan_sources: tailwindcss_oxide::scanner: Discovering "/home/afdal/Laboratorium/PROJECT/extensionadminaksent/android/gradle/wrapper"
2026-03-07T17:23:56.492140Z  INFO scan_sources: tailwindcss_oxide::scanner: Discovering "/home/afdal/Laboratorium/PROJECT/extensionadminaksent/android/app"
2026-03-07T17:23:56.492326Z  INFO scan_sources: tailwindcss_oxide::scanner: Discovering "/home/afdal/Laboratorium/PROJECT/extensionadminaksent/android/app/src"
2026-03-07T17:23:56.492421Z  INFO scan_sources: tailwindcss_oxide::scanner: Discovering "/home/afdal/Laboratorium/PROJECT/extensionadminaksent/android/app/src/main"
2026-03-07T17:23:56.492524Z  INFO scan_sources: tailwindcss_oxide::scanner: Discovering "/home/afdal/Laboratorium/PROJECT/extensionadminaksent/android/app/src/main/res"
2026-03-07T17:23:56.492631Z  INFO scan_sources: tailwindcss_oxide::scanner: Discovering "/home/afdal/Laboratorium/PROJECT/extensionadminaksent/android/app/src/main/res/drawable-land-xhdpi"
2026-03-07T17:23:56.492728Z  INFO scan_sources: tailwindcss_oxide::scanner: Discovering "/home/afdal/Laboratorium/PROJECT/extensionadminaksent/android/app/src/main/res/drawable-land-xxhdpi"
2026-03-07T17:23:56.492809Z  INFO scan_sources: tailwindcss_oxide::scanner: Discovering "/home/afdal/Laboratorium/PROJECT/extensionadminaksent/android/app/src/main/res/drawable-v24"
2026-03-07T17:23:56.492908Z  INFO scan_sources: tailwindcss_oxide::scanner: Discovering "/home/afdal/Laboratorium/PROJECT/extensionadminaksent/android/app/src/main/res/drawable-port-xxxhdpi"
2026-03-07T17:23:56.492989Z  INFO scan_sources: tailwindcss_oxide::scanner: Discovering "/home/afdal/Laboratorium/PROJECT/extensionadminaksent/android/app/src/main/res/drawable-land-xxxhdpi"
2026-03-07T17:23:56.493066Z  INFO scan_sources: tailwindcss_oxide::scanner: Discovering "/home/afdal/Laboratorium/PROJECT/extensionadminaksent/android/app/src/main/res/drawable-port-xxhdpi"
2026-03-07T17:23:56.493147Z  INFO scan_sources: tailwindcss_oxide::scanner: Discovering "/home/afdal/Laboratorium/PROJECT/extensionadminaksent/android/app/src/main/res/mipmap-hdpi"
2026-03-07T17:23:56.493235Z  INFO scan_sources: tailwindcss_oxide::scanner: Discovering "/home/afdal/Laboratorium/PROJECT/extensionadminaksent/android/app/src/main/res/drawable-land-hdpi"
2026-03-07T17:23:56.493315Z  INFO scan_sources: tailwindcss_oxide::scanner: Discovering "/home/afdal/Laboratorium/PROJECT/extensionadminaksent/android/app/src/main/res/xml"
2026-03-07T17:23:56.493971Z  INFO scan_sources: tailwindcss_oxide::scanner: Discovering "/home/afdal/Laboratorium/PROJECT/extensionadminaksent/android/app/src/main/res/mipmap-xhdpi"
2026-03-07T17:23:56.494248Z  INFO scan_sources: tailwindcss_oxide::scanner: Discovering "/home/afdal/Laboratorium/PROJECT/extensionadminaksent/android/app/src/main/res/drawable-land-mdpi"
2026-03-07T17:23:56.494454Z  INFO scan_sources: tailwindcss_oxide::scanner: Discovering "/home/afdal/Laboratorium/PROJECT/extensionadminaksent/android/app/src/main/res/drawable-port-hdpi"
2026-03-07T17:23:56.494648Z  INFO scan_sources: tailwindcss_oxide::scanner: Discovering "/home/afdal/Laboratorium/PROJECT/extensionadminaksent/android/app/src/main/res/mipmap-xxhdpi"
2026-03-07T17:23:56.494840Z  INFO scan_sources: tailwindcss_oxide::scanner: Discovering "/home/afdal/Laboratorium/PROJECT/extensionadminaksent/android/app/src/main/res/mipmap-mdpi"
2026-03-07T17:23:56.495038Z  INFO scan_sources: tailwindcss_oxide::scanner: Discovering "/home/afdal/Laboratorium/PROJECT/extensionadminaksent/android/app/src/main/res/drawable"
2026-03-07T17:23:56.495230Z  INFO scan_sources: tailwindcss_oxide::scanner: Discovering "/home/afdal/Laboratorium/PROJECT/extensionadminaksent/android/app/src/main/res/drawable-port-xhdpi"
2026-03-07T17:23:56.495428Z  INFO scan_sources: tailwindcss_oxide::scanner: Discovering "/home/afdal/Laboratorium/PROJECT/extensionadminaksent/android/app/src/main/res/mipmap-xxxhdpi"
2026-03-07T17:23:56.495620Z  INFO scan_sources: tailwindcss_oxide::scanner: Discovering "/home/afdal/Laboratorium/PROJECT/extensionadminaksent/android/app/src/main/res/layout"
2026-03-07T17:23:56.495828Z  INFO scan_sources: tailwindcss_oxide::scanner: Discovering "/home/afdal/Laboratorium/PROJECT/extensionadminaksent/android/app/src/main/res/mipmap-anydpi-v26"
2026-03-07T17:23:56.496043Z  INFO scan_sources: tailwindcss_oxide::scanner: Discovering "/home/afdal/Laboratorium/PROJECT/extensionadminaksent/android/app/src/main/res/drawable-port-mdpi"
2026-03-07T17:23:56.496213Z  INFO scan_sources: tailwindcss_oxide::scanner: Discovering "/home/afdal/Laboratorium/PROJECT/extensionadminaksent/android/app/src/main/res/values"
2026-03-07T17:23:56.496446Z  INFO scan_sources: tailwindcss_oxide::scanner: Discovering "/home/afdal/Laboratorium/PROJECT/extensionadminaksent/android/app/src/main/java"
2026-03-07T17:23:56.496633Z  INFO scan_sources: tailwindcss_oxide::scanner: Discovering "/home/afdal/Laboratorium/PROJECT/extensionadminaksent/android/app/src/main/java/io"
2026-03-07T17:23:56.496805Z  INFO scan_sources: tailwindcss_oxide::scanner: Discovering "/home/afdal/Laboratorium/PROJECT/extensionadminaksent/android/app/src/main/java/io/ionic"
2026-03-07T17:23:56.496969Z  INFO scan_sources: tailwindcss_oxide::scanner: Discovering "/home/afdal/Laboratorium/PROJECT/extensionadminaksent/android/app/src/main/java/io/ionic/starter"
2026-03-07T17:23:56.497244Z  INFO scan_sources: tailwindcss_oxide::scanner: Discovering "/home/afdal/Laboratorium/PROJECT/extensionadminaksent/android/app/src/main/assets"
2026-03-07T17:23:56.497628Z  INFO scan_sources: tailwindcss_oxide::scanner: Discovering "/home/afdal/Laboratorium/PROJECT/extensionadminaksent/android/app/src/androidTest"
2026-03-07T17:23:56.497944Z  INFO scan_sources: tailwindcss_oxide::scanner: Discovering "/home/afdal/Laboratorium/PROJECT/extensionadminaksent/android/app/src/androidTest/java"
2026-03-07T17:23:56.498149Z  INFO scan_sources: tailwindcss_oxide::scanner: Discovering "/home/afdal/Laboratorium/PROJECT/extensionadminaksent/android/app/src/androidTest/java/com"
2026-03-07T17:23:56.498338Z  INFO scan_sources: tailwindcss_oxide::scanner: Discovering "/home/afdal/Laboratorium/PROJECT/extensionadminaksent/android/app/src/androidTest/java/com/getcapacitor"
2026-03-07T17:23:56.498518Z  INFO scan_sources: tailwindcss_oxide::scanner: Discovering "/home/afdal/Laboratorium/PROJECT/extensionadminaksent/android/app/src/androidTest/java/com/getcapacitor/myapp"
2026-03-07T17:23:56.498780Z  INFO scan_sources: tailwindcss_oxide::scanner: Discovering "/home/afdal/Laboratorium/PROJECT/extensionadminaksent/android/app/src/test"
2026-03-07T17:23:56.498968Z  INFO scan_sources: tailwindcss_oxide::scanner: Discovering "/home/afdal/Laboratorium/PROJECT/extensionadminaksent/android/app/src/test/java"
2026-03-07T17:23:56.499135Z  INFO scan_sources: tailwindcss_oxide::scanner: Discovering "/home/afdal/Laboratorium/PROJECT/extensionadminaksent/android/app/src/test/java/com"
2026-03-07T17:23:56.500170Z  INFO scan_sources: tailwindcss_oxide::scanner: Discovering "/home/afdal/Laboratorium/PROJECT/extensionadminaksent/android/app/src/test/java/com/getcapacitor"
2026-03-07T17:23:56.500366Z  INFO scan_sources: tailwindcss_oxide::scanner: Discovering "/home/afdal/Laboratorium/PROJECT/extensionadminaksent/android/app/src/test/java/com/getcapacitor/myapp"
2026-03-07T17:23:56.501046Z  INFO scan_sources: tailwindcss_oxide::scanner: exit
2026-03-07T17:23:56.501205Z  INFO extract_candidates: tailwindcss_oxide::scanner: enter
2026-03-07T17:23:56.501303Z  INFO extract_candidates:read_all_files: tailwindcss_oxide::scanner: enter
2026-03-07T17:23:56.501392Z  INFO extract_candidates:read_all_files: tailwindcss_oxide::scanner: Reading 1 file(s)
2026-03-07T17:23:56.501594Z  INFO extract_candidates:read_all_files: tailwindcss_oxide::scanner: Reading "/home/afdal/Laboratorium/PROJECT/extensionadminaksent/src/utils/payment.ts"
2026-03-07T17:23:56.501713Z  INFO extract_candidates:read_all_files: tailwindcss_oxide::scanner: exit
2026-03-07T17:23:56.501805Z  INFO extract_candidates:parse_all_blobs: tailwindcss_oxide::scanner: enter
2026-03-07T17:23:56.501893Z  INFO extract_candidates:parse_all_blobs:extract: tailwindcss_oxide::scanner: enter
2026-03-07T17:23:56.502833Z  INFO extract_candidates:parse_all_blobs:extract: tailwindcss_oxide::scanner: exit
2026-03-07T17:23:56.503164Z  INFO extract_candidates:parse_all_blobs: tailwindcss_oxide::scanner: exit
2026-03-07T17:23:56.503310Z  INFO extract_candidates: tailwindcss_oxide::scanner: exit
2026-03-07T17:23:56.506276Z  INFO get_files: tailwindcss_oxide::scanner: enter
2026-03-07T17:23:56.506484Z  INFO get_files:scan_sources: tailwindcss_oxide::scanner: enter
2026-03-07T17:23:56.507532Z  INFO get_files:scan_sources: tailwindcss_oxide::scanner: Discovering "/home/afdal/Laboratorium/PROJECT/extensionadminaksent/scripts"
2026-03-07T17:23:56.507980Z  INFO get_files:scan_sources: tailwindcss_oxide::scanner: Discovering "/home/afdal/Laboratorium/PROJECT/extensionadminaksent/cypress"
2026-03-07T17:23:56.508331Z  INFO get_files:scan_sources: tailwindcss_oxide::scanner: Discovering "/home/afdal/Laboratorium/PROJECT/extensionadminaksent/cypress/fixtures"
2026-03-07T17:23:56.508558Z  INFO get_files:scan_sources: tailwindcss_oxide::scanner: Discovering "/home/afdal/Laboratorium/PROJECT/extensionadminaksent/cypress/e2e"
2026-03-07T17:23:56.508669Z  INFO get_files:scan_sources: tailwindcss_oxide::scanner: Discovering "/home/afdal/Laboratorium/PROJECT/extensionadminaksent/cypress/support"
2026-03-07T17:23:56.508776Z  INFO get_files:scan_sources: tailwindcss_oxide::scanner: Discovering "/home/afdal/Laboratorium/PROJECT/extensionadminaksent/.vscode"
2026-03-07T17:23:56.508920Z  INFO get_files:scan_sources: tailwindcss_oxide::scanner: Discovering "/home/afdal/Laboratorium/PROJECT/extensionadminaksent/src"
2026-03-07T17:23:56.508990Z  INFO get_files:scan_sources: tailwindcss_oxide::scanner: Discovering "/home/afdal/Laboratorium/PROJECT/extensionadminaksent/src/hook"
2026-03-07T17:23:56.509069Z  INFO get_files:scan_sources: tailwindcss_oxide::scanner: Discovering "/home/afdal/Laboratorium/PROJECT/extensionadminaksent/src/hook/requests"
2026-03-07T17:23:56.509159Z  INFO get_files:scan_sources: tailwindcss_oxide::scanner: Discovering "/home/afdal/Laboratorium/PROJECT/extensionadminaksent/src/components"
2026-03-07T17:23:56.509239Z  INFO get_files:scan_sources: tailwindcss_oxide::scanner: Discovering "/home/afdal/Laboratorium/PROJECT/extensionadminaksent/src/components/customer"
2026-03-07T17:23:56.509338Z  INFO get_files:scan_sources: tailwindcss_oxide::scanner: Discovering "/home/afdal/Laboratorium/PROJECT/extensionadminaksent/src/components/input"
2026-03-07T17:23:56.509446Z  INFO get_files:scan_sources: tailwindcss_oxide::scanner: Discovering "/home/afdal/Laboratorium/PROJECT/extensionadminaksent/src/components/layout"
2026-03-07T17:23:56.509527Z  INFO get_files:scan_sources: tailwindcss_oxide::scanner: Discovering "/home/afdal/Laboratorium/PROJECT/extensionadminaksent/src/components/list"
2026-03-07T17:23:56.509899Z  INFO get_files:scan_sources: tailwindcss_oxide::scanner: Discovering "/home/afdal/Laboratorium/PROJECT/extensionadminaksent/src/components/toolbars"
2026-03-07T17:23:56.510250Z  INFO get_files:scan_sources: tailwindcss_oxide::scanner: Discovering "/home/afdal/Laboratorium/PROJECT/extensionadminaksent/src/theme"
2026-03-07T17:23:56.510594Z  INFO get_files:scan_sources: tailwindcss_oxide::scanner: Discovering "/home/afdal/Laboratorium/PROJECT/extensionadminaksent/src/utils"
2026-03-07T17:23:56.510976Z  INFO get_files:scan_sources: tailwindcss_oxide::scanner: Discovering "/home/afdal/Laboratorium/PROJECT/extensionadminaksent/src/databases"
2026-03-07T17:23:56.511278Z  INFO get_files:scan_sources: tailwindcss_oxide::scanner: Discovering "/home/afdal/Laboratorium/PROJECT/extensionadminaksent/src/databases/migrations"
2026-03-07T17:23:56.511667Z  INFO get_files:scan_sources: tailwindcss_oxide::scanner: Discovering "/home/afdal/Laboratorium/PROJECT/extensionadminaksent/src/databases/entities"
2026-03-07T17:23:56.511809Z  INFO get_files:scan_sources: tailwindcss_oxide::scanner: Discovering "/home/afdal/Laboratorium/PROJECT/extensionadminaksent/src/types"
2026-03-07T17:23:56.511892Z  INFO get_files:scan_sources: tailwindcss_oxide::scanner: Discovering "/home/afdal/Laboratorium/PROJECT/extensionadminaksent/src/pages"
2026-03-07T17:23:56.511957Z  INFO get_files:scan_sources: tailwindcss_oxide::scanner: Discovering "/home/afdal/Laboratorium/PROJECT/extensionadminaksent/src/pages/Customer"
2026-03-07T17:23:56.512063Z  INFO get_files:scan_sources: tailwindcss_oxide::scanner: Discovering "/home/afdal/Laboratorium/PROJECT/extensionadminaksent/src/pages/Home"
2026-03-07T17:23:56.512159Z  INFO get_files:scan_sources: tailwindcss_oxide::scanner: Discovering "/home/afdal/Laboratorium/PROJECT/extensionadminaksent/src/pages/Validation"
2026-03-07T17:23:56.512245Z  INFO get_files:scan_sources: tailwindcss_oxide::scanner: Discovering "/home/afdal/Laboratorium/PROJECT/extensionadminaksent/src/pages/Unpaid"
2026-03-07T17:23:56.512346Z  INFO get_files:scan_sources: tailwindcss_oxide::scanner: Discovering "/home/afdal/Laboratorium/PROJECT/extensionadminaksent/src/pages/Payment"
2026-03-07T17:23:56.512776Z  INFO get_files:scan_sources: tailwindcss_oxide::scanner: Discovering "/home/afdal/Laboratorium/PROJECT/extensionadminaksent/src/context"
2026-03-07T17:23:56.513148Z  INFO get_files:scan_sources: tailwindcss_oxide::scanner: Discovering "/home/afdal/Laboratorium/PROJECT/extensionadminaksent/public"
2026-03-07T17:23:56.513475Z  INFO get_files:scan_sources: tailwindcss_oxide::scanner: Discovering "/home/afdal/Laboratorium/PROJECT/extensionadminaksent/public/assets"
2026-03-07T17:23:56.514659Z  INFO get_files:scan_sources: tailwindcss_oxide::scanner: Discovering "/home/afdal/Laboratorium/PROJECT/extensionadminaksent/android"
2026-03-07T17:23:56.515448Z  INFO get_files:scan_sources: tailwindcss_oxide::scanner: Discovering "/home/afdal/Laboratorium/PROJECT/extensionadminaksent/android/.kotlin"
2026-03-07T17:23:56.515891Z  INFO get_files:scan_sources: tailwindcss_oxide::scanner: Discovering "/home/afdal/Laboratorium/PROJECT/extensionadminaksent/android/.kotlin/sessions"
2026-03-07T17:23:56.516627Z  INFO get_files:scan_sources: tailwindcss_oxide::scanner: Discovering "/home/afdal/Laboratorium/PROJECT/extensionadminaksent/android/gradle"
2026-03-07T17:23:56.517041Z  INFO get_files:scan_sources: tailwindcss_oxide::scanner: Discovering "/home/afdal/Laboratorium/PROJECT/extensionadminaksent/android/gradle/wrapper"
2026-03-07T17:23:56.517497Z  INFO get_files:scan_sources: tailwindcss_oxide::scanner: Discovering "/home/afdal/Laboratorium/PROJECT/extensionadminaksent/android/app"
2026-03-07T17:23:56.518007Z  INFO get_files:scan_sources: tailwindcss_oxide::scanner: Discovering "/home/afdal/Laboratorium/PROJECT/extensionadminaksent/android/app/src"
2026-03-07T17:23:56.518406Z  INFO get_files:scan_sources: tailwindcss_oxide::scanner: Discovering "/home/afdal/Laboratorium/PROJECT/extensionadminaksent/android/app/src/main"
2026-03-07T17:23:56.518793Z  INFO get_files:scan_sources: tailwindcss_oxide::scanner: Discovering "/home/afdal/Laboratorium/PROJECT/extensionadminaksent/android/app/src/main/res"
2026-03-07T17:23:56.518895Z  INFO get_files:scan_sources: tailwindcss_oxide::scanner: Discovering "/home/afdal/Laboratorium/PROJECT/extensionadminaksent/android/app/src/main/res/drawable-land-xhdpi"
2026-03-07T17:23:56.518987Z  INFO get_files:scan_sources: tailwindcss_oxide::scanner: Discovering "/home/afdal/Laboratorium/PROJECT/extensionadminaksent/android/app/src/main/res/drawable-land-xxhdpi"
2026-03-07T17:23:56.519065Z  INFO get_files:scan_sources: tailwindcss_oxide::scanner: Discovering "/home/afdal/Laboratorium/PROJECT/extensionadminaksent/android/app/src/main/res/drawable-v24"
2026-03-07T17:23:56.519157Z  INFO get_files:scan_sources: tailwindcss_oxide::scanner: Discovering "/home/afdal/Laboratorium/PROJECT/extensionadminaksent/android/app/src/main/res/drawable-port-xxxhdpi"
2026-03-07T17:23:56.519230Z  INFO get_files:scan_sources: tailwindcss_oxide::scanner: Discovering "/home/afdal/Laboratorium/PROJECT/extensionadminaksent/android/app/src/main/res/drawable-land-xxxhdpi"
2026-03-07T17:23:56.519302Z  INFO get_files:scan_sources: tailwindcss_oxide::scanner: Discovering "/home/afdal/Laboratorium/PROJECT/extensionadminaksent/android/app/src/main/res/drawable-port-xxhdpi"
2026-03-07T17:23:56.519376Z  INFO get_files:scan_sources: tailwindcss_oxide::scanner: Discovering "/home/afdal/Laboratorium/PROJECT/extensionadminaksent/android/app/src/main/res/mipmap-hdpi"
2026-03-07T17:23:56.519461Z  INFO get_files:scan_sources: tailwindcss_oxide::scanner: Discovering "/home/afdal/Laboratorium/PROJECT/extensionadminaksent/android/app/src/main/res/drawable-land-hdpi"
2026-03-07T17:23:56.519537Z  INFO get_files:scan_sources: tailwindcss_oxide::scanner: Discovering "/home/afdal/Laboratorium/PROJECT/extensionadminaksent/android/app/src/main/res/xml"
2026-03-07T17:23:56.519963Z  INFO get_files:scan_sources: tailwindcss_oxide::scanner: Discovering "/home/afdal/Laboratorium/PROJECT/extensionadminaksent/android/app/src/main/res/mipmap-xhdpi"
2026-03-07T17:23:56.520185Z  INFO get_files:scan_sources: tailwindcss_oxide::scanner: Discovering "/home/afdal/Laboratorium/PROJECT/extensionadminaksent/android/app/src/main/res/drawable-land-mdpi"
2026-03-07T17:23:56.520359Z  INFO get_files:scan_sources: tailwindcss_oxide::scanner: Discovering "/home/afdal/Laboratorium/PROJECT/extensionadminaksent/android/app/src/main/res/drawable-port-hdpi"
2026-03-07T17:23:56.520666Z  INFO get_files:scan_sources: tailwindcss_oxide::scanner: Discovering "/home/afdal/Laboratorium/PROJECT/extensionadminaksent/android/app/src/main/res/mipmap-xxhdpi"
2026-03-07T17:23:56.520862Z  INFO get_files:scan_sources: tailwindcss_oxide::scanner: Discovering "/home/afdal/Laboratorium/PROJECT/extensionadminaksent/android/app/src/main/res/mipmap-mdpi"
2026-03-07T17:23:56.521164Z  INFO get_files:scan_sources: tailwindcss_oxide::scanner: Discovering "/home/afdal/Laboratorium/PROJECT/extensionadminaksent/android/app/src/main/res/drawable"
2026-03-07T17:23:56.521536Z  INFO get_files:scan_sources: tailwindcss_oxide::scanner: Discovering "/home/afdal/Laboratorium/PROJECT/extensionadminaksent/android/app/src/main/res/drawable-port-xhdpi"
2026-03-07T17:23:56.521921Z  INFO get_files:scan_sources: tailwindcss_oxide::scanner: Discovering "/home/afdal/Laboratorium/PROJECT/extensionadminaksent/android/app/src/main/res/mipmap-xxxhdpi"
2026-03-07T17:23:56.523012Z  INFO get_files:scan_sources: tailwindcss_oxide::scanner: Discovering "/home/afdal/Laboratorium/PROJECT/extensionadminaksent/android/app/src/main/res/layout"
2026-03-07T17:23:56.523426Z  INFO get_files:scan_sources: tailwindcss_oxide::scanner: Discovering "/home/afdal/Laboratorium/PROJECT/extensionadminaksent/android/app/src/main/res/mipmap-anydpi-v26"
2026-03-07T17:23:56.523821Z  INFO get_files:scan_sources: tailwindcss_oxide::scanner: Discovering "/home/afdal/Laboratorium/PROJECT/extensionadminaksent/android/app/src/main/res/drawable-port-mdpi"
2026-03-07T17:23:56.524161Z  INFO get_files:scan_sources: tailwindcss_oxide::scanner: Discovering "/home/afdal/Laboratorium/PROJECT/extensionadminaksent/android/app/src/main/res/values"
2026-03-07T17:23:56.524529Z  INFO get_files:scan_sources: tailwindcss_oxide::scanner: Discovering "/home/afdal/Laboratorium/PROJECT/extensionadminaksent/android/app/src/main/java"
2026-03-07T17:23:56.524873Z  INFO get_files:scan_sources: tailwindcss_oxide::scanner: Discovering "/home/afdal/Laboratorium/PROJECT/extensionadminaksent/android/app/src/main/java/io"
2026-03-07T17:23:56.525205Z  INFO get_files:scan_sources: tailwindcss_oxide::scanner: Discovering "/home/afdal/Laboratorium/PROJECT/extensionadminaksent/android/app/src/main/java/io/ionic"
2026-03-07T17:23:56.525301Z  INFO get_files:scan_sources: tailwindcss_oxide::scanner: Discovering "/home/afdal/Laboratorium/PROJECT/extensionadminaksent/android/app/src/main/java/io/ionic/starter"
2026-03-07T17:23:56.525437Z  INFO get_files:scan_sources: tailwindcss_oxide::scanner: Discovering "/home/afdal/Laboratorium/PROJECT/extensionadminaksent/android/app/src/main/assets"
2026-03-07T17:23:56.525968Z  INFO get_files:scan_sources: tailwindcss_oxide::scanner: Discovering "/home/afdal/Laboratorium/PROJECT/extensionadminaksent/android/app/src/androidTest"
2026-03-07T17:23:56.526245Z  INFO get_files:scan_sources: tailwindcss_oxide::scanner: Discovering "/home/afdal/Laboratorium/PROJECT/extensionadminaksent/android/app/src/androidTest/java"
2026-03-07T17:23:56.526326Z  INFO get_files:scan_sources: tailwindcss_oxide::scanner: Discovering "/home/afdal/Laboratorium/PROJECT/extensionadminaksent/android/app/src/androidTest/java/com"
2026-03-07T17:23:56.526406Z  INFO get_files:scan_sources: tailwindcss_oxide::scanner: Discovering "/home/afdal/Laboratorium/PROJECT/extensionadminaksent/android/app/src/androidTest/java/com/getcapacitor"
2026-03-07T17:23:56.526488Z  INFO get_files:scan_sources: tailwindcss_oxide::scanner: Discovering "/home/afdal/Laboratorium/PROJECT/extensionadminaksent/android/app/src/androidTest/java/com/getcapacitor/myapp"
2026-03-07T17:23:56.526675Z  INFO get_files:scan_sources: tailwindcss_oxide::scanner: Discovering "/home/afdal/Laboratorium/PROJECT/extensionadminaksent/android/app/src/test"
2026-03-07T17:23:56.526764Z  INFO get_files:scan_sources: tailwindcss_oxide::scanner: Discovering "/home/afdal/Laboratorium/PROJECT/extensionadminaksent/android/app/src/test/java"
2026-03-07T17:23:56.526839Z  INFO get_files:scan_sources: tailwindcss_oxide::scanner: Discovering "/home/afdal/Laboratorium/PROJECT/extensionadminaksent/android/app/src/test/java/com"
2026-03-07T17:23:56.526922Z  INFO get_files:scan_sources: tailwindcss_oxide::scanner: Discovering "/home/afdal/Laboratorium/PROJECT/extensionadminaksent/android/app/src/test/java/com/getcapacitor"
2026-03-07T17:23:56.527004Z  INFO get_files:scan_sources: tailwindcss_oxide::scanner: Discovering "/home/afdal/Laboratorium/PROJECT/extensionadminaksent/android/app/src/test/java/com/getcapacitor/myapp"
2026-03-07T17:23:56.527587Z  INFO get_files:scan_sources: tailwindcss_oxide::scanner: exit
2026-03-07T17:23:56.531818Z  INFO get_files: tailwindcss_oxide::scanner: exit
2026-03-07T17:23:56.532105Z  INFO get_globs: tailwindcss_oxide::scanner: enter
2026-03-07T17:23:56.532139Z  INFO get_globs: tailwindcss_oxide::scanner: exit
2026-03-07T17:24:31.641695Z  INFO scan_sources: tailwindcss_oxide::scanner: enter
2026-03-07T17:24:31.643085Z  INFO scan_sources: tailwindcss_oxide::scanner: Discovering "/home/afdal/Laboratorium/PROJECT/extensionadminaksent/scripts"
2026-03-07T17:24:31.643410Z  INFO scan_sources: tailwindcss_oxide::scanner: Discovering "/home/afdal/Laboratorium/PROJECT/extensionadminaksent/cypress"
2026-03-07T17:24:31.643690Z  INFO scan_sources: tailwindcss_oxide::scanner: Discovering "/home/afdal/Laboratorium/PROJECT/extensionadminaksent/cypress/fixtures"
2026-03-07T17:24:31.643954Z  INFO scan_sources: tailwindcss_oxide::scanner: Discovering "/home/afdal/Laboratorium/PROJECT/extensionadminaksent/cypress/e2e"
2026-03-07T17:24:31.644172Z  INFO scan_sources: tailwindcss_oxide::scanner: Discovering "/home/afdal/Laboratorium/PROJECT/extensionadminaksent/cypress/support"
2026-03-07T17:24:31.644410Z  INFO scan_sources: tailwindcss_oxide::scanner: Discovering "/home/afdal/Laboratorium/PROJECT/extensionadminaksent/.vscode"
2026-03-07T17:24:31.646703Z  INFO scan_sources: tailwindcss_oxide::scanner: Discovering "/home/afdal/Laboratorium/PROJECT/extensionadminaksent/src"
2026-03-07T17:24:31.647287Z  INFO scan_sources: tailwindcss_oxide::scanner: Discovering "/home/afdal/Laboratorium/PROJECT/extensionadminaksent/src/hook"
2026-03-07T17:24:31.648353Z  INFO scan_sources: tailwindcss_oxide::scanner: Discovering "/home/afdal/Laboratorium/PROJECT/extensionadminaksent/src/hook/requests"
2026-03-07T17:24:31.648503Z  INFO scan_sources: tailwindcss_oxide::scanner: Discovering "/home/afdal/Laboratorium/PROJECT/extensionadminaksent/src/components"
2026-03-07T17:24:31.649477Z  INFO scan_sources: tailwindcss_oxide::scanner: Discovering "/home/afdal/Laboratorium/PROJECT/extensionadminaksent/src/components/customer"
2026-03-07T17:24:31.650199Z  INFO scan_sources: tailwindcss_oxide::scanner: Discovering "/home/afdal/Laboratorium/PROJECT/extensionadminaksent/src/components/input"
2026-03-07T17:24:31.650363Z  INFO scan_sources: tailwindcss_oxide::scanner: Discovering "/home/afdal/Laboratorium/PROJECT/extensionadminaksent/src/components/layout"
2026-03-07T17:24:31.650476Z  INFO scan_sources: tailwindcss_oxide::scanner: Discovering "/home/afdal/Laboratorium/PROJECT/extensionadminaksent/src/components/list"
2026-03-07T17:24:31.650632Z  INFO scan_sources: tailwindcss_oxide::scanner: Discovering "/home/afdal/Laboratorium/PROJECT/extensionadminaksent/src/components/toolbars"
2026-03-07T17:24:31.650765Z  INFO scan_sources: tailwindcss_oxide::scanner: Discovering "/home/afdal/Laboratorium/PROJECT/extensionadminaksent/src/theme"
2026-03-07T17:24:31.650913Z  INFO scan_sources: tailwindcss_oxide::scanner: Discovering "/home/afdal/Laboratorium/PROJECT/extensionadminaksent/src/utils"
2026-03-07T17:24:31.651040Z  INFO scan_sources: tailwindcss_oxide::scanner: Discovering "/home/afdal/Laboratorium/PROJECT/extensionadminaksent/src/utils/payment.ts"
2026-03-07T17:24:31.651139Z  INFO scan_sources: tailwindcss_oxide::scanner: Discovering "/home/afdal/Laboratorium/PROJECT/extensionadminaksent/src/databases"
2026-03-07T17:24:31.651235Z  INFO scan_sources: tailwindcss_oxide::scanner: Discovering "/home/afdal/Laboratorium/PROJECT/extensionadminaksent/src/databases/migrations"
2026-03-07T17:24:31.651355Z  INFO scan_sources: tailwindcss_oxide::scanner: Discovering "/home/afdal/Laboratorium/PROJECT/extensionadminaksent/src/databases/entities"
2026-03-07T17:24:31.651478Z  INFO scan_sources: tailwindcss_oxide::scanner: Discovering "/home/afdal/Laboratorium/PROJECT/extensionadminaksent/src/types"
2026-03-07T17:24:31.651600Z  INFO scan_sources: tailwindcss_oxide::scanner: Discovering "/home/afdal/Laboratorium/PROJECT/extensionadminaksent/src/pages"
2026-03-07T17:24:31.651737Z  INFO scan_sources: tailwindcss_oxide::scanner: Discovering "/home/afdal/Laboratorium/PROJECT/extensionadminaksent/src/pages/Customer"
2026-03-07T17:24:31.651858Z  INFO scan_sources: tailwindcss_oxide::scanner: Discovering "/home/afdal/Laboratorium/PROJECT/extensionadminaksent/src/pages/Home"
2026-03-07T17:24:31.651960Z  INFO scan_sources: tailwindcss_oxide::scanner: Discovering "/home/afdal/Laboratorium/PROJECT/extensionadminaksent/src/pages/Validation"
2026-03-07T17:24:31.652047Z  INFO scan_sources: tailwindcss_oxide::scanner: Discovering "/home/afdal/Laboratorium/PROJECT/extensionadminaksent/src/pages/Unpaid"
2026-03-07T17:24:31.652131Z  INFO scan_sources: tailwindcss_oxide::scanner: Discovering "/home/afdal/Laboratorium/PROJECT/extensionadminaksent/src/pages/Payment"
2026-03-07T17:24:31.652238Z  INFO scan_sources: tailwindcss_oxide::scanner: Discovering "/home/afdal/Laboratorium/PROJECT/extensionadminaksent/src/context"
2026-03-07T17:24:31.652509Z  INFO scan_sources: tailwindcss_oxide::scanner: Discovering "/home/afdal/Laboratorium/PROJECT/extensionadminaksent/public"
2026-03-07T17:24:31.652626Z  INFO scan_sources: tailwindcss_oxide::scanner: Discovering "/home/afdal/Laboratorium/PROJECT/extensionadminaksent/public/assets"
2026-03-07T17:24:31.652866Z  INFO scan_sources: tailwindcss_oxide::scanner: Discovering "/home/afdal/Laboratorium/PROJECT/extensionadminaksent/android"
2026-03-07T17:24:31.653332Z  INFO scan_sources: tailwindcss_oxide::scanner: Discovering "/home/afdal/Laboratorium/PROJECT/extensionadminaksent/android/.kotlin"
2026-03-07T17:24:31.653447Z  INFO scan_sources: tailwindcss_oxide::scanner: Discovering "/home/afdal/Laboratorium/PROJECT/extensionadminaksent/android/.kotlin/sessions"
2026-03-07T17:24:31.653800Z  INFO scan_sources: tailwindcss_oxide::scanner: Discovering "/home/afdal/Laboratorium/PROJECT/extensionadminaksent/android/gradle"
2026-03-07T17:24:31.653942Z  INFO scan_sources: tailwindcss_oxide::scanner: Discovering "/home/afdal/Laboratorium/PROJECT/extensionadminaksent/android/gradle/wrapper"
2026-03-07T17:24:31.654099Z  INFO scan_sources: tailwindcss_oxide::scanner: Discovering "/home/afdal/Laboratorium/PROJECT/extensionadminaksent/android/app"
2026-03-07T17:24:31.654516Z  INFO scan_sources: tailwindcss_oxide::scanner: Discovering "/home/afdal/Laboratorium/PROJECT/extensionadminaksent/android/app/src"
2026-03-07T17:24:31.654748Z  INFO scan_sources: tailwindcss_oxide::scanner: Discovering "/home/afdal/Laboratorium/PROJECT/extensionadminaksent/android/app/src/main"
2026-03-07T17:24:31.654925Z  INFO scan_sources: tailwindcss_oxide::scanner: Discovering "/home/afdal/Laboratorium/PROJECT/extensionadminaksent/android/app/src/main/res"
2026-03-07T17:24:31.655050Z  INFO scan_sources: tailwindcss_oxide::scanner: Discovering "/home/afdal/Laboratorium/PROJECT/extensionadminaksent/android/app/src/main/res/drawable-land-xhdpi"
2026-03-07T17:24:31.655173Z  INFO scan_sources: tailwindcss_oxide::scanner: Discovering "/home/afdal/Laboratorium/PROJECT/extensionadminaksent/android/app/src/main/res/drawable-land-xxhdpi"
2026-03-07T17:24:31.655279Z  INFO scan_sources: tailwindcss_oxide::scanner: Discovering "/home/afdal/Laboratorium/PROJECT/extensionadminaksent/android/app/src/main/res/drawable-v24"
2026-03-07T17:24:31.655885Z  INFO scan_sources: tailwindcss_oxide::scanner: Discovering "/home/afdal/Laboratorium/PROJECT/extensionadminaksent/android/app/src/main/res/drawable-port-xxxhdpi"
2026-03-07T17:24:31.656037Z  INFO scan_sources: tailwindcss_oxide::scanner: Discovering "/home/afdal/Laboratorium/PROJECT/extensionadminaksent/android/app/src/main/res/drawable-land-xxxhdpi"
2026-03-07T17:24:31.656218Z  INFO scan_sources: tailwindcss_oxide::scanner: Discovering "/home/afdal/Laboratorium/PROJECT/extensionadminaksent/android/app/src/main/res/drawable-port-xxhdpi"
2026-03-07T17:24:31.656310Z  INFO scan_sources: tailwindcss_oxide::scanner: Discovering "/home/afdal/Laboratorium/PROJECT/extensionadminaksent/android/app/src/main/res/mipmap-hdpi"
2026-03-07T17:24:31.656405Z  INFO scan_sources: tailwindcss_oxide::scanner: Discovering "/home/afdal/Laboratorium/PROJECT/extensionadminaksent/android/app/src/main/res/drawable-land-hdpi"
2026-03-07T17:24:31.656505Z  INFO scan_sources: tailwindcss_oxide::scanner: Discovering "/home/afdal/Laboratorium/PROJECT/extensionadminaksent/android/app/src/main/res/xml"
2026-03-07T17:24:31.656611Z  INFO scan_sources: tailwindcss_oxide::scanner: Discovering "/home/afdal/Laboratorium/PROJECT/extensionadminaksent/android/app/src/main/res/mipmap-xhdpi"
2026-03-07T17:24:31.656703Z  INFO scan_sources: tailwindcss_oxide::scanner: Discovering "/home/afdal/Laboratorium/PROJECT/extensionadminaksent/android/app/src/main/res/drawable-land-mdpi"
2026-03-07T17:24:31.656782Z  INFO scan_sources: tailwindcss_oxide::scanner: Discovering "/home/afdal/Laboratorium/PROJECT/extensionadminaksent/android/app/src/main/res/drawable-port-hdpi"
2026-03-07T17:24:31.656857Z  INFO scan_sources: tailwindcss_oxide::scanner: Discovering "/home/afdal/Laboratorium/PROJECT/extensionadminaksent/android/app/src/main/res/mipmap-xxhdpi"
2026-03-07T17:24:31.656946Z  INFO scan_sources: tailwindcss_oxide::scanner: Discovering "/home/afdal/Laboratorium/PROJECT/extensionadminaksent/android/app/src/main/res/mipmap-mdpi"
2026-03-07T17:24:31.657033Z  INFO scan_sources: tailwindcss_oxide::scanner: Discovering "/home/afdal/Laboratorium/PROJECT/extensionadminaksent/android/app/src/main/res/drawable"
2026-03-07T17:24:31.657136Z  INFO scan_sources: tailwindcss_oxide::scanner: Discovering "/home/afdal/Laboratorium/PROJECT/extensionadminaksent/android/app/src/main/res/drawable-port-xhdpi"
2026-03-07T17:24:31.657214Z  INFO scan_sources: tailwindcss_oxide::scanner: Discovering "/home/afdal/Laboratorium/PROJECT/extensionadminaksent/android/app/src/main/res/mipmap-xxxhdpi"
2026-03-07T17:24:31.657299Z  INFO scan_sources: tailwindcss_oxide::scanner: Discovering "/home/afdal/Laboratorium/PROJECT/extensionadminaksent/android/app/src/main/res/layout"
2026-03-07T17:24:31.657389Z  INFO scan_sources: tailwindcss_oxide::scanner: Discovering "/home/afdal/Laboratorium/PROJECT/extensionadminaksent/android/app/src/main/res/mipmap-anydpi-v26"
2026-03-07T17:24:31.657493Z  INFO scan_sources: tailwindcss_oxide::scanner: Discovering "/home/afdal/Laboratorium/PROJECT/extensionadminaksent/android/app/src/main/res/drawable-port-mdpi"
2026-03-07T17:24:31.657579Z  INFO scan_sources: tailwindcss_oxide::scanner: Discovering "/home/afdal/Laboratorium/PROJECT/extensionadminaksent/android/app/src/main/res/values"
2026-03-07T17:24:31.657719Z  INFO scan_sources: tailwindcss_oxide::scanner: Discovering "/home/afdal/Laboratorium/PROJECT/extensionadminaksent/android/app/src/main/java"
2026-03-07T17:24:31.657794Z  INFO scan_sources: tailwindcss_oxide::scanner: Discovering "/home/afdal/Laboratorium/PROJECT/extensionadminaksent/android/app/src/main/java/io"
2026-03-07T17:24:31.658186Z  INFO scan_sources: tailwindcss_oxide::scanner: Discovering "/home/afdal/Laboratorium/PROJECT/extensionadminaksent/android/app/src/main/java/io/ionic"
2026-03-07T17:24:31.658299Z  INFO scan_sources: tailwindcss_oxide::scanner: Discovering "/home/afdal/Laboratorium/PROJECT/extensionadminaksent/android/app/src/main/java/io/ionic/starter"
2026-03-07T17:24:31.658563Z  INFO scan_sources: tailwindcss_oxide::scanner: Discovering "/home/afdal/Laboratorium/PROJECT/extensionadminaksent/android/app/src/main/assets"
2026-03-07T17:24:31.658956Z  INFO scan_sources: tailwindcss_oxide::scanner: Discovering "/home/afdal/Laboratorium/PROJECT/extensionadminaksent/android/app/src/androidTest"
2026-03-07T17:24:31.659044Z  INFO scan_sources: tailwindcss_oxide::scanner: Discovering "/home/afdal/Laboratorium/PROJECT/extensionadminaksent/android/app/src/androidTest/java"
2026-03-07T17:24:31.659116Z  INFO scan_sources: tailwindcss_oxide::scanner: Discovering "/home/afdal/Laboratorium/PROJECT/extensionadminaksent/android/app/src/androidTest/java/com"
2026-03-07T17:24:31.659197Z  INFO scan_sources: tailwindcss_oxide::scanner: Discovering "/home/afdal/Laboratorium/PROJECT/extensionadminaksent/android/app/src/androidTest/java/com/getcapacitor"
2026-03-07T17:24:31.659272Z  INFO scan_sources: tailwindcss_oxide::scanner: Discovering "/home/afdal/Laboratorium/PROJECT/extensionadminaksent/android/app/src/androidTest/java/com/getcapacitor/myapp"
2026-03-07T17:24:31.659404Z  INFO scan_sources: tailwindcss_oxide::scanner: Discovering "/home/afdal/Laboratorium/PROJECT/extensionadminaksent/android/app/src/test"
2026-03-07T17:24:31.659483Z  INFO scan_sources: tailwindcss_oxide::scanner: Discovering "/home/afdal/Laboratorium/PROJECT/extensionadminaksent/android/app/src/test/java"
2026-03-07T17:24:31.659551Z  INFO scan_sources: tailwindcss_oxide::scanner: Discovering "/home/afdal/Laboratorium/PROJECT/extensionadminaksent/android/app/src/test/java/com"
2026-03-07T17:24:31.659648Z  INFO scan_sources: tailwindcss_oxide::scanner: Discovering "/home/afdal/Laboratorium/PROJECT/extensionadminaksent/android/app/src/test/java/com/getcapacitor"
2026-03-07T17:24:31.659745Z  INFO scan_sources: tailwindcss_oxide::scanner: Discovering "/home/afdal/Laboratorium/PROJECT/extensionadminaksent/android/app/src/test/java/com/getcapacitor/myapp"
2026-03-07T17:24:31.660242Z  INFO scan_sources: tailwindcss_oxide::scanner: exit
2026-03-07T17:24:31.660266Z  INFO extract_candidates: tailwindcss_oxide::scanner: enter
2026-03-07T17:24:31.660274Z  INFO extract_candidates:read_all_files: tailwindcss_oxide::scanner: enter
2026-03-07T17:24:31.660281Z  INFO extract_candidates:read_all_files: tailwindcss_oxide::scanner: Reading 1 file(s)
2026-03-07T17:24:31.660344Z  INFO extract_candidates:read_all_files: tailwindcss_oxide::scanner: Reading "/home/afdal/Laboratorium/PROJECT/extensionadminaksent/src/utils/payment.ts"
2026-03-07T17:24:31.660358Z  INFO extract_candidates:read_all_files: tailwindcss_oxide::scanner: exit
2026-03-07T17:24:31.660366Z  INFO extract_candidates:parse_all_blobs: tailwindcss_oxide::scanner: enter
2026-03-07T17:24:31.660373Z  INFO extract_candidates:parse_all_blobs:extract: tailwindcss_oxide::scanner: enter
2026-03-07T17:24:31.661089Z  INFO extract_candidates:parse_all_blobs:extract: tailwindcss_oxide::scanner: exit
2026-03-07T17:24:31.661316Z  INFO extract_candidates:parse_all_blobs: tailwindcss_oxide::scanner: exit
2026-03-07T17:24:31.661458Z  INFO extract_candidates: tailwindcss_oxide::scanner: exit
2026-03-07T17:24:31.663950Z  INFO get_files: tailwindcss_oxide::scanner: enter
2026-03-07T17:24:31.663991Z  INFO get_files:scan_sources: tailwindcss_oxide::scanner: enter
2026-03-07T17:24:31.664690Z  INFO get_files:scan_sources: tailwindcss_oxide::scanner: Discovering "/home/afdal/Laboratorium/PROJECT/extensionadminaksent/scripts"
2026-03-07T17:24:31.664795Z  INFO get_files:scan_sources: tailwindcss_oxide::scanner: Discovering "/home/afdal/Laboratorium/PROJECT/extensionadminaksent/cypress"
2026-03-07T17:24:31.664868Z  INFO get_files:scan_sources: tailwindcss_oxide::scanner: Discovering "/home/afdal/Laboratorium/PROJECT/extensionadminaksent/cypress/fixtures"
2026-03-07T17:24:31.664966Z  INFO get_files:scan_sources: tailwindcss_oxide::scanner: Discovering "/home/afdal/Laboratorium/PROJECT/extensionadminaksent/cypress/e2e"
2026-03-07T17:24:31.665082Z  INFO get_files:scan_sources: tailwindcss_oxide::scanner: Discovering "/home/afdal/Laboratorium/PROJECT/extensionadminaksent/cypress/support"
2026-03-07T17:24:31.665199Z  INFO get_files:scan_sources: tailwindcss_oxide::scanner: Discovering "/home/afdal/Laboratorium/PROJECT/extensionadminaksent/.vscode"
2026-03-07T17:24:31.665344Z  INFO get_files:scan_sources: tailwindcss_oxide::scanner: Discovering "/home/afdal/Laboratorium/PROJECT/extensionadminaksent/src"
2026-03-07T17:24:31.665421Z  INFO get_files:scan_sources: tailwindcss_oxide::scanner: Discovering "/home/afdal/Laboratorium/PROJECT/extensionadminaksent/src/hook"
2026-03-07T17:24:31.665510Z  INFO get_files:scan_sources: tailwindcss_oxide::scanner: Discovering "/home/afdal/Laboratorium/PROJECT/extensionadminaksent/src/hook/requests"
2026-03-07T17:24:31.665622Z  INFO get_files:scan_sources: tailwindcss_oxide::scanner: Discovering "/home/afdal/Laboratorium/PROJECT/extensionadminaksent/src/components"
2026-03-07T17:24:31.665722Z  INFO get_files:scan_sources: tailwindcss_oxide::scanner: Discovering "/home/afdal/Laboratorium/PROJECT/extensionadminaksent/src/components/customer"
2026-03-07T17:24:31.665837Z  INFO get_files:scan_sources: tailwindcss_oxide::scanner: Discovering "/home/afdal/Laboratorium/PROJECT/extensionadminaksent/src/components/input"
2026-03-07T17:24:31.665974Z  INFO get_files:scan_sources: tailwindcss_oxide::scanner: Discovering "/home/afdal/Laboratorium/PROJECT/extensionadminaksent/src/components/layout"
2026-03-07T17:24:31.666070Z  INFO get_files:scan_sources: tailwindcss_oxide::scanner: Discovering "/home/afdal/Laboratorium/PROJECT/extensionadminaksent/src/components/list"
2026-03-07T17:24:31.666182Z  INFO get_files:scan_sources: tailwindcss_oxide::scanner: Discovering "/home/afdal/Laboratorium/PROJECT/extensionadminaksent/src/components/toolbars"
2026-03-07T17:24:31.666292Z  INFO get_files:scan_sources: tailwindcss_oxide::scanner: Discovering "/home/afdal/Laboratorium/PROJECT/extensionadminaksent/src/theme"
2026-03-07T17:24:31.666424Z  INFO get_files:scan_sources: tailwindcss_oxide::scanner: Discovering "/home/afdal/Laboratorium/PROJECT/extensionadminaksent/src/utils"
2026-03-07T17:24:31.666589Z  INFO get_files:scan_sources: tailwindcss_oxide::scanner: Discovering "/home/afdal/Laboratorium/PROJECT/extensionadminaksent/src/databases"
2026-03-07T17:24:31.666709Z  INFO get_files:scan_sources: tailwindcss_oxide::scanner: Discovering "/home/afdal/Laboratorium/PROJECT/extensionadminaksent/src/databases/migrations"
2026-03-07T17:24:31.666825Z  INFO get_files:scan_sources: tailwindcss_oxide::scanner: Discovering "/home/afdal/Laboratorium/PROJECT/extensionadminaksent/src/databases/entities"
2026-03-07T17:24:31.666965Z  INFO get_files:scan_sources: tailwindcss_oxide::scanner: Discovering "/home/afdal/Laboratorium/PROJECT/extensionadminaksent/src/types"
2026-03-07T17:24:31.667064Z  INFO get_files:scan_sources: tailwindcss_oxide::scanner: Discovering "/home/afdal/Laboratorium/PROJECT/extensionadminaksent/src/pages"
2026-03-07T17:24:31.667138Z  INFO get_files:scan_sources: tailwindcss_oxide::scanner: Discovering "/home/afdal/Laboratorium/PROJECT/extensionadminaksent/src/pages/Customer"
2026-03-07T17:24:31.667252Z  INFO get_files:scan_sources: tailwindcss_oxide::scanner: Discovering "/home/afdal/Laboratorium/PROJECT/extensionadminaksent/src/pages/Home"
2026-03-07T17:24:31.667363Z  INFO get_files:scan_sources: tailwindcss_oxide::scanner: Discovering "/home/afdal/Laboratorium/PROJECT/extensionadminaksent/src/pages/Validation"
2026-03-07T17:24:31.667454Z  INFO get_files:scan_sources: tailwindcss_oxide::scanner: Discovering "/home/afdal/Laboratorium/PROJECT/extensionadminaksent/src/pages/Unpaid"
2026-03-07T17:24:31.667535Z  INFO get_files:scan_sources: tailwindcss_oxide::scanner: Discovering "/home/afdal/Laboratorium/PROJECT/extensionadminaksent/src/pages/Payment"
2026-03-07T17:24:31.667655Z  INFO get_files:scan_sources: tailwindcss_oxide::scanner: Discovering "/home/afdal/Laboratorium/PROJECT/extensionadminaksent/src/context"
2026-03-07T17:24:31.667926Z  INFO get_files:scan_sources: tailwindcss_oxide::scanner: Discovering "/home/afdal/Laboratorium/PROJECT/extensionadminaksent/public"
2026-03-07T17:24:31.668023Z  INFO get_files:scan_sources: tailwindcss_oxide::scanner: Discovering "/home/afdal/Laboratorium/PROJECT/extensionadminaksent/public/assets"
2026-03-07T17:24:31.668225Z  INFO get_files:scan_sources: tailwindcss_oxide::scanner: Discovering "/home/afdal/Laboratorium/PROJECT/extensionadminaksent/android"
2026-03-07T17:24:31.668737Z  INFO get_files:scan_sources: tailwindcss_oxide::scanner: Discovering "/home/afdal/Laboratorium/PROJECT/extensionadminaksent/android/.kotlin"
2026-03-07T17:24:31.668827Z  INFO get_files:scan_sources: tailwindcss_oxide::scanner: Discovering "/home/afdal/Laboratorium/PROJECT/extensionadminaksent/android/.kotlin/sessions"
2026-03-07T17:24:31.669308Z  INFO get_files:scan_sources: tailwindcss_oxide::scanner: Discovering "/home/afdal/Laboratorium/PROJECT/extensionadminaksent/android/gradle"
2026-03-07T17:24:31.669660Z  INFO get_files:scan_sources: tailwindcss_oxide::scanner: Discovering "/home/afdal/Laboratorium/PROJECT/extensionadminaksent/android/gradle/wrapper"
2026-03-07T17:24:31.670179Z  INFO get_files:scan_sources: tailwindcss_oxide::scanner: Discovering "/home/afdal/Laboratorium/PROJECT/extensionadminaksent/android/app"
2026-03-07T17:24:31.670880Z  INFO get_files:scan_sources: tailwindcss_oxide::scanner: Discovering "/home/afdal/Laboratorium/PROJECT/extensionadminaksent/android/app/src"
2026-03-07T17:24:31.671078Z  INFO get_files:scan_sources: tailwindcss_oxide::scanner: Discovering "/home/afdal/Laboratorium/PROJECT/extensionadminaksent/android/app/src/main"
2026-03-07T17:24:31.671338Z  INFO get_files:scan_sources: tailwindcss_oxide::scanner: Discovering "/home/afdal/Laboratorium/PROJECT/extensionadminaksent/android/app/src/main/res"
2026-03-07T17:24:31.671562Z  INFO get_files:scan_sources: tailwindcss_oxide::scanner: Discovering "/home/afdal/Laboratorium/PROJECT/extensionadminaksent/android/app/src/main/res/drawable-land-xhdpi"
2026-03-07T17:24:31.671847Z  INFO get_files:scan_sources: tailwindcss_oxide::scanner: Discovering "/home/afdal/Laboratorium/PROJECT/extensionadminaksent/android/app/src/main/res/drawable-land-xxhdpi"
2026-03-07T17:24:31.671958Z  INFO get_files:scan_sources: tailwindcss_oxide::scanner: Discovering "/home/afdal/Laboratorium/PROJECT/extensionadminaksent/android/app/src/main/res/drawable-v24"
2026-03-07T17:24:31.672067Z  INFO get_files:scan_sources: tailwindcss_oxide::scanner: Discovering "/home/afdal/Laboratorium/PROJECT/extensionadminaksent/android/app/src/main/res/drawable-port-xxxhdpi"
2026-03-07T17:24:31.672153Z  INFO get_files:scan_sources: tailwindcss_oxide::scanner: Discovering "/home/afdal/Laboratorium/PROJECT/extensionadminaksent/android/app/src/main/res/drawable-land-xxxhdpi"
2026-03-07T17:24:31.672237Z  INFO get_files:scan_sources: tailwindcss_oxide::scanner: Discovering "/home/afdal/Laboratorium/PROJECT/extensionadminaksent/android/app/src/main/res/drawable-port-xxhdpi"
2026-03-07T17:24:31.672320Z  INFO get_files:scan_sources: tailwindcss_oxide::scanner: Discovering "/home/afdal/Laboratorium/PROJECT/extensionadminaksent/android/app/src/main/res/mipmap-hdpi"
2026-03-07T17:24:31.672418Z  INFO get_files:scan_sources: tailwindcss_oxide::scanner: Discovering "/home/afdal/Laboratorium/PROJECT/extensionadminaksent/android/app/src/main/res/drawable-land-hdpi"
2026-03-07T17:24:31.672505Z  INFO get_files:scan_sources: tailwindcss_oxide::scanner: Discovering "/home/afdal/Laboratorium/PROJECT/extensionadminaksent/android/app/src/main/res/xml"
2026-03-07T17:24:31.672622Z  INFO get_files:scan_sources: tailwindcss_oxide::scanner: Discovering "/home/afdal/Laboratorium/PROJECT/extensionadminaksent/android/app/src/main/res/mipmap-xhdpi"
2026-03-07T17:24:31.672723Z  INFO get_files:scan_sources: tailwindcss_oxide::scanner: Discovering "/home/afdal/Laboratorium/PROJECT/extensionadminaksent/android/app/src/main/res/drawable-land-mdpi"
2026-03-07T17:24:31.672805Z  INFO get_files:scan_sources: tailwindcss_oxide::scanner: Discovering "/home/afdal/Laboratorium/PROJECT/extensionadminaksent/android/app/src/main/res/drawable-port-hdpi"
2026-03-07T17:24:31.672900Z  INFO get_files:scan_sources: tailwindcss_oxide::scanner: Discovering "/home/afdal/Laboratorium/PROJECT/extensionadminaksent/android/app/src/main/res/mipmap-xxhdpi"
2026-03-07T17:24:31.672993Z  INFO get_files:scan_sources: tailwindcss_oxide::scanner: Discovering "/home/afdal/Laboratorium/PROJECT/extensionadminaksent/android/app/src/main/res/mipmap-mdpi"
2026-03-07T17:24:31.673087Z  INFO get_files:scan_sources: tailwindcss_oxide::scanner: Discovering "/home/afdal/Laboratorium/PROJECT/extensionadminaksent/android/app/src/main/res/drawable"
2026-03-07T17:24:31.673190Z  INFO get_files:scan_sources: tailwindcss_oxide::scanner: Discovering "/home/afdal/Laboratorium/PROJECT/extensionadminaksent/android/app/src/main/res/drawable-port-xhdpi"
2026-03-07T17:24:31.673272Z  INFO get_files:scan_sources: tailwindcss_oxide::scanner: Discovering "/home/afdal/Laboratorium/PROJECT/extensionadminaksent/android/app/src/main/res/mipmap-xxxhdpi"
2026-03-07T17:24:31.673365Z  INFO get_files:scan_sources: tailwindcss_oxide::scanner: Discovering "/home/afdal/Laboratorium/PROJECT/extensionadminaksent/android/app/src/main/res/layout"
2026-03-07T17:24:31.673458Z  INFO get_files:scan_sources: tailwindcss_oxide::scanner: Discovering "/home/afdal/Laboratorium/PROJECT/extensionadminaksent/android/app/src/main/res/mipmap-anydpi-v26"
2026-03-07T17:24:31.673583Z  INFO get_files:scan_sources: tailwindcss_oxide::scanner: Discovering "/home/afdal/Laboratorium/PROJECT/extensionadminaksent/android/app/src/main/res/drawable-port-mdpi"
2026-03-07T17:24:31.673680Z  INFO get_files:scan_sources: tailwindcss_oxide::scanner: Discovering "/home/afdal/Laboratorium/PROJECT/extensionadminaksent/android/app/src/main/res/values"
2026-03-07T17:24:31.673899Z  INFO get_files:scan_sources: tailwindcss_oxide::scanner: Discovering "/home/afdal/Laboratorium/PROJECT/extensionadminaksent/android/app/src/main/java"
2026-03-07T17:24:31.674124Z  INFO get_files:scan_sources: tailwindcss_oxide::scanner: Discovering "/home/afdal/Laboratorium/PROJECT/extensionadminaksent/android/app/src/main/java/io"
2026-03-07T17:24:31.674322Z  INFO get_files:scan_sources: tailwindcss_oxide::scanner: Discovering "/home/afdal/Laboratorium/PROJECT/extensionadminaksent/android/app/src/main/java/io/ionic"
2026-03-07T17:24:31.674468Z  INFO get_files:scan_sources: tailwindcss_oxide::scanner: Discovering "/home/afdal/Laboratorium/PROJECT/extensionadminaksent/android/app/src/main/java/io/ionic/starter"
2026-03-07T17:24:31.674616Z  INFO get_files:scan_sources: tailwindcss_oxide::scanner: Discovering "/home/afdal/Laboratorium/PROJECT/extensionadminaksent/android/app/src/main/assets"
2026-03-07T17:24:31.674790Z  INFO get_files:scan_sources: tailwindcss_oxide::scanner: Discovering "/home/afdal/Laboratorium/PROJECT/extensionadminaksent/android/app/src/androidTest"
2026-03-07T17:24:31.674861Z  INFO get_files:scan_sources: tailwindcss_oxide::scanner: Discovering "/home/afdal/Laboratorium/PROJECT/extensionadminaksent/android/app/src/androidTest/java"
2026-03-07T17:24:31.674933Z  INFO get_files:scan_sources: tailwindcss_oxide::scanner: Discovering "/home/afdal/Laboratorium/PROJECT/extensionadminaksent/android/app/src/androidTest/java/com"
2026-03-07T17:24:31.675007Z  INFO get_files:scan_sources: tailwindcss_oxide::scanner: Discovering "/home/afdal/Laboratorium/PROJECT/extensionadminaksent/android/app/src/androidTest/java/com/getcapacitor"
2026-03-07T17:24:31.675093Z  INFO get_files:scan_sources: tailwindcss_oxide::scanner: Discovering "/home/afdal/Laboratorium/PROJECT/extensionadminaksent/android/app/src/androidTest/java/com/getcapacitor/myapp"
2026-03-07T17:24:31.675233Z  INFO get_files:scan_sources: tailwindcss_oxide::scanner: Discovering "/home/afdal/Laboratorium/PROJECT/extensionadminaksent/android/app/src/test"
2026-03-07T17:24:31.675314Z  INFO get_files:scan_sources: tailwindcss_oxide::scanner: Discovering "/home/afdal/Laboratorium/PROJECT/extensionadminaksent/android/app/src/test/java"
2026-03-07T17:24:31.675435Z  INFO get_files:scan_sources: tailwindcss_oxide::scanner: Discovering "/home/afdal/Laboratorium/PROJECT/extensionadminaksent/android/app/src/test/java/com"
2026-03-07T17:24:31.675516Z  INFO get_files:scan_sources: tailwindcss_oxide::scanner: Discovering "/home/afdal/Laboratorium/PROJECT/extensionadminaksent/android/app/src/test/java/com/getcapacitor"
2026-03-07T17:24:31.675609Z  INFO get_files:scan_sources: tailwindcss_oxide::scanner: Discovering "/home/afdal/Laboratorium/PROJECT/extensionadminaksent/android/app/src/test/java/com/getcapacitor/myapp"
2026-03-07T17:24:31.676275Z  INFO get_files:scan_sources: tailwindcss_oxide::scanner: exit
2026-03-07T17:24:31.676970Z  INFO get_files: tailwindcss_oxide::scanner: exit
2026-03-07T17:24:31.677888Z  INFO get_globs: tailwindcss_oxide::scanner: enter
2026-03-07T17:24:31.677940Z  INFO get_globs: tailwindcss_oxide::scanner: exit
2026-03-07T17:25:05.259843Z  INFO scan_sources: tailwindcss_oxide::scanner: enter
2026-03-07T17:25:05.260888Z  INFO scan_sources: tailwindcss_oxide::scanner: Discovering "/home/afdal/Laboratorium/PROJECT/extensionadminaksent/scripts"
2026-03-07T17:25:05.261041Z  INFO scan_sources: tailwindcss_oxide::scanner: Discovering "/home/afdal/Laboratorium/PROJECT/extensionadminaksent/cypress"
2026-03-07T17:25:05.261127Z  INFO scan_sources: tailwindcss_oxide::scanner: Discovering "/home/afdal/Laboratorium/PROJECT/extensionadminaksent/cypress/fixtures"
2026-03-07T17:25:05.261227Z  INFO scan_sources: tailwindcss_oxide::scanner: Discovering "/home/afdal/Laboratorium/PROJECT/extensionadminaksent/cypress/e2e"
2026-03-07T17:25:05.261331Z  INFO scan_sources: tailwindcss_oxide::scanner: Discovering "/home/afdal/Laboratorium/PROJECT/extensionadminaksent/cypress/support"
2026-03-07T17:25:05.261462Z  INFO scan_sources: tailwindcss_oxide::scanner: Discovering "/home/afdal/Laboratorium/PROJECT/extensionadminaksent/.vscode"
2026-03-07T17:25:05.262060Z  INFO scan_sources: tailwindcss_oxide::scanner: Discovering "/home/afdal/Laboratorium/PROJECT/extensionadminaksent/src"
2026-03-07T17:25:05.262177Z  INFO scan_sources: tailwindcss_oxide::scanner: Discovering "/home/afdal/Laboratorium/PROJECT/extensionadminaksent/src/hook"
2026-03-07T17:25:05.262274Z  INFO scan_sources: tailwindcss_oxide::scanner: Discovering "/home/afdal/Laboratorium/PROJECT/extensionadminaksent/src/hook/requests"
2026-03-07T17:25:05.262382Z  INFO scan_sources: tailwindcss_oxide::scanner: Discovering "/home/afdal/Laboratorium/PROJECT/extensionadminaksent/src/components"
2026-03-07T17:25:05.262487Z  INFO scan_sources: tailwindcss_oxide::scanner: Discovering "/home/afdal/Laboratorium/PROJECT/extensionadminaksent/src/components/customer"
2026-03-07T17:25:05.262616Z  INFO scan_sources: tailwindcss_oxide::scanner: Discovering "/home/afdal/Laboratorium/PROJECT/extensionadminaksent/src/components/input"
2026-03-07T17:25:05.262740Z  INFO scan_sources: tailwindcss_oxide::scanner: Discovering "/home/afdal/Laboratorium/PROJECT/extensionadminaksent/src/components/layout"
2026-03-07T17:25:05.262824Z  INFO scan_sources: tailwindcss_oxide::scanner: Discovering "/home/afdal/Laboratorium/PROJECT/extensionadminaksent/src/components/list"
2026-03-07T17:25:05.262980Z  INFO scan_sources: tailwindcss_oxide::scanner: Discovering "/home/afdal/Laboratorium/PROJECT/extensionadminaksent/src/components/toolbars"
2026-03-07T17:25:05.263094Z  INFO scan_sources: tailwindcss_oxide::scanner: Discovering "/home/afdal/Laboratorium/PROJECT/extensionadminaksent/src/theme"
2026-03-07T17:25:05.263218Z  INFO scan_sources: tailwindcss_oxide::scanner: Discovering "/home/afdal/Laboratorium/PROJECT/extensionadminaksent/src/utils"
2026-03-07T17:25:05.263314Z  INFO scan_sources: tailwindcss_oxide::scanner: Discovering "/home/afdal/Laboratorium/PROJECT/extensionadminaksent/src/utils/payment.ts"
2026-03-07T17:25:05.263413Z  INFO scan_sources: tailwindcss_oxide::scanner: Discovering "/home/afdal/Laboratorium/PROJECT/extensionadminaksent/src/databases"
2026-03-07T17:25:05.263498Z  INFO scan_sources: tailwindcss_oxide::scanner: Discovering "/home/afdal/Laboratorium/PROJECT/extensionadminaksent/src/databases/migrations"
2026-03-07T17:25:05.263667Z  INFO scan_sources: tailwindcss_oxide::scanner: Discovering "/home/afdal/Laboratorium/PROJECT/extensionadminaksent/src/databases/entities"
2026-03-07T17:25:05.263795Z  INFO scan_sources: tailwindcss_oxide::scanner: Discovering "/home/afdal/Laboratorium/PROJECT/extensionadminaksent/src/types"
2026-03-07T17:25:05.263886Z  INFO scan_sources: tailwindcss_oxide::scanner: Discovering "/home/afdal/Laboratorium/PROJECT/extensionadminaksent/src/pages"
2026-03-07T17:25:05.263953Z  INFO scan_sources: tailwindcss_oxide::scanner: Discovering "/home/afdal/Laboratorium/PROJECT/extensionadminaksent/src/pages/Customer"
2026-03-07T17:25:05.264062Z  INFO scan_sources: tailwindcss_oxide::scanner: Discovering "/home/afdal/Laboratorium/PROJECT/extensionadminaksent/src/pages/Home"
2026-03-07T17:25:05.264159Z  INFO scan_sources: tailwindcss_oxide::scanner: Discovering "/home/afdal/Laboratorium/PROJECT/extensionadminaksent/src/pages/Validation"
2026-03-07T17:25:05.264246Z  INFO scan_sources: tailwindcss_oxide::scanner: Discovering "/home/afdal/Laboratorium/PROJECT/extensionadminaksent/src/pages/Unpaid"
2026-03-07T17:25:05.264334Z  INFO scan_sources: tailwindcss_oxide::scanner: Discovering "/home/afdal/Laboratorium/PROJECT/extensionadminaksent/src/pages/Payment"
2026-03-07T17:25:05.264438Z  INFO scan_sources: tailwindcss_oxide::scanner: Discovering "/home/afdal/Laboratorium/PROJECT/extensionadminaksent/src/context"
2026-03-07T17:25:05.264706Z  INFO scan_sources: tailwindcss_oxide::scanner: Discovering "/home/afdal/Laboratorium/PROJECT/extensionadminaksent/public"
2026-03-07T17:25:05.264807Z  INFO scan_sources: tailwindcss_oxide::scanner: Discovering "/home/afdal/Laboratorium/PROJECT/extensionadminaksent/public/assets"
2026-03-07T17:25:05.265025Z  INFO scan_sources: tailwindcss_oxide::scanner: Discovering "/home/afdal/Laboratorium/PROJECT/extensionadminaksent/android"
2026-03-07T17:25:05.265441Z  INFO scan_sources: tailwindcss_oxide::scanner: Discovering "/home/afdal/Laboratorium/PROJECT/extensionadminaksent/android/.kotlin"
2026-03-07T17:25:05.265523Z  INFO scan_sources: tailwindcss_oxide::scanner: Discovering "/home/afdal/Laboratorium/PROJECT/extensionadminaksent/android/.kotlin/sessions"
2026-03-07T17:25:05.273462Z  INFO scan_sources: tailwindcss_oxide::scanner: Discovering "/home/afdal/Laboratorium/PROJECT/extensionadminaksent/android/gradle"
2026-03-07T17:25:05.273993Z  INFO scan_sources: tailwindcss_oxide::scanner: Discovering "/home/afdal/Laboratorium/PROJECT/extensionadminaksent/android/gradle/wrapper"
2026-03-07T17:25:05.275148Z  INFO scan_sources: tailwindcss_oxide::scanner: Discovering "/home/afdal/Laboratorium/PROJECT/extensionadminaksent/android/app"
2026-03-07T17:25:05.276826Z  INFO scan_sources: tailwindcss_oxide::scanner: Discovering "/home/afdal/Laboratorium/PROJECT/extensionadminaksent/android/app/src"
2026-03-07T17:25:05.277360Z  INFO scan_sources: tailwindcss_oxide::scanner: Discovering "/home/afdal/Laboratorium/PROJECT/extensionadminaksent/android/app/src/main"
2026-03-07T17:25:05.277896Z  INFO scan_sources: tailwindcss_oxide::scanner: Discovering "/home/afdal/Laboratorium/PROJECT/extensionadminaksent/android/app/src/main/res"
2026-03-07T17:25:05.278341Z  INFO scan_sources: tailwindcss_oxide::scanner: Discovering "/home/afdal/Laboratorium/PROJECT/extensionadminaksent/android/app/src/main/res/drawable-land-xhdpi"
2026-03-07T17:25:05.278777Z  INFO scan_sources: tailwindcss_oxide::scanner: Discovering "/home/afdal/Laboratorium/PROJECT/extensionadminaksent/android/app/src/main/res/drawable-land-xxhdpi"
2026-03-07T17:25:05.280743Z  INFO scan_sources: tailwindcss_oxide::scanner: Discovering "/home/afdal/Laboratorium/PROJECT/extensionadminaksent/android/app/src/main/res/drawable-v24"
2026-03-07T17:25:05.280901Z  INFO scan_sources: tailwindcss_oxide::scanner: Discovering "/home/afdal/Laboratorium/PROJECT/extensionadminaksent/android/app/src/main/res/drawable-port-xxxhdpi"
2026-03-07T17:25:05.281014Z  INFO scan_sources: tailwindcss_oxide::scanner: Discovering "/home/afdal/Laboratorium/PROJECT/extensionadminaksent/android/app/src/main/res/drawable-land-xxxhdpi"
2026-03-07T17:25:05.281105Z  INFO scan_sources: tailwindcss_oxide::scanner: Discovering "/home/afdal/Laboratorium/PROJECT/extensionadminaksent/android/app/src/main/res/drawable-port-xxhdpi"
2026-03-07T17:25:05.281190Z  INFO scan_sources: tailwindcss_oxide::scanner: Discovering "/home/afdal/Laboratorium/PROJECT/extensionadminaksent/android/app/src/main/res/mipmap-hdpi"
2026-03-07T17:25:05.281287Z  INFO scan_sources: tailwindcss_oxide::scanner: Discovering "/home/afdal/Laboratorium/PROJECT/extensionadminaksent/android/app/src/main/res/drawable-land-hdpi"
2026-03-07T17:25:05.281376Z  INFO scan_sources: tailwindcss_oxide::scanner: Discovering "/home/afdal/Laboratorium/PROJECT/extensionadminaksent/android/app/src/main/res/xml"
2026-03-07T17:25:05.281490Z  INFO scan_sources: tailwindcss_oxide::scanner: Discovering "/home/afdal/Laboratorium/PROJECT/extensionadminaksent/android/app/src/main/res/mipmap-xhdpi"
2026-03-07T17:25:05.282132Z  INFO scan_sources: tailwindcss_oxide::scanner: Discovering "/home/afdal/Laboratorium/PROJECT/extensionadminaksent/android/app/src/main/res/drawable-land-mdpi"
2026-03-07T17:25:05.282634Z  INFO scan_sources: tailwindcss_oxide::scanner: Discovering "/home/afdal/Laboratorium/PROJECT/extensionadminaksent/android/app/src/main/res/drawable-port-hdpi"
2026-03-07T17:25:05.282879Z  INFO scan_sources: tailwindcss_oxide::scanner: Discovering "/home/afdal/Laboratorium/PROJECT/extensionadminaksent/android/app/src/main/res/mipmap-xxhdpi"
2026-03-07T17:25:05.283385Z  INFO scan_sources: tailwindcss_oxide::scanner: Discovering "/home/afdal/Laboratorium/PROJECT/extensionadminaksent/android/app/src/main/res/mipmap-mdpi"
2026-03-07T17:25:05.286768Z  INFO scan_sources: tailwindcss_oxide::scanner: Discovering "/home/afdal/Laboratorium/PROJECT/extensionadminaksent/android/app/src/main/res/drawable"
2026-03-07T17:25:05.286898Z  INFO scan_sources: tailwindcss_oxide::scanner: Discovering "/home/afdal/Laboratorium/PROJECT/extensionadminaksent/android/app/src/main/res/drawable-port-xhdpi"
2026-03-07T17:25:05.286994Z  INFO scan_sources: tailwindcss_oxide::scanner: Discovering "/home/afdal/Laboratorium/PROJECT/extensionadminaksent/android/app/src/main/res/mipmap-xxxhdpi"
2026-03-07T17:25:05.287092Z  INFO scan_sources: tailwindcss_oxide::scanner: Discovering "/home/afdal/Laboratorium/PROJECT/extensionadminaksent/android/app/src/main/res/layout"
2026-03-07T17:25:05.287198Z  INFO scan_sources: tailwindcss_oxide::scanner: Discovering "/home/afdal/Laboratorium/PROJECT/extensionadminaksent/android/app/src/main/res/mipmap-anydpi-v26"
2026-03-07T17:25:05.287475Z  INFO scan_sources: tailwindcss_oxide::scanner: Discovering "/home/afdal/Laboratorium/PROJECT/extensionadminaksent/android/app/src/main/res/drawable-port-mdpi"
2026-03-07T17:25:05.287773Z  INFO scan_sources: tailwindcss_oxide::scanner: Discovering "/home/afdal/Laboratorium/PROJECT/extensionadminaksent/android/app/src/main/res/values"
2026-03-07T17:25:05.287948Z  INFO scan_sources: tailwindcss_oxide::scanner: Discovering "/home/afdal/Laboratorium/PROJECT/extensionadminaksent/android/app/src/main/java"
2026-03-07T17:25:05.288025Z  INFO scan_sources: tailwindcss_oxide::scanner: Discovering "/home/afdal/Laboratorium/PROJECT/extensionadminaksent/android/app/src/main/java/io"
2026-03-07T17:25:05.288099Z  INFO scan_sources: tailwindcss_oxide::scanner: Discovering "/home/afdal/Laboratorium/PROJECT/extensionadminaksent/android/app/src/main/java/io/ionic"
2026-03-07T17:25:05.288185Z  INFO scan_sources: tailwindcss_oxide::scanner: Discovering "/home/afdal/Laboratorium/PROJECT/extensionadminaksent/android/app/src/main/java/io/ionic/starter"
2026-03-07T17:25:05.288308Z  INFO scan_sources: tailwindcss_oxide::scanner: Discovering "/home/afdal/Laboratorium/PROJECT/extensionadminaksent/android/app/src/main/assets"
2026-03-07T17:25:05.288477Z  INFO scan_sources: tailwindcss_oxide::scanner: Discovering "/home/afdal/Laboratorium/PROJECT/extensionadminaksent/android/app/src/androidTest"
2026-03-07T17:25:05.288580Z  INFO scan_sources: tailwindcss_oxide::scanner: Discovering "/home/afdal/Laboratorium/PROJECT/extensionadminaksent/android/app/src/androidTest/java"
2026-03-07T17:25:05.290163Z  INFO scan_sources: tailwindcss_oxide::scanner: Discovering "/home/afdal/Laboratorium/PROJECT/extensionadminaksent/android/app/src/androidTest/java/com"
2026-03-07T17:25:05.290640Z  INFO scan_sources: tailwindcss_oxide::scanner: Discovering "/home/afdal/Laboratorium/PROJECT/extensionadminaksent/android/app/src/androidTest/java/com/getcapacitor"
2026-03-07T17:25:05.291068Z  INFO scan_sources: tailwindcss_oxide::scanner: Discovering "/home/afdal/Laboratorium/PROJECT/extensionadminaksent/android/app/src/androidTest/java/com/getcapacitor/myapp"
2026-03-07T17:25:05.291384Z  INFO scan_sources: tailwindcss_oxide::scanner: Discovering "/home/afdal/Laboratorium/PROJECT/extensionadminaksent/android/app/src/test"
2026-03-07T17:25:05.291855Z  INFO scan_sources: tailwindcss_oxide::scanner: Discovering "/home/afdal/Laboratorium/PROJECT/extensionadminaksent/android/app/src/test/java"
2026-03-07T17:25:05.292211Z  INFO scan_sources: tailwindcss_oxide::scanner: Discovering "/home/afdal/Laboratorium/PROJECT/extensionadminaksent/android/app/src/test/java/com"
2026-03-07T17:25:05.292685Z  INFO scan_sources: tailwindcss_oxide::scanner: Discovering "/home/afdal/Laboratorium/PROJECT/extensionadminaksent/android/app/src/test/java/com/getcapacitor"
2026-03-07T17:25:05.293165Z  INFO scan_sources: tailwindcss_oxide::scanner: Discovering "/home/afdal/Laboratorium/PROJECT/extensionadminaksent/android/app/src/test/java/com/getcapacitor/myapp"
2026-03-07T17:25:05.296213Z  INFO scan_sources: tailwindcss_oxide::scanner: exit
2026-03-07T17:25:05.296945Z  INFO extract_candidates: tailwindcss_oxide::scanner: enter
2026-03-07T17:25:05.297307Z  INFO extract_candidates:read_all_files: tailwindcss_oxide::scanner: enter
2026-03-07T17:25:05.297643Z  INFO extract_candidates:read_all_files: tailwindcss_oxide::scanner: Reading 1 file(s)
2026-03-07T17:25:05.298101Z  INFO extract_candidates:read_all_files: tailwindcss_oxide::scanner: Reading "/home/afdal/Laboratorium/PROJECT/extensionadminaksent/src/utils/payment.ts"
2026-03-07T17:25:05.298463Z  INFO extract_candidates:read_all_files: tailwindcss_oxide::scanner: exit
2026-03-07T17:25:05.298918Z  INFO extract_candidates:parse_all_blobs: tailwindcss_oxide::scanner: enter
2026-03-07T17:25:05.298959Z  INFO extract_candidates:parse_all_blobs:extract: tailwindcss_oxide::scanner: enter
2026-03-07T17:25:05.300432Z  INFO extract_candidates:parse_all_blobs:extract: tailwindcss_oxide::scanner: exit
2026-03-07T17:25:05.300520Z  INFO extract_candidates:parse_all_blobs: tailwindcss_oxide::scanner: exit
2026-03-07T17:25:05.302219Z  INFO extract_candidates: tailwindcss_oxide::scanner: exit
2026-03-07T17:25:05.313695Z  INFO get_files: tailwindcss_oxide::scanner: enter
2026-03-07T17:25:05.315059Z  INFO get_files:scan_sources: tailwindcss_oxide::scanner: enter
2026-03-07T17:25:05.317002Z  INFO get_files:scan_sources: tailwindcss_oxide::scanner: Discovering "/home/afdal/Laboratorium/PROJECT/extensionadminaksent/scripts"
2026-03-07T17:25:05.317531Z  INFO get_files:scan_sources: tailwindcss_oxide::scanner: Discovering "/home/afdal/Laboratorium/PROJECT/extensionadminaksent/cypress"
2026-03-07T17:25:05.317987Z  INFO get_files:scan_sources: tailwindcss_oxide::scanner: Discovering "/home/afdal/Laboratorium/PROJECT/extensionadminaksent/cypress/fixtures"
2026-03-07T17:25:05.321491Z  INFO get_files:scan_sources: tailwindcss_oxide::scanner: Discovering "/home/afdal/Laboratorium/PROJECT/extensionadminaksent/cypress/e2e"
2026-03-07T17:25:05.321992Z  INFO get_files:scan_sources: tailwindcss_oxide::scanner: Discovering "/home/afdal/Laboratorium/PROJECT/extensionadminaksent/cypress/support"
2026-03-07T17:25:05.322973Z  INFO get_files:scan_sources: tailwindcss_oxide::scanner: Discovering "/home/afdal/Laboratorium/PROJECT/extensionadminaksent/.vscode"
2026-03-07T17:25:05.323654Z  INFO get_files:scan_sources: tailwindcss_oxide::scanner: Discovering "/home/afdal/Laboratorium/PROJECT/extensionadminaksent/src"
2026-03-07T17:25:05.326318Z  INFO get_files:scan_sources: tailwindcss_oxide::scanner: Discovering "/home/afdal/Laboratorium/PROJECT/extensionadminaksent/src/hook"
2026-03-07T17:25:05.328966Z  INFO get_files:scan_sources: tailwindcss_oxide::scanner: Discovering "/home/afdal/Laboratorium/PROJECT/extensionadminaksent/src/hook/requests"
2026-03-07T17:25:05.329921Z  INFO get_files:scan_sources: tailwindcss_oxide::scanner: Discovering "/home/afdal/Laboratorium/PROJECT/extensionadminaksent/src/components"
2026-03-07T17:25:05.330056Z  INFO get_files:scan_sources: tailwindcss_oxide::scanner: Discovering "/home/afdal/Laboratorium/PROJECT/extensionadminaksent/src/components/customer"
2026-03-07T17:25:05.330160Z  INFO get_files:scan_sources: tailwindcss_oxide::scanner: Discovering "/home/afdal/Laboratorium/PROJECT/extensionadminaksent/src/components/input"
2026-03-07T17:25:05.330269Z  INFO get_files:scan_sources: tailwindcss_oxide::scanner: Discovering "/home/afdal/Laboratorium/PROJECT/extensionadminaksent/src/components/layout"
2026-03-07T17:25:05.330349Z  INFO get_files:scan_sources: tailwindcss_oxide::scanner: Discovering "/home/afdal/Laboratorium/PROJECT/extensionadminaksent/src/components/list"
2026-03-07T17:25:05.330457Z  INFO get_files:scan_sources: tailwindcss_oxide::scanner: Discovering "/home/afdal/Laboratorium/PROJECT/extensionadminaksent/src/components/toolbars"
2026-03-07T17:25:05.330554Z  INFO get_files:scan_sources: tailwindcss_oxide::scanner: Discovering "/home/afdal/Laboratorium/PROJECT/extensionadminaksent/src/theme"
2026-03-07T17:25:05.330698Z  INFO get_files:scan_sources: tailwindcss_oxide::scanner: Discovering "/home/afdal/Laboratorium/PROJECT/extensionadminaksent/src/utils"
2026-03-07T17:25:05.330864Z  INFO get_files:scan_sources: tailwindcss_oxide::scanner: Discovering "/home/afdal/Laboratorium/PROJECT/extensionadminaksent/src/databases"
2026-03-07T17:25:05.330953Z  INFO get_files:scan_sources: tailwindcss_oxide::scanner: Discovering "/home/afdal/Laboratorium/PROJECT/extensionadminaksent/src/databases/migrations"
2026-03-07T17:25:05.331067Z  INFO get_files:scan_sources: tailwindcss_oxide::scanner: Discovering "/home/afdal/Laboratorium/PROJECT/extensionadminaksent/src/databases/entities"
2026-03-07T17:25:05.331182Z  INFO get_files:scan_sources: tailwindcss_oxide::scanner: Discovering "/home/afdal/Laboratorium/PROJECT/extensionadminaksent/src/types"
2026-03-07T17:25:05.331262Z  INFO get_files:scan_sources: tailwindcss_oxide::scanner: Discovering "/home/afdal/Laboratorium/PROJECT/extensionadminaksent/src/pages"
2026-03-07T17:25:05.333869Z  INFO get_files:scan_sources: tailwindcss_oxide::scanner: Discovering "/home/afdal/Laboratorium/PROJECT/extensionadminaksent/src/pages/Customer"
2026-03-07T17:25:05.334003Z  INFO get_files:scan_sources: tailwindcss_oxide::scanner: Discovering "/home/afdal/Laboratorium/PROJECT/extensionadminaksent/src/pages/Home"
2026-03-07T17:25:05.334115Z  INFO get_files:scan_sources: tailwindcss_oxide::scanner: Discovering "/home/afdal/Laboratorium/PROJECT/extensionadminaksent/src/pages/Validation"
2026-03-07T17:25:05.334217Z  INFO get_files:scan_sources: tailwindcss_oxide::scanner: Discovering "/home/afdal/Laboratorium/PROJECT/extensionadminaksent/src/pages/Unpaid"
2026-03-07T17:25:05.334319Z  INFO get_files:scan_sources: tailwindcss_oxide::scanner: Discovering "/home/afdal/Laboratorium/PROJECT/extensionadminaksent/src/pages/Payment"
2026-03-07T17:25:05.334440Z  INFO get_files:scan_sources: tailwindcss_oxide::scanner: Discovering "/home/afdal/Laboratorium/PROJECT/extensionadminaksent/src/context"
2026-03-07T17:25:05.334931Z  INFO get_files:scan_sources: tailwindcss_oxide::scanner: Discovering "/home/afdal/Laboratorium/PROJECT/extensionadminaksent/public"
2026-03-07T17:25:05.335268Z  INFO get_files:scan_sources: tailwindcss_oxide::scanner: Discovering "/home/afdal/Laboratorium/PROJECT/extensionadminaksent/public/assets"
2026-03-07T17:25:05.335526Z  INFO get_files:scan_sources: tailwindcss_oxide::scanner: Discovering "/home/afdal/Laboratorium/PROJECT/extensionadminaksent/android"
2026-03-07T17:25:05.335958Z  INFO get_files:scan_sources: tailwindcss_oxide::scanner: Discovering "/home/afdal/Laboratorium/PROJECT/extensionadminaksent/android/.kotlin"
2026-03-07T17:25:05.336047Z  INFO get_files:scan_sources: tailwindcss_oxide::scanner: Discovering "/home/afdal/Laboratorium/PROJECT/extensionadminaksent/android/.kotlin/sessions"
2026-03-07T17:25:05.336287Z  INFO get_files:scan_sources: tailwindcss_oxide::scanner: Discovering "/home/afdal/Laboratorium/PROJECT/extensionadminaksent/android/gradle"
2026-03-07T17:25:05.336352Z  INFO get_files:scan_sources: tailwindcss_oxide::scanner: Discovering "/home/afdal/Laboratorium/PROJECT/extensionadminaksent/android/gradle/wrapper"
2026-03-07T17:25:05.336458Z  INFO get_files:scan_sources: tailwindcss_oxide::scanner: Discovering "/home/afdal/Laboratorium/PROJECT/extensionadminaksent/android/app"
2026-03-07T17:25:05.336658Z  INFO get_files:scan_sources: tailwindcss_oxide::scanner: Discovering "/home/afdal/Laboratorium/PROJECT/extensionadminaksent/android/app/src"
2026-03-07T17:25:05.336757Z  INFO get_files:scan_sources: tailwindcss_oxide::scanner: Discovering "/home/afdal/Laboratorium/PROJECT/extensionadminaksent/android/app/src/main"
2026-03-07T17:25:05.336849Z  INFO get_files:scan_sources: tailwindcss_oxide::scanner: Discovering "/home/afdal/Laboratorium/PROJECT/extensionadminaksent/android/app/src/main/res"
2026-03-07T17:25:05.336931Z  INFO get_files:scan_sources: tailwindcss_oxide::scanner: Discovering "/home/afdal/Laboratorium/PROJECT/extensionadminaksent/android/app/src/main/res/drawable-land-xhdpi"
2026-03-07T17:25:05.337019Z  INFO get_files:scan_sources: tailwindcss_oxide::scanner: Discovering "/home/afdal/Laboratorium/PROJECT/extensionadminaksent/android/app/src/main/res/drawable-land-xxhdpi"
2026-03-07T17:25:05.337119Z  INFO get_files:scan_sources: tailwindcss_oxide::scanner: Discovering "/home/afdal/Laboratorium/PROJECT/extensionadminaksent/android/app/src/main/res/drawable-v24"
2026-03-07T17:25:05.337230Z  INFO get_files:scan_sources: tailwindcss_oxide::scanner: Discovering "/home/afdal/Laboratorium/PROJECT/extensionadminaksent/android/app/src/main/res/drawable-port-xxxhdpi"
2026-03-07T17:25:05.337318Z  INFO get_files:scan_sources: tailwindcss_oxide::scanner: Discovering "/home/afdal/Laboratorium/PROJECT/extensionadminaksent/android/app/src/main/res/drawable-land-xxxhdpi"
2026-03-07T17:25:05.337394Z  INFO get_files:scan_sources: tailwindcss_oxide::scanner: Discovering "/home/afdal/Laboratorium/PROJECT/extensionadminaksent/android/app/src/main/res/drawable-port-xxhdpi"
2026-03-07T17:25:05.337470Z  INFO get_files:scan_sources: tailwindcss_oxide::scanner: Discovering "/home/afdal/Laboratorium/PROJECT/extensionadminaksent/android/app/src/main/res/mipmap-hdpi"
2026-03-07T17:25:05.337557Z  INFO get_files:scan_sources: tailwindcss_oxide::scanner: Discovering "/home/afdal/Laboratorium/PROJECT/extensionadminaksent/android/app/src/main/res/drawable-land-hdpi"
2026-03-07T17:25:05.338165Z  INFO get_files:scan_sources: tailwindcss_oxide::scanner: Discovering "/home/afdal/Laboratorium/PROJECT/extensionadminaksent/android/app/src/main/res/xml"
2026-03-07T17:25:05.338276Z  INFO get_files:scan_sources: tailwindcss_oxide::scanner: Discovering "/home/afdal/Laboratorium/PROJECT/extensionadminaksent/android/app/src/main/res/mipmap-xhdpi"
2026-03-07T17:25:05.338359Z  INFO get_files:scan_sources: tailwindcss_oxide::scanner: Discovering "/home/afdal/Laboratorium/PROJECT/extensionadminaksent/android/app/src/main/res/drawable-land-mdpi"
2026-03-07T17:25:05.338431Z  INFO get_files:scan_sources: tailwindcss_oxide::scanner: Discovering "/home/afdal/Laboratorium/PROJECT/extensionadminaksent/android/app/src/main/res/drawable-port-hdpi"
2026-03-07T17:25:05.338503Z  INFO get_files:scan_sources: tailwindcss_oxide::scanner: Discovering "/home/afdal/Laboratorium/PROJECT/extensionadminaksent/android/app/src/main/res/mipmap-xxhdpi"
2026-03-07T17:25:05.338599Z  INFO get_files:scan_sources: tailwindcss_oxide::scanner: Discovering "/home/afdal/Laboratorium/PROJECT/extensionadminaksent/android/app/src/main/res/mipmap-mdpi"
2026-03-07T17:25:05.338700Z  INFO get_files:scan_sources: tailwindcss_oxide::scanner: Discovering "/home/afdal/Laboratorium/PROJECT/extensionadminaksent/android/app/src/main/res/drawable"
2026-03-07T17:25:05.338790Z  INFO get_files:scan_sources: tailwindcss_oxide::scanner: Discovering "/home/afdal/Laboratorium/PROJECT/extensionadminaksent/android/app/src/main/res/drawable-port-xhdpi"
2026-03-07T17:25:05.338863Z  INFO get_files:scan_sources: tailwindcss_oxide::scanner: Discovering "/home/afdal/Laboratorium/PROJECT/extensionadminaksent/android/app/src/main/res/mipmap-xxxhdpi"
2026-03-07T17:25:05.338945Z  INFO get_files:scan_sources: tailwindcss_oxide::scanner: Discovering "/home/afdal/Laboratorium/PROJECT/extensionadminaksent/android/app/src/main/res/layout"
2026-03-07T17:25:05.339031Z  INFO get_files:scan_sources: tailwindcss_oxide::scanner: Discovering "/home/afdal/Laboratorium/PROJECT/extensionadminaksent/android/app/src/main/res/mipmap-anydpi-v26"
2026-03-07T17:25:05.339131Z  INFO get_files:scan_sources: tailwindcss_oxide::scanner: Discovering "/home/afdal/Laboratorium/PROJECT/extensionadminaksent/android/app/src/main/res/drawable-port-mdpi"
2026-03-07T17:25:05.339205Z  INFO get_files:scan_sources: tailwindcss_oxide::scanner: Discovering "/home/afdal/Laboratorium/PROJECT/extensionadminaksent/android/app/src/main/res/values"
2026-03-07T17:25:05.339336Z  INFO get_files:scan_sources: tailwindcss_oxide::scanner: Discovering "/home/afdal/Laboratorium/PROJECT/extensionadminaksent/android/app/src/main/java"
2026-03-07T17:25:05.339400Z  INFO get_files:scan_sources: tailwindcss_oxide::scanner: Discovering "/home/afdal/Laboratorium/PROJECT/extensionadminaksent/android/app/src/main/java/io"
2026-03-07T17:25:05.339467Z  INFO get_files:scan_sources: tailwindcss_oxide::scanner: Discovering "/home/afdal/Laboratorium/PROJECT/extensionadminaksent/android/app/src/main/java/io/ionic"
2026-03-07T17:25:05.339536Z  INFO get_files:scan_sources: tailwindcss_oxide::scanner: Discovering "/home/afdal/Laboratorium/PROJECT/extensionadminaksent/android/app/src/main/java/io/ionic/starter"
2026-03-07T17:25:05.342457Z  INFO get_files:scan_sources: tailwindcss_oxide::scanner: Discovering "/home/afdal/Laboratorium/PROJECT/extensionadminaksent/android/app/src/main/assets"
2026-03-07T17:25:05.342682Z  INFO get_files:scan_sources: tailwindcss_oxide::scanner: Discovering "/home/afdal/Laboratorium/PROJECT/extensionadminaksent/android/app/src/androidTest"
2026-03-07T17:25:05.342772Z  INFO get_files:scan_sources: tailwindcss_oxide::scanner: Discovering "/home/afdal/Laboratorium/PROJECT/extensionadminaksent/android/app/src/androidTest/java"
2026-03-07T17:25:05.342844Z  INFO get_files:scan_sources: tailwindcss_oxide::scanner: Discovering "/home/afdal/Laboratorium/PROJECT/extensionadminaksent/android/app/src/androidTest/java/com"
2026-03-07T17:25:05.342911Z  INFO get_files:scan_sources: tailwindcss_oxide::scanner: Discovering "/home/afdal/Laboratorium/PROJECT/extensionadminaksent/android/app/src/androidTest/java/com/getcapacitor"
2026-03-07T17:25:05.342978Z  INFO get_files:scan_sources: tailwindcss_oxide::scanner: Discovering "/home/afdal/Laboratorium/PROJECT/extensionadminaksent/android/app/src/androidTest/java/com/getcapacitor/myapp"
2026-03-07T17:25:05.343097Z  INFO get_files:scan_sources: tailwindcss_oxide::scanner: Discovering "/home/afdal/Laboratorium/PROJECT/extensionadminaksent/android/app/src/test"
2026-03-07T17:25:05.343160Z  INFO get_files:scan_sources: tailwindcss_oxide::scanner: Discovering "/home/afdal/Laboratorium/PROJECT/extensionadminaksent/android/app/src/test/java"
2026-03-07T17:25:05.343223Z  INFO get_files:scan_sources: tailwindcss_oxide::scanner: Discovering "/home/afdal/Laboratorium/PROJECT/extensionadminaksent/android/app/src/test/java/com"
2026-03-07T17:25:05.343288Z  INFO get_files:scan_sources: tailwindcss_oxide::scanner: Discovering "/home/afdal/Laboratorium/PROJECT/extensionadminaksent/android/app/src/test/java/com/getcapacitor"
2026-03-07T17:25:05.343376Z  INFO get_files:scan_sources: tailwindcss_oxide::scanner: Discovering "/home/afdal/Laboratorium/PROJECT/extensionadminaksent/android/app/src/test/java/com/getcapacitor/myapp"
2026-03-07T17:25:05.343934Z  INFO get_files:scan_sources: tailwindcss_oxide::scanner: exit
2026-03-07T17:25:05.344979Z  INFO get_files: tailwindcss_oxide::scanner: exit
2026-03-07T17:25:05.345269Z  INFO get_globs: tailwindcss_oxide::scanner: enter
2026-03-07T17:25:05.345290Z  INFO get_globs: tailwindcss_oxide::scanner: exit
2026-03-07T17:25:20.575065Z  INFO scan_sources: tailwindcss_oxide::scanner: enter
2026-03-07T17:25:20.576396Z  INFO scan_sources: tailwindcss_oxide::scanner: Discovering "/home/afdal/Laboratorium/PROJECT/extensionadminaksent/scripts"
2026-03-07T17:25:20.576718Z  INFO scan_sources: tailwindcss_oxide::scanner: Discovering "/home/afdal/Laboratorium/PROJECT/extensionadminaksent/cypress"
2026-03-07T17:25:20.576953Z  INFO scan_sources: tailwindcss_oxide::scanner: Discovering "/home/afdal/Laboratorium/PROJECT/extensionadminaksent/cypress/fixtures"
2026-03-07T17:25:20.577173Z  INFO scan_sources: tailwindcss_oxide::scanner: Discovering "/home/afdal/Laboratorium/PROJECT/extensionadminaksent/cypress/e2e"
2026-03-07T17:25:20.577388Z  INFO scan_sources: tailwindcss_oxide::scanner: Discovering "/home/afdal/Laboratorium/PROJECT/extensionadminaksent/cypress/support"
2026-03-07T17:25:20.577643Z  INFO scan_sources: tailwindcss_oxide::scanner: Discovering "/home/afdal/Laboratorium/PROJECT/extensionadminaksent/.vscode"
2026-03-07T17:25:20.577940Z  INFO scan_sources: tailwindcss_oxide::scanner: Discovering "/home/afdal/Laboratorium/PROJECT/extensionadminaksent/src"
2026-03-07T17:25:20.578149Z  INFO scan_sources: tailwindcss_oxide::scanner: Discovering "/home/afdal/Laboratorium/PROJECT/extensionadminaksent/src/hook"
2026-03-07T17:25:20.578535Z  INFO scan_sources: tailwindcss_oxide::scanner: Discovering "/home/afdal/Laboratorium/PROJECT/extensionadminaksent/src/hook/requests"
2026-03-07T17:25:20.578795Z  INFO scan_sources: tailwindcss_oxide::scanner: Discovering "/home/afdal/Laboratorium/PROJECT/extensionadminaksent/src/components"
2026-03-07T17:25:20.578909Z  INFO scan_sources: tailwindcss_oxide::scanner: Discovering "/home/afdal/Laboratorium/PROJECT/extensionadminaksent/src/components/customer"
2026-03-07T17:25:20.579251Z  INFO scan_sources: tailwindcss_oxide::scanner: Discovering "/home/afdal/Laboratorium/PROJECT/extensionadminaksent/src/components/input"
2026-03-07T17:25:20.579507Z  INFO scan_sources: tailwindcss_oxide::scanner: Discovering "/home/afdal/Laboratorium/PROJECT/extensionadminaksent/src/components/layout"
2026-03-07T17:25:20.579754Z  INFO scan_sources: tailwindcss_oxide::scanner: Discovering "/home/afdal/Laboratorium/PROJECT/extensionadminaksent/src/components/list"
2026-03-07T17:25:20.579911Z  INFO scan_sources: tailwindcss_oxide::scanner: Discovering "/home/afdal/Laboratorium/PROJECT/extensionadminaksent/src/components/toolbars"
2026-03-07T17:25:20.580029Z  INFO scan_sources: tailwindcss_oxide::scanner: Discovering "/home/afdal/Laboratorium/PROJECT/extensionadminaksent/src/theme"
2026-03-07T17:25:20.580153Z  INFO scan_sources: tailwindcss_oxide::scanner: Discovering "/home/afdal/Laboratorium/PROJECT/extensionadminaksent/src/utils"
2026-03-07T17:25:20.580246Z  INFO scan_sources: tailwindcss_oxide::scanner: Discovering "/home/afdal/Laboratorium/PROJECT/extensionadminaksent/src/utils/payment.ts"
2026-03-07T17:25:20.580337Z  INFO scan_sources: tailwindcss_oxide::scanner: Discovering "/home/afdal/Laboratorium/PROJECT/extensionadminaksent/src/databases"
2026-03-07T17:25:20.580417Z  INFO scan_sources: tailwindcss_oxide::scanner: Discovering "/home/afdal/Laboratorium/PROJECT/extensionadminaksent/src/databases/migrations"
2026-03-07T17:25:20.580538Z  INFO scan_sources: tailwindcss_oxide::scanner: Discovering "/home/afdal/Laboratorium/PROJECT/extensionadminaksent/src/databases/entities"
2026-03-07T17:25:20.580673Z  INFO scan_sources: tailwindcss_oxide::scanner: Discovering "/home/afdal/Laboratorium/PROJECT/extensionadminaksent/src/types"
2026-03-07T17:25:20.580778Z  INFO scan_sources: tailwindcss_oxide::scanner: Discovering "/home/afdal/Laboratorium/PROJECT/extensionadminaksent/src/pages"
2026-03-07T17:25:20.580839Z  INFO scan_sources: tailwindcss_oxide::scanner: Discovering "/home/afdal/Laboratorium/PROJECT/extensionadminaksent/src/pages/Customer"
2026-03-07T17:25:20.580947Z  INFO scan_sources: tailwindcss_oxide::scanner: Discovering "/home/afdal/Laboratorium/PROJECT/extensionadminaksent/src/pages/Home"
2026-03-07T17:25:20.581041Z  INFO scan_sources: tailwindcss_oxide::scanner: Discovering "/home/afdal/Laboratorium/PROJECT/extensionadminaksent/src/pages/Validation"
2026-03-07T17:25:20.581121Z  INFO scan_sources: tailwindcss_oxide::scanner: Discovering "/home/afdal/Laboratorium/PROJECT/extensionadminaksent/src/pages/Unpaid"
2026-03-07T17:25:20.581200Z  INFO scan_sources: tailwindcss_oxide::scanner: Discovering "/home/afdal/Laboratorium/PROJECT/extensionadminaksent/src/pages/Payment"
2026-03-07T17:25:20.581297Z  INFO scan_sources: tailwindcss_oxide::scanner: Discovering "/home/afdal/Laboratorium/PROJECT/extensionadminaksent/src/context"
2026-03-07T17:25:20.581544Z  INFO scan_sources: tailwindcss_oxide::scanner: Discovering "/home/afdal/Laboratorium/PROJECT/extensionadminaksent/public"
2026-03-07T17:25:20.582097Z  INFO scan_sources: tailwindcss_oxide::scanner: Discovering "/home/afdal/Laboratorium/PROJECT/extensionadminaksent/public/assets"
2026-03-07T17:25:20.583355Z  INFO scan_sources: tailwindcss_oxide::scanner: Discovering "/home/afdal/Laboratorium/PROJECT/extensionadminaksent/android"
2026-03-07T17:25:20.584848Z  INFO scan_sources: tailwindcss_oxide::scanner: Discovering "/home/afdal/Laboratorium/PROJECT/extensionadminaksent/android/.kotlin"
2026-03-07T17:25:20.585120Z  INFO scan_sources: tailwindcss_oxide::scanner: Discovering "/home/afdal/Laboratorium/PROJECT/extensionadminaksent/android/.kotlin/sessions"
2026-03-07T17:25:20.585999Z  INFO scan_sources: tailwindcss_oxide::scanner: Discovering "/home/afdal/Laboratorium/PROJECT/extensionadminaksent/android/gradle"
2026-03-07T17:25:20.586350Z  INFO scan_sources: tailwindcss_oxide::scanner: Discovering "/home/afdal/Laboratorium/PROJECT/extensionadminaksent/android/gradle/wrapper"
2026-03-07T17:25:20.586755Z  INFO scan_sources: tailwindcss_oxide::scanner: Discovering "/home/afdal/Laboratorium/PROJECT/extensionadminaksent/android/app"
2026-03-07T17:25:20.587092Z  INFO scan_sources: tailwindcss_oxide::scanner: Discovering "/home/afdal/Laboratorium/PROJECT/extensionadminaksent/android/app/src"
2026-03-07T17:25:20.587326Z  INFO scan_sources: tailwindcss_oxide::scanner: Discovering "/home/afdal/Laboratorium/PROJECT/extensionadminaksent/android/app/src/main"
2026-03-07T17:25:20.587710Z  INFO scan_sources: tailwindcss_oxide::scanner: Discovering "/home/afdal/Laboratorium/PROJECT/extensionadminaksent/android/app/src/main/res"
2026-03-07T17:25:20.587935Z  INFO scan_sources: tailwindcss_oxide::scanner: Discovering "/home/afdal/Laboratorium/PROJECT/extensionadminaksent/android/app/src/main/res/drawable-land-xhdpi"
2026-03-07T17:25:20.588161Z  INFO scan_sources: tailwindcss_oxide::scanner: Discovering "/home/afdal/Laboratorium/PROJECT/extensionadminaksent/android/app/src/main/res/drawable-land-xxhdpi"
2026-03-07T17:25:20.588265Z  INFO scan_sources: tailwindcss_oxide::scanner: Discovering "/home/afdal/Laboratorium/PROJECT/extensionadminaksent/android/app/src/main/res/drawable-v24"
2026-03-07T17:25:20.588673Z  INFO scan_sources: tailwindcss_oxide::scanner: Discovering "/home/afdal/Laboratorium/PROJECT/extensionadminaksent/android/app/src/main/res/drawable-port-xxxhdpi"
2026-03-07T17:25:20.588915Z  INFO scan_sources: tailwindcss_oxide::scanner: Discovering "/home/afdal/Laboratorium/PROJECT/extensionadminaksent/android/app/src/main/res/drawable-land-xxxhdpi"
2026-03-07T17:25:20.589135Z  INFO scan_sources: tailwindcss_oxide::scanner: Discovering "/home/afdal/Laboratorium/PROJECT/extensionadminaksent/android/app/src/main/res/drawable-port-xxhdpi"
2026-03-07T17:25:20.589367Z  INFO scan_sources: tailwindcss_oxide::scanner: Discovering "/home/afdal/Laboratorium/PROJECT/extensionadminaksent/android/app/src/main/res/mipmap-hdpi"
2026-03-07T17:25:20.589613Z  INFO scan_sources: tailwindcss_oxide::scanner: Discovering "/home/afdal/Laboratorium/PROJECT/extensionadminaksent/android/app/src/main/res/drawable-land-hdpi"
2026-03-07T17:25:20.589812Z  INFO scan_sources: tailwindcss_oxide::scanner: Discovering "/home/afdal/Laboratorium/PROJECT/extensionadminaksent/android/app/src/main/res/xml"
2026-03-07T17:25:20.590006Z  INFO scan_sources: tailwindcss_oxide::scanner: Discovering "/home/afdal/Laboratorium/PROJECT/extensionadminaksent/android/app/src/main/res/mipmap-xhdpi"
2026-03-07T17:25:20.590201Z  INFO scan_sources: tailwindcss_oxide::scanner: Discovering "/home/afdal/Laboratorium/PROJECT/extensionadminaksent/android/app/src/main/res/drawable-land-mdpi"
2026-03-07T17:25:20.590397Z  INFO scan_sources: tailwindcss_oxide::scanner: Discovering "/home/afdal/Laboratorium/PROJECT/extensionadminaksent/android/app/src/main/res/drawable-port-hdpi"
2026-03-07T17:25:20.590603Z  INFO scan_sources: tailwindcss_oxide::scanner: Discovering "/home/afdal/Laboratorium/PROJECT/extensionadminaksent/android/app/src/main/res/mipmap-xxhdpi"
2026-03-07T17:25:20.590817Z  INFO scan_sources: tailwindcss_oxide::scanner: Discovering "/home/afdal/Laboratorium/PROJECT/extensionadminaksent/android/app/src/main/res/mipmap-mdpi"
2026-03-07T17:25:20.591024Z  INFO scan_sources: tailwindcss_oxide::scanner: Discovering "/home/afdal/Laboratorium/PROJECT/extensionadminaksent/android/app/src/main/res/drawable"
2026-03-07T17:25:20.591234Z  INFO scan_sources: tailwindcss_oxide::scanner: Discovering "/home/afdal/Laboratorium/PROJECT/extensionadminaksent/android/app/src/main/res/drawable-port-xhdpi"
2026-03-07T17:25:20.591324Z  INFO scan_sources: tailwindcss_oxide::scanner: Discovering "/home/afdal/Laboratorium/PROJECT/extensionadminaksent/android/app/src/main/res/mipmap-xxxhdpi"
2026-03-07T17:25:20.591412Z  INFO scan_sources: tailwindcss_oxide::scanner: Discovering "/home/afdal/Laboratorium/PROJECT/extensionadminaksent/android/app/src/main/res/layout"
2026-03-07T17:25:20.591501Z  INFO scan_sources: tailwindcss_oxide::scanner: Discovering "/home/afdal/Laboratorium/PROJECT/extensionadminaksent/android/app/src/main/res/mipmap-anydpi-v26"
2026-03-07T17:25:20.591625Z  INFO scan_sources: tailwindcss_oxide::scanner: Discovering "/home/afdal/Laboratorium/PROJECT/extensionadminaksent/android/app/src/main/res/drawable-port-mdpi"
2026-03-07T17:25:20.591716Z  INFO scan_sources: tailwindcss_oxide::scanner: Discovering "/home/afdal/Laboratorium/PROJECT/extensionadminaksent/android/app/src/main/res/values"
2026-03-07T17:25:20.591850Z  INFO scan_sources: tailwindcss_oxide::scanner: Discovering "/home/afdal/Laboratorium/PROJECT/extensionadminaksent/android/app/src/main/java"
2026-03-07T17:25:20.591918Z  INFO scan_sources: tailwindcss_oxide::scanner: Discovering "/home/afdal/Laboratorium/PROJECT/extensionadminaksent/android/app/src/main/java/io"
2026-03-07T17:25:20.591985Z  INFO scan_sources: tailwindcss_oxide::scanner: Discovering "/home/afdal/Laboratorium/PROJECT/extensionadminaksent/android/app/src/main/java/io/ionic"
2026-03-07T17:25:20.592058Z  INFO scan_sources: tailwindcss_oxide::scanner: Discovering "/home/afdal/Laboratorium/PROJECT/extensionadminaksent/android/app/src/main/java/io/ionic/starter"
2026-03-07T17:25:20.592180Z  INFO scan_sources: tailwindcss_oxide::scanner: Discovering "/home/afdal/Laboratorium/PROJECT/extensionadminaksent/android/app/src/main/assets"
2026-03-07T17:25:20.592340Z  INFO scan_sources: tailwindcss_oxide::scanner: Discovering "/home/afdal/Laboratorium/PROJECT/extensionadminaksent/android/app/src/androidTest"
2026-03-07T17:25:20.592404Z  INFO scan_sources: tailwindcss_oxide::scanner: Discovering "/home/afdal/Laboratorium/PROJECT/extensionadminaksent/android/app/src/androidTest/java"
2026-03-07T17:25:20.592468Z  INFO scan_sources: tailwindcss_oxide::scanner: Discovering "/home/afdal/Laboratorium/PROJECT/extensionadminaksent/android/app/src/androidTest/java/com"
2026-03-07T17:25:20.592556Z  INFO scan_sources: tailwindcss_oxide::scanner: Discovering "/home/afdal/Laboratorium/PROJECT/extensionadminaksent/android/app/src/androidTest/java/com/getcapacitor"
2026-03-07T17:25:20.592645Z  INFO scan_sources: tailwindcss_oxide::scanner: Discovering "/home/afdal/Laboratorium/PROJECT/extensionadminaksent/android/app/src/androidTest/java/com/getcapacitor/myapp"
2026-03-07T17:25:20.592783Z  INFO scan_sources: tailwindcss_oxide::scanner: Discovering "/home/afdal/Laboratorium/PROJECT/extensionadminaksent/android/app/src/test"
2026-03-07T17:25:20.592850Z  INFO scan_sources: tailwindcss_oxide::scanner: Discovering "/home/afdal/Laboratorium/PROJECT/extensionadminaksent/android/app/src/test/java"
2026-03-07T17:25:20.592920Z  INFO scan_sources: tailwindcss_oxide::scanner: Discovering "/home/afdal/Laboratorium/PROJECT/extensionadminaksent/android/app/src/test/java/com"
2026-03-07T17:25:20.592987Z  INFO scan_sources: tailwindcss_oxide::scanner: Discovering "/home/afdal/Laboratorium/PROJECT/extensionadminaksent/android/app/src/test/java/com/getcapacitor"
2026-03-07T17:25:20.593056Z  INFO scan_sources: tailwindcss_oxide::scanner: Discovering "/home/afdal/Laboratorium/PROJECT/extensionadminaksent/android/app/src/test/java/com/getcapacitor/myapp"
2026-03-07T17:25:20.593743Z  INFO scan_sources: tailwindcss_oxide::scanner: exit
2026-03-07T17:25:20.593928Z  INFO extract_candidates: tailwindcss_oxide::scanner: enter
2026-03-07T17:25:20.594027Z  INFO extract_candidates:read_all_files: tailwindcss_oxide::scanner: enter
2026-03-07T17:25:20.594171Z  INFO extract_candidates:read_all_files: tailwindcss_oxide::scanner: Reading 1 file(s)
2026-03-07T17:25:20.594456Z  INFO extract_candidates:read_all_files: tailwindcss_oxide::scanner: Reading "/home/afdal/Laboratorium/PROJECT/extensionadminaksent/src/utils/payment.ts"
2026-03-07T17:25:20.594512Z  INFO extract_candidates:read_all_files: tailwindcss_oxide::scanner: exit
2026-03-07T17:25:20.594525Z  INFO extract_candidates:parse_all_blobs: tailwindcss_oxide::scanner: enter
2026-03-07T17:25:20.594534Z  INFO extract_candidates:parse_all_blobs:extract: tailwindcss_oxide::scanner: enter
2026-03-07T17:25:20.595427Z  INFO extract_candidates:parse_all_blobs:extract: tailwindcss_oxide::scanner: exit
2026-03-07T17:25:20.595650Z  INFO extract_candidates:parse_all_blobs: tailwindcss_oxide::scanner: exit
2026-03-07T17:25:20.595864Z  INFO extract_candidates: tailwindcss_oxide::scanner: exit
2026-03-07T17:25:20.600318Z  INFO get_files: tailwindcss_oxide::scanner: enter
2026-03-07T17:25:20.600520Z  INFO get_files:scan_sources: tailwindcss_oxide::scanner: enter
2026-03-07T17:25:20.602985Z  INFO get_files:scan_sources: tailwindcss_oxide::scanner: Discovering "/home/afdal/Laboratorium/PROJECT/extensionadminaksent/scripts"
2026-03-07T17:25:20.603139Z  INFO get_files:scan_sources: tailwindcss_oxide::scanner: Discovering "/home/afdal/Laboratorium/PROJECT/extensionadminaksent/cypress"
2026-03-07T17:25:20.603219Z  INFO get_files:scan_sources: tailwindcss_oxide::scanner: Discovering "/home/afdal/Laboratorium/PROJECT/extensionadminaksent/cypress/fixtures"
2026-03-07T17:25:20.603340Z  INFO get_files:scan_sources: tailwindcss_oxide::scanner: Discovering "/home/afdal/Laboratorium/PROJECT/extensionadminaksent/cypress/e2e"
2026-03-07T17:25:20.603462Z  INFO get_files:scan_sources: tailwindcss_oxide::scanner: Discovering "/home/afdal/Laboratorium/PROJECT/extensionadminaksent/cypress/support"
2026-03-07T17:25:20.603589Z  INFO get_files:scan_sources: tailwindcss_oxide::scanner: Discovering "/home/afdal/Laboratorium/PROJECT/extensionadminaksent/.vscode"
2026-03-07T17:25:20.603762Z  INFO get_files:scan_sources: tailwindcss_oxide::scanner: Discovering "/home/afdal/Laboratorium/PROJECT/extensionadminaksent/src"
2026-03-07T17:25:20.603844Z  INFO get_files:scan_sources: tailwindcss_oxide::scanner: Discovering "/home/afdal/Laboratorium/PROJECT/extensionadminaksent/src/hook"
2026-03-07T17:25:20.603928Z  INFO get_files:scan_sources: tailwindcss_oxide::scanner: Discovering "/home/afdal/Laboratorium/PROJECT/extensionadminaksent/src/hook/requests"
2026-03-07T17:25:20.604044Z  INFO get_files:scan_sources: tailwindcss_oxide::scanner: Discovering "/home/afdal/Laboratorium/PROJECT/extensionadminaksent/src/components"
2026-03-07T17:25:20.604131Z  INFO get_files:scan_sources: tailwindcss_oxide::scanner: Discovering "/home/afdal/Laboratorium/PROJECT/extensionadminaksent/src/components/customer"
2026-03-07T17:25:20.604233Z  INFO get_files:scan_sources: tailwindcss_oxide::scanner: Discovering "/home/afdal/Laboratorium/PROJECT/extensionadminaksent/src/components/input"
2026-03-07T17:25:20.604346Z  INFO get_files:scan_sources: tailwindcss_oxide::scanner: Discovering "/home/afdal/Laboratorium/PROJECT/extensionadminaksent/src/components/layout"
2026-03-07T17:25:20.604444Z  INFO get_files:scan_sources: tailwindcss_oxide::scanner: Discovering "/home/afdal/Laboratorium/PROJECT/extensionadminaksent/src/components/list"
2026-03-07T17:25:20.604603Z  INFO get_files:scan_sources: tailwindcss_oxide::scanner: Discovering "/home/afdal/Laboratorium/PROJECT/extensionadminaksent/src/components/toolbars"
2026-03-07T17:25:20.604749Z  INFO get_files:scan_sources: tailwindcss_oxide::scanner: Discovering "/home/afdal/Laboratorium/PROJECT/extensionadminaksent/src/theme"
2026-03-07T17:25:20.604882Z  INFO get_files:scan_sources: tailwindcss_oxide::scanner: Discovering "/home/afdal/Laboratorium/PROJECT/extensionadminaksent/src/utils"
2026-03-07T17:25:20.605076Z  INFO get_files:scan_sources: tailwindcss_oxide::scanner: Discovering "/home/afdal/Laboratorium/PROJECT/extensionadminaksent/src/databases"
2026-03-07T17:25:20.605201Z  INFO get_files:scan_sources: tailwindcss_oxide::scanner: Discovering "/home/afdal/Laboratorium/PROJECT/extensionadminaksent/src/databases/migrations"
2026-03-07T17:25:20.605356Z  INFO get_files:scan_sources: tailwindcss_oxide::scanner: Discovering "/home/afdal/Laboratorium/PROJECT/extensionadminaksent/src/databases/entities"
2026-03-07T17:25:20.605484Z  INFO get_files:scan_sources: tailwindcss_oxide::scanner: Discovering "/home/afdal/Laboratorium/PROJECT/extensionadminaksent/src/types"
2026-03-07T17:25:20.605618Z  INFO get_files:scan_sources: tailwindcss_oxide::scanner: Discovering "/home/afdal/Laboratorium/PROJECT/extensionadminaksent/src/pages"
2026-03-07T17:25:20.605765Z  INFO get_files:scan_sources: tailwindcss_oxide::scanner: Discovering "/home/afdal/Laboratorium/PROJECT/extensionadminaksent/src/pages/Customer"
2026-03-07T17:25:20.605914Z  INFO get_files:scan_sources: tailwindcss_oxide::scanner: Discovering "/home/afdal/Laboratorium/PROJECT/extensionadminaksent/src/pages/Home"
2026-03-07T17:25:20.606045Z  INFO get_files:scan_sources: tailwindcss_oxide::scanner: Discovering "/home/afdal/Laboratorium/PROJECT/extensionadminaksent/src/pages/Validation"
2026-03-07T17:25:20.606141Z  INFO get_files:scan_sources: tailwindcss_oxide::scanner: Discovering "/home/afdal/Laboratorium/PROJECT/extensionadminaksent/src/pages/Unpaid"
2026-03-07T17:25:20.606240Z  INFO get_files:scan_sources: tailwindcss_oxide::scanner: Discovering "/home/afdal/Laboratorium/PROJECT/extensionadminaksent/src/pages/Payment"
2026-03-07T17:25:20.606359Z  INFO get_files:scan_sources: tailwindcss_oxide::scanner: Discovering "/home/afdal/Laboratorium/PROJECT/extensionadminaksent/src/context"
2026-03-07T17:25:20.606691Z  INFO get_files:scan_sources: tailwindcss_oxide::scanner: Discovering "/home/afdal/Laboratorium/PROJECT/extensionadminaksent/public"
2026-03-07T17:25:20.606810Z  INFO get_files:scan_sources: tailwindcss_oxide::scanner: Discovering "/home/afdal/Laboratorium/PROJECT/extensionadminaksent/public/assets"
2026-03-07T17:25:20.607055Z  INFO get_files:scan_sources: tailwindcss_oxide::scanner: Discovering "/home/afdal/Laboratorium/PROJECT/extensionadminaksent/android"
2026-03-07T17:25:20.607622Z  INFO get_files:scan_sources: tailwindcss_oxide::scanner: Discovering "/home/afdal/Laboratorium/PROJECT/extensionadminaksent/android/.kotlin"
2026-03-07T17:25:20.607736Z  INFO get_files:scan_sources: tailwindcss_oxide::scanner: Discovering "/home/afdal/Laboratorium/PROJECT/extensionadminaksent/android/.kotlin/sessions"
2026-03-07T17:25:20.609073Z  INFO get_files:scan_sources: tailwindcss_oxide::scanner: Discovering "/home/afdal/Laboratorium/PROJECT/extensionadminaksent/android/gradle"
2026-03-07T17:25:20.609190Z  INFO get_files:scan_sources: tailwindcss_oxide::scanner: Discovering "/home/afdal/Laboratorium/PROJECT/extensionadminaksent/android/gradle/wrapper"
2026-03-07T17:25:20.609321Z  INFO get_files:scan_sources: tailwindcss_oxide::scanner: Discovering "/home/afdal/Laboratorium/PROJECT/extensionadminaksent/android/app"
2026-03-07T17:25:20.609514Z  INFO get_files:scan_sources: tailwindcss_oxide::scanner: Discovering "/home/afdal/Laboratorium/PROJECT/extensionadminaksent/android/app/src"
2026-03-07T17:25:20.609628Z  INFO get_files:scan_sources: tailwindcss_oxide::scanner: Discovering "/home/afdal/Laboratorium/PROJECT/extensionadminaksent/android/app/src/main"
2026-03-07T17:25:20.609744Z  INFO get_files:scan_sources: tailwindcss_oxide::scanner: Discovering "/home/afdal/Laboratorium/PROJECT/extensionadminaksent/android/app/src/main/res"
2026-03-07T17:25:20.609831Z  INFO get_files:scan_sources: tailwindcss_oxide::scanner: Discovering "/home/afdal/Laboratorium/PROJECT/extensionadminaksent/android/app/src/main/res/drawable-land-xhdpi"
2026-03-07T17:25:20.609922Z  INFO get_files:scan_sources: tailwindcss_oxide::scanner: Discovering "/home/afdal/Laboratorium/PROJECT/extensionadminaksent/android/app/src/main/res/drawable-land-xxhdpi"
2026-03-07T17:25:20.610000Z  INFO get_files:scan_sources: tailwindcss_oxide::scanner: Discovering "/home/afdal/Laboratorium/PROJECT/extensionadminaksent/android/app/src/main/res/drawable-v24"
2026-03-07T17:25:20.610093Z  INFO get_files:scan_sources: tailwindcss_oxide::scanner: Discovering "/home/afdal/Laboratorium/PROJECT/extensionadminaksent/android/app/src/main/res/drawable-port-xxxhdpi"
2026-03-07T17:25:20.610179Z  INFO get_files:scan_sources: tailwindcss_oxide::scanner: Discovering "/home/afdal/Laboratorium/PROJECT/extensionadminaksent/android/app/src/main/res/drawable-land-xxxhdpi"
2026-03-07T17:25:20.610262Z  INFO get_files:scan_sources: tailwindcss_oxide::scanner: Discovering "/home/afdal/Laboratorium/PROJECT/extensionadminaksent/android/app/src/main/res/drawable-port-xxhdpi"
2026-03-07T17:25:20.610336Z  INFO get_files:scan_sources: tailwindcss_oxide::scanner: Discovering "/home/afdal/Laboratorium/PROJECT/extensionadminaksent/android/app/src/main/res/mipmap-hdpi"
2026-03-07T17:25:20.610436Z  INFO get_files:scan_sources: tailwindcss_oxide::scanner: Discovering "/home/afdal/Laboratorium/PROJECT/extensionadminaksent/android/app/src/main/res/drawable-land-hdpi"
2026-03-07T17:25:20.610540Z  INFO get_files:scan_sources: tailwindcss_oxide::scanner: Discovering "/home/afdal/Laboratorium/PROJECT/extensionadminaksent/android/app/src/main/res/xml"
2026-03-07T17:25:20.610675Z  INFO get_files:scan_sources: tailwindcss_oxide::scanner: Discovering "/home/afdal/Laboratorium/PROJECT/extensionadminaksent/android/app/src/main/res/mipmap-xhdpi"
2026-03-07T17:25:20.610778Z  INFO get_files:scan_sources: tailwindcss_oxide::scanner: Discovering "/home/afdal/Laboratorium/PROJECT/extensionadminaksent/android/app/src/main/res/drawable-land-mdpi"
2026-03-07T17:25:20.610859Z  INFO get_files:scan_sources: tailwindcss_oxide::scanner: Discovering "/home/afdal/Laboratorium/PROJECT/extensionadminaksent/android/app/src/main/res/drawable-port-hdpi"
2026-03-07T17:25:20.610967Z  INFO get_files:scan_sources: tailwindcss_oxide::scanner: Discovering "/home/afdal/Laboratorium/PROJECT/extensionadminaksent/android/app/src/main/res/mipmap-xxhdpi"
2026-03-07T17:25:20.611088Z  INFO get_files:scan_sources: tailwindcss_oxide::scanner: Discovering "/home/afdal/Laboratorium/PROJECT/extensionadminaksent/android/app/src/main/res/mipmap-mdpi"
2026-03-07T17:25:20.611176Z  INFO get_files:scan_sources: tailwindcss_oxide::scanner: Discovering "/home/afdal/Laboratorium/PROJECT/extensionadminaksent/android/app/src/main/res/drawable"
2026-03-07T17:25:20.611274Z  INFO get_files:scan_sources: tailwindcss_oxide::scanner: Discovering "/home/afdal/Laboratorium/PROJECT/extensionadminaksent/android/app/src/main/res/drawable-port-xhdpi"
2026-03-07T17:25:20.611373Z  INFO get_files:scan_sources: tailwindcss_oxide::scanner: Discovering "/home/afdal/Laboratorium/PROJECT/extensionadminaksent/android/app/src/main/res/mipmap-xxxhdpi"
2026-03-07T17:25:20.611487Z  INFO get_files:scan_sources: tailwindcss_oxide::scanner: Discovering "/home/afdal/Laboratorium/PROJECT/extensionadminaksent/android/app/src/main/res/layout"
2026-03-07T17:25:20.612143Z  INFO get_files:scan_sources: tailwindcss_oxide::scanner: Discovering "/home/afdal/Laboratorium/PROJECT/extensionadminaksent/android/app/src/main/res/mipmap-anydpi-v26"
2026-03-07T17:25:20.612303Z  INFO get_files:scan_sources: tailwindcss_oxide::scanner: Discovering "/home/afdal/Laboratorium/PROJECT/extensionadminaksent/android/app/src/main/res/drawable-port-mdpi"
2026-03-07T17:25:20.612391Z  INFO get_files:scan_sources: tailwindcss_oxide::scanner: Discovering "/home/afdal/Laboratorium/PROJECT/extensionadminaksent/android/app/src/main/res/values"
2026-03-07T17:25:20.612533Z  INFO get_files:scan_sources: tailwindcss_oxide::scanner: Discovering "/home/afdal/Laboratorium/PROJECT/extensionadminaksent/android/app/src/main/java"
2026-03-07T17:25:20.612622Z  INFO get_files:scan_sources: tailwindcss_oxide::scanner: Discovering "/home/afdal/Laboratorium/PROJECT/extensionadminaksent/android/app/src/main/java/io"
2026-03-07T17:25:20.612716Z  INFO get_files:scan_sources: tailwindcss_oxide::scanner: Discovering "/home/afdal/Laboratorium/PROJECT/extensionadminaksent/android/app/src/main/java/io/ionic"
2026-03-07T17:25:20.612811Z  INFO get_files:scan_sources: tailwindcss_oxide::scanner: Discovering "/home/afdal/Laboratorium/PROJECT/extensionadminaksent/android/app/src/main/java/io/ionic/starter"
2026-03-07T17:25:20.612947Z  INFO get_files:scan_sources: tailwindcss_oxide::scanner: Discovering "/home/afdal/Laboratorium/PROJECT/extensionadminaksent/android/app/src/main/assets"
2026-03-07T17:25:20.613110Z  INFO get_files:scan_sources: tailwindcss_oxide::scanner: Discovering "/home/afdal/Laboratorium/PROJECT/extensionadminaksent/android/app/src/androidTest"
2026-03-07T17:25:20.613192Z  INFO get_files:scan_sources: tailwindcss_oxide::scanner: Discovering "/home/afdal/Laboratorium/PROJECT/extensionadminaksent/android/app/src/androidTest/java"
2026-03-07T17:25:20.613286Z  INFO get_files:scan_sources: tailwindcss_oxide::scanner: Discovering "/home/afdal/Laboratorium/PROJECT/extensionadminaksent/android/app/src/androidTest/java/com"
2026-03-07T17:25:20.613379Z  INFO get_files:scan_sources: tailwindcss_oxide::scanner: Discovering "/home/afdal/Laboratorium/PROJECT/extensionadminaksent/android/app/src/androidTest/java/com/getcapacitor"
2026-03-07T17:25:20.613472Z  INFO get_files:scan_sources: tailwindcss_oxide::scanner: Discovering "/home/afdal/Laboratorium/PROJECT/extensionadminaksent/android/app/src/androidTest/java/com/getcapacitor/myapp"
2026-03-07T17:25:20.613622Z  INFO get_files:scan_sources: tailwindcss_oxide::scanner: Discovering "/home/afdal/Laboratorium/PROJECT/extensionadminaksent/android/app/src/test"
2026-03-07T17:25:20.613703Z  INFO get_files:scan_sources: tailwindcss_oxide::scanner: Discovering "/home/afdal/Laboratorium/PROJECT/extensionadminaksent/android/app/src/test/java"
2026-03-07T17:25:20.613773Z  INFO get_files:scan_sources: tailwindcss_oxide::scanner: Discovering "/home/afdal/Laboratorium/PROJECT/extensionadminaksent/android/app/src/test/java/com"
2026-03-07T17:25:20.613856Z  INFO get_files:scan_sources: tailwindcss_oxide::scanner: Discovering "/home/afdal/Laboratorium/PROJECT/extensionadminaksent/android/app/src/test/java/com/getcapacitor"
2026-03-07T17:25:20.613952Z  INFO get_files:scan_sources: tailwindcss_oxide::scanner: Discovering "/home/afdal/Laboratorium/PROJECT/extensionadminaksent/android/app/src/test/java/com/getcapacitor/myapp"
2026-03-07T17:25:20.614538Z  INFO get_files:scan_sources: tailwindcss_oxide::scanner: exit
2026-03-07T17:25:20.614759Z  INFO get_files: tailwindcss_oxide::scanner: exit
2026-03-07T17:25:20.615068Z  INFO get_globs: tailwindcss_oxide::scanner: enter
2026-03-07T17:25:20.615090Z  INFO get_globs: tailwindcss_oxide::scanner: exit
2026-03-07T17:25:24.862150Z  INFO scan_sources: tailwindcss_oxide::scanner: enter
2026-03-07T17:25:24.865540Z  INFO scan_sources: tailwindcss_oxide::scanner: Discovering "/home/afdal/Laboratorium/PROJECT/extensionadminaksent/scripts"
2026-03-07T17:25:24.865806Z  INFO scan_sources: tailwindcss_oxide::scanner: Discovering "/home/afdal/Laboratorium/PROJECT/extensionadminaksent/cypress"
2026-03-07T17:25:24.865955Z  INFO scan_sources: tailwindcss_oxide::scanner: Discovering "/home/afdal/Laboratorium/PROJECT/extensionadminaksent/cypress/fixtures"
2026-03-07T17:25:24.866169Z  INFO scan_sources: tailwindcss_oxide::scanner: Discovering "/home/afdal/Laboratorium/PROJECT/extensionadminaksent/cypress/e2e"
2026-03-07T17:25:24.866337Z  INFO scan_sources: tailwindcss_oxide::scanner: Discovering "/home/afdal/Laboratorium/PROJECT/extensionadminaksent/cypress/support"
2026-03-07T17:25:24.866538Z  INFO scan_sources: tailwindcss_oxide::scanner: Discovering "/home/afdal/Laboratorium/PROJECT/extensionadminaksent/.vscode"
2026-03-07T17:25:24.866850Z  INFO scan_sources: tailwindcss_oxide::scanner: Discovering "/home/afdal/Laboratorium/PROJECT/extensionadminaksent/src"
2026-03-07T17:25:24.866996Z  INFO scan_sources: tailwindcss_oxide::scanner: Discovering "/home/afdal/Laboratorium/PROJECT/extensionadminaksent/src/hook"
2026-03-07T17:25:24.867130Z  INFO scan_sources: tailwindcss_oxide::scanner: Discovering "/home/afdal/Laboratorium/PROJECT/extensionadminaksent/src/hook/requests"
2026-03-07T17:25:24.867280Z  INFO scan_sources: tailwindcss_oxide::scanner: Discovering "/home/afdal/Laboratorium/PROJECT/extensionadminaksent/src/components"
2026-03-07T17:25:24.867421Z  INFO scan_sources: tailwindcss_oxide::scanner: Discovering "/home/afdal/Laboratorium/PROJECT/extensionadminaksent/src/components/customer"
2026-03-07T17:25:24.867617Z  INFO scan_sources: tailwindcss_oxide::scanner: Discovering "/home/afdal/Laboratorium/PROJECT/extensionadminaksent/src/components/input"
2026-03-07T17:25:24.867818Z  INFO scan_sources: tailwindcss_oxide::scanner: Discovering "/home/afdal/Laboratorium/PROJECT/extensionadminaksent/src/components/layout"
2026-03-07T17:25:24.867991Z  INFO scan_sources: tailwindcss_oxide::scanner: Discovering "/home/afdal/Laboratorium/PROJECT/extensionadminaksent/src/components/list"
2026-03-07T17:25:24.868162Z  INFO scan_sources: tailwindcss_oxide::scanner: Discovering "/home/afdal/Laboratorium/PROJECT/extensionadminaksent/src/components/toolbars"
2026-03-07T17:25:24.868329Z  INFO scan_sources: tailwindcss_oxide::scanner: Discovering "/home/afdal/Laboratorium/PROJECT/extensionadminaksent/src/theme"
2026-03-07T17:25:24.868540Z  INFO scan_sources: tailwindcss_oxide::scanner: Discovering "/home/afdal/Laboratorium/PROJECT/extensionadminaksent/src/utils"
2026-03-07T17:25:24.868762Z  INFO scan_sources: tailwindcss_oxide::scanner: Discovering "/home/afdal/Laboratorium/PROJECT/extensionadminaksent/src/utils/payment.ts"
2026-03-07T17:25:24.868936Z  INFO scan_sources: tailwindcss_oxide::scanner: Discovering "/home/afdal/Laboratorium/PROJECT/extensionadminaksent/src/databases"
2026-03-07T17:25:24.869086Z  INFO scan_sources: tailwindcss_oxide::scanner: Discovering "/home/afdal/Laboratorium/PROJECT/extensionadminaksent/src/databases/migrations"
2026-03-07T17:25:24.869272Z  INFO scan_sources: tailwindcss_oxide::scanner: Discovering "/home/afdal/Laboratorium/PROJECT/extensionadminaksent/src/databases/entities"
2026-03-07T17:25:24.869457Z  INFO scan_sources: tailwindcss_oxide::scanner: Discovering "/home/afdal/Laboratorium/PROJECT/extensionadminaksent/src/types"
2026-03-07T17:25:24.869628Z  INFO scan_sources: tailwindcss_oxide::scanner: Discovering "/home/afdal/Laboratorium/PROJECT/extensionadminaksent/src/pages"
2026-03-07T17:25:24.869742Z  INFO scan_sources: tailwindcss_oxide::scanner: Discovering "/home/afdal/Laboratorium/PROJECT/extensionadminaksent/src/pages/Customer"
2026-03-07T17:25:24.869923Z  INFO scan_sources: tailwindcss_oxide::scanner: Discovering "/home/afdal/Laboratorium/PROJECT/extensionadminaksent/src/pages/Home"
2026-03-07T17:25:24.870113Z  INFO scan_sources: tailwindcss_oxide::scanner: Discovering "/home/afdal/Laboratorium/PROJECT/extensionadminaksent/src/pages/Validation"
2026-03-07T17:25:24.870283Z  INFO scan_sources: tailwindcss_oxide::scanner: Discovering "/home/afdal/Laboratorium/PROJECT/extensionadminaksent/src/pages/Unpaid"
2026-03-07T17:25:24.870418Z  INFO scan_sources: tailwindcss_oxide::scanner: Discovering "/home/afdal/Laboratorium/PROJECT/extensionadminaksent/src/pages/Payment"
2026-03-07T17:25:24.870631Z  INFO scan_sources: tailwindcss_oxide::scanner: Discovering "/home/afdal/Laboratorium/PROJECT/extensionadminaksent/src/context"
2026-03-07T17:25:24.871060Z  INFO scan_sources: tailwindcss_oxide::scanner: Discovering "/home/afdal/Laboratorium/PROJECT/extensionadminaksent/public"
2026-03-07T17:25:24.871236Z  INFO scan_sources: tailwindcss_oxide::scanner: Discovering "/home/afdal/Laboratorium/PROJECT/extensionadminaksent/public/assets"
2026-03-07T17:25:24.871683Z  INFO scan_sources: tailwindcss_oxide::scanner: Discovering "/home/afdal/Laboratorium/PROJECT/extensionadminaksent/android"
2026-03-07T17:25:24.872387Z  INFO scan_sources: tailwindcss_oxide::scanner: Discovering "/home/afdal/Laboratorium/PROJECT/extensionadminaksent/android/.kotlin"
2026-03-07T17:25:24.872526Z  INFO scan_sources: tailwindcss_oxide::scanner: Discovering "/home/afdal/Laboratorium/PROJECT/extensionadminaksent/android/.kotlin/sessions"
2026-03-07T17:25:24.872897Z  INFO scan_sources: tailwindcss_oxide::scanner: Discovering "/home/afdal/Laboratorium/PROJECT/extensionadminaksent/android/gradle"
2026-03-07T17:25:24.873035Z  INFO scan_sources: tailwindcss_oxide::scanner: Discovering "/home/afdal/Laboratorium/PROJECT/extensionadminaksent/android/gradle/wrapper"
2026-03-07T17:25:24.873206Z  INFO scan_sources: tailwindcss_oxide::scanner: Discovering "/home/afdal/Laboratorium/PROJECT/extensionadminaksent/android/app"
2026-03-07T17:25:24.873482Z  INFO scan_sources: tailwindcss_oxide::scanner: Discovering "/home/afdal/Laboratorium/PROJECT/extensionadminaksent/android/app/src"
2026-03-07T17:25:24.873663Z  INFO scan_sources: tailwindcss_oxide::scanner: Discovering "/home/afdal/Laboratorium/PROJECT/extensionadminaksent/android/app/src/main"
2026-03-07T17:25:24.873837Z  INFO scan_sources: tailwindcss_oxide::scanner: Discovering "/home/afdal/Laboratorium/PROJECT/extensionadminaksent/android/app/src/main/res"
2026-03-07T17:25:24.873968Z  INFO scan_sources: tailwindcss_oxide::scanner: Discovering "/home/afdal/Laboratorium/PROJECT/extensionadminaksent/android/app/src/main/res/drawable-land-xhdpi"
2026-03-07T17:25:24.874098Z  INFO scan_sources: tailwindcss_oxide::scanner: Discovering "/home/afdal/Laboratorium/PROJECT/extensionadminaksent/android/app/src/main/res/drawable-land-xxhdpi"
2026-03-07T17:25:24.874220Z  INFO scan_sources: tailwindcss_oxide::scanner: Discovering "/home/afdal/Laboratorium/PROJECT/extensionadminaksent/android/app/src/main/res/drawable-v24"
2026-03-07T17:25:24.874366Z  INFO scan_sources: tailwindcss_oxide::scanner: Discovering "/home/afdal/Laboratorium/PROJECT/extensionadminaksent/android/app/src/main/res/drawable-port-xxxhdpi"
2026-03-07T17:25:24.874487Z  INFO scan_sources: tailwindcss_oxide::scanner: Discovering "/home/afdal/Laboratorium/PROJECT/extensionadminaksent/android/app/src/main/res/drawable-land-xxxhdpi"
2026-03-07T17:25:24.874617Z  INFO scan_sources: tailwindcss_oxide::scanner: Discovering "/home/afdal/Laboratorium/PROJECT/extensionadminaksent/android/app/src/main/res/drawable-port-xxhdpi"
2026-03-07T17:25:24.874800Z  INFO scan_sources: tailwindcss_oxide::scanner: Discovering "/home/afdal/Laboratorium/PROJECT/extensionadminaksent/android/app/src/main/res/mipmap-hdpi"
2026-03-07T17:25:24.874912Z  INFO scan_sources: tailwindcss_oxide::scanner: Discovering "/home/afdal/Laboratorium/PROJECT/extensionadminaksent/android/app/src/main/res/drawable-land-hdpi"
2026-03-07T17:25:24.875007Z  INFO scan_sources: tailwindcss_oxide::scanner: Discovering "/home/afdal/Laboratorium/PROJECT/extensionadminaksent/android/app/src/main/res/xml"
2026-03-07T17:25:24.875141Z  INFO scan_sources: tailwindcss_oxide::scanner: Discovering "/home/afdal/Laboratorium/PROJECT/extensionadminaksent/android/app/src/main/res/mipmap-xhdpi"
2026-03-07T17:25:24.875262Z  INFO scan_sources: tailwindcss_oxide::scanner: Discovering "/home/afdal/Laboratorium/PROJECT/extensionadminaksent/android/app/src/main/res/drawable-land-mdpi"
2026-03-07T17:25:24.875356Z  INFO scan_sources: tailwindcss_oxide::scanner: Discovering "/home/afdal/Laboratorium/PROJECT/extensionadminaksent/android/app/src/main/res/drawable-port-hdpi"
2026-03-07T17:25:24.875446Z  INFO scan_sources: tailwindcss_oxide::scanner: Discovering "/home/afdal/Laboratorium/PROJECT/extensionadminaksent/android/app/src/main/res/mipmap-xxhdpi"
2026-03-07T17:25:24.875552Z  INFO scan_sources: tailwindcss_oxide::scanner: Discovering "/home/afdal/Laboratorium/PROJECT/extensionadminaksent/android/app/src/main/res/mipmap-mdpi"
2026-03-07T17:25:24.875669Z  INFO scan_sources: tailwindcss_oxide::scanner: Discovering "/home/afdal/Laboratorium/PROJECT/extensionadminaksent/android/app/src/main/res/drawable"
2026-03-07T17:25:24.875791Z  INFO scan_sources: tailwindcss_oxide::scanner: Discovering "/home/afdal/Laboratorium/PROJECT/extensionadminaksent/android/app/src/main/res/drawable-port-xhdpi"
2026-03-07T17:25:24.875893Z  INFO scan_sources: tailwindcss_oxide::scanner: Discovering "/home/afdal/Laboratorium/PROJECT/extensionadminaksent/android/app/src/main/res/mipmap-xxxhdpi"
2026-03-07T17:25:24.876005Z  INFO scan_sources: tailwindcss_oxide::scanner: Discovering "/home/afdal/Laboratorium/PROJECT/extensionadminaksent/android/app/src/main/res/layout"
2026-03-07T17:25:24.876125Z  INFO scan_sources: tailwindcss_oxide::scanner: Discovering "/home/afdal/Laboratorium/PROJECT/extensionadminaksent/android/app/src/main/res/mipmap-anydpi-v26"
2026-03-07T17:25:24.876256Z  INFO scan_sources: tailwindcss_oxide::scanner: Discovering "/home/afdal/Laboratorium/PROJECT/extensionadminaksent/android/app/src/main/res/drawable-port-mdpi"
2026-03-07T17:25:24.876374Z  INFO scan_sources: tailwindcss_oxide::scanner: Discovering "/home/afdal/Laboratorium/PROJECT/extensionadminaksent/android/app/src/main/res/values"
2026-03-07T17:25:24.876599Z  INFO scan_sources: tailwindcss_oxide::scanner: Discovering "/home/afdal/Laboratorium/PROJECT/extensionadminaksent/android/app/src/main/java"
2026-03-07T17:25:24.876694Z  INFO scan_sources: tailwindcss_oxide::scanner: Discovering "/home/afdal/Laboratorium/PROJECT/extensionadminaksent/android/app/src/main/java/io"
2026-03-07T17:25:24.876774Z  INFO scan_sources: tailwindcss_oxide::scanner: Discovering "/home/afdal/Laboratorium/PROJECT/extensionadminaksent/android/app/src/main/java/io/ionic"
2026-03-07T17:25:24.876858Z  INFO scan_sources: tailwindcss_oxide::scanner: Discovering "/home/afdal/Laboratorium/PROJECT/extensionadminaksent/android/app/src/main/java/io/ionic/starter"
2026-03-07T17:25:24.877001Z  INFO scan_sources: tailwindcss_oxide::scanner: Discovering "/home/afdal/Laboratorium/PROJECT/extensionadminaksent/android/app/src/main/assets"
2026-03-07T17:25:24.877198Z  INFO scan_sources: tailwindcss_oxide::scanner: Discovering "/home/afdal/Laboratorium/PROJECT/extensionadminaksent/android/app/src/androidTest"
2026-03-07T17:25:24.877311Z  INFO scan_sources: tailwindcss_oxide::scanner: Discovering "/home/afdal/Laboratorium/PROJECT/extensionadminaksent/android/app/src/androidTest/java"
2026-03-07T17:25:24.877415Z  INFO scan_sources: tailwindcss_oxide::scanner: Discovering "/home/afdal/Laboratorium/PROJECT/extensionadminaksent/android/app/src/androidTest/java/com"
2026-03-07T17:25:24.877505Z  INFO scan_sources: tailwindcss_oxide::scanner: Discovering "/home/afdal/Laboratorium/PROJECT/extensionadminaksent/android/app/src/androidTest/java/com/getcapacitor"
2026-03-07T17:25:24.877599Z  INFO scan_sources: tailwindcss_oxide::scanner: Discovering "/home/afdal/Laboratorium/PROJECT/extensionadminaksent/android/app/src/androidTest/java/com/getcapacitor/myapp"
2026-03-07T17:25:24.877781Z  INFO scan_sources: tailwindcss_oxide::scanner: Discovering "/home/afdal/Laboratorium/PROJECT/extensionadminaksent/android/app/src/test"
2026-03-07T17:25:24.877880Z  INFO scan_sources: tailwindcss_oxide::scanner: Discovering "/home/afdal/Laboratorium/PROJECT/extensionadminaksent/android/app/src/test/java"
2026-03-07T17:25:24.877980Z  INFO scan_sources: tailwindcss_oxide::scanner: Discovering "/home/afdal/Laboratorium/PROJECT/extensionadminaksent/android/app/src/test/java/com"
2026-03-07T17:25:24.878090Z  INFO scan_sources: tailwindcss_oxide::scanner: Discovering "/home/afdal/Laboratorium/PROJECT/extensionadminaksent/android/app/src/test/java/com/getcapacitor"
2026-03-07T17:25:24.878190Z  INFO scan_sources: tailwindcss_oxide::scanner: Discovering "/home/afdal/Laboratorium/PROJECT/extensionadminaksent/android/app/src/test/java/com/getcapacitor/myapp"
2026-03-07T17:25:24.878895Z  INFO scan_sources: tailwindcss_oxide::scanner: exit
2026-03-07T17:25:24.878926Z  INFO extract_candidates: tailwindcss_oxide::scanner: enter
2026-03-07T17:25:24.878937Z  INFO extract_candidates:read_all_files: tailwindcss_oxide::scanner: enter
2026-03-07T17:25:24.878946Z  INFO extract_candidates:read_all_files: tailwindcss_oxide::scanner: Reading 1 file(s)
2026-03-07T17:25:24.879038Z  INFO extract_candidates:read_all_files: tailwindcss_oxide::scanner: Reading "/home/afdal/Laboratorium/PROJECT/extensionadminaksent/src/utils/payment.ts"
2026-03-07T17:25:24.879056Z  INFO extract_candidates:read_all_files: tailwindcss_oxide::scanner: exit
2026-03-07T17:25:24.879067Z  INFO extract_candidates:parse_all_blobs: tailwindcss_oxide::scanner: enter
2026-03-07T17:25:24.879076Z  INFO extract_candidates:parse_all_blobs:extract: tailwindcss_oxide::scanner: enter
2026-03-07T17:25:24.880217Z  INFO extract_candidates:parse_all_blobs:extract: tailwindcss_oxide::scanner: exit
2026-03-07T17:25:24.880262Z  INFO extract_candidates:parse_all_blobs: tailwindcss_oxide::scanner: exit
2026-03-07T17:25:24.880426Z  INFO extract_candidates: tailwindcss_oxide::scanner: exit
2026-03-07T17:25:24.883551Z  INFO get_files: tailwindcss_oxide::scanner: enter
2026-03-07T17:25:24.883621Z  INFO get_files:scan_sources: tailwindcss_oxide::scanner: enter
2026-03-07T17:25:24.884631Z  INFO get_files:scan_sources: tailwindcss_oxide::scanner: Discovering "/home/afdal/Laboratorium/PROJECT/extensionadminaksent/scripts"
2026-03-07T17:25:24.884769Z  INFO get_files:scan_sources: tailwindcss_oxide::scanner: Discovering "/home/afdal/Laboratorium/PROJECT/extensionadminaksent/cypress"
2026-03-07T17:25:24.884846Z  INFO get_files:scan_sources: tailwindcss_oxide::scanner: Discovering "/home/afdal/Laboratorium/PROJECT/extensionadminaksent/cypress/fixtures"
2026-03-07T17:25:24.884943Z  INFO get_files:scan_sources: tailwindcss_oxide::scanner: Discovering "/home/afdal/Laboratorium/PROJECT/extensionadminaksent/cypress/e2e"
2026-03-07T17:25:24.885047Z  INFO get_files:scan_sources: tailwindcss_oxide::scanner: Discovering "/home/afdal/Laboratorium/PROJECT/extensionadminaksent/cypress/support"
2026-03-07T17:25:24.885166Z  INFO get_files:scan_sources: tailwindcss_oxide::scanner: Discovering "/home/afdal/Laboratorium/PROJECT/extensionadminaksent/.vscode"
2026-03-07T17:25:24.885327Z  INFO get_files:scan_sources: tailwindcss_oxide::scanner: Discovering "/home/afdal/Laboratorium/PROJECT/extensionadminaksent/src"
2026-03-07T17:25:24.885413Z  INFO get_files:scan_sources: tailwindcss_oxide::scanner: Discovering "/home/afdal/Laboratorium/PROJECT/extensionadminaksent/src/hook"
2026-03-07T17:25:24.885499Z  INFO get_files:scan_sources: tailwindcss_oxide::scanner: Discovering "/home/afdal/Laboratorium/PROJECT/extensionadminaksent/src/hook/requests"
2026-03-07T17:25:24.885631Z  INFO get_files:scan_sources: tailwindcss_oxide::scanner: Discovering "/home/afdal/Laboratorium/PROJECT/extensionadminaksent/src/components"
2026-03-07T17:25:24.885732Z  INFO get_files:scan_sources: tailwindcss_oxide::scanner: Discovering "/home/afdal/Laboratorium/PROJECT/extensionadminaksent/src/components/customer"
2026-03-07T17:25:24.885855Z  INFO get_files:scan_sources: tailwindcss_oxide::scanner: Discovering "/home/afdal/Laboratorium/PROJECT/extensionadminaksent/src/components/input"
2026-03-07T17:25:24.885980Z  INFO get_files:scan_sources: tailwindcss_oxide::scanner: Discovering "/home/afdal/Laboratorium/PROJECT/extensionadminaksent/src/components/layout"
2026-03-07T17:25:24.886071Z  INFO get_files:scan_sources: tailwindcss_oxide::scanner: Discovering "/home/afdal/Laboratorium/PROJECT/extensionadminaksent/src/components/list"
2026-03-07T17:25:24.886191Z  INFO get_files:scan_sources: tailwindcss_oxide::scanner: Discovering "/home/afdal/Laboratorium/PROJECT/extensionadminaksent/src/components/toolbars"
2026-03-07T17:25:24.886302Z  INFO get_files:scan_sources: tailwindcss_oxide::scanner: Discovering "/home/afdal/Laboratorium/PROJECT/extensionadminaksent/src/theme"
2026-03-07T17:25:24.886437Z  INFO get_files:scan_sources: tailwindcss_oxide::scanner: Discovering "/home/afdal/Laboratorium/PROJECT/extensionadminaksent/src/utils"
2026-03-07T17:25:24.886623Z  INFO get_files:scan_sources: tailwindcss_oxide::scanner: Discovering "/home/afdal/Laboratorium/PROJECT/extensionadminaksent/src/databases"
2026-03-07T17:25:24.886720Z  INFO get_files:scan_sources: tailwindcss_oxide::scanner: Discovering "/home/afdal/Laboratorium/PROJECT/extensionadminaksent/src/databases/migrations"
2026-03-07T17:25:24.886843Z  INFO get_files:scan_sources: tailwindcss_oxide::scanner: Discovering "/home/afdal/Laboratorium/PROJECT/extensionadminaksent/src/databases/entities"
2026-03-07T17:25:24.886973Z  INFO get_files:scan_sources: tailwindcss_oxide::scanner: Discovering "/home/afdal/Laboratorium/PROJECT/extensionadminaksent/src/types"
2026-03-07T17:25:24.887073Z  INFO get_files:scan_sources: tailwindcss_oxide::scanner: Discovering "/home/afdal/Laboratorium/PROJECT/extensionadminaksent/src/pages"
2026-03-07T17:25:24.887147Z  INFO get_files:scan_sources: tailwindcss_oxide::scanner: Discovering "/home/afdal/Laboratorium/PROJECT/extensionadminaksent/src/pages/Customer"
2026-03-07T17:25:24.887280Z  INFO get_files:scan_sources: tailwindcss_oxide::scanner: Discovering "/home/afdal/Laboratorium/PROJECT/extensionadminaksent/src/pages/Home"
2026-03-07T17:25:24.887394Z  INFO get_files:scan_sources: tailwindcss_oxide::scanner: Discovering "/home/afdal/Laboratorium/PROJECT/extensionadminaksent/src/pages/Validation"
2026-03-07T17:25:24.887490Z  INFO get_files:scan_sources: tailwindcss_oxide::scanner: Discovering "/home/afdal/Laboratorium/PROJECT/extensionadminaksent/src/pages/Unpaid"
2026-03-07T17:25:24.887600Z  INFO get_files:scan_sources: tailwindcss_oxide::scanner: Discovering "/home/afdal/Laboratorium/PROJECT/extensionadminaksent/src/pages/Payment"
2026-03-07T17:25:24.887717Z  INFO get_files:scan_sources: tailwindcss_oxide::scanner: Discovering "/home/afdal/Laboratorium/PROJECT/extensionadminaksent/src/context"
2026-03-07T17:25:24.887993Z  INFO get_files:scan_sources: tailwindcss_oxide::scanner: Discovering "/home/afdal/Laboratorium/PROJECT/extensionadminaksent/public"
2026-03-07T17:25:24.888112Z  INFO get_files:scan_sources: tailwindcss_oxide::scanner: Discovering "/home/afdal/Laboratorium/PROJECT/extensionadminaksent/public/assets"
2026-03-07T17:25:24.888355Z  INFO get_files:scan_sources: tailwindcss_oxide::scanner: Discovering "/home/afdal/Laboratorium/PROJECT/extensionadminaksent/android"
2026-03-07T17:25:24.888823Z  INFO get_files:scan_sources: tailwindcss_oxide::scanner: Discovering "/home/afdal/Laboratorium/PROJECT/extensionadminaksent/android/.kotlin"
2026-03-07T17:25:24.888924Z  INFO get_files:scan_sources: tailwindcss_oxide::scanner: Discovering "/home/afdal/Laboratorium/PROJECT/extensionadminaksent/android/.kotlin/sessions"
2026-03-07T17:25:24.889175Z  INFO get_files:scan_sources: tailwindcss_oxide::scanner: Discovering "/home/afdal/Laboratorium/PROJECT/extensionadminaksent/android/gradle"
2026-03-07T17:25:24.889258Z  INFO get_files:scan_sources: tailwindcss_oxide::scanner: Discovering "/home/afdal/Laboratorium/PROJECT/extensionadminaksent/android/gradle/wrapper"
2026-03-07T17:25:24.889391Z  INFO get_files:scan_sources: tailwindcss_oxide::scanner: Discovering "/home/afdal/Laboratorium/PROJECT/extensionadminaksent/android/app"
2026-03-07T17:25:24.889600Z  INFO get_files:scan_sources: tailwindcss_oxide::scanner: Discovering "/home/afdal/Laboratorium/PROJECT/extensionadminaksent/android/app/src"
2026-03-07T17:25:24.889700Z  INFO get_files:scan_sources: tailwindcss_oxide::scanner: Discovering "/home/afdal/Laboratorium/PROJECT/extensionadminaksent/android/app/src/main"
2026-03-07T17:25:24.889798Z  INFO get_files:scan_sources: tailwindcss_oxide::scanner: Discovering "/home/afdal/Laboratorium/PROJECT/extensionadminaksent/android/app/src/main/res"
2026-03-07T17:25:24.889882Z  INFO get_files:scan_sources: tailwindcss_oxide::scanner: Discovering "/home/afdal/Laboratorium/PROJECT/extensionadminaksent/android/app/src/main/res/drawable-land-xhdpi"
2026-03-07T17:25:24.889991Z  INFO get_files:scan_sources: tailwindcss_oxide::scanner: Discovering "/home/afdal/Laboratorium/PROJECT/extensionadminaksent/android/app/src/main/res/drawable-land-xxhdpi"
2026-03-07T17:25:24.890077Z  INFO get_files:scan_sources: tailwindcss_oxide::scanner: Discovering "/home/afdal/Laboratorium/PROJECT/extensionadminaksent/android/app/src/main/res/drawable-v24"
2026-03-07T17:25:24.890174Z  INFO get_files:scan_sources: tailwindcss_oxide::scanner: Discovering "/home/afdal/Laboratorium/PROJECT/extensionadminaksent/android/app/src/main/res/drawable-port-xxxhdpi"
2026-03-07T17:25:24.890250Z  INFO get_files:scan_sources: tailwindcss_oxide::scanner: Discovering "/home/afdal/Laboratorium/PROJECT/extensionadminaksent/android/app/src/main/res/drawable-land-xxxhdpi"
2026-03-07T17:25:24.890327Z  INFO get_files:scan_sources: tailwindcss_oxide::scanner: Discovering "/home/afdal/Laboratorium/PROJECT/extensionadminaksent/android/app/src/main/res/drawable-port-xxhdpi"
2026-03-07T17:25:24.890407Z  INFO get_files:scan_sources: tailwindcss_oxide::scanner: Discovering "/home/afdal/Laboratorium/PROJECT/extensionadminaksent/android/app/src/main/res/mipmap-hdpi"
2026-03-07T17:25:24.890500Z  INFO get_files:scan_sources: tailwindcss_oxide::scanner: Discovering "/home/afdal/Laboratorium/PROJECT/extensionadminaksent/android/app/src/main/res/drawable-land-hdpi"
2026-03-07T17:25:24.890600Z  INFO get_files:scan_sources: tailwindcss_oxide::scanner: Discovering "/home/afdal/Laboratorium/PROJECT/extensionadminaksent/android/app/src/main/res/xml"
2026-03-07T17:25:24.890710Z  INFO get_files:scan_sources: tailwindcss_oxide::scanner: Discovering "/home/afdal/Laboratorium/PROJECT/extensionadminaksent/android/app/src/main/res/mipmap-xhdpi"
2026-03-07T17:25:24.890814Z  INFO get_files:scan_sources: tailwindcss_oxide::scanner: Discovering "/home/afdal/Laboratorium/PROJECT/extensionadminaksent/android/app/src/main/res/drawable-land-mdpi"
2026-03-07T17:25:24.890912Z  INFO get_files:scan_sources: tailwindcss_oxide::scanner: Discovering "/home/afdal/Laboratorium/PROJECT/extensionadminaksent/android/app/src/main/res/drawable-port-hdpi"
2026-03-07T17:25:24.891058Z  INFO get_files:scan_sources: tailwindcss_oxide::scanner: Discovering "/home/afdal/Laboratorium/PROJECT/extensionadminaksent/android/app/src/main/res/mipmap-xxhdpi"
2026-03-07T17:25:24.891160Z  INFO get_files:scan_sources: tailwindcss_oxide::scanner: Discovering "/home/afdal/Laboratorium/PROJECT/extensionadminaksent/android/app/src/main/res/mipmap-mdpi"
2026-03-07T17:25:24.891255Z  INFO get_files:scan_sources: tailwindcss_oxide::scanner: Discovering "/home/afdal/Laboratorium/PROJECT/extensionadminaksent/android/app/src/main/res/drawable"
2026-03-07T17:25:24.891365Z  INFO get_files:scan_sources: tailwindcss_oxide::scanner: Discovering "/home/afdal/Laboratorium/PROJECT/extensionadminaksent/android/app/src/main/res/drawable-port-xhdpi"
2026-03-07T17:25:24.891449Z  INFO get_files:scan_sources: tailwindcss_oxide::scanner: Discovering "/home/afdal/Laboratorium/PROJECT/extensionadminaksent/android/app/src/main/res/mipmap-xxxhdpi"
2026-03-07T17:25:24.891537Z  INFO get_files:scan_sources: tailwindcss_oxide::scanner: Discovering "/home/afdal/Laboratorium/PROJECT/extensionadminaksent/android/app/src/main/res/layout"
2026-03-07T17:25:24.891655Z  INFO get_files:scan_sources: tailwindcss_oxide::scanner: Discovering "/home/afdal/Laboratorium/PROJECT/extensionadminaksent/android/app/src/main/res/mipmap-anydpi-v26"
2026-03-07T17:25:24.891777Z  INFO get_files:scan_sources: tailwindcss_oxide::scanner: Discovering "/home/afdal/Laboratorium/PROJECT/extensionadminaksent/android/app/src/main/res/drawable-port-mdpi"
2026-03-07T17:25:24.891862Z  INFO get_files:scan_sources: tailwindcss_oxide::scanner: Discovering "/home/afdal/Laboratorium/PROJECT/extensionadminaksent/android/app/src/main/res/values"
2026-03-07T17:25:24.892006Z  INFO get_files:scan_sources: tailwindcss_oxide::scanner: Discovering "/home/afdal/Laboratorium/PROJECT/extensionadminaksent/android/app/src/main/java"
2026-03-07T17:25:24.892078Z  INFO get_files:scan_sources: tailwindcss_oxide::scanner: Discovering "/home/afdal/Laboratorium/PROJECT/extensionadminaksent/android/app/src/main/java/io"
2026-03-07T17:25:24.892148Z  INFO get_files:scan_sources: tailwindcss_oxide::scanner: Discovering "/home/afdal/Laboratorium/PROJECT/extensionadminaksent/android/app/src/main/java/io/ionic"
2026-03-07T17:25:24.892225Z  INFO get_files:scan_sources: tailwindcss_oxide::scanner: Discovering "/home/afdal/Laboratorium/PROJECT/extensionadminaksent/android/app/src/main/java/io/ionic/starter"
2026-03-07T17:25:24.892353Z  INFO get_files:scan_sources: tailwindcss_oxide::scanner: Discovering "/home/afdal/Laboratorium/PROJECT/extensionadminaksent/android/app/src/main/assets"
2026-03-07T17:25:24.892526Z  INFO get_files:scan_sources: tailwindcss_oxide::scanner: Discovering "/home/afdal/Laboratorium/PROJECT/extensionadminaksent/android/app/src/androidTest"
2026-03-07T17:25:24.893154Z  INFO get_files:scan_sources: tailwindcss_oxide::scanner: Discovering "/home/afdal/Laboratorium/PROJECT/extensionadminaksent/android/app/src/androidTest/java"
2026-03-07T17:25:24.893301Z  INFO get_files:scan_sources: tailwindcss_oxide::scanner: Discovering "/home/afdal/Laboratorium/PROJECT/extensionadminaksent/android/app/src/androidTest/java/com"
2026-03-07T17:25:24.893383Z  INFO get_files:scan_sources: tailwindcss_oxide::scanner: Discovering "/home/afdal/Laboratorium/PROJECT/extensionadminaksent/android/app/src/androidTest/java/com/getcapacitor"
2026-03-07T17:25:24.893458Z  INFO get_files:scan_sources: tailwindcss_oxide::scanner: Discovering "/home/afdal/Laboratorium/PROJECT/extensionadminaksent/android/app/src/androidTest/java/com/getcapacitor/myapp"
2026-03-07T17:25:24.893600Z  INFO get_files:scan_sources: tailwindcss_oxide::scanner: Discovering "/home/afdal/Laboratorium/PROJECT/extensionadminaksent/android/app/src/test"
2026-03-07T17:25:24.893695Z  INFO get_files:scan_sources: tailwindcss_oxide::scanner: Discovering "/home/afdal/Laboratorium/PROJECT/extensionadminaksent/android/app/src/test/java"
2026-03-07T17:25:24.893773Z  INFO get_files:scan_sources: tailwindcss_oxide::scanner: Discovering "/home/afdal/Laboratorium/PROJECT/extensionadminaksent/android/app/src/test/java/com"
2026-03-07T17:25:24.893870Z  INFO get_files:scan_sources: tailwindcss_oxide::scanner: Discovering "/home/afdal/Laboratorium/PROJECT/extensionadminaksent/android/app/src/test/java/com/getcapacitor"
2026-03-07T17:25:24.893950Z  INFO get_files:scan_sources: tailwindcss_oxide::scanner: Discovering "/home/afdal/Laboratorium/PROJECT/extensionadminaksent/android/app/src/test/java/com/getcapacitor/myapp"
2026-03-07T17:25:24.894499Z  INFO get_files:scan_sources: tailwindcss_oxide::scanner: exit
2026-03-07T17:25:24.895004Z  INFO get_files: tailwindcss_oxide::scanner: exit
2026-03-07T17:25:24.895358Z  INFO get_globs: tailwindcss_oxide::scanner: enter
2026-03-07T17:25:24.895388Z  INFO get_globs: tailwindcss_oxide::scanner: exit
2026-03-07T17:26:12.568209Z  INFO scan_sources: tailwindcss_oxide::scanner: enter
2026-03-07T17:26:12.569367Z  INFO scan_sources: tailwindcss_oxide::scanner: Discovering "/home/afdal/Laboratorium/PROJECT/extensionadminaksent/scripts"
2026-03-07T17:26:12.569529Z  INFO scan_sources: tailwindcss_oxide::scanner: Discovering "/home/afdal/Laboratorium/PROJECT/extensionadminaksent/cypress"
2026-03-07T17:26:12.569850Z  INFO scan_sources: tailwindcss_oxide::scanner: Discovering "/home/afdal/Laboratorium/PROJECT/extensionadminaksent/cypress/fixtures"
2026-03-07T17:26:12.570293Z  INFO scan_sources: tailwindcss_oxide::scanner: Discovering "/home/afdal/Laboratorium/PROJECT/extensionadminaksent/cypress/e2e"
2026-03-07T17:26:12.570764Z  INFO scan_sources: tailwindcss_oxide::scanner: Discovering "/home/afdal/Laboratorium/PROJECT/extensionadminaksent/cypress/support"
2026-03-07T17:26:12.574381Z  INFO scan_sources: tailwindcss_oxide::scanner: Discovering "/home/afdal/Laboratorium/PROJECT/extensionadminaksent/.vscode"
2026-03-07T17:26:12.574694Z  INFO scan_sources: tailwindcss_oxide::scanner: Discovering "/home/afdal/Laboratorium/PROJECT/extensionadminaksent/src"
2026-03-07T17:26:12.574809Z  INFO scan_sources: tailwindcss_oxide::scanner: Discovering "/home/afdal/Laboratorium/PROJECT/extensionadminaksent/src/hook"
2026-03-07T17:26:12.574903Z  INFO scan_sources: tailwindcss_oxide::scanner: Discovering "/home/afdal/Laboratorium/PROJECT/extensionadminaksent/src/hook/requests"
2026-03-07T17:26:12.575061Z  INFO scan_sources: tailwindcss_oxide::scanner: Discovering "/home/afdal/Laboratorium/PROJECT/extensionadminaksent/src/components"
2026-03-07T17:26:12.575163Z  INFO scan_sources: tailwindcss_oxide::scanner: Discovering "/home/afdal/Laboratorium/PROJECT/extensionadminaksent/src/components/customer"
2026-03-07T17:26:12.575279Z  INFO scan_sources: tailwindcss_oxide::scanner: Discovering "/home/afdal/Laboratorium/PROJECT/extensionadminaksent/src/components/input"
2026-03-07T17:26:12.575407Z  INFO scan_sources: tailwindcss_oxide::scanner: Discovering "/home/afdal/Laboratorium/PROJECT/extensionadminaksent/src/components/layout"
2026-03-07T17:26:12.575501Z  INFO scan_sources: tailwindcss_oxide::scanner: Discovering "/home/afdal/Laboratorium/PROJECT/extensionadminaksent/src/components/list"
2026-03-07T17:26:12.575647Z  INFO scan_sources: tailwindcss_oxide::scanner: Discovering "/home/afdal/Laboratorium/PROJECT/extensionadminaksent/src/components/toolbars"
2026-03-07T17:26:12.575773Z  INFO scan_sources: tailwindcss_oxide::scanner: Discovering "/home/afdal/Laboratorium/PROJECT/extensionadminaksent/src/theme"
2026-03-07T17:26:12.575908Z  INFO scan_sources: tailwindcss_oxide::scanner: Discovering "/home/afdal/Laboratorium/PROJECT/extensionadminaksent/src/utils"
2026-03-07T17:26:12.576081Z  INFO scan_sources: tailwindcss_oxide::scanner: Discovering "/home/afdal/Laboratorium/PROJECT/extensionadminaksent/src/databases"
2026-03-07T17:26:12.576175Z  INFO scan_sources: tailwindcss_oxide::scanner: Discovering "/home/afdal/Laboratorium/PROJECT/extensionadminaksent/src/databases/migrations"
2026-03-07T17:26:12.576313Z  INFO scan_sources: tailwindcss_oxide::scanner: Discovering "/home/afdal/Laboratorium/PROJECT/extensionadminaksent/src/databases/entities"
2026-03-07T17:26:12.576462Z  INFO scan_sources: tailwindcss_oxide::scanner: Discovering "/home/afdal/Laboratorium/PROJECT/extensionadminaksent/src/types"
2026-03-07T17:26:12.576579Z  INFO scan_sources: tailwindcss_oxide::scanner: Discovering "/home/afdal/Laboratorium/PROJECT/extensionadminaksent/src/pages"
2026-03-07T17:26:12.576673Z  INFO scan_sources: tailwindcss_oxide::scanner: Discovering "/home/afdal/Laboratorium/PROJECT/extensionadminaksent/src/pages/Customer"
2026-03-07T17:26:12.576816Z  INFO scan_sources: tailwindcss_oxide::scanner: Discovering "/home/afdal/Laboratorium/PROJECT/extensionadminaksent/src/pages/Home"
2026-03-07T17:26:12.576944Z  INFO scan_sources: tailwindcss_oxide::scanner: Discovering "/home/afdal/Laboratorium/PROJECT/extensionadminaksent/src/pages/Validation"
2026-03-07T17:26:12.577055Z  INFO scan_sources: tailwindcss_oxide::scanner: Discovering "/home/afdal/Laboratorium/PROJECT/extensionadminaksent/src/pages/Unpaid"
2026-03-07T17:26:12.577165Z  INFO scan_sources: tailwindcss_oxide::scanner: Discovering "/home/afdal/Laboratorium/PROJECT/extensionadminaksent/src/pages/Payment"
2026-03-07T17:26:12.577311Z  INFO scan_sources: tailwindcss_oxide::scanner: Discovering "/home/afdal/Laboratorium/PROJECT/extensionadminaksent/src/context"
2026-03-07T17:26:12.577663Z  INFO scan_sources: tailwindcss_oxide::scanner: Discovering "/home/afdal/Laboratorium/PROJECT/extensionadminaksent/public"
2026-03-07T17:26:12.577800Z  INFO scan_sources: tailwindcss_oxide::scanner: Discovering "/home/afdal/Laboratorium/PROJECT/extensionadminaksent/public/assets"
2026-03-07T17:26:12.578104Z  INFO scan_sources: tailwindcss_oxide::scanner: Discovering "/home/afdal/Laboratorium/PROJECT/extensionadminaksent/android"
2026-03-07T17:26:12.578634Z  INFO scan_sources: tailwindcss_oxide::scanner: Discovering "/home/afdal/Laboratorium/PROJECT/extensionadminaksent/android/.kotlin"
2026-03-07T17:26:12.578752Z  INFO scan_sources: tailwindcss_oxide::scanner: Discovering "/home/afdal/Laboratorium/PROJECT/extensionadminaksent/android/.kotlin/sessions"
2026-03-07T17:26:12.578906Z  INFO scan_sources: tailwindcss_oxide::scanner: Discovering "/home/afdal/Laboratorium/PROJECT/extensionadminaksent/android/capacitor.settings.gradle"
2026-03-07T17:26:12.579050Z  INFO scan_sources: tailwindcss_oxide::scanner: Discovering "/home/afdal/Laboratorium/PROJECT/extensionadminaksent/android/gradle"
2026-03-07T17:26:12.579121Z  INFO scan_sources: tailwindcss_oxide::scanner: Discovering "/home/afdal/Laboratorium/PROJECT/extensionadminaksent/android/gradle/wrapper"
2026-03-07T17:26:12.579241Z  INFO scan_sources: tailwindcss_oxide::scanner: Discovering "/home/afdal/Laboratorium/PROJECT/extensionadminaksent/android/app"
2026-03-07T17:26:12.579424Z  INFO scan_sources: tailwindcss_oxide::scanner: Discovering "/home/afdal/Laboratorium/PROJECT/extensionadminaksent/android/app/src"
2026-03-07T17:26:12.579534Z  INFO scan_sources: tailwindcss_oxide::scanner: Discovering "/home/afdal/Laboratorium/PROJECT/extensionadminaksent/android/app/src/main"
2026-03-07T17:26:12.582734Z  INFO scan_sources: tailwindcss_oxide::scanner: Discovering "/home/afdal/Laboratorium/PROJECT/extensionadminaksent/android/app/src/main/res"
2026-03-07T17:26:12.582880Z  INFO scan_sources: tailwindcss_oxide::scanner: Discovering "/home/afdal/Laboratorium/PROJECT/extensionadminaksent/android/app/src/main/res/drawable-land-xhdpi"
2026-03-07T17:26:12.582989Z  INFO scan_sources: tailwindcss_oxide::scanner: Discovering "/home/afdal/Laboratorium/PROJECT/extensionadminaksent/android/app/src/main/res/drawable-land-xxhdpi"
2026-03-07T17:26:12.585844Z  INFO scan_sources: tailwindcss_oxide::scanner: Discovering "/home/afdal/Laboratorium/PROJECT/extensionadminaksent/android/app/src/main/res/drawable-v24"
2026-03-07T17:26:12.585991Z  INFO scan_sources: tailwindcss_oxide::scanner: Discovering "/home/afdal/Laboratorium/PROJECT/extensionadminaksent/android/app/src/main/res/drawable-port-xxxhdpi"
2026-03-07T17:26:12.586096Z  INFO scan_sources: tailwindcss_oxide::scanner: Discovering "/home/afdal/Laboratorium/PROJECT/extensionadminaksent/android/app/src/main/res/drawable-land-xxxhdpi"
2026-03-07T17:26:12.586208Z  INFO scan_sources: tailwindcss_oxide::scanner: Discovering "/home/afdal/Laboratorium/PROJECT/extensionadminaksent/android/app/src/main/res/drawable-port-xxhdpi"
2026-03-07T17:26:12.586310Z  INFO scan_sources: tailwindcss_oxide::scanner: Discovering "/home/afdal/Laboratorium/PROJECT/extensionadminaksent/android/app/src/main/res/mipmap-hdpi"
2026-03-07T17:26:12.586429Z  INFO scan_sources: tailwindcss_oxide::scanner: Discovering "/home/afdal/Laboratorium/PROJECT/extensionadminaksent/android/app/src/main/res/drawable-land-hdpi"
2026-03-07T17:26:12.586544Z  INFO scan_sources: tailwindcss_oxide::scanner: Discovering "/home/afdal/Laboratorium/PROJECT/extensionadminaksent/android/app/src/main/res/xml"
2026-03-07T17:26:12.586684Z  INFO scan_sources: tailwindcss_oxide::scanner: Discovering "/home/afdal/Laboratorium/PROJECT/extensionadminaksent/android/app/src/main/res/mipmap-xhdpi"
2026-03-07T17:26:12.586808Z  INFO scan_sources: tailwindcss_oxide::scanner: Discovering "/home/afdal/Laboratorium/PROJECT/extensionadminaksent/android/app/src/main/res/drawable-land-mdpi"
2026-03-07T17:26:12.586929Z  INFO scan_sources: tailwindcss_oxide::scanner: Discovering "/home/afdal/Laboratorium/PROJECT/extensionadminaksent/android/app/src/main/res/drawable-port-hdpi"
2026-03-07T17:26:12.587039Z  INFO scan_sources: tailwindcss_oxide::scanner: Discovering "/home/afdal/Laboratorium/PROJECT/extensionadminaksent/android/app/src/main/res/mipmap-xxhdpi"
2026-03-07T17:26:12.589737Z  INFO scan_sources: tailwindcss_oxide::scanner: Discovering "/home/afdal/Laboratorium/PROJECT/extensionadminaksent/android/app/src/main/res/mipmap-mdpi"
2026-03-07T17:26:12.589906Z  INFO scan_sources: tailwindcss_oxide::scanner: Discovering "/home/afdal/Laboratorium/PROJECT/extensionadminaksent/android/app/src/main/res/drawable"
2026-03-07T17:26:12.590026Z  INFO scan_sources: tailwindcss_oxide::scanner: Discovering "/home/afdal/Laboratorium/PROJECT/extensionadminaksent/android/app/src/main/res/drawable-port-xhdpi"
2026-03-07T17:26:12.590137Z  INFO scan_sources: tailwindcss_oxide::scanner: Discovering "/home/afdal/Laboratorium/PROJECT/extensionadminaksent/android/app/src/main/res/mipmap-xxxhdpi"
2026-03-07T17:26:12.590273Z  INFO scan_sources: tailwindcss_oxide::scanner: Discovering "/home/afdal/Laboratorium/PROJECT/extensionadminaksent/android/app/src/main/res/layout"
2026-03-07T17:26:12.590396Z  INFO scan_sources: tailwindcss_oxide::scanner: Discovering "/home/afdal/Laboratorium/PROJECT/extensionadminaksent/android/app/src/main/res/mipmap-anydpi-v26"
2026-03-07T17:26:12.590534Z  INFO scan_sources: tailwindcss_oxide::scanner: Discovering "/home/afdal/Laboratorium/PROJECT/extensionadminaksent/android/app/src/main/res/drawable-port-mdpi"
2026-03-07T17:26:12.593259Z  INFO scan_sources: tailwindcss_oxide::scanner: Discovering "/home/afdal/Laboratorium/PROJECT/extensionadminaksent/android/app/src/main/res/values"
2026-03-07T17:26:12.593468Z  INFO scan_sources: tailwindcss_oxide::scanner: Discovering "/home/afdal/Laboratorium/PROJECT/extensionadminaksent/android/app/src/main/java"
2026-03-07T17:26:12.593551Z  INFO scan_sources: tailwindcss_oxide::scanner: Discovering "/home/afdal/Laboratorium/PROJECT/extensionadminaksent/android/app/src/main/java/io"
2026-03-07T17:26:12.593642Z  INFO scan_sources: tailwindcss_oxide::scanner: Discovering "/home/afdal/Laboratorium/PROJECT/extensionadminaksent/android/app/src/main/java/io/ionic"
2026-03-07T17:26:12.593737Z  INFO scan_sources: tailwindcss_oxide::scanner: Discovering "/home/afdal/Laboratorium/PROJECT/extensionadminaksent/android/app/src/main/java/io/ionic/starter"
2026-03-07T17:26:12.593870Z  INFO scan_sources: tailwindcss_oxide::scanner: Discovering "/home/afdal/Laboratorium/PROJECT/extensionadminaksent/android/app/src/main/assets"
2026-03-07T17:26:12.594043Z  INFO scan_sources: tailwindcss_oxide::scanner: Discovering "/home/afdal/Laboratorium/PROJECT/extensionadminaksent/android/app/src/androidTest"
2026-03-07T17:26:12.594119Z  INFO scan_sources: tailwindcss_oxide::scanner: Discovering "/home/afdal/Laboratorium/PROJECT/extensionadminaksent/android/app/src/androidTest/java"
2026-03-07T17:26:12.594200Z  INFO scan_sources: tailwindcss_oxide::scanner: Discovering "/home/afdal/Laboratorium/PROJECT/extensionadminaksent/android/app/src/androidTest/java/com"
2026-03-07T17:26:12.594286Z  INFO scan_sources: tailwindcss_oxide::scanner: Discovering "/home/afdal/Laboratorium/PROJECT/extensionadminaksent/android/app/src/androidTest/java/com/getcapacitor"
2026-03-07T17:26:12.594385Z  INFO scan_sources: tailwindcss_oxide::scanner: Discovering "/home/afdal/Laboratorium/PROJECT/extensionadminaksent/android/app/src/androidTest/java/com/getcapacitor/myapp"
2026-03-07T17:26:12.594533Z  INFO scan_sources: tailwindcss_oxide::scanner: Discovering "/home/afdal/Laboratorium/PROJECT/extensionadminaksent/android/app/src/test"
2026-03-07T17:26:12.594629Z  INFO scan_sources: tailwindcss_oxide::scanner: Discovering "/home/afdal/Laboratorium/PROJECT/extensionadminaksent/android/app/src/test/java"
2026-03-07T17:26:12.594737Z  INFO scan_sources: tailwindcss_oxide::scanner: Discovering "/home/afdal/Laboratorium/PROJECT/extensionadminaksent/android/app/src/test/java/com"
2026-03-07T17:26:12.594825Z  INFO scan_sources: tailwindcss_oxide::scanner: Discovering "/home/afdal/Laboratorium/PROJECT/extensionadminaksent/android/app/src/test/java/com/getcapacitor"
2026-03-07T17:26:12.594914Z  INFO scan_sources: tailwindcss_oxide::scanner: Discovering "/home/afdal/Laboratorium/PROJECT/extensionadminaksent/android/app/src/test/java/com/getcapacitor/myapp"
2026-03-07T17:26:12.595117Z  INFO scan_sources: tailwindcss_oxide::scanner: Discovering "/home/afdal/Laboratorium/PROJECT/extensionadminaksent/android/app/capacitor.build.gradle"
2026-03-07T17:26:12.601676Z  INFO scan_sources: tailwindcss_oxide::scanner: exit
2026-03-07T17:26:12.601731Z  INFO extract_candidates: tailwindcss_oxide::scanner: enter
2026-03-07T17:26:12.601745Z  INFO extract_candidates:read_all_files: tailwindcss_oxide::scanner: enter
2026-03-07T17:26:12.601753Z  INFO extract_candidates:read_all_files: tailwindcss_oxide::scanner: Reading 2 file(s)
2026-03-07T17:26:12.601831Z  INFO tailwindcss_oxide::scanner: Reading "/home/afdal/Laboratorium/PROJECT/extensionadminaksent/android/capacitor.settings.gradle"
2026-03-07T17:26:12.601864Z  INFO tailwindcss_oxide::scanner: Reading "/home/afdal/Laboratorium/PROJECT/extensionadminaksent/android/app/capacitor.build.gradle"
2026-03-07T17:26:12.601905Z  INFO extract_candidates:read_all_files: tailwindcss_oxide::scanner: exit
2026-03-07T17:26:12.601916Z  INFO extract_candidates:parse_all_blobs: tailwindcss_oxide::scanner: enter
2026-03-07T17:26:12.601925Z  INFO extract_candidates:parse_all_blobs:extract: tailwindcss_oxide::scanner: enter
2026-03-07T17:26:12.602172Z  INFO extract_candidates:parse_all_blobs:extract: tailwindcss_oxide::scanner: exit
2026-03-07T17:26:12.602190Z  INFO extract_candidates:parse_all_blobs: tailwindcss_oxide::scanner: exit
2026-03-07T17:26:12.602231Z  INFO extract_candidates: tailwindcss_oxide::scanner: exit
2026-03-07T17:26:12.611229Z  INFO get_files: tailwindcss_oxide::scanner: enter
2026-03-07T17:26:12.611282Z  INFO get_files:scan_sources: tailwindcss_oxide::scanner: enter
2026-03-07T17:26:12.612248Z  INFO get_files:scan_sources: tailwindcss_oxide::scanner: Discovering "/home/afdal/Laboratorium/PROJECT/extensionadminaksent/scripts"
2026-03-07T17:26:12.612392Z  INFO get_files:scan_sources: tailwindcss_oxide::scanner: Discovering "/home/afdal/Laboratorium/PROJECT/extensionadminaksent/cypress"
2026-03-07T17:26:12.612466Z  INFO get_files:scan_sources: tailwindcss_oxide::scanner: Discovering "/home/afdal/Laboratorium/PROJECT/extensionadminaksent/cypress/fixtures"
2026-03-07T17:26:12.612563Z  INFO get_files:scan_sources: tailwindcss_oxide::scanner: Discovering "/home/afdal/Laboratorium/PROJECT/extensionadminaksent/cypress/e2e"
2026-03-07T17:26:12.612698Z  INFO get_files:scan_sources: tailwindcss_oxide::scanner: Discovering "/home/afdal/Laboratorium/PROJECT/extensionadminaksent/cypress/support"
2026-03-07T17:26:12.612812Z  INFO get_files:scan_sources: tailwindcss_oxide::scanner: Discovering "/home/afdal/Laboratorium/PROJECT/extensionadminaksent/.vscode"
2026-03-07T17:26:12.612974Z  INFO get_files:scan_sources: tailwindcss_oxide::scanner: Discovering "/home/afdal/Laboratorium/PROJECT/extensionadminaksent/src"
2026-03-07T17:26:12.613060Z  INFO get_files:scan_sources: tailwindcss_oxide::scanner: Discovering "/home/afdal/Laboratorium/PROJECT/extensionadminaksent/src/hook"
2026-03-07T17:26:12.613140Z  INFO get_files:scan_sources: tailwindcss_oxide::scanner: Discovering "/home/afdal/Laboratorium/PROJECT/extensionadminaksent/src/hook/requests"
2026-03-07T17:26:12.613233Z  INFO get_files:scan_sources: tailwindcss_oxide::scanner: Discovering "/home/afdal/Laboratorium/PROJECT/extensionadminaksent/src/components"
2026-03-07T17:26:12.617343Z  INFO get_files:scan_sources: tailwindcss_oxide::scanner: Discovering "/home/afdal/Laboratorium/PROJECT/extensionadminaksent/src/components/customer"
2026-03-07T17:26:12.617479Z  INFO get_files:scan_sources: tailwindcss_oxide::scanner: Discovering "/home/afdal/Laboratorium/PROJECT/extensionadminaksent/src/components/input"
2026-03-07T17:26:12.617738Z  INFO get_files:scan_sources: tailwindcss_oxide::scanner: Discovering "/home/afdal/Laboratorium/PROJECT/extensionadminaksent/src/components/layout"
2026-03-07T17:26:12.617845Z  INFO get_files:scan_sources: tailwindcss_oxide::scanner: Discovering "/home/afdal/Laboratorium/PROJECT/extensionadminaksent/src/components/list"
2026-03-07T17:26:12.617966Z  INFO get_files:scan_sources: tailwindcss_oxide::scanner: Discovering "/home/afdal/Laboratorium/PROJECT/extensionadminaksent/src/components/toolbars"
2026-03-07T17:26:12.618074Z  INFO get_files:scan_sources: tailwindcss_oxide::scanner: Discovering "/home/afdal/Laboratorium/PROJECT/extensionadminaksent/src/theme"
2026-03-07T17:26:12.618197Z  INFO get_files:scan_sources: tailwindcss_oxide::scanner: Discovering "/home/afdal/Laboratorium/PROJECT/extensionadminaksent/src/utils"
2026-03-07T17:26:12.618362Z  INFO get_files:scan_sources: tailwindcss_oxide::scanner: Discovering "/home/afdal/Laboratorium/PROJECT/extensionadminaksent/src/databases"
2026-03-07T17:26:12.618443Z  INFO get_files:scan_sources: tailwindcss_oxide::scanner: Discovering "/home/afdal/Laboratorium/PROJECT/extensionadminaksent/src/databases/migrations"
2026-03-07T17:26:12.618586Z  INFO get_files:scan_sources: tailwindcss_oxide::scanner: Discovering "/home/afdal/Laboratorium/PROJECT/extensionadminaksent/src/databases/entities"
2026-03-07T17:26:12.618745Z  INFO get_files:scan_sources: tailwindcss_oxide::scanner: Discovering "/home/afdal/Laboratorium/PROJECT/extensionadminaksent/src/types"
2026-03-07T17:26:12.618851Z  INFO get_files:scan_sources: tailwindcss_oxide::scanner: Discovering "/home/afdal/Laboratorium/PROJECT/extensionadminaksent/src/pages"
2026-03-07T17:26:12.618927Z  INFO get_files:scan_sources: tailwindcss_oxide::scanner: Discovering "/home/afdal/Laboratorium/PROJECT/extensionadminaksent/src/pages/Customer"
2026-03-07T17:26:12.619039Z  INFO get_files:scan_sources: tailwindcss_oxide::scanner: Discovering "/home/afdal/Laboratorium/PROJECT/extensionadminaksent/src/pages/Home"
2026-03-07T17:26:12.619141Z  INFO get_files:scan_sources: tailwindcss_oxide::scanner: Discovering "/home/afdal/Laboratorium/PROJECT/extensionadminaksent/src/pages/Validation"
2026-03-07T17:26:12.619223Z  INFO get_files:scan_sources: tailwindcss_oxide::scanner: Discovering "/home/afdal/Laboratorium/PROJECT/extensionadminaksent/src/pages/Unpaid"
2026-03-07T17:26:12.619305Z  INFO get_files:scan_sources: tailwindcss_oxide::scanner: Discovering "/home/afdal/Laboratorium/PROJECT/extensionadminaksent/src/pages/Payment"
2026-03-07T17:26:12.619416Z  INFO get_files:scan_sources: tailwindcss_oxide::scanner: Discovering "/home/afdal/Laboratorium/PROJECT/extensionadminaksent/src/context"
2026-03-07T17:26:12.625777Z  INFO get_files:scan_sources: tailwindcss_oxide::scanner: Discovering "/home/afdal/Laboratorium/PROJECT/extensionadminaksent/public"
2026-03-07T17:26:12.629077Z  INFO get_files:scan_sources: tailwindcss_oxide::scanner: Discovering "/home/afdal/Laboratorium/PROJECT/extensionadminaksent/public/assets"
2026-03-07T17:26:12.629320Z  INFO get_files:scan_sources: tailwindcss_oxide::scanner: Discovering "/home/afdal/Laboratorium/PROJECT/extensionadminaksent/android"
2026-03-07T17:26:12.629807Z  INFO get_files:scan_sources: tailwindcss_oxide::scanner: Discovering "/home/afdal/Laboratorium/PROJECT/extensionadminaksent/android/.kotlin"
2026-03-07T17:26:12.629899Z  INFO get_files:scan_sources: tailwindcss_oxide::scanner: Discovering "/home/afdal/Laboratorium/PROJECT/extensionadminaksent/android/.kotlin/sessions"
2026-03-07T17:26:12.630130Z  INFO get_files:scan_sources: tailwindcss_oxide::scanner: Discovering "/home/afdal/Laboratorium/PROJECT/extensionadminaksent/android/gradle"
2026-03-07T17:26:12.630197Z  INFO get_files:scan_sources: tailwindcss_oxide::scanner: Discovering "/home/afdal/Laboratorium/PROJECT/extensionadminaksent/android/gradle/wrapper"
2026-03-07T17:26:12.630308Z  INFO get_files:scan_sources: tailwindcss_oxide::scanner: Discovering "/home/afdal/Laboratorium/PROJECT/extensionadminaksent/android/app"
2026-03-07T17:26:12.631751Z  INFO get_files:scan_sources: tailwindcss_oxide::scanner: Discovering "/home/afdal/Laboratorium/PROJECT/extensionadminaksent/android/app/src"
2026-03-07T17:26:12.633731Z  INFO get_files:scan_sources: tailwindcss_oxide::scanner: Discovering "/home/afdal/Laboratorium/PROJECT/extensionadminaksent/android/app/src/main"
2026-03-07T17:26:12.633886Z  INFO get_files:scan_sources: tailwindcss_oxide::scanner: Discovering "/home/afdal/Laboratorium/PROJECT/extensionadminaksent/android/app/src/main/res"
2026-03-07T17:26:12.637016Z  INFO get_files:scan_sources: tailwindcss_oxide::scanner: Discovering "/home/afdal/Laboratorium/PROJECT/extensionadminaksent/android/app/src/main/res/drawable-land-xhdpi"
2026-03-07T17:26:12.637149Z  INFO get_files:scan_sources: tailwindcss_oxide::scanner: Discovering "/home/afdal/Laboratorium/PROJECT/extensionadminaksent/android/app/src/main/res/drawable-land-xxhdpi"
2026-03-07T17:26:12.637234Z  INFO get_files:scan_sources: tailwindcss_oxide::scanner: Discovering "/home/afdal/Laboratorium/PROJECT/extensionadminaksent/android/app/src/main/res/drawable-v24"
2026-03-07T17:26:12.637338Z  INFO get_files:scan_sources: tailwindcss_oxide::scanner: Discovering "/home/afdal/Laboratorium/PROJECT/extensionadminaksent/android/app/src/main/res/drawable-port-xxxhdpi"
2026-03-07T17:26:12.637420Z  INFO get_files:scan_sources: tailwindcss_oxide::scanner: Discovering "/home/afdal/Laboratorium/PROJECT/extensionadminaksent/android/app/src/main/res/drawable-land-xxxhdpi"
2026-03-07T17:26:12.637500Z  INFO get_files:scan_sources: tailwindcss_oxide::scanner: Discovering "/home/afdal/Laboratorium/PROJECT/extensionadminaksent/android/app/src/main/res/drawable-port-xxhdpi"
2026-03-07T17:26:12.641654Z  INFO get_files:scan_sources: tailwindcss_oxide::scanner: Discovering "/home/afdal/Laboratorium/PROJECT/extensionadminaksent/android/app/src/main/res/mipmap-hdpi"
2026-03-07T17:26:12.641809Z  INFO get_files:scan_sources: tailwindcss_oxide::scanner: Discovering "/home/afdal/Laboratorium/PROJECT/extensionadminaksent/android/app/src/main/res/drawable-land-hdpi"
2026-03-07T17:26:12.641902Z  INFO get_files:scan_sources: tailwindcss_oxide::scanner: Discovering "/home/afdal/Laboratorium/PROJECT/extensionadminaksent/android/app/src/main/res/xml"
2026-03-07T17:26:12.642002Z  INFO get_files:scan_sources: tailwindcss_oxide::scanner: Discovering "/home/afdal/Laboratorium/PROJECT/extensionadminaksent/android/app/src/main/res/mipmap-xhdpi"
2026-03-07T17:26:12.642101Z  INFO get_files:scan_sources: tailwindcss_oxide::scanner: Discovering "/home/afdal/Laboratorium/PROJECT/extensionadminaksent/android/app/src/main/res/drawable-land-mdpi"
2026-03-07T17:26:12.642180Z  INFO get_files:scan_sources: tailwindcss_oxide::scanner: Discovering "/home/afdal/Laboratorium/PROJECT/extensionadminaksent/android/app/src/main/res/drawable-port-hdpi"
2026-03-07T17:26:12.642258Z  INFO get_files:scan_sources: tailwindcss_oxide::scanner: Discovering "/home/afdal/Laboratorium/PROJECT/extensionadminaksent/android/app/src/main/res/mipmap-xxhdpi"
2026-03-07T17:26:12.642342Z  INFO get_files:scan_sources: tailwindcss_oxide::scanner: Discovering "/home/afdal/Laboratorium/PROJECT/extensionadminaksent/android/app/src/main/res/mipmap-mdpi"
2026-03-07T17:26:12.642428Z  INFO get_files:scan_sources: tailwindcss_oxide::scanner: Discovering "/home/afdal/Laboratorium/PROJECT/extensionadminaksent/android/app/src/main/res/drawable"
2026-03-07T17:26:12.642534Z  INFO get_files:scan_sources: tailwindcss_oxide::scanner: Discovering "/home/afdal/Laboratorium/PROJECT/extensionadminaksent/android/app/src/main/res/drawable-port-xhdpi"
2026-03-07T17:26:12.642633Z  INFO get_files:scan_sources: tailwindcss_oxide::scanner: Discovering "/home/afdal/Laboratorium/PROJECT/extensionadminaksent/android/app/src/main/res/mipmap-xxxhdpi"
2026-03-07T17:26:12.642749Z  INFO get_files:scan_sources: tailwindcss_oxide::scanner: Discovering "/home/afdal/Laboratorium/PROJECT/extensionadminaksent/android/app/src/main/res/layout"
2026-03-07T17:26:12.642865Z  INFO get_files:scan_sources: tailwindcss_oxide::scanner: Discovering "/home/afdal/Laboratorium/PROJECT/extensionadminaksent/android/app/src/main/res/mipmap-anydpi-v26"
2026-03-07T17:26:12.642983Z  INFO get_files:scan_sources: tailwindcss_oxide::scanner: Discovering "/home/afdal/Laboratorium/PROJECT/extensionadminaksent/android/app/src/main/res/drawable-port-mdpi"
2026-03-07T17:26:12.643063Z  INFO get_files:scan_sources: tailwindcss_oxide::scanner: Discovering "/home/afdal/Laboratorium/PROJECT/extensionadminaksent/android/app/src/main/res/values"
2026-03-07T17:26:12.643207Z  INFO get_files:scan_sources: tailwindcss_oxide::scanner: Discovering "/home/afdal/Laboratorium/PROJECT/extensionadminaksent/android/app/src/main/java"
2026-03-07T17:26:12.643291Z  INFO get_files:scan_sources: tailwindcss_oxide::scanner: Discovering "/home/afdal/Laboratorium/PROJECT/extensionadminaksent/android/app/src/main/java/io"
2026-03-07T17:26:12.643365Z  INFO get_files:scan_sources: tailwindcss_oxide::scanner: Discovering "/home/afdal/Laboratorium/PROJECT/extensionadminaksent/android/app/src/main/java/io/ionic"
2026-03-07T17:26:12.643453Z  INFO get_files:scan_sources: tailwindcss_oxide::scanner: Discovering "/home/afdal/Laboratorium/PROJECT/extensionadminaksent/android/app/src/main/java/io/ionic/starter"
2026-03-07T17:26:12.649675Z  INFO get_files:scan_sources: tailwindcss_oxide::scanner: Discovering "/home/afdal/Laboratorium/PROJECT/extensionadminaksent/android/app/src/main/assets"
2026-03-07T17:26:12.649895Z  INFO get_files:scan_sources: tailwindcss_oxide::scanner: Discovering "/home/afdal/Laboratorium/PROJECT/extensionadminaksent/android/app/src/androidTest"
2026-03-07T17:26:12.649966Z  INFO get_files:scan_sources: tailwindcss_oxide::scanner: Discovering "/home/afdal/Laboratorium/PROJECT/extensionadminaksent/android/app/src/androidTest/java"
2026-03-07T17:26:12.650037Z  INFO get_files:scan_sources: tailwindcss_oxide::scanner: Discovering "/home/afdal/Laboratorium/PROJECT/extensionadminaksent/android/app/src/androidTest/java/com"
2026-03-07T17:26:12.650111Z  INFO get_files:scan_sources: tailwindcss_oxide::scanner: Discovering "/home/afdal/Laboratorium/PROJECT/extensionadminaksent/android/app/src/androidTest/java/com/getcapacitor"
2026-03-07T17:26:12.650184Z  INFO get_files:scan_sources: tailwindcss_oxide::scanner: Discovering "/home/afdal/Laboratorium/PROJECT/extensionadminaksent/android/app/src/androidTest/java/com/getcapacitor/myapp"
2026-03-07T17:26:12.650304Z  INFO get_files:scan_sources: tailwindcss_oxide::scanner: Discovering "/home/afdal/Laboratorium/PROJECT/extensionadminaksent/android/app/src/test"
2026-03-07T17:26:12.650368Z  INFO get_files:scan_sources: tailwindcss_oxide::scanner: Discovering "/home/afdal/Laboratorium/PROJECT/extensionadminaksent/android/app/src/test/java"
2026-03-07T17:26:12.650443Z  INFO get_files:scan_sources: tailwindcss_oxide::scanner: Discovering "/home/afdal/Laboratorium/PROJECT/extensionadminaksent/android/app/src/test/java/com"
2026-03-07T17:26:12.650509Z  INFO get_files:scan_sources: tailwindcss_oxide::scanner: Discovering "/home/afdal/Laboratorium/PROJECT/extensionadminaksent/android/app/src/test/java/com/getcapacitor"
2026-03-07T17:26:12.650597Z  INFO get_files:scan_sources: tailwindcss_oxide::scanner: Discovering "/home/afdal/Laboratorium/PROJECT/extensionadminaksent/android/app/src/test/java/com/getcapacitor/myapp"
2026-03-07T17:26:12.651143Z  INFO get_files:scan_sources: tailwindcss_oxide::scanner: exit
2026-03-07T17:26:12.654589Z  INFO get_files: tailwindcss_oxide::scanner: exit
2026-03-07T17:26:12.660066Z  INFO get_globs: tailwindcss_oxide::scanner: enter
2026-03-07T17:26:12.660138Z  INFO get_globs: tailwindcss_oxide::scanner: exit
2026-03-07T17:26:48.557646Z  INFO scan_sources: tailwindcss_oxide::scanner: enter
2026-03-07T17:26:48.559246Z  INFO scan_sources: tailwindcss_oxide::scanner: Discovering "/home/afdal/Laboratorium/PROJECT/extensionadminaksent/scripts"
2026-03-07T17:26:48.559384Z  INFO scan_sources: tailwindcss_oxide::scanner: Discovering "/home/afdal/Laboratorium/PROJECT/extensionadminaksent/cypress"
2026-03-07T17:26:48.559472Z  INFO scan_sources: tailwindcss_oxide::scanner: Discovering "/home/afdal/Laboratorium/PROJECT/extensionadminaksent/cypress/fixtures"
2026-03-07T17:26:48.559998Z  INFO scan_sources: tailwindcss_oxide::scanner: Discovering "/home/afdal/Laboratorium/PROJECT/extensionadminaksent/cypress/e2e"
2026-03-07T17:26:48.560131Z  INFO scan_sources: tailwindcss_oxide::scanner: Discovering "/home/afdal/Laboratorium/PROJECT/extensionadminaksent/cypress/support"
2026-03-07T17:26:48.560252Z  INFO scan_sources: tailwindcss_oxide::scanner: Discovering "/home/afdal/Laboratorium/PROJECT/extensionadminaksent/.vscode"
2026-03-07T17:26:48.560410Z  INFO scan_sources: tailwindcss_oxide::scanner: Discovering "/home/afdal/Laboratorium/PROJECT/extensionadminaksent/src"
2026-03-07T17:26:48.560490Z  INFO scan_sources: tailwindcss_oxide::scanner: Discovering "/home/afdal/Laboratorium/PROJECT/extensionadminaksent/src/hook"
2026-03-07T17:26:48.560603Z  INFO scan_sources: tailwindcss_oxide::scanner: Discovering "/home/afdal/Laboratorium/PROJECT/extensionadminaksent/src/hook/requests"
2026-03-07T17:26:48.560718Z  INFO scan_sources: tailwindcss_oxide::scanner: Discovering "/home/afdal/Laboratorium/PROJECT/extensionadminaksent/src/components"
2026-03-07T17:26:48.560847Z  INFO scan_sources: tailwindcss_oxide::scanner: Discovering "/home/afdal/Laboratorium/PROJECT/extensionadminaksent/src/components/customer"
2026-03-07T17:26:48.561674Z  INFO scan_sources: tailwindcss_oxide::scanner: Discovering "/home/afdal/Laboratorium/PROJECT/extensionadminaksent/src/components/input"
2026-03-07T17:26:48.561822Z  INFO scan_sources: tailwindcss_oxide::scanner: Discovering "/home/afdal/Laboratorium/PROJECT/extensionadminaksent/src/components/layout"
2026-03-07T17:26:48.561941Z  INFO scan_sources: tailwindcss_oxide::scanner: Discovering "/home/afdal/Laboratorium/PROJECT/extensionadminaksent/src/components/list"
2026-03-07T17:26:48.562067Z  INFO scan_sources: tailwindcss_oxide::scanner: Discovering "/home/afdal/Laboratorium/PROJECT/extensionadminaksent/src/components/toolbars"
2026-03-07T17:26:48.562213Z  INFO scan_sources: tailwindcss_oxide::scanner: Discovering "/home/afdal/Laboratorium/PROJECT/extensionadminaksent/src/theme"
2026-03-07T17:26:48.562438Z  INFO scan_sources: tailwindcss_oxide::scanner: Discovering "/home/afdal/Laboratorium/PROJECT/extensionadminaksent/src/utils"
2026-03-07T17:26:48.562642Z  INFO scan_sources: tailwindcss_oxide::scanner: Discovering "/home/afdal/Laboratorium/PROJECT/extensionadminaksent/src/databases"
2026-03-07T17:26:48.562748Z  INFO scan_sources: tailwindcss_oxide::scanner: Discovering "/home/afdal/Laboratorium/PROJECT/extensionadminaksent/src/databases/migrations"
2026-03-07T17:26:48.562883Z  INFO scan_sources: tailwindcss_oxide::scanner: Discovering "/home/afdal/Laboratorium/PROJECT/extensionadminaksent/src/databases/entities"
2026-03-07T17:26:48.563016Z  INFO scan_sources: tailwindcss_oxide::scanner: Discovering "/home/afdal/Laboratorium/PROJECT/extensionadminaksent/src/types"
2026-03-07T17:26:48.563108Z  INFO scan_sources: tailwindcss_oxide::scanner: Discovering "/home/afdal/Laboratorium/PROJECT/extensionadminaksent/src/pages"
2026-03-07T17:26:48.563178Z  INFO scan_sources: tailwindcss_oxide::scanner: Discovering "/home/afdal/Laboratorium/PROJECT/extensionadminaksent/src/pages/Customer"
2026-03-07T17:26:48.563302Z  INFO scan_sources: tailwindcss_oxide::scanner: Discovering "/home/afdal/Laboratorium/PROJECT/extensionadminaksent/src/pages/Home"
2026-03-07T17:26:48.563411Z  INFO scan_sources: tailwindcss_oxide::scanner: Discovering "/home/afdal/Laboratorium/PROJECT/extensionadminaksent/src/pages/Validation"
2026-03-07T17:26:48.563506Z  INFO scan_sources: tailwindcss_oxide::scanner: Discovering "/home/afdal/Laboratorium/PROJECT/extensionadminaksent/src/pages/Unpaid"
2026-03-07T17:26:48.563625Z  INFO scan_sources: tailwindcss_oxide::scanner: Discovering "/home/afdal/Laboratorium/PROJECT/extensionadminaksent/src/pages/Payment"
2026-03-07T17:26:48.563768Z  INFO scan_sources: tailwindcss_oxide::scanner: Discovering "/home/afdal/Laboratorium/PROJECT/extensionadminaksent/src/context"
2026-03-07T17:26:48.563985Z  INFO scan_sources: tailwindcss_oxide::scanner: Discovering "/home/afdal/Laboratorium/PROJECT/extensionadminaksent/package.json"
2026-03-07T17:26:48.564057Z  INFO scan_sources: tailwindcss_oxide::scanner: Discovering "/home/afdal/Laboratorium/PROJECT/extensionadminaksent/public"
2026-03-07T17:26:48.564157Z  INFO scan_sources: tailwindcss_oxide::scanner: Discovering "/home/afdal/Laboratorium/PROJECT/extensionadminaksent/public/assets"
2026-03-07T17:26:48.564376Z  INFO scan_sources: tailwindcss_oxide::scanner: Discovering "/home/afdal/Laboratorium/PROJECT/extensionadminaksent/android"
2026-03-07T17:26:48.564868Z  INFO scan_sources: tailwindcss_oxide::scanner: Discovering "/home/afdal/Laboratorium/PROJECT/extensionadminaksent/android/.kotlin"
2026-03-07T17:26:48.564958Z  INFO scan_sources: tailwindcss_oxide::scanner: Discovering "/home/afdal/Laboratorium/PROJECT/extensionadminaksent/android/.kotlin/sessions"
2026-03-07T17:26:48.565195Z  INFO scan_sources: tailwindcss_oxide::scanner: Discovering "/home/afdal/Laboratorium/PROJECT/extensionadminaksent/android/gradle"
2026-03-07T17:26:48.565273Z  INFO scan_sources: tailwindcss_oxide::scanner: Discovering "/home/afdal/Laboratorium/PROJECT/extensionadminaksent/android/gradle/wrapper"
2026-03-07T17:26:48.565397Z  INFO scan_sources: tailwindcss_oxide::scanner: Discovering "/home/afdal/Laboratorium/PROJECT/extensionadminaksent/android/app"
2026-03-07T17:26:48.565603Z  INFO scan_sources: tailwindcss_oxide::scanner: Discovering "/home/afdal/Laboratorium/PROJECT/extensionadminaksent/android/app/src"
2026-03-07T17:26:48.565705Z  INFO scan_sources: tailwindcss_oxide::scanner: Discovering "/home/afdal/Laboratorium/PROJECT/extensionadminaksent/android/app/src/main"
2026-03-07T17:26:48.565819Z  INFO scan_sources: tailwindcss_oxide::scanner: Discovering "/home/afdal/Laboratorium/PROJECT/extensionadminaksent/android/app/src/main/res"
2026-03-07T17:26:48.565918Z  INFO scan_sources: tailwindcss_oxide::scanner: Discovering "/home/afdal/Laboratorium/PROJECT/extensionadminaksent/android/app/src/main/res/drawable-land-xhdpi"
2026-03-07T17:26:48.566014Z  INFO scan_sources: tailwindcss_oxide::scanner: Discovering "/home/afdal/Laboratorium/PROJECT/extensionadminaksent/android/app/src/main/res/drawable-land-xxhdpi"
2026-03-07T17:26:48.566104Z  INFO scan_sources: tailwindcss_oxide::scanner: Discovering "/home/afdal/Laboratorium/PROJECT/extensionadminaksent/android/app/src/main/res/drawable-v24"
2026-03-07T17:26:48.566213Z  INFO scan_sources: tailwindcss_oxide::scanner: Discovering "/home/afdal/Laboratorium/PROJECT/extensionadminaksent/android/app/src/main/res/drawable-port-xxxhdpi"
2026-03-07T17:26:48.566301Z  INFO scan_sources: tailwindcss_oxide::scanner: Discovering "/home/afdal/Laboratorium/PROJECT/extensionadminaksent/android/app/src/main/res/drawable-land-xxxhdpi"
2026-03-07T17:26:48.566396Z  INFO scan_sources: tailwindcss_oxide::scanner: Discovering "/home/afdal/Laboratorium/PROJECT/extensionadminaksent/android/app/src/main/res/drawable-port-xxhdpi"
2026-03-07T17:26:48.566485Z  INFO scan_sources: tailwindcss_oxide::scanner: Discovering "/home/afdal/Laboratorium/PROJECT/extensionadminaksent/android/app/src/main/res/mipmap-hdpi"
2026-03-07T17:26:48.566965Z  INFO scan_sources: tailwindcss_oxide::scanner: Discovering "/home/afdal/Laboratorium/PROJECT/extensionadminaksent/android/app/src/main/res/drawable-land-hdpi"
2026-03-07T17:26:48.567078Z  INFO scan_sources: tailwindcss_oxide::scanner: Discovering "/home/afdal/Laboratorium/PROJECT/extensionadminaksent/android/app/src/main/res/xml"
2026-03-07T17:26:48.567188Z  INFO scan_sources: tailwindcss_oxide::scanner: Discovering "/home/afdal/Laboratorium/PROJECT/extensionadminaksent/android/app/src/main/res/mipmap-xhdpi"
2026-03-07T17:26:48.567294Z  INFO scan_sources: tailwindcss_oxide::scanner: Discovering "/home/afdal/Laboratorium/PROJECT/extensionadminaksent/android/app/src/main/res/drawable-land-mdpi"
2026-03-07T17:26:48.567401Z  INFO scan_sources: tailwindcss_oxide::scanner: Discovering "/home/afdal/Laboratorium/PROJECT/extensionadminaksent/android/app/src/main/res/drawable-port-hdpi"
2026-03-07T17:26:48.567492Z  INFO scan_sources: tailwindcss_oxide::scanner: Discovering "/home/afdal/Laboratorium/PROJECT/extensionadminaksent/android/app/src/main/res/mipmap-xxhdpi"
2026-03-07T17:26:48.567604Z  INFO scan_sources: tailwindcss_oxide::scanner: Discovering "/home/afdal/Laboratorium/PROJECT/extensionadminaksent/android/app/src/main/res/mipmap-mdpi"
2026-03-07T17:26:48.567858Z  INFO scan_sources: tailwindcss_oxide::scanner: Discovering "/home/afdal/Laboratorium/PROJECT/extensionadminaksent/android/app/src/main/res/drawable"
2026-03-07T17:26:48.567974Z  INFO scan_sources: tailwindcss_oxide::scanner: Discovering "/home/afdal/Laboratorium/PROJECT/extensionadminaksent/android/app/src/main/res/drawable-port-xhdpi"
2026-03-07T17:26:48.568066Z  INFO scan_sources: tailwindcss_oxide::scanner: Discovering "/home/afdal/Laboratorium/PROJECT/extensionadminaksent/android/app/src/main/res/mipmap-xxxhdpi"
2026-03-07T17:26:48.568167Z  INFO scan_sources: tailwindcss_oxide::scanner: Discovering "/home/afdal/Laboratorium/PROJECT/extensionadminaksent/android/app/src/main/res/layout"
2026-03-07T17:26:48.568270Z  INFO scan_sources: tailwindcss_oxide::scanner: Discovering "/home/afdal/Laboratorium/PROJECT/extensionadminaksent/android/app/src/main/res/mipmap-anydpi-v26"
2026-03-07T17:26:48.568387Z  INFO scan_sources: tailwindcss_oxide::scanner: Discovering "/home/afdal/Laboratorium/PROJECT/extensionadminaksent/android/app/src/main/res/drawable-port-mdpi"
2026-03-07T17:26:48.568476Z  INFO scan_sources: tailwindcss_oxide::scanner: Discovering "/home/afdal/Laboratorium/PROJECT/extensionadminaksent/android/app/src/main/res/values"
2026-03-07T17:26:48.568646Z  INFO scan_sources: tailwindcss_oxide::scanner: Discovering "/home/afdal/Laboratorium/PROJECT/extensionadminaksent/android/app/src/main/java"
2026-03-07T17:26:48.568730Z  INFO scan_sources: tailwindcss_oxide::scanner: Discovering "/home/afdal/Laboratorium/PROJECT/extensionadminaksent/android/app/src/main/java/io"
2026-03-07T17:26:48.568813Z  INFO scan_sources: tailwindcss_oxide::scanner: Discovering "/home/afdal/Laboratorium/PROJECT/extensionadminaksent/android/app/src/main/java/io/ionic"
2026-03-07T17:26:48.568900Z  INFO scan_sources: tailwindcss_oxide::scanner: Discovering "/home/afdal/Laboratorium/PROJECT/extensionadminaksent/android/app/src/main/java/io/ionic/starter"
2026-03-07T17:26:48.569026Z  INFO scan_sources: tailwindcss_oxide::scanner: Discovering "/home/afdal/Laboratorium/PROJECT/extensionadminaksent/android/app/src/main/assets"
2026-03-07T17:26:48.569182Z  INFO scan_sources: tailwindcss_oxide::scanner: Discovering "/home/afdal/Laboratorium/PROJECT/extensionadminaksent/android/app/src/androidTest"
2026-03-07T17:26:48.569244Z  INFO scan_sources: tailwindcss_oxide::scanner: Discovering "/home/afdal/Laboratorium/PROJECT/extensionadminaksent/android/app/src/androidTest/java"
2026-03-07T17:26:48.569304Z  INFO scan_sources: tailwindcss_oxide::scanner: Discovering "/home/afdal/Laboratorium/PROJECT/extensionadminaksent/android/app/src/androidTest/java/com"
2026-03-07T17:26:48.569367Z  INFO scan_sources: tailwindcss_oxide::scanner: Discovering "/home/afdal/Laboratorium/PROJECT/extensionadminaksent/android/app/src/androidTest/java/com/getcapacitor"
2026-03-07T17:26:48.569432Z  INFO scan_sources: tailwindcss_oxide::scanner: Discovering "/home/afdal/Laboratorium/PROJECT/extensionadminaksent/android/app/src/androidTest/java/com/getcapacitor/myapp"
2026-03-07T17:26:48.569543Z  INFO scan_sources: tailwindcss_oxide::scanner: Discovering "/home/afdal/Laboratorium/PROJECT/extensionadminaksent/android/app/src/test"
2026-03-07T17:26:48.569621Z  INFO scan_sources: tailwindcss_oxide::scanner: Discovering "/home/afdal/Laboratorium/PROJECT/extensionadminaksent/android/app/src/test/java"
2026-03-07T17:26:48.569688Z  INFO scan_sources: tailwindcss_oxide::scanner: Discovering "/home/afdal/Laboratorium/PROJECT/extensionadminaksent/android/app/src/test/java/com"
2026-03-07T17:26:48.569763Z  INFO scan_sources: tailwindcss_oxide::scanner: Discovering "/home/afdal/Laboratorium/PROJECT/extensionadminaksent/android/app/src/test/java/com/getcapacitor"
2026-03-07T17:26:48.569828Z  INFO scan_sources: tailwindcss_oxide::scanner: Discovering "/home/afdal/Laboratorium/PROJECT/extensionadminaksent/android/app/src/test/java/com/getcapacitor/myapp"
2026-03-07T17:26:48.570332Z  INFO scan_sources: tailwindcss_oxide::scanner: exit
2026-03-07T17:26:48.570358Z  INFO extract_candidates: tailwindcss_oxide::scanner: enter
2026-03-07T17:26:48.570368Z  INFO extract_candidates:read_all_files: tailwindcss_oxide::scanner: enter
2026-03-07T17:26:48.570375Z  INFO extract_candidates:read_all_files: tailwindcss_oxide::scanner: Reading 1 file(s)
2026-03-07T17:26:48.570458Z  INFO extract_candidates:read_all_files: tailwindcss_oxide::scanner: Reading "/home/afdal/Laboratorium/PROJECT/extensionadminaksent/package.json"
2026-03-07T17:26:48.570487Z  INFO extract_candidates:read_all_files: tailwindcss_oxide::scanner: exit
2026-03-07T17:26:48.570497Z  INFO extract_candidates:parse_all_blobs: tailwindcss_oxide::scanner: enter
2026-03-07T17:26:48.570505Z  INFO extract_candidates:parse_all_blobs:extract: tailwindcss_oxide::scanner: enter
2026-03-07T17:26:48.571866Z  INFO extract_candidates:parse_all_blobs:extract: tailwindcss_oxide::scanner: exit
2026-03-07T17:26:48.571906Z  INFO extract_candidates:parse_all_blobs: tailwindcss_oxide::scanner: exit
2026-03-07T17:26:48.573012Z  INFO extract_candidates: tailwindcss_oxide::scanner: exit
2026-03-07T17:26:48.576284Z  INFO get_files: tailwindcss_oxide::scanner: enter
2026-03-07T17:26:48.576335Z  INFO get_files:scan_sources: tailwindcss_oxide::scanner: enter
2026-03-07T17:26:48.578205Z  INFO get_files:scan_sources: tailwindcss_oxide::scanner: Discovering "/home/afdal/Laboratorium/PROJECT/extensionadminaksent/scripts"
2026-03-07T17:26:48.578387Z  INFO get_files:scan_sources: tailwindcss_oxide::scanner: Discovering "/home/afdal/Laboratorium/PROJECT/extensionadminaksent/cypress"
2026-03-07T17:26:48.578470Z  INFO get_files:scan_sources: tailwindcss_oxide::scanner: Discovering "/home/afdal/Laboratorium/PROJECT/extensionadminaksent/cypress/fixtures"
2026-03-07T17:26:48.578587Z  INFO get_files:scan_sources: tailwindcss_oxide::scanner: Discovering "/home/afdal/Laboratorium/PROJECT/extensionadminaksent/cypress/e2e"
2026-03-07T17:26:48.578698Z  INFO get_files:scan_sources: tailwindcss_oxide::scanner: Discovering "/home/afdal/Laboratorium/PROJECT/extensionadminaksent/cypress/support"
2026-03-07T17:26:48.578842Z  INFO get_files:scan_sources: tailwindcss_oxide::scanner: Discovering "/home/afdal/Laboratorium/PROJECT/extensionadminaksent/.vscode"
2026-03-07T17:26:48.579006Z  INFO get_files:scan_sources: tailwindcss_oxide::scanner: Discovering "/home/afdal/Laboratorium/PROJECT/extensionadminaksent/src"
2026-03-07T17:26:48.579090Z  INFO get_files:scan_sources: tailwindcss_oxide::scanner: Discovering "/home/afdal/Laboratorium/PROJECT/extensionadminaksent/src/hook"
2026-03-07T17:26:48.579181Z  INFO get_files:scan_sources: tailwindcss_oxide::scanner: Discovering "/home/afdal/Laboratorium/PROJECT/extensionadminaksent/src/hook/requests"
2026-03-07T17:26:48.579291Z  INFO get_files:scan_sources: tailwindcss_oxide::scanner: Discovering "/home/afdal/Laboratorium/PROJECT/extensionadminaksent/src/components"
2026-03-07T17:26:48.579385Z  INFO get_files:scan_sources: tailwindcss_oxide::scanner: Discovering "/home/afdal/Laboratorium/PROJECT/extensionadminaksent/src/components/customer"
2026-03-07T17:26:48.579503Z  INFO get_files:scan_sources: tailwindcss_oxide::scanner: Discovering "/home/afdal/Laboratorium/PROJECT/extensionadminaksent/src/components/input"
2026-03-07T17:26:48.579642Z  INFO get_files:scan_sources: tailwindcss_oxide::scanner: Discovering "/home/afdal/Laboratorium/PROJECT/extensionadminaksent/src/components/layout"
2026-03-07T17:26:48.579736Z  INFO get_files:scan_sources: tailwindcss_oxide::scanner: Discovering "/home/afdal/Laboratorium/PROJECT/extensionadminaksent/src/components/list"
2026-03-07T17:26:48.579870Z  INFO get_files:scan_sources: tailwindcss_oxide::scanner: Discovering "/home/afdal/Laboratorium/PROJECT/extensionadminaksent/src/components/toolbars"
2026-03-07T17:26:48.579982Z  INFO get_files:scan_sources: tailwindcss_oxide::scanner: Discovering "/home/afdal/Laboratorium/PROJECT/extensionadminaksent/src/theme"
2026-03-07T17:26:48.580119Z  INFO get_files:scan_sources: tailwindcss_oxide::scanner: Discovering "/home/afdal/Laboratorium/PROJECT/extensionadminaksent/src/utils"
2026-03-07T17:26:48.580291Z  INFO get_files:scan_sources: tailwindcss_oxide::scanner: Discovering "/home/afdal/Laboratorium/PROJECT/extensionadminaksent/src/databases"
2026-03-07T17:26:48.580384Z  INFO get_files:scan_sources: tailwindcss_oxide::scanner: Discovering "/home/afdal/Laboratorium/PROJECT/extensionadminaksent/src/databases/migrations"
2026-03-07T17:26:48.580504Z  INFO get_files:scan_sources: tailwindcss_oxide::scanner: Discovering "/home/afdal/Laboratorium/PROJECT/extensionadminaksent/src/databases/entities"
2026-03-07T17:26:48.580640Z  INFO get_files:scan_sources: tailwindcss_oxide::scanner: Discovering "/home/afdal/Laboratorium/PROJECT/extensionadminaksent/src/types"
2026-03-07T17:26:48.580736Z  INFO get_files:scan_sources: tailwindcss_oxide::scanner: Discovering "/home/afdal/Laboratorium/PROJECT/extensionadminaksent/src/pages"
2026-03-07T17:26:48.580817Z  INFO get_files:scan_sources: tailwindcss_oxide::scanner: Discovering "/home/afdal/Laboratorium/PROJECT/extensionadminaksent/src/pages/Customer"
2026-03-07T17:26:48.580929Z  INFO get_files:scan_sources: tailwindcss_oxide::scanner: Discovering "/home/afdal/Laboratorium/PROJECT/extensionadminaksent/src/pages/Home"
2026-03-07T17:26:48.581038Z  INFO get_files:scan_sources: tailwindcss_oxide::scanner: Discovering "/home/afdal/Laboratorium/PROJECT/extensionadminaksent/src/pages/Validation"
2026-03-07T17:26:48.581138Z  INFO get_files:scan_sources: tailwindcss_oxide::scanner: Discovering "/home/afdal/Laboratorium/PROJECT/extensionadminaksent/src/pages/Unpaid"
2026-03-07T17:26:48.581234Z  INFO get_files:scan_sources: tailwindcss_oxide::scanner: Discovering "/home/afdal/Laboratorium/PROJECT/extensionadminaksent/src/pages/Payment"
2026-03-07T17:26:48.581334Z  INFO get_files:scan_sources: tailwindcss_oxide::scanner: Discovering "/home/afdal/Laboratorium/PROJECT/extensionadminaksent/src/context"
2026-03-07T17:26:48.581614Z  INFO get_files:scan_sources: tailwindcss_oxide::scanner: Discovering "/home/afdal/Laboratorium/PROJECT/extensionadminaksent/public"
2026-03-07T17:26:48.581721Z  INFO get_files:scan_sources: tailwindcss_oxide::scanner: Discovering "/home/afdal/Laboratorium/PROJECT/extensionadminaksent/public/assets"
2026-03-07T17:26:48.581942Z  INFO get_files:scan_sources: tailwindcss_oxide::scanner: Discovering "/home/afdal/Laboratorium/PROJECT/extensionadminaksent/android"
2026-03-07T17:26:48.582368Z  INFO get_files:scan_sources: tailwindcss_oxide::scanner: Discovering "/home/afdal/Laboratorium/PROJECT/extensionadminaksent/android/.kotlin"
2026-03-07T17:26:48.582457Z  INFO get_files:scan_sources: tailwindcss_oxide::scanner: Discovering "/home/afdal/Laboratorium/PROJECT/extensionadminaksent/android/.kotlin/sessions"
2026-03-07T17:26:48.582711Z  INFO get_files:scan_sources: tailwindcss_oxide::scanner: Discovering "/home/afdal/Laboratorium/PROJECT/extensionadminaksent/android/gradle"
2026-03-07T17:26:48.582792Z  INFO get_files:scan_sources: tailwindcss_oxide::scanner: Discovering "/home/afdal/Laboratorium/PROJECT/extensionadminaksent/android/gradle/wrapper"
2026-03-07T17:26:48.582955Z  INFO get_files:scan_sources: tailwindcss_oxide::scanner: Discovering "/home/afdal/Laboratorium/PROJECT/extensionadminaksent/android/app"
2026-03-07T17:26:48.583147Z  INFO get_files:scan_sources: tailwindcss_oxide::scanner: Discovering "/home/afdal/Laboratorium/PROJECT/extensionadminaksent/android/app/src"
2026-03-07T17:26:48.583237Z  INFO get_files:scan_sources: tailwindcss_oxide::scanner: Discovering "/home/afdal/Laboratorium/PROJECT/extensionadminaksent/android/app/src/main"
2026-03-07T17:26:48.583347Z  INFO get_files:scan_sources: tailwindcss_oxide::scanner: Discovering "/home/afdal/Laboratorium/PROJECT/extensionadminaksent/android/app/src/main/res"
2026-03-07T17:26:48.583428Z  INFO get_files:scan_sources: tailwindcss_oxide::scanner: Discovering "/home/afdal/Laboratorium/PROJECT/extensionadminaksent/android/app/src/main/res/drawable-land-xhdpi"
2026-03-07T17:26:48.583519Z  INFO get_files:scan_sources: tailwindcss_oxide::scanner: Discovering "/home/afdal/Laboratorium/PROJECT/extensionadminaksent/android/app/src/main/res/drawable-land-xxhdpi"
2026-03-07T17:26:48.583610Z  INFO get_files:scan_sources: tailwindcss_oxide::scanner: Discovering "/home/afdal/Laboratorium/PROJECT/extensionadminaksent/android/app/src/main/res/drawable-v24"
2026-03-07T17:26:48.583711Z  INFO get_files:scan_sources: tailwindcss_oxide::scanner: Discovering "/home/afdal/Laboratorium/PROJECT/extensionadminaksent/android/app/src/main/res/drawable-port-xxxhdpi"
2026-03-07T17:26:48.583787Z  INFO get_files:scan_sources: tailwindcss_oxide::scanner: Discovering "/home/afdal/Laboratorium/PROJECT/extensionadminaksent/android/app/src/main/res/drawable-land-xxxhdpi"
2026-03-07T17:26:48.583863Z  INFO get_files:scan_sources: tailwindcss_oxide::scanner: Discovering "/home/afdal/Laboratorium/PROJECT/extensionadminaksent/android/app/src/main/res/drawable-port-xxhdpi"
2026-03-07T17:26:48.583973Z  INFO get_files:scan_sources: tailwindcss_oxide::scanner: Discovering "/home/afdal/Laboratorium/PROJECT/extensionadminaksent/android/app/src/main/res/mipmap-hdpi"
2026-03-07T17:26:48.584062Z  INFO get_files:scan_sources: tailwindcss_oxide::scanner: Discovering "/home/afdal/Laboratorium/PROJECT/extensionadminaksent/android/app/src/main/res/drawable-land-hdpi"
2026-03-07T17:26:48.584144Z  INFO get_files:scan_sources: tailwindcss_oxide::scanner: Discovering "/home/afdal/Laboratorium/PROJECT/extensionadminaksent/android/app/src/main/res/xml"
2026-03-07T17:26:48.584239Z  INFO get_files:scan_sources: tailwindcss_oxide::scanner: Discovering "/home/afdal/Laboratorium/PROJECT/extensionadminaksent/android/app/src/main/res/mipmap-xhdpi"
2026-03-07T17:26:48.584323Z  INFO get_files:scan_sources: tailwindcss_oxide::scanner: Discovering "/home/afdal/Laboratorium/PROJECT/extensionadminaksent/android/app/src/main/res/drawable-land-mdpi"
2026-03-07T17:26:48.584408Z  INFO get_files:scan_sources: tailwindcss_oxide::scanner: Discovering "/home/afdal/Laboratorium/PROJECT/extensionadminaksent/android/app/src/main/res/drawable-port-hdpi"
2026-03-07T17:26:48.584486Z  INFO get_files:scan_sources: tailwindcss_oxide::scanner: Discovering "/home/afdal/Laboratorium/PROJECT/extensionadminaksent/android/app/src/main/res/mipmap-xxhdpi"
2026-03-07T17:26:48.584588Z  INFO get_files:scan_sources: tailwindcss_oxide::scanner: Discovering "/home/afdal/Laboratorium/PROJECT/extensionadminaksent/android/app/src/main/res/mipmap-mdpi"
2026-03-07T17:26:48.584676Z  INFO get_files:scan_sources: tailwindcss_oxide::scanner: Discovering "/home/afdal/Laboratorium/PROJECT/extensionadminaksent/android/app/src/main/res/drawable"
2026-03-07T17:26:48.584774Z  INFO get_files:scan_sources: tailwindcss_oxide::scanner: Discovering "/home/afdal/Laboratorium/PROJECT/extensionadminaksent/android/app/src/main/res/drawable-port-xhdpi"
2026-03-07T17:26:48.584851Z  INFO get_files:scan_sources: tailwindcss_oxide::scanner: Discovering "/home/afdal/Laboratorium/PROJECT/extensionadminaksent/android/app/src/main/res/mipmap-xxxhdpi"
2026-03-07T17:26:48.585116Z  INFO get_files:scan_sources: tailwindcss_oxide::scanner: Discovering "/home/afdal/Laboratorium/PROJECT/extensionadminaksent/android/app/src/main/res/layout"
2026-03-07T17:26:48.585210Z  INFO get_files:scan_sources: tailwindcss_oxide::scanner: Discovering "/home/afdal/Laboratorium/PROJECT/extensionadminaksent/android/app/src/main/res/mipmap-anydpi-v26"
2026-03-07T17:26:48.585323Z  INFO get_files:scan_sources: tailwindcss_oxide::scanner: Discovering "/home/afdal/Laboratorium/PROJECT/extensionadminaksent/android/app/src/main/res/drawable-port-mdpi"
2026-03-07T17:26:48.585417Z  INFO get_files:scan_sources: tailwindcss_oxide::scanner: Discovering "/home/afdal/Laboratorium/PROJECT/extensionadminaksent/android/app/src/main/res/values"
2026-03-07T17:26:48.585576Z  INFO get_files:scan_sources: tailwindcss_oxide::scanner: Discovering "/home/afdal/Laboratorium/PROJECT/extensionadminaksent/android/app/src/main/java"
2026-03-07T17:26:48.585664Z  INFO get_files:scan_sources: tailwindcss_oxide::scanner: Discovering "/home/afdal/Laboratorium/PROJECT/extensionadminaksent/android/app/src/main/java/io"
2026-03-07T17:26:48.585733Z  INFO get_files:scan_sources: tailwindcss_oxide::scanner: Discovering "/home/afdal/Laboratorium/PROJECT/extensionadminaksent/android/app/src/main/java/io/ionic"
2026-03-07T17:26:48.585814Z  INFO get_files:scan_sources: tailwindcss_oxide::scanner: Discovering "/home/afdal/Laboratorium/PROJECT/extensionadminaksent/android/app/src/main/java/io/ionic/starter"
2026-03-07T17:26:48.585941Z  INFO get_files:scan_sources: tailwindcss_oxide::scanner: Discovering "/home/afdal/Laboratorium/PROJECT/extensionadminaksent/android/app/src/main/assets"
2026-03-07T17:26:48.586115Z  INFO get_files:scan_sources: tailwindcss_oxide::scanner: Discovering "/home/afdal/Laboratorium/PROJECT/extensionadminaksent/android/app/src/androidTest"
2026-03-07T17:26:48.586197Z  INFO get_files:scan_sources: tailwindcss_oxide::scanner: Discovering "/home/afdal/Laboratorium/PROJECT/extensionadminaksent/android/app/src/androidTest/java"
2026-03-07T17:26:48.586272Z  INFO get_files:scan_sources: tailwindcss_oxide::scanner: Discovering "/home/afdal/Laboratorium/PROJECT/extensionadminaksent/android/app/src/androidTest/java/com"
2026-03-07T17:26:48.586351Z  INFO get_files:scan_sources: tailwindcss_oxide::scanner: Discovering "/home/afdal/Laboratorium/PROJECT/extensionadminaksent/android/app/src/androidTest/java/com/getcapacitor"
2026-03-07T17:26:48.586435Z  INFO get_files:scan_sources: tailwindcss_oxide::scanner: Discovering "/home/afdal/Laboratorium/PROJECT/extensionadminaksent/android/app/src/androidTest/java/com/getcapacitor/myapp"
2026-03-07T17:26:48.586592Z  INFO get_files:scan_sources: tailwindcss_oxide::scanner: Discovering "/home/afdal/Laboratorium/PROJECT/extensionadminaksent/android/app/src/test"
2026-03-07T17:26:48.586681Z  INFO get_files:scan_sources: tailwindcss_oxide::scanner: Discovering "/home/afdal/Laboratorium/PROJECT/extensionadminaksent/android/app/src/test/java"
2026-03-07T17:26:48.586756Z  INFO get_files:scan_sources: tailwindcss_oxide::scanner: Discovering "/home/afdal/Laboratorium/PROJECT/extensionadminaksent/android/app/src/test/java/com"
2026-03-07T17:26:48.586836Z  INFO get_files:scan_sources: tailwindcss_oxide::scanner: Discovering "/home/afdal/Laboratorium/PROJECT/extensionadminaksent/android/app/src/test/java/com/getcapacitor"
2026-03-07T17:26:48.586919Z  INFO get_files:scan_sources: tailwindcss_oxide::scanner: Discovering "/home/afdal/Laboratorium/PROJECT/extensionadminaksent/android/app/src/test/java/com/getcapacitor/myapp"
2026-03-07T17:26:48.587503Z  INFO get_files:scan_sources: tailwindcss_oxide::scanner: exit
2026-03-07T17:26:48.591737Z  INFO get_files: tailwindcss_oxide::scanner: exit
2026-03-07T17:26:48.592093Z  INFO get_globs: tailwindcss_oxide::scanner: enter
2026-03-07T17:26:48.592126Z  INFO get_globs: tailwindcss_oxide::scanner: exit
