2026-02-16T08:46:30.558288Z  INFO tailwindcss_oxide::scanner: Provided sources:
2026-02-16T08:46:30.558399Z  INFO tailwindcss_oxide::scanner: Source: PublicSourceEntry { base: "/home/afdal/Laboratorium/PROJECT/extensionadminaksent", pattern: "**/*", negated: false }
2026-02-16T08:46:30.558502Z  INFO tailwindcss_oxide::scanner: Optimized sources:
2026-02-16T08:46:30.558510Z  INFO tailwindcss_oxide::scanner: Source: Auto { base: "/home/afdal/Laboratorium/PROJECT/extensionadminaksent" }
2026-02-16T08:46:54.872113Z  INFO tailwindcss_oxide::scanner: Provided sources:
2026-02-16T08:46:54.872157Z  INFO tailwindcss_oxide::scanner: Source: PublicSourceEntry { base: "/home/afdal/Laboratorium/PROJECT/extensionadminaksent", pattern: "**/*", negated: false }
2026-02-16T08:46:54.872198Z  INFO tailwindcss_oxide::scanner: Optimized sources:
2026-02-16T08:46:54.872205Z  INFO tailwindcss_oxide::scanner: Source: Auto { base: "/home/afdal/Laboratorium/PROJECT/extensionadminaksent" }
2026-02-16T08:46:54.872333Z  INFO scan_sources: tailwindcss_oxide::scanner: enter
2026-02-16T08:46:54.873984Z  INFO scan_sources: tailwindcss_oxide::scanner: Discovering "/home/afdal/Laboratorium/PROJECT/extensionadminaksent/index.html"
2026-02-16T08:46:54.874368Z  INFO scan_sources: tailwindcss_oxide::scanner: Discovering "/home/afdal/Laboratorium/PROJECT/extensionadminaksent/tailwind.config.js"
2026-02-16T08:46:54.874437Z  INFO scan_sources: tailwindcss_oxide::scanner: Discovering "/home/afdal/Laboratorium/PROJECT/extensionadminaksent/.browserslistrc"
2026-02-16T08:46:54.874476Z  INFO scan_sources: tailwindcss_oxide::scanner: Discovering "/home/afdal/Laboratorium/PROJECT/extensionadminaksent/cypress"
2026-02-16T08:46:54.874560Z  INFO scan_sources: tailwindcss_oxide::scanner: Discovering "/home/afdal/Laboratorium/PROJECT/extensionadminaksent/cypress/fixtures"
2026-02-16T08:46:54.874639Z  INFO scan_sources: tailwindcss_oxide::scanner: Discovering "/home/afdal/Laboratorium/PROJECT/extensionadminaksent/cypress/fixtures/example.json"
2026-02-16T08:46:54.874683Z  INFO scan_sources: tailwindcss_oxide::scanner: Discovering "/home/afdal/Laboratorium/PROJECT/extensionadminaksent/cypress/e2e"
2026-02-16T08:46:54.874749Z  INFO scan_sources: tailwindcss_oxide::scanner: Discovering "/home/afdal/Laboratorium/PROJECT/extensionadminaksent/cypress/e2e/test.cy.ts"
2026-02-16T08:46:54.874794Z  INFO scan_sources: tailwindcss_oxide::scanner: Discovering "/home/afdal/Laboratorium/PROJECT/extensionadminaksent/cypress/support"
2026-02-16T08:46:54.874854Z  INFO scan_sources: tailwindcss_oxide::scanner: Discovering "/home/afdal/Laboratorium/PROJECT/extensionadminaksent/cypress/support/e2e.ts"
2026-02-16T08:46:54.874882Z  INFO scan_sources: tailwindcss_oxide::scanner: Discovering "/home/afdal/Laboratorium/PROJECT/extensionadminaksent/cypress/support/commands.ts"
2026-02-16T08:46:54.874931Z  INFO scan_sources: tailwindcss_oxide::scanner: Discovering "/home/afdal/Laboratorium/PROJECT/extensionadminaksent/.vscode"
2026-02-16T08:46:54.875014Z  INFO scan_sources: tailwindcss_oxide::scanner: Discovering "/home/afdal/Laboratorium/PROJECT/extensionadminaksent/.vscode/extensions.json"
2026-02-16T08:46:54.875071Z  INFO scan_sources: tailwindcss_oxide::scanner: Discovering "/home/afdal/Laboratorium/PROJECT/extensionadminaksent/readme.md"
2026-02-16T08:46:54.875119Z  INFO scan_sources: tailwindcss_oxide::scanner: Discovering "/home/afdal/Laboratorium/PROJECT/extensionadminaksent/src"
2026-02-16T08:46:54.875200Z  INFO scan_sources: tailwindcss_oxide::scanner: Discovering "/home/afdal/Laboratorium/PROJECT/extensionadminaksent/src/components"
2026-02-16T08:46:54.875416Z  INFO scan_sources: tailwindcss_oxide::scanner: Discovering "/home/afdal/Laboratorium/PROJECT/extensionadminaksent/src/components/ExploreContainer.css"
2026-02-16T08:46:54.875561Z  INFO scan_sources: tailwindcss_oxide::scanner: Discovering "/home/afdal/Laboratorium/PROJECT/extensionadminaksent/src/components/ExploreContainer.tsx"
2026-02-16T08:46:54.875702Z  INFO scan_sources: tailwindcss_oxide::scanner: Discovering "/home/afdal/Laboratorium/PROJECT/extensionadminaksent/src/theme"
2026-02-16T08:46:54.876744Z  INFO scan_sources: tailwindcss_oxide::scanner: Discovering "/home/afdal/Laboratorium/PROJECT/extensionadminaksent/src/theme/variables.css"
2026-02-16T08:46:54.877127Z  INFO scan_sources: tailwindcss_oxide::scanner: Discovering "/home/afdal/Laboratorium/PROJECT/extensionadminaksent/src/theme/global.css"
2026-02-16T08:46:54.877293Z  INFO scan_sources: tailwindcss_oxide::scanner: Discovering "/home/afdal/Laboratorium/PROJECT/extensionadminaksent/src/App.tsx"
2026-02-16T08:46:54.877432Z  INFO scan_sources: tailwindcss_oxide::scanner: Discovering "/home/afdal/Laboratorium/PROJECT/extensionadminaksent/src/vite-env.d.ts"
2026-02-16T08:46:54.877546Z  INFO scan_sources: tailwindcss_oxide::scanner: Discovering "/home/afdal/Laboratorium/PROJECT/extensionadminaksent/src/App.test.tsx"
2026-02-16T08:46:54.877651Z  INFO scan_sources: tailwindcss_oxide::scanner: Discovering "/home/afdal/Laboratorium/PROJECT/extensionadminaksent/src/setupTests.ts"
2026-02-16T08:46:54.877777Z  INFO scan_sources: tailwindcss_oxide::scanner: Discovering "/home/afdal/Laboratorium/PROJECT/extensionadminaksent/src/pages"
2026-02-16T08:46:54.880245Z  INFO scan_sources: tailwindcss_oxide::scanner: Discovering "/home/afdal/Laboratorium/PROJECT/extensionadminaksent/src/pages/Home"
2026-02-16T08:46:54.880350Z  INFO scan_sources: tailwindcss_oxide::scanner: Discovering "/home/afdal/Laboratorium/PROJECT/extensionadminaksent/src/pages/Home/Home.css"
2026-02-16T08:46:54.880383Z  INFO scan_sources: tailwindcss_oxide::scanner: Discovering "/home/afdal/Laboratorium/PROJECT/extensionadminaksent/src/pages/Home/Home.tsx"
2026-02-16T08:46:54.880428Z  INFO scan_sources: tailwindcss_oxide::scanner: Discovering "/home/afdal/Laboratorium/PROJECT/extensionadminaksent/src/pages/Unpaid"
2026-02-16T08:46:54.880491Z  INFO scan_sources: tailwindcss_oxide::scanner: Discovering "/home/afdal/Laboratorium/PROJECT/extensionadminaksent/src/pages/Unpaid/Unpaid.tsx"
2026-02-16T08:46:54.880535Z  INFO scan_sources: tailwindcss_oxide::scanner: Discovering "/home/afdal/Laboratorium/PROJECT/extensionadminaksent/src/pages/Payment"
2026-02-16T08:46:54.880595Z  INFO scan_sources: tailwindcss_oxide::scanner: Discovering "/home/afdal/Laboratorium/PROJECT/extensionadminaksent/src/pages/Payment/Payment.tsx"
2026-02-16T08:46:54.880648Z  INFO scan_sources: tailwindcss_oxide::scanner: Discovering "/home/afdal/Laboratorium/PROJECT/extensionadminaksent/src/main.tsx"
2026-02-16T08:46:54.880797Z  INFO scan_sources: tailwindcss_oxide::scanner: Discovering "/home/afdal/Laboratorium/PROJECT/extensionadminaksent/capacitor.config.ts"
2026-02-16T08:46:54.880827Z  INFO scan_sources: tailwindcss_oxide::scanner: Discovering "/home/afdal/Laboratorium/PROJECT/extensionadminaksent/cypress.config.ts"
2026-02-16T08:46:54.880854Z  INFO scan_sources: tailwindcss_oxide::scanner: Discovering "/home/afdal/Laboratorium/PROJECT/extensionadminaksent/package.json"
2026-02-16T08:46:54.880891Z  INFO scan_sources: tailwindcss_oxide::scanner: Discovering "/home/afdal/Laboratorium/PROJECT/extensionadminaksent/public"
2026-02-16T08:46:54.880973Z  INFO scan_sources: tailwindcss_oxide::scanner: Discovering "/home/afdal/Laboratorium/PROJECT/extensionadminaksent/public/manifest.json"
2026-02-16T08:46:54.881017Z  INFO scan_sources: tailwindcss_oxide::scanner: Discovering "/home/afdal/Laboratorium/PROJECT/extensionadminaksent/ionic.starter.json"
2026-02-16T08:46:54.881162Z  INFO scan_sources: tailwindcss_oxide::scanner: Discovering "/home/afdal/Laboratorium/PROJECT/extensionadminaksent/eslint.config.js"
2026-02-16T08:46:54.881210Z  INFO scan_sources: tailwindcss_oxide::scanner: Discovering "/home/afdal/Laboratorium/PROJECT/extensionadminaksent/ionic.config.json"
2026-02-16T08:46:54.881237Z  INFO scan_sources: tailwindcss_oxide::scanner: Discovering "/home/afdal/Laboratorium/PROJECT/extensionadminaksent/tsconfig.json"
2026-02-16T08:46:54.881264Z  INFO scan_sources: tailwindcss_oxide::scanner: Discovering "/home/afdal/Laboratorium/PROJECT/extensionadminaksent/sample.md"
2026-02-16T08:46:54.881309Z  INFO scan_sources: tailwindcss_oxide::scanner: Discovering "/home/afdal/Laboratorium/PROJECT/extensionadminaksent/android"
2026-02-16T08:46:54.881736Z  INFO scan_sources: tailwindcss_oxide::scanner: Discovering "/home/afdal/Laboratorium/PROJECT/extensionadminaksent/android/.kotlin"
2026-02-16T08:46:54.881830Z  INFO scan_sources: tailwindcss_oxide::scanner: Discovering "/home/afdal/Laboratorium/PROJECT/extensionadminaksent/android/.kotlin/sessions"
2026-02-16T08:46:54.881934Z  INFO scan_sources: tailwindcss_oxide::scanner: Discovering "/home/afdal/Laboratorium/PROJECT/extensionadminaksent/android/gradlew.bat"
2026-02-16T08:46:54.881971Z  INFO scan_sources: tailwindcss_oxide::scanner: Discovering "/home/afdal/Laboratorium/PROJECT/extensionadminaksent/android/variables.gradle"
2026-02-16T08:46:54.882007Z  INFO scan_sources: tailwindcss_oxide::scanner: Discovering "/home/afdal/Laboratorium/PROJECT/extensionadminaksent/android/build.gradle"
2026-02-16T08:46:54.882043Z  INFO scan_sources: tailwindcss_oxide::scanner: Discovering "/home/afdal/Laboratorium/PROJECT/extensionadminaksent/android/capacitor.settings.gradle"
2026-02-16T08:46:54.885413Z  INFO scan_sources: tailwindcss_oxide::scanner: Discovering "/home/afdal/Laboratorium/PROJECT/extensionadminaksent/android/gradle"
2026-02-16T08:46:54.885682Z  INFO scan_sources: tailwindcss_oxide::scanner: Discovering "/home/afdal/Laboratorium/PROJECT/extensionadminaksent/android/gradle/wrapper"
2026-02-16T08:46:54.885864Z  INFO scan_sources: tailwindcss_oxide::scanner: Discovering "/home/afdal/Laboratorium/PROJECT/extensionadminaksent/android/gradle/wrapper/gradle-wrapper.properties"
2026-02-16T08:46:54.885950Z  INFO scan_sources: tailwindcss_oxide::scanner: Discovering "/home/afdal/Laboratorium/PROJECT/extensionadminaksent/android/settings.gradle"
2026-02-16T08:46:54.885993Z  INFO scan_sources: tailwindcss_oxide::scanner: Discovering "/home/afdal/Laboratorium/PROJECT/extensionadminaksent/android/app"
2026-02-16T08:46:54.886212Z  INFO scan_sources: tailwindcss_oxide::scanner: Discovering "/home/afdal/Laboratorium/PROJECT/extensionadminaksent/android/app/src"
2026-02-16T08:46:54.886313Z  INFO scan_sources: tailwindcss_oxide::scanner: Discovering "/home/afdal/Laboratorium/PROJECT/extensionadminaksent/android/app/src/main"
2026-02-16T08:46:54.886407Z  INFO scan_sources: tailwindcss_oxide::scanner: Discovering "/home/afdal/Laboratorium/PROJECT/extensionadminaksent/android/app/src/main/AndroidManifest.xml.orig"
2026-02-16T08:46:54.886445Z  INFO scan_sources: tailwindcss_oxide::scanner: Discovering "/home/afdal/Laboratorium/PROJECT/extensionadminaksent/android/app/src/main/res"
2026-02-16T08:46:54.886534Z  INFO scan_sources: tailwindcss_oxide::scanner: Discovering "/home/afdal/Laboratorium/PROJECT/extensionadminaksent/android/app/src/main/res/drawable-land-xhdpi"
2026-02-16T08:46:54.886624Z  INFO scan_sources: tailwindcss_oxide::scanner: Discovering "/home/afdal/Laboratorium/PROJECT/extensionadminaksent/android/app/src/main/res/drawable-land-xxhdpi"
2026-02-16T08:46:54.886707Z  INFO scan_sources: tailwindcss_oxide::scanner: Discovering "/home/afdal/Laboratorium/PROJECT/extensionadminaksent/android/app/src/main/res/drawable-v24"
2026-02-16T08:46:54.886780Z  INFO scan_sources: tailwindcss_oxide::scanner: Discovering "/home/afdal/Laboratorium/PROJECT/extensionadminaksent/android/app/src/main/res/drawable-v24/ic_launcher_foreground.xml"
2026-02-16T08:46:54.888433Z  INFO scan_sources: tailwindcss_oxide::scanner: Discovering "/home/afdal/Laboratorium/PROJECT/extensionadminaksent/android/app/src/main/res/drawable-port-xxxhdpi"
2026-02-16T08:46:54.888995Z  INFO scan_sources: tailwindcss_oxide::scanner: Discovering "/home/afdal/Laboratorium/PROJECT/extensionadminaksent/android/app/src/main/res/drawable-land-xxxhdpi"
2026-02-16T08:46:54.890686Z  INFO scan_sources: tailwindcss_oxide::scanner: Discovering "/home/afdal/Laboratorium/PROJECT/extensionadminaksent/android/app/src/main/res/drawable-port-xxhdpi"
2026-02-16T08:46:54.890880Z  INFO scan_sources: tailwindcss_oxide::scanner: Discovering "/home/afdal/Laboratorium/PROJECT/extensionadminaksent/android/app/src/main/res/mipmap-hdpi"
2026-02-16T08:46:54.890995Z  INFO scan_sources: tailwindcss_oxide::scanner: Discovering "/home/afdal/Laboratorium/PROJECT/extensionadminaksent/android/app/src/main/res/drawable-land-hdpi"
2026-02-16T08:46:54.891091Z  INFO scan_sources: tailwindcss_oxide::scanner: Discovering "/home/afdal/Laboratorium/PROJECT/extensionadminaksent/android/app/src/main/res/xml"
2026-02-16T08:46:54.891179Z  INFO scan_sources: tailwindcss_oxide::scanner: Discovering "/home/afdal/Laboratorium/PROJECT/extensionadminaksent/android/app/src/main/res/xml/file_paths.xml"
2026-02-16T08:46:54.891232Z  INFO scan_sources: tailwindcss_oxide::scanner: Discovering "/home/afdal/Laboratorium/PROJECT/extensionadminaksent/android/app/src/main/res/mipmap-xhdpi"
2026-02-16T08:46:54.891332Z  INFO scan_sources: tailwindcss_oxide::scanner: Discovering "/home/afdal/Laboratorium/PROJECT/extensionadminaksent/android/app/src/main/res/drawable-land-mdpi"
2026-02-16T08:46:54.891420Z  INFO scan_sources: tailwindcss_oxide::scanner: Discovering "/home/afdal/Laboratorium/PROJECT/extensionadminaksent/android/app/src/main/res/drawable-port-hdpi"
2026-02-16T08:46:54.891507Z  INFO scan_sources: tailwindcss_oxide::scanner: Discovering "/home/afdal/Laboratorium/PROJECT/extensionadminaksent/android/app/src/main/res/mipmap-xxhdpi"
2026-02-16T08:46:54.891603Z  INFO scan_sources: tailwindcss_oxide::scanner: Discovering "/home/afdal/Laboratorium/PROJECT/extensionadminaksent/android/app/src/main/res/mipmap-mdpi"
2026-02-16T08:46:54.891698Z  INFO scan_sources: tailwindcss_oxide::scanner: Discovering "/home/afdal/Laboratorium/PROJECT/extensionadminaksent/android/app/src/main/res/drawable"
2026-02-16T08:46:54.891775Z  INFO scan_sources: tailwindcss_oxide::scanner: Discovering "/home/afdal/Laboratorium/PROJECT/extensionadminaksent/android/app/src/main/res/drawable/ic_launcher_background.xml"
2026-02-16T08:46:54.891825Z  INFO scan_sources: tailwindcss_oxide::scanner: Discovering "/home/afdal/Laboratorium/PROJECT/extensionadminaksent/android/app/src/main/res/drawable-port-xhdpi"
2026-02-16T08:46:54.891912Z  INFO scan_sources: tailwindcss_oxide::scanner: Discovering "/home/afdal/Laboratorium/PROJECT/extensionadminaksent/android/app/src/main/res/mipmap-xxxhdpi"
2026-02-16T08:46:54.892012Z  INFO scan_sources: tailwindcss_oxide::scanner: Discovering "/home/afdal/Laboratorium/PROJECT/extensionadminaksent/android/app/src/main/res/layout"
2026-02-16T08:46:54.892083Z  INFO scan_sources: tailwindcss_oxide::scanner: Discovering "/home/afdal/Laboratorium/PROJECT/extensionadminaksent/android/app/src/main/res/layout/activity_main.xml"
2026-02-16T08:46:54.893663Z  INFO scan_sources: tailwindcss_oxide::scanner: Discovering "/home/afdal/Laboratorium/PROJECT/extensionadminaksent/android/app/src/main/res/mipmap-anydpi-v26"
2026-02-16T08:46:54.893960Z  INFO scan_sources: tailwindcss_oxide::scanner: Discovering "/home/afdal/Laboratorium/PROJECT/extensionadminaksent/android/app/src/main/res/mipmap-anydpi-v26/ic_launcher_round.xml"
2026-02-16T08:46:54.894134Z  INFO scan_sources: tailwindcss_oxide::scanner: Discovering "/home/afdal/Laboratorium/PROJECT/extensionadminaksent/android/app/src/main/res/mipmap-anydpi-v26/ic_launcher.xml"
2026-02-16T08:46:54.894386Z  INFO scan_sources: tailwindcss_oxide::scanner: Discovering "/home/afdal/Laboratorium/PROJECT/extensionadminaksent/android/app/src/main/res/drawable-port-mdpi"
2026-02-16T08:46:54.894781Z  INFO scan_sources: tailwindcss_oxide::scanner: Discovering "/home/afdal/Laboratorium/PROJECT/extensionadminaksent/android/app/src/main/res/values"
2026-02-16T08:46:54.895015Z  INFO scan_sources: tailwindcss_oxide::scanner: Discovering "/home/afdal/Laboratorium/PROJECT/extensionadminaksent/android/app/src/main/res/values/strings.xml"
2026-02-16T08:46:54.896183Z  INFO scan_sources: tailwindcss_oxide::scanner: Discovering "/home/afdal/Laboratorium/PROJECT/extensionadminaksent/android/app/src/main/res/values/ic_launcher_background.xml"
2026-02-16T08:46:54.896682Z  INFO scan_sources: tailwindcss_oxide::scanner: Discovering "/home/afdal/Laboratorium/PROJECT/extensionadminaksent/android/app/src/main/res/values/styles.xml"
2026-02-16T08:46:54.897171Z  INFO scan_sources: tailwindcss_oxide::scanner: Discovering "/home/afdal/Laboratorium/PROJECT/extensionadminaksent/android/app/src/main/java"
2026-02-16T08:46:54.897436Z  INFO scan_sources: tailwindcss_oxide::scanner: Discovering "/home/afdal/Laboratorium/PROJECT/extensionadminaksent/android/app/src/main/java/io"
2026-02-16T08:46:54.897863Z  INFO scan_sources: tailwindcss_oxide::scanner: Discovering "/home/afdal/Laboratorium/PROJECT/extensionadminaksent/android/app/src/main/java/io/ionic"
2026-02-16T08:46:54.898528Z  INFO scan_sources: tailwindcss_oxide::scanner: Discovering "/home/afdal/Laboratorium/PROJECT/extensionadminaksent/android/app/src/main/java/io/ionic/starter"
2026-02-16T08:46:54.899148Z  INFO scan_sources: tailwindcss_oxide::scanner: Discovering "/home/afdal/Laboratorium/PROJECT/extensionadminaksent/android/app/src/main/java/io/ionic/starter/MainActivity.java"
2026-02-16T08:46:54.900228Z  INFO scan_sources: tailwindcss_oxide::scanner: Discovering "/home/afdal/Laboratorium/PROJECT/extensionadminaksent/android/app/src/main/assets"
2026-02-16T08:46:54.900447Z  INFO scan_sources: tailwindcss_oxide::scanner: Discovering "/home/afdal/Laboratorium/PROJECT/extensionadminaksent/android/app/src/main/AndroidManifest.xml"
2026-02-16T08:46:54.900507Z  INFO scan_sources: tailwindcss_oxide::scanner: Discovering "/home/afdal/Laboratorium/PROJECT/extensionadminaksent/android/app/src/androidTest"
2026-02-16T08:46:54.900594Z  INFO scan_sources: tailwindcss_oxide::scanner: Discovering "/home/afdal/Laboratorium/PROJECT/extensionadminaksent/android/app/src/androidTest/java"
2026-02-16T08:46:54.900669Z  INFO scan_sources: tailwindcss_oxide::scanner: Discovering "/home/afdal/Laboratorium/PROJECT/extensionadminaksent/android/app/src/androidTest/java/com"
2026-02-16T08:46:54.900744Z  INFO scan_sources: tailwindcss_oxide::scanner: Discovering "/home/afdal/Laboratorium/PROJECT/extensionadminaksent/android/app/src/androidTest/java/com/getcapacitor"
2026-02-16T08:46:54.900821Z  INFO scan_sources: tailwindcss_oxide::scanner: Discovering "/home/afdal/Laboratorium/PROJECT/extensionadminaksent/android/app/src/androidTest/java/com/getcapacitor/myapp"
2026-02-16T08:46:54.900895Z  INFO scan_sources: tailwindcss_oxide::scanner: Discovering "/home/afdal/Laboratorium/PROJECT/extensionadminaksent/android/app/src/androidTest/java/com/getcapacitor/myapp/ExampleInstrumentedTest.java"
2026-02-16T08:46:54.900963Z  INFO scan_sources: tailwindcss_oxide::scanner: Discovering "/home/afdal/Laboratorium/PROJECT/extensionadminaksent/android/app/src/test"
2026-02-16T08:46:54.901037Z  INFO scan_sources: tailwindcss_oxide::scanner: Discovering "/home/afdal/Laboratorium/PROJECT/extensionadminaksent/android/app/src/test/java"
2026-02-16T08:46:54.903262Z  INFO scan_sources: tailwindcss_oxide::scanner: Discovering "/home/afdal/Laboratorium/PROJECT/extensionadminaksent/android/app/src/test/java/com"
2026-02-16T08:46:54.903418Z  INFO scan_sources: tailwindcss_oxide::scanner: Discovering "/home/afdal/Laboratorium/PROJECT/extensionadminaksent/android/app/src/test/java/com/getcapacitor"
2026-02-16T08:46:54.903505Z  INFO scan_sources: tailwindcss_oxide::scanner: Discovering "/home/afdal/Laboratorium/PROJECT/extensionadminaksent/android/app/src/test/java/com/getcapacitor/myapp"
2026-02-16T08:46:54.903593Z  INFO scan_sources: tailwindcss_oxide::scanner: Discovering "/home/afdal/Laboratorium/PROJECT/extensionadminaksent/android/app/src/test/java/com/getcapacitor/myapp/ExampleUnitTest.java"
2026-02-16T08:46:54.903690Z  INFO scan_sources: tailwindcss_oxide::scanner: Discovering "/home/afdal/Laboratorium/PROJECT/extensionadminaksent/android/app/build.gradle"
2026-02-16T08:46:54.903725Z  INFO scan_sources: tailwindcss_oxide::scanner: Discovering "/home/afdal/Laboratorium/PROJECT/extensionadminaksent/android/app/proguard-rules.pro"
2026-02-16T08:46:54.903755Z  INFO scan_sources: tailwindcss_oxide::scanner: Discovering "/home/afdal/Laboratorium/PROJECT/extensionadminaksent/android/app/capacitor.build.gradle"
2026-02-16T08:46:54.903881Z  INFO scan_sources: tailwindcss_oxide::scanner: Discovering "/home/afdal/Laboratorium/PROJECT/extensionadminaksent/android/gradle.properties"
2026-02-16T08:46:54.903962Z  INFO scan_sources: tailwindcss_oxide::scanner: Discovering "/home/afdal/Laboratorium/PROJECT/extensionadminaksent/android/gradlew"
2026-02-16T08:46:54.904170Z  INFO scan_sources: tailwindcss_oxide::scanner: Discovering "/home/afdal/Laboratorium/PROJECT/extensionadminaksent/vite.config.ts"
2026-02-16T08:46:54.904226Z  INFO scan_sources: tailwindcss_oxide::scanner: Discovering "/home/afdal/Laboratorium/PROJECT/extensionadminaksent/tsconfig.node.json"
2026-02-16T08:46:54.904311Z  INFO scan_sources: tailwindcss_oxide::scanner: exit
2026-02-16T08:46:54.904324Z  INFO extract_candidates: tailwindcss_oxide::scanner: enter
2026-02-16T08:46:54.904347Z  INFO extract_candidates:read_all_files: tailwindcss_oxide::scanner: enter
2026-02-16T08:46:54.904355Z  INFO extract_candidates:read_all_files: tailwindcss_oxide::scanner: Reading 54 file(s)
2026-02-16T08:46:54.915087Z  INFO tailwindcss_oxide::scanner: Reading "/home/afdal/Laboratorium/PROJECT/extensionadminaksent/index.html"
2026-02-16T08:46:54.915410Z  INFO tailwindcss_oxide::scanner: Reading "/home/afdal/Laboratorium/PROJECT/extensionadminaksent/src/setupTests.ts"
2026-02-16T08:46:54.915469Z  INFO tailwindcss_oxide::scanner: Reading "/home/afdal/Laboratorium/PROJECT/extensionadminaksent/src/pages/Home/Home.tsx"
2026-02-16T08:46:54.915562Z  INFO tailwindcss_oxide::scanner: Reading "/home/afdal/Laboratorium/PROJECT/extensionadminaksent/src/pages/Unpaid/Unpaid.tsx"
2026-02-16T08:46:54.915686Z  INFO tailwindcss_oxide::scanner: Reading "/home/afdal/Laboratorium/PROJECT/extensionadminaksent/src/pages/Payment/Payment.tsx"
2026-02-16T08:46:54.915722Z  INFO tailwindcss_oxide::scanner: Reading "/home/afdal/Laboratorium/PROJECT/extensionadminaksent/src/main.tsx"
2026-02-16T08:46:54.915748Z  INFO tailwindcss_oxide::scanner: Reading "/home/afdal/Laboratorium/PROJECT/extensionadminaksent/capacitor.config.ts"
2026-02-16T08:46:54.915771Z  INFO tailwindcss_oxide::scanner: Reading "/home/afdal/Laboratorium/PROJECT/extensionadminaksent/cypress.config.ts"
2026-02-16T08:46:54.915796Z  INFO tailwindcss_oxide::scanner: Reading "/home/afdal/Laboratorium/PROJECT/extensionadminaksent/package.json"
2026-02-16T08:46:54.915990Z  INFO tailwindcss_oxide::scanner: Reading "/home/afdal/Laboratorium/PROJECT/extensionadminaksent/android/gradlew.bat"
2026-02-16T08:46:54.916041Z  INFO tailwindcss_oxide::scanner: Reading "/home/afdal/Laboratorium/PROJECT/extensionadminaksent/android/variables.gradle"
2026-02-16T08:46:54.916069Z  INFO tailwindcss_oxide::scanner: Reading "/home/afdal/Laboratorium/PROJECT/extensionadminaksent/android/build.gradle"
2026-02-16T08:46:54.916094Z  INFO tailwindcss_oxide::scanner: Reading "/home/afdal/Laboratorium/PROJECT/extensionadminaksent/android/capacitor.settings.gradle"
2026-02-16T08:46:54.916150Z  INFO tailwindcss_oxide::scanner: Reading "/home/afdal/Laboratorium/PROJECT/extensionadminaksent/android/gradle/wrapper/gradle-wrapper.properties"
2026-02-16T08:46:54.916179Z  INFO tailwindcss_oxide::scanner: Reading "/home/afdal/Laboratorium/PROJECT/extensionadminaksent/android/settings.gradle"
2026-02-16T08:46:54.916204Z  INFO tailwindcss_oxide::scanner: Reading "/home/afdal/Laboratorium/PROJECT/extensionadminaksent/android/app/src/main/AndroidManifest.xml.orig"
2026-02-16T08:46:54.916264Z  INFO tailwindcss_oxide::scanner: Reading "/home/afdal/Laboratorium/PROJECT/extensionadminaksent/eslint.config.js"
2026-02-16T08:46:54.916295Z  INFO tailwindcss_oxide::scanner: Reading "/home/afdal/Laboratorium/PROJECT/extensionadminaksent/ionic.config.json"
2026-02-16T08:46:54.916322Z  INFO tailwindcss_oxide::scanner: Reading "/home/afdal/Laboratorium/PROJECT/extensionadminaksent/tsconfig.json"
2026-02-16T08:46:54.916382Z  INFO tailwindcss_oxide::scanner: Reading "/home/afdal/Laboratorium/PROJECT/extensionadminaksent/tailwind.config.js"
2026-02-16T08:46:54.916422Z  INFO tailwindcss_oxide::scanner: Reading "/home/afdal/Laboratorium/PROJECT/extensionadminaksent/.browserslistrc"
2026-02-16T08:46:54.916474Z  INFO tailwindcss_oxide::scanner: Reading "/home/afdal/Laboratorium/PROJECT/extensionadminaksent/android/app/src/main/res/drawable-v24/ic_launcher_foreground.xml"
2026-02-16T08:46:54.916525Z  INFO tailwindcss_oxide::scanner: Reading "/home/afdal/Laboratorium/PROJECT/extensionadminaksent/sample.md"
2026-02-16T08:46:54.916586Z  INFO tailwindcss_oxide::scanner: Reading "/home/afdal/Laboratorium/PROJECT/extensionadminaksent/cypress/support/commands.ts"
2026-02-16T08:46:54.916638Z  INFO tailwindcss_oxide::scanner: Reading "/home/afdal/Laboratorium/PROJECT/extensionadminaksent/cypress/fixtures/example.json"
2026-02-16T08:46:54.916669Z  INFO tailwindcss_oxide::scanner: Reading "/home/afdal/Laboratorium/PROJECT/extensionadminaksent/cypress/e2e/test.cy.ts"
2026-02-16T08:46:54.916694Z  INFO tailwindcss_oxide::scanner: Reading "/home/afdal/Laboratorium/PROJECT/extensionadminaksent/cypress/support/e2e.ts"
2026-02-16T08:46:54.916730Z  INFO tailwindcss_oxide::scanner: Reading "/home/afdal/Laboratorium/PROJECT/extensionadminaksent/src/components/ExploreContainer.tsx"
2026-02-16T08:46:54.916757Z  INFO tailwindcss_oxide::scanner: Reading "/home/afdal/Laboratorium/PROJECT/extensionadminaksent/src/App.tsx"
2026-02-16T08:46:54.916796Z  INFO tailwindcss_oxide::scanner: Reading "/home/afdal/Laboratorium/PROJECT/extensionadminaksent/src/vite-env.d.ts"
2026-02-16T08:46:54.916820Z  INFO tailwindcss_oxide::scanner: Reading "/home/afdal/Laboratorium/PROJECT/extensionadminaksent/src/App.test.tsx"
2026-02-16T08:46:54.917049Z  INFO tailwindcss_oxide::scanner: Reading "/home/afdal/Laboratorium/PROJECT/extensionadminaksent/.vscode/extensions.json"
2026-02-16T08:46:54.917128Z  INFO tailwindcss_oxide::scanner: Reading "/home/afdal/Laboratorium/PROJECT/extensionadminaksent/android/app/src/main/res/xml/file_paths.xml"
2026-02-16T08:46:54.917212Z  INFO tailwindcss_oxide::scanner: Reading "/home/afdal/Laboratorium/PROJECT/extensionadminaksent/android/app/src/main/res/values/strings.xml"
2026-02-16T08:46:54.917278Z  INFO tailwindcss_oxide::scanner: Reading "/home/afdal/Laboratorium/PROJECT/extensionadminaksent/public/manifest.json"
2026-02-16T08:46:54.917991Z  INFO tailwindcss_oxide::scanner: Reading "/home/afdal/Laboratorium/PROJECT/extensionadminaksent/ionic.starter.json"
2026-02-16T08:46:54.918059Z  INFO tailwindcss_oxide::scanner: Reading "/home/afdal/Laboratorium/PROJECT/extensionadminaksent/android/app/build.gradle"
2026-02-16T08:46:54.918221Z  INFO tailwindcss_oxide::scanner: Reading "/home/afdal/Laboratorium/PROJECT/extensionadminaksent/android/app/src/main/res/values/ic_launcher_background.xml"
2026-02-16T08:46:54.918253Z  INFO tailwindcss_oxide::scanner: Reading "/home/afdal/Laboratorium/PROJECT/extensionadminaksent/android/app/proguard-rules.pro"
2026-02-16T08:46:54.918293Z  INFO tailwindcss_oxide::scanner: Reading "/home/afdal/Laboratorium/PROJECT/extensionadminaksent/android/app/capacitor.build.gradle"
2026-02-16T08:46:54.918319Z  INFO tailwindcss_oxide::scanner: Reading "/home/afdal/Laboratorium/PROJECT/extensionadminaksent/android/gradle.properties"
2026-02-16T08:46:54.918347Z  INFO tailwindcss_oxide::scanner: Reading "/home/afdal/Laboratorium/PROJECT/extensionadminaksent/android/gradlew"
2026-02-16T08:46:54.918373Z  INFO tailwindcss_oxide::scanner: Reading "/home/afdal/Laboratorium/PROJECT/extensionadminaksent/vite.config.ts"
2026-02-16T08:46:54.918423Z  INFO tailwindcss_oxide::scanner: Reading "/home/afdal/Laboratorium/PROJECT/extensionadminaksent/tsconfig.node.json"
2026-02-16T08:46:54.918424Z  INFO tailwindcss_oxide::scanner: Reading "/home/afdal/Laboratorium/PROJECT/extensionadminaksent/android/app/src/main/res/values/styles.xml"
2026-02-16T08:46:54.918497Z  INFO tailwindcss_oxide::scanner: Reading "/home/afdal/Laboratorium/PROJECT/extensionadminaksent/android/app/src/main/res/drawable/ic_launcher_background.xml"
2026-02-16T08:46:54.918590Z  INFO tailwindcss_oxide::scanner: Reading "/home/afdal/Laboratorium/PROJECT/extensionadminaksent/android/app/src/androidTest/java/com/getcapacitor/myapp/ExampleInstrumentedTest.java"
2026-02-16T08:46:54.918600Z  INFO tailwindcss_oxide::scanner: Reading "/home/afdal/Laboratorium/PROJECT/extensionadminaksent/android/app/src/main/java/io/ionic/starter/MainActivity.java"
2026-02-16T08:46:54.918655Z  INFO tailwindcss_oxide::scanner: Reading "/home/afdal/Laboratorium/PROJECT/extensionadminaksent/android/app/src/main/AndroidManifest.xml"
2026-02-16T08:46:54.918684Z  INFO tailwindcss_oxide::scanner: Reading "/home/afdal/Laboratorium/PROJECT/extensionadminaksent/android/app/src/main/res/layout/activity_main.xml"
2026-02-16T08:46:54.918836Z  INFO tailwindcss_oxide::scanner: Reading "/home/afdal/Laboratorium/PROJECT/extensionadminaksent/android/app/src/main/res/mipmap-anydpi-v26/ic_launcher.xml"
2026-02-16T08:46:54.918845Z  INFO tailwindcss_oxide::scanner: Reading "/home/afdal/Laboratorium/PROJECT/extensionadminaksent/android/app/src/main/res/mipmap-anydpi-v26/ic_launcher_round.xml"
2026-02-16T08:46:54.918871Z  INFO tailwindcss_oxide::scanner: Reading "/home/afdal/Laboratorium/PROJECT/extensionadminaksent/readme.md"
2026-02-16T08:46:54.918899Z  INFO tailwindcss_oxide::scanner: Reading "/home/afdal/Laboratorium/PROJECT/extensionadminaksent/android/app/src/test/java/com/getcapacitor/myapp/ExampleUnitTest.java"
2026-02-16T08:46:54.923436Z  INFO extract_candidates:read_all_files: tailwindcss_oxide::scanner: exit
2026-02-16T08:46:54.923492Z  INFO extract_candidates:parse_all_blobs: tailwindcss_oxide::scanner: enter
2026-02-16T08:46:54.923505Z  INFO extract_candidates:parse_all_blobs:extract: tailwindcss_oxide::scanner: enter
2026-02-16T08:46:54.945888Z  INFO extract_candidates:parse_all_blobs:extract: tailwindcss_oxide::scanner: exit
2026-02-16T08:46:54.945956Z  INFO extract_candidates:parse_all_blobs: tailwindcss_oxide::scanner: exit
2026-02-16T08:46:54.945973Z  INFO extract_candidates:read_all_files: tailwindcss_oxide::scanner: enter
2026-02-16T08:46:54.945982Z  INFO extract_candidates:read_all_files: tailwindcss_oxide::scanner: Reading 4 file(s)
2026-02-16T08:46:54.949230Z  INFO tailwindcss_oxide::scanner: Reading "/home/afdal/Laboratorium/PROJECT/extensionadminaksent/src/theme/global.css"
2026-02-16T08:46:54.949298Z  INFO tailwindcss_oxide::scanner: Reading "/home/afdal/Laboratorium/PROJECT/extensionadminaksent/src/pages/Home/Home.css"
2026-02-16T08:46:54.949323Z  INFO tailwindcss_oxide::scanner: Reading "/home/afdal/Laboratorium/PROJECT/extensionadminaksent/src/theme/variables.css"
2026-02-16T08:46:54.949343Z  INFO tailwindcss_oxide::scanner: Reading "/home/afdal/Laboratorium/PROJECT/extensionadminaksent/src/components/ExploreContainer.css"
2026-02-16T08:46:54.949403Z  INFO extract_candidates:read_all_files: tailwindcss_oxide::scanner: exit
2026-02-16T08:46:54.949419Z  INFO extract_candidates:extract_css_variables: tailwindcss_oxide::scanner: enter
2026-02-16T08:46:54.949427Z  INFO extract_candidates:extract_css_variables:extract: tailwindcss_oxide::scanner: enter
2026-02-16T08:46:54.949490Z  INFO extract_candidates:extract_css_variables:extract: tailwindcss_oxide::scanner: exit
2026-02-16T08:46:54.949502Z  INFO extract_candidates:extract_css_variables: tailwindcss_oxide::scanner: exit
2026-02-16T08:46:54.952071Z  INFO extract_candidates: tailwindcss_oxide::scanner: exit
2026-02-16T08:46:54.954734Z  INFO get_files: tailwindcss_oxide::scanner: enter
2026-02-16T08:46:54.954790Z  INFO get_files:scan_sources: tailwindcss_oxide::scanner: enter
2026-02-16T08:46:54.965318Z  INFO get_files:scan_sources: tailwindcss_oxide::scanner: Discovering "/home/afdal/Laboratorium/PROJECT/extensionadminaksent/cypress"
2026-02-16T08:46:54.965439Z  INFO get_files:scan_sources: tailwindcss_oxide::scanner: Discovering "/home/afdal/Laboratorium/PROJECT/extensionadminaksent/cypress/fixtures"
2026-02-16T08:46:54.965542Z  INFO get_files:scan_sources: tailwindcss_oxide::scanner: Discovering "/home/afdal/Laboratorium/PROJECT/extensionadminaksent/cypress/e2e"
2026-02-16T08:46:54.965643Z  INFO get_files:scan_sources: tailwindcss_oxide::scanner: Discovering "/home/afdal/Laboratorium/PROJECT/extensionadminaksent/cypress/support"
2026-02-16T08:46:54.965779Z  INFO get_files:scan_sources: tailwindcss_oxide::scanner: Discovering "/home/afdal/Laboratorium/PROJECT/extensionadminaksent/.vscode"
2026-02-16T08:46:54.965936Z  INFO get_files:scan_sources: tailwindcss_oxide::scanner: Discovering "/home/afdal/Laboratorium/PROJECT/extensionadminaksent/src"
2026-02-16T08:46:54.966010Z  INFO get_files:scan_sources: tailwindcss_oxide::scanner: Discovering "/home/afdal/Laboratorium/PROJECT/extensionadminaksent/src/components"
2026-02-16T08:46:54.966137Z  INFO get_files:scan_sources: tailwindcss_oxide::scanner: Discovering "/home/afdal/Laboratorium/PROJECT/extensionadminaksent/src/theme"
2026-02-16T08:46:54.972487Z  INFO get_files:scan_sources: tailwindcss_oxide::scanner: Discovering "/home/afdal/Laboratorium/PROJECT/extensionadminaksent/src/pages"
2026-02-16T08:46:54.972603Z  INFO get_files:scan_sources: tailwindcss_oxide::scanner: Discovering "/home/afdal/Laboratorium/PROJECT/extensionadminaksent/src/pages/Home"
2026-02-16T08:46:54.974456Z  INFO get_files:scan_sources: tailwindcss_oxide::scanner: Discovering "/home/afdal/Laboratorium/PROJECT/extensionadminaksent/src/pages/Unpaid"
2026-02-16T08:46:54.974604Z  INFO get_files:scan_sources: tailwindcss_oxide::scanner: Discovering "/home/afdal/Laboratorium/PROJECT/extensionadminaksent/src/pages/Payment"
2026-02-16T08:46:54.974870Z  INFO get_files:scan_sources: tailwindcss_oxide::scanner: Discovering "/home/afdal/Laboratorium/PROJECT/extensionadminaksent/public"
2026-02-16T08:46:54.978939Z  INFO get_files:scan_sources: tailwindcss_oxide::scanner: Discovering "/home/afdal/Laboratorium/PROJECT/extensionadminaksent/android"
2026-02-16T08:46:54.979435Z  INFO get_files:scan_sources: tailwindcss_oxide::scanner: Discovering "/home/afdal/Laboratorium/PROJECT/extensionadminaksent/android/.kotlin"
2026-02-16T08:46:54.979539Z  INFO get_files:scan_sources: tailwindcss_oxide::scanner: Discovering "/home/afdal/Laboratorium/PROJECT/extensionadminaksent/android/.kotlin/sessions"
2026-02-16T08:46:54.979789Z  INFO get_files:scan_sources: tailwindcss_oxide::scanner: Discovering "/home/afdal/Laboratorium/PROJECT/extensionadminaksent/android/gradle"
2026-02-16T08:46:54.979870Z  INFO get_files:scan_sources: tailwindcss_oxide::scanner: Discovering "/home/afdal/Laboratorium/PROJECT/extensionadminaksent/android/gradle/wrapper"
2026-02-16T08:46:54.979993Z  INFO get_files:scan_sources: tailwindcss_oxide::scanner: Discovering "/home/afdal/Laboratorium/PROJECT/extensionadminaksent/android/app"
2026-02-16T08:46:54.980204Z  INFO get_files:scan_sources: tailwindcss_oxide::scanner: Discovering "/home/afdal/Laboratorium/PROJECT/extensionadminaksent/android/app/src"
2026-02-16T08:46:54.980298Z  INFO get_files:scan_sources: tailwindcss_oxide::scanner: Discovering "/home/afdal/Laboratorium/PROJECT/extensionadminaksent/android/app/src/main"
2026-02-16T08:46:54.980401Z  INFO get_files:scan_sources: tailwindcss_oxide::scanner: Discovering "/home/afdal/Laboratorium/PROJECT/extensionadminaksent/android/app/src/main/res"
2026-02-16T08:46:54.980480Z  INFO get_files:scan_sources: tailwindcss_oxide::scanner: Discovering "/home/afdal/Laboratorium/PROJECT/extensionadminaksent/android/app/src/main/res/drawable-land-xhdpi"
2026-02-16T08:46:54.980564Z  INFO get_files:scan_sources: tailwindcss_oxide::scanner: Discovering "/home/afdal/Laboratorium/PROJECT/extensionadminaksent/android/app/src/main/res/drawable-land-xxhdpi"
2026-02-16T08:46:54.984279Z  INFO get_files:scan_sources: tailwindcss_oxide::scanner: Discovering "/home/afdal/Laboratorium/PROJECT/extensionadminaksent/android/app/src/main/res/drawable-v24"
2026-02-16T08:46:54.984479Z  INFO get_files:scan_sources: tailwindcss_oxide::scanner: Discovering "/home/afdal/Laboratorium/PROJECT/extensionadminaksent/android/app/src/main/res/drawable-port-xxxhdpi"
2026-02-16T08:46:54.984573Z  INFO get_files:scan_sources: tailwindcss_oxide::scanner: Discovering "/home/afdal/Laboratorium/PROJECT/extensionadminaksent/android/app/src/main/res/drawable-land-xxxhdpi"
2026-02-16T08:46:54.984678Z  INFO get_files:scan_sources: tailwindcss_oxide::scanner: Discovering "/home/afdal/Laboratorium/PROJECT/extensionadminaksent/android/app/src/main/res/drawable-port-xxhdpi"
2026-02-16T08:46:54.984757Z  INFO get_files:scan_sources: tailwindcss_oxide::scanner: Discovering "/home/afdal/Laboratorium/PROJECT/extensionadminaksent/android/app/src/main/res/mipmap-hdpi"
2026-02-16T08:46:54.984845Z  INFO get_files:scan_sources: tailwindcss_oxide::scanner: Discovering "/home/afdal/Laboratorium/PROJECT/extensionadminaksent/android/app/src/main/res/drawable-land-hdpi"
2026-02-16T08:46:54.984928Z  INFO get_files:scan_sources: tailwindcss_oxide::scanner: Discovering "/home/afdal/Laboratorium/PROJECT/extensionadminaksent/android/app/src/main/res/xml"
2026-02-16T08:46:54.986526Z  INFO get_files:scan_sources: tailwindcss_oxide::scanner: Discovering "/home/afdal/Laboratorium/PROJECT/extensionadminaksent/android/app/src/main/res/mipmap-xhdpi"
2026-02-16T08:46:54.986675Z  INFO get_files:scan_sources: tailwindcss_oxide::scanner: Discovering "/home/afdal/Laboratorium/PROJECT/extensionadminaksent/android/app/src/main/res/drawable-land-mdpi"
2026-02-16T08:46:54.986761Z  INFO get_files:scan_sources: tailwindcss_oxide::scanner: Discovering "/home/afdal/Laboratorium/PROJECT/extensionadminaksent/android/app/src/main/res/drawable-port-hdpi"
2026-02-16T08:46:54.986845Z  INFO get_files:scan_sources: tailwindcss_oxide::scanner: Discovering "/home/afdal/Laboratorium/PROJECT/extensionadminaksent/android/app/src/main/res/mipmap-xxhdpi"
2026-02-16T08:46:54.986937Z  INFO get_files:scan_sources: tailwindcss_oxide::scanner: Discovering "/home/afdal/Laboratorium/PROJECT/extensionadminaksent/android/app/src/main/res/mipmap-mdpi"
2026-02-16T08:46:54.987027Z  INFO get_files:scan_sources: tailwindcss_oxide::scanner: Discovering "/home/afdal/Laboratorium/PROJECT/extensionadminaksent/android/app/src/main/res/drawable"
2026-02-16T08:46:54.987128Z  INFO get_files:scan_sources: tailwindcss_oxide::scanner: Discovering "/home/afdal/Laboratorium/PROJECT/extensionadminaksent/android/app/src/main/res/drawable-port-xhdpi"
2026-02-16T08:46:54.987212Z  INFO get_files:scan_sources: tailwindcss_oxide::scanner: Discovering "/home/afdal/Laboratorium/PROJECT/extensionadminaksent/android/app/src/main/res/mipmap-xxxhdpi"
2026-02-16T08:46:54.987302Z  INFO get_files:scan_sources: tailwindcss_oxide::scanner: Discovering "/home/afdal/Laboratorium/PROJECT/extensionadminaksent/android/app/src/main/res/layout"
2026-02-16T08:46:54.987390Z  INFO get_files:scan_sources: tailwindcss_oxide::scanner: Discovering "/home/afdal/Laboratorium/PROJECT/extensionadminaksent/android/app/src/main/res/mipmap-anydpi-v26"
2026-02-16T08:46:54.991518Z  INFO get_files:scan_sources: tailwindcss_oxide::scanner: Discovering "/home/afdal/Laboratorium/PROJECT/extensionadminaksent/android/app/src/main/res/drawable-port-mdpi"
2026-02-16T08:46:54.991617Z  INFO get_files:scan_sources: tailwindcss_oxide::scanner: Discovering "/home/afdal/Laboratorium/PROJECT/extensionadminaksent/android/app/src/main/res/values"
2026-02-16T08:46:54.991758Z  INFO get_files:scan_sources: tailwindcss_oxide::scanner: Discovering "/home/afdal/Laboratorium/PROJECT/extensionadminaksent/android/app/src/main/java"
2026-02-16T08:46:54.991829Z  INFO get_files:scan_sources: tailwindcss_oxide::scanner: Discovering "/home/afdal/Laboratorium/PROJECT/extensionadminaksent/android/app/src/main/java/io"
2026-02-16T08:46:54.993382Z  INFO get_files:scan_sources: tailwindcss_oxide::scanner: Discovering "/home/afdal/Laboratorium/PROJECT/extensionadminaksent/android/app/src/main/java/io/ionic"
2026-02-16T08:46:54.993850Z  INFO get_files:scan_sources: tailwindcss_oxide::scanner: Discovering "/home/afdal/Laboratorium/PROJECT/extensionadminaksent/android/app/src/main/java/io/ionic/starter"
2026-02-16T08:46:54.994175Z  INFO get_files:scan_sources: tailwindcss_oxide::scanner: Discovering "/home/afdal/Laboratorium/PROJECT/extensionadminaksent/android/app/src/main/assets"
2026-02-16T08:46:54.995203Z  INFO get_files:scan_sources: tailwindcss_oxide::scanner: Discovering "/home/afdal/Laboratorium/PROJECT/extensionadminaksent/android/app/src/androidTest"
2026-02-16T08:46:54.996572Z  INFO get_files:scan_sources: tailwindcss_oxide::scanner: Discovering "/home/afdal/Laboratorium/PROJECT/extensionadminaksent/android/app/src/androidTest/java"
2026-02-16T08:46:54.996905Z  INFO get_files:scan_sources: tailwindcss_oxide::scanner: Discovering "/home/afdal/Laboratorium/PROJECT/extensionadminaksent/android/app/src/androidTest/java/com"
2026-02-16T08:46:55.000247Z  INFO get_files:scan_sources: tailwindcss_oxide::scanner: Discovering "/home/afdal/Laboratorium/PROJECT/extensionadminaksent/android/app/src/androidTest/java/com/getcapacitor"
2026-02-16T08:46:55.000373Z  INFO get_files:scan_sources: tailwindcss_oxide::scanner: Discovering "/home/afdal/Laboratorium/PROJECT/extensionadminaksent/android/app/src/androidTest/java/com/getcapacitor/myapp"
2026-02-16T08:46:55.000510Z  INFO get_files:scan_sources: tailwindcss_oxide::scanner: Discovering "/home/afdal/Laboratorium/PROJECT/extensionadminaksent/android/app/src/test"
2026-02-16T08:46:55.000574Z  INFO get_files:scan_sources: tailwindcss_oxide::scanner: Discovering "/home/afdal/Laboratorium/PROJECT/extensionadminaksent/android/app/src/test/java"
2026-02-16T08:46:55.000633Z  INFO get_files:scan_sources: tailwindcss_oxide::scanner: Discovering "/home/afdal/Laboratorium/PROJECT/extensionadminaksent/android/app/src/test/java/com"
2026-02-16T08:46:55.000697Z  INFO get_files:scan_sources: tailwindcss_oxide::scanner: Discovering "/home/afdal/Laboratorium/PROJECT/extensionadminaksent/android/app/src/test/java/com/getcapacitor"
2026-02-16T08:46:55.000766Z  INFO get_files:scan_sources: tailwindcss_oxide::scanner: Discovering "/home/afdal/Laboratorium/PROJECT/extensionadminaksent/android/app/src/test/java/com/getcapacitor/myapp"
2026-02-16T08:46:55.001344Z  INFO get_files:scan_sources: tailwindcss_oxide::scanner: exit
2026-02-16T08:46:55.005502Z  INFO get_files: tailwindcss_oxide::scanner: exit
2026-02-16T08:46:55.006476Z  INFO get_globs: tailwindcss_oxide::scanner: enter
2026-02-16T08:46:55.006683Z  INFO get_globs:scan_sources: tailwindcss_oxide::scanner: enter
2026-02-16T08:46:55.009295Z  INFO get_globs:scan_sources: tailwindcss_oxide::scanner: Discovering "/home/afdal/Laboratorium/PROJECT/extensionadminaksent/cypress"
2026-02-16T08:46:55.012249Z  INFO get_globs:scan_sources: tailwindcss_oxide::scanner: Discovering "/home/afdal/Laboratorium/PROJECT/extensionadminaksent/cypress/fixtures"
2026-02-16T08:46:55.012386Z  INFO get_globs:scan_sources: tailwindcss_oxide::scanner: Discovering "/home/afdal/Laboratorium/PROJECT/extensionadminaksent/cypress/e2e"
2026-02-16T08:46:55.012501Z  INFO get_globs:scan_sources: tailwindcss_oxide::scanner: Discovering "/home/afdal/Laboratorium/PROJECT/extensionadminaksent/cypress/support"
2026-02-16T08:46:55.012621Z  INFO get_globs:scan_sources: tailwindcss_oxide::scanner: Discovering "/home/afdal/Laboratorium/PROJECT/extensionadminaksent/.vscode"
2026-02-16T08:46:55.012762Z  INFO get_globs:scan_sources: tailwindcss_oxide::scanner: Discovering "/home/afdal/Laboratorium/PROJECT/extensionadminaksent/src"
2026-02-16T08:46:55.012834Z  INFO get_globs:scan_sources: tailwindcss_oxide::scanner: Discovering "/home/afdal/Laboratorium/PROJECT/extensionadminaksent/src/components"
2026-02-16T08:46:55.012938Z  INFO get_globs:scan_sources: tailwindcss_oxide::scanner: Discovering "/home/afdal/Laboratorium/PROJECT/extensionadminaksent/src/theme"
2026-02-16T08:46:55.013127Z  INFO get_globs:scan_sources: tailwindcss_oxide::scanner: Discovering "/home/afdal/Laboratorium/PROJECT/extensionadminaksent/src/pages"
2026-02-16T08:46:55.013202Z  INFO get_globs:scan_sources: tailwindcss_oxide::scanner: Discovering "/home/afdal/Laboratorium/PROJECT/extensionadminaksent/src/pages/Home"
2026-02-16T08:46:55.013294Z  INFO get_globs:scan_sources: tailwindcss_oxide::scanner: Discovering "/home/afdal/Laboratorium/PROJECT/extensionadminaksent/src/pages/Unpaid"
2026-02-16T08:46:55.013440Z  INFO get_globs:scan_sources: tailwindcss_oxide::scanner: Discovering "/home/afdal/Laboratorium/PROJECT/extensionadminaksent/src/pages/Payment"
2026-02-16T08:46:55.013706Z  INFO get_globs:scan_sources: tailwindcss_oxide::scanner: Discovering "/home/afdal/Laboratorium/PROJECT/extensionadminaksent/public"
2026-02-16T08:46:55.013938Z  INFO get_globs:scan_sources: tailwindcss_oxide::scanner: Discovering "/home/afdal/Laboratorium/PROJECT/extensionadminaksent/android"
2026-02-16T08:46:55.021034Z  INFO get_globs:scan_sources: tailwindcss_oxide::scanner: Discovering "/home/afdal/Laboratorium/PROJECT/extensionadminaksent/android/.kotlin"
2026-02-16T08:46:55.021348Z  INFO get_globs:scan_sources: tailwindcss_oxide::scanner: Discovering "/home/afdal/Laboratorium/PROJECT/extensionadminaksent/android/.kotlin/sessions"
2026-02-16T08:46:55.021894Z  INFO get_globs:scan_sources: tailwindcss_oxide::scanner: Discovering "/home/afdal/Laboratorium/PROJECT/extensionadminaksent/android/gradle"
2026-02-16T08:46:55.023356Z  INFO get_globs:scan_sources: tailwindcss_oxide::scanner: Discovering "/home/afdal/Laboratorium/PROJECT/extensionadminaksent/android/gradle/wrapper"
2026-02-16T08:46:55.024546Z  INFO get_globs:scan_sources: tailwindcss_oxide::scanner: Discovering "/home/afdal/Laboratorium/PROJECT/extensionadminaksent/android/app"
2026-02-16T08:46:55.027425Z  INFO get_globs:scan_sources: tailwindcss_oxide::scanner: Discovering "/home/afdal/Laboratorium/PROJECT/extensionadminaksent/android/app/src"
2026-02-16T08:46:55.027556Z  INFO get_globs:scan_sources: tailwindcss_oxide::scanner: Discovering "/home/afdal/Laboratorium/PROJECT/extensionadminaksent/android/app/src/main"
2026-02-16T08:46:55.027671Z  INFO get_globs:scan_sources: tailwindcss_oxide::scanner: Discovering "/home/afdal/Laboratorium/PROJECT/extensionadminaksent/android/app/src/main/res"
2026-02-16T08:46:55.027754Z  INFO get_globs:scan_sources: tailwindcss_oxide::scanner: Discovering "/home/afdal/Laboratorium/PROJECT/extensionadminaksent/android/app/src/main/res/drawable-land-xhdpi"
2026-02-16T08:46:55.027864Z  INFO get_globs:scan_sources: tailwindcss_oxide::scanner: Discovering "/home/afdal/Laboratorium/PROJECT/extensionadminaksent/android/app/src/main/res/drawable-land-xxhdpi"
2026-02-16T08:46:55.027948Z  INFO get_globs:scan_sources: tailwindcss_oxide::scanner: Discovering "/home/afdal/Laboratorium/PROJECT/extensionadminaksent/android/app/src/main/res/drawable-v24"
2026-02-16T08:46:55.028046Z  INFO get_globs:scan_sources: tailwindcss_oxide::scanner: Discovering "/home/afdal/Laboratorium/PROJECT/extensionadminaksent/android/app/src/main/res/drawable-port-xxxhdpi"
2026-02-16T08:46:55.028139Z  INFO get_globs:scan_sources: tailwindcss_oxide::scanner: Discovering "/home/afdal/Laboratorium/PROJECT/extensionadminaksent/android/app/src/main/res/drawable-land-xxxhdpi"
2026-02-16T08:46:55.028228Z  INFO get_globs:scan_sources: tailwindcss_oxide::scanner: Discovering "/home/afdal/Laboratorium/PROJECT/extensionadminaksent/android/app/src/main/res/drawable-port-xxhdpi"
2026-02-16T08:46:55.028308Z  INFO get_globs:scan_sources: tailwindcss_oxide::scanner: Discovering "/home/afdal/Laboratorium/PROJECT/extensionadminaksent/android/app/src/main/res/mipmap-hdpi"
2026-02-16T08:46:55.028394Z  INFO get_globs:scan_sources: tailwindcss_oxide::scanner: Discovering "/home/afdal/Laboratorium/PROJECT/extensionadminaksent/android/app/src/main/res/drawable-land-hdpi"
2026-02-16T08:46:55.028473Z  INFO get_globs:scan_sources: tailwindcss_oxide::scanner: Discovering "/home/afdal/Laboratorium/PROJECT/extensionadminaksent/android/app/src/main/res/xml"
2026-02-16T08:46:55.028572Z  INFO get_globs:scan_sources: tailwindcss_oxide::scanner: Discovering "/home/afdal/Laboratorium/PROJECT/extensionadminaksent/android/app/src/main/res/mipmap-xhdpi"
2026-02-16T08:46:55.028660Z  INFO get_globs:scan_sources: tailwindcss_oxide::scanner: Discovering "/home/afdal/Laboratorium/PROJECT/extensionadminaksent/android/app/src/main/res/drawable-land-mdpi"
2026-02-16T08:46:55.028741Z  INFO get_globs:scan_sources: tailwindcss_oxide::scanner: Discovering "/home/afdal/Laboratorium/PROJECT/extensionadminaksent/android/app/src/main/res/drawable-port-hdpi"
2026-02-16T08:46:55.028838Z  INFO get_globs:scan_sources: tailwindcss_oxide::scanner: Discovering "/home/afdal/Laboratorium/PROJECT/extensionadminaksent/android/app/src/main/res/mipmap-xxhdpi"
2026-02-16T08:46:55.028930Z  INFO get_globs:scan_sources: tailwindcss_oxide::scanner: Discovering "/home/afdal/Laboratorium/PROJECT/extensionadminaksent/android/app/src/main/res/mipmap-mdpi"
2026-02-16T08:46:55.029011Z  INFO get_globs:scan_sources: tailwindcss_oxide::scanner: Discovering "/home/afdal/Laboratorium/PROJECT/extensionadminaksent/android/app/src/main/res/drawable"
2026-02-16T08:46:55.034856Z  INFO get_globs:scan_sources: tailwindcss_oxide::scanner: Discovering "/home/afdal/Laboratorium/PROJECT/extensionadminaksent/android/app/src/main/res/drawable-port-xhdpi"
2026-02-16T08:46:55.035224Z  INFO get_globs:scan_sources: tailwindcss_oxide::scanner: Discovering "/home/afdal/Laboratorium/PROJECT/extensionadminaksent/android/app/src/main/res/mipmap-xxxhdpi"
2026-02-16T08:46:55.036042Z  INFO get_globs:scan_sources: tailwindcss_oxide::scanner: Discovering "/home/afdal/Laboratorium/PROJECT/extensionadminaksent/android/app/src/main/res/layout"
2026-02-16T08:46:55.038577Z  INFO get_globs:scan_sources: tailwindcss_oxide::scanner: Discovering "/home/afdal/Laboratorium/PROJECT/extensionadminaksent/android/app/src/main/res/mipmap-anydpi-v26"
2026-02-16T08:46:55.041626Z  INFO get_globs:scan_sources: tailwindcss_oxide::scanner: Discovering "/home/afdal/Laboratorium/PROJECT/extensionadminaksent/android/app/src/main/res/drawable-port-mdpi"
2026-02-16T08:46:55.042040Z  INFO get_globs:scan_sources: tailwindcss_oxide::scanner: Discovering "/home/afdal/Laboratorium/PROJECT/extensionadminaksent/android/app/src/main/res/values"
2026-02-16T08:46:55.042350Z  INFO get_globs:scan_sources: tailwindcss_oxide::scanner: Discovering "/home/afdal/Laboratorium/PROJECT/extensionadminaksent/android/app/src/main/java"
2026-02-16T08:46:55.042738Z  INFO get_globs:scan_sources: tailwindcss_oxide::scanner: Discovering "/home/afdal/Laboratorium/PROJECT/extensionadminaksent/android/app/src/main/java/io"
2026-02-16T08:46:55.043130Z  INFO get_globs:scan_sources: tailwindcss_oxide::scanner: Discovering "/home/afdal/Laboratorium/PROJECT/extensionadminaksent/android/app/src/main/java/io/ionic"
2026-02-16T08:46:55.044186Z  INFO get_globs:scan_sources: tailwindcss_oxide::scanner: Discovering "/home/afdal/Laboratorium/PROJECT/extensionadminaksent/android/app/src/main/java/io/ionic/starter"
2026-02-16T08:46:55.047335Z  INFO get_globs:scan_sources: tailwindcss_oxide::scanner: Discovering "/home/afdal/Laboratorium/PROJECT/extensionadminaksent/android/app/src/main/assets"
2026-02-16T08:46:55.047754Z  INFO get_globs:scan_sources: tailwindcss_oxide::scanner: Discovering "/home/afdal/Laboratorium/PROJECT/extensionadminaksent/android/app/src/androidTest"
2026-02-16T08:46:55.047981Z  INFO get_globs:scan_sources: tailwindcss_oxide::scanner: Discovering "/home/afdal/Laboratorium/PROJECT/extensionadminaksent/android/app/src/androidTest/java"
2026-02-16T08:46:55.048442Z  INFO get_globs:scan_sources: tailwindcss_oxide::scanner: Discovering "/home/afdal/Laboratorium/PROJECT/extensionadminaksent/android/app/src/androidTest/java/com"
2026-02-16T08:46:55.050683Z  INFO get_globs:scan_sources: tailwindcss_oxide::scanner: Discovering "/home/afdal/Laboratorium/PROJECT/extensionadminaksent/android/app/src/androidTest/java/com/getcapacitor"
2026-02-16T08:46:55.051042Z  INFO get_globs:scan_sources: tailwindcss_oxide::scanner: Discovering "/home/afdal/Laboratorium/PROJECT/extensionadminaksent/android/app/src/androidTest/java/com/getcapacitor/myapp"
2026-02-16T08:46:55.051201Z  INFO get_globs:scan_sources: tailwindcss_oxide::scanner: Discovering "/home/afdal/Laboratorium/PROJECT/extensionadminaksent/android/app/src/test"
2026-02-16T08:46:55.051277Z  INFO get_globs:scan_sources: tailwindcss_oxide::scanner: Discovering "/home/afdal/Laboratorium/PROJECT/extensionadminaksent/android/app/src/test/java"
2026-02-16T08:46:55.051356Z  INFO get_globs:scan_sources: tailwindcss_oxide::scanner: Discovering "/home/afdal/Laboratorium/PROJECT/extensionadminaksent/android/app/src/test/java/com"
2026-02-16T08:46:55.051419Z  INFO get_globs:scan_sources: tailwindcss_oxide::scanner: Discovering "/home/afdal/Laboratorium/PROJECT/extensionadminaksent/android/app/src/test/java/com/getcapacitor"
2026-02-16T08:46:55.051482Z  INFO get_globs:scan_sources: tailwindcss_oxide::scanner: Discovering "/home/afdal/Laboratorium/PROJECT/extensionadminaksent/android/app/src/test/java/com/getcapacitor/myapp"
2026-02-16T08:46:55.052173Z  INFO get_globs:scan_sources: tailwindcss_oxide::scanner: exit
2026-02-16T08:46:55.123856Z  INFO get_globs: tailwindcss_oxide::scanner: exit
2026-02-16T08:46:55.353077Z  INFO tailwindcss_oxide::scanner: Provided sources:
2026-02-16T08:46:55.353935Z  INFO tailwindcss_oxide::scanner: Source: PublicSourceEntry { base: "/home/afdal/Laboratorium/PROJECT/extensionadminaksent", pattern: "**/*", negated: false }
2026-02-16T08:46:55.354128Z  INFO tailwindcss_oxide::scanner: Optimized sources:
2026-02-16T08:46:55.354240Z  INFO tailwindcss_oxide::scanner: Source: Auto { base: "/home/afdal/Laboratorium/PROJECT/extensionadminaksent" }
2026-02-16T08:46:55.368771Z  INFO tailwindcss_oxide::scanner: Provided sources:
2026-02-16T08:46:55.369502Z  INFO tailwindcss_oxide::scanner: Source: PublicSourceEntry { base: "/home/afdal/Laboratorium/PROJECT/extensionadminaksent", pattern: "**/*", negated: false }
2026-02-16T08:46:55.369727Z  INFO tailwindcss_oxide::scanner: Optimized sources:
2026-02-16T08:46:55.369849Z  INFO tailwindcss_oxide::scanner: Source: Auto { base: "/home/afdal/Laboratorium/PROJECT/extensionadminaksent" }
2026-02-16T08:46:55.390835Z  INFO tailwindcss_oxide::scanner: Provided sources:
2026-02-16T08:46:55.391194Z  INFO tailwindcss_oxide::scanner: Source: PublicSourceEntry { base: "/home/afdal/Laboratorium/PROJECT/extensionadminaksent", pattern: "**/*", negated: false }
2026-02-16T08:46:55.391383Z  INFO tailwindcss_oxide::scanner: Optimized sources:
2026-02-16T08:46:55.391806Z  INFO tailwindcss_oxide::scanner: Source: Auto { base: "/home/afdal/Laboratorium/PROJECT/extensionadminaksent" }
2026-02-16T08:46:55.400714Z  INFO tailwindcss_oxide::scanner: Provided sources:
2026-02-16T08:46:55.400979Z  INFO tailwindcss_oxide::scanner: Source: PublicSourceEntry { base: "/home/afdal/Laboratorium/PROJECT/extensionadminaksent", pattern: "**/*", negated: false }
2026-02-16T08:46:55.401032Z  INFO tailwindcss_oxide::scanner: Optimized sources:
2026-02-16T08:46:55.401040Z  INFO tailwindcss_oxide::scanner: Source: Auto { base: "/home/afdal/Laboratorium/PROJECT/extensionadminaksent" }
2026-02-16T08:46:55.410303Z  INFO tailwindcss_oxide::scanner: Provided sources:
2026-02-16T08:46:55.410617Z  INFO tailwindcss_oxide::scanner: Source: PublicSourceEntry { base: "/home/afdal/Laboratorium/PROJECT/extensionadminaksent", pattern: "**/*", negated: false }
2026-02-16T08:46:55.411413Z  INFO tailwindcss_oxide::scanner: Optimized sources:
2026-02-16T08:46:55.411583Z  INFO tailwindcss_oxide::scanner: Source: Auto { base: "/home/afdal/Laboratorium/PROJECT/extensionadminaksent" }
2026-02-16T08:46:55.420090Z  INFO tailwindcss_oxide::scanner: Provided sources:
2026-02-16T08:46:55.421567Z  INFO tailwindcss_oxide::scanner: Source: PublicSourceEntry { base: "/home/afdal/Laboratorium/PROJECT/extensionadminaksent", pattern: "**/*", negated: false }
2026-02-16T08:46:55.421658Z  INFO tailwindcss_oxide::scanner: Optimized sources:
2026-02-16T08:46:55.421670Z  INFO tailwindcss_oxide::scanner: Source: Auto { base: "/home/afdal/Laboratorium/PROJECT/extensionadminaksent" }
2026-02-16T08:46:55.428741Z  INFO tailwindcss_oxide::scanner: Provided sources:
2026-02-16T08:46:55.428786Z  INFO tailwindcss_oxide::scanner: Source: PublicSourceEntry { base: "/home/afdal/Laboratorium/PROJECT/extensionadminaksent", pattern: "**/*", negated: false }
2026-02-16T08:46:55.428835Z  INFO tailwindcss_oxide::scanner: Optimized sources:
2026-02-16T08:46:55.428849Z  INFO tailwindcss_oxide::scanner: Source: Auto { base: "/home/afdal/Laboratorium/PROJECT/extensionadminaksent" }
2026-02-16T08:46:55.467635Z  INFO tailwindcss_oxide::scanner: Provided sources:
2026-02-16T08:46:55.467711Z  INFO tailwindcss_oxide::scanner: Source: PublicSourceEntry { base: "/home/afdal/Laboratorium/PROJECT/extensionadminaksent", pattern: "**/*", negated: false }
2026-02-16T08:46:55.467763Z  INFO tailwindcss_oxide::scanner: Optimized sources:
2026-02-16T08:46:55.467775Z  INFO tailwindcss_oxide::scanner: Source: Auto { base: "/home/afdal/Laboratorium/PROJECT/extensionadminaksent" }
2026-02-16T08:46:55.478533Z  INFO tailwindcss_oxide::scanner: Provided sources:
2026-02-16T08:46:55.479181Z  INFO tailwindcss_oxide::scanner: Source: PublicSourceEntry { base: "/home/afdal/Laboratorium/PROJECT/extensionadminaksent", pattern: "**/*", negated: false }
2026-02-16T08:46:55.479481Z  INFO tailwindcss_oxide::scanner: Optimized sources:
2026-02-16T08:46:55.479594Z  INFO tailwindcss_oxide::scanner: Source: Auto { base: "/home/afdal/Laboratorium/PROJECT/extensionadminaksent" }
2026-02-16T08:46:55.491603Z  INFO tailwindcss_oxide::scanner: Provided sources:
2026-02-16T08:46:55.491651Z  INFO tailwindcss_oxide::scanner: Source: PublicSourceEntry { base: "/home/afdal/Laboratorium/PROJECT/extensionadminaksent", pattern: "**/*", negated: false }
2026-02-16T08:46:55.491703Z  INFO tailwindcss_oxide::scanner: Optimized sources:
2026-02-16T08:46:55.491711Z  INFO tailwindcss_oxide::scanner: Source: Auto { base: "/home/afdal/Laboratorium/PROJECT/extensionadminaksent" }
2026-02-16T08:46:55.500174Z  INFO tailwindcss_oxide::scanner: Provided sources:
2026-02-16T08:46:55.500664Z  INFO tailwindcss_oxide::scanner: Source: PublicSourceEntry { base: "/home/afdal/Laboratorium/PROJECT/extensionadminaksent", pattern: "**/*", negated: false }
2026-02-16T08:46:55.500742Z  INFO tailwindcss_oxide::scanner: Optimized sources:
2026-02-16T08:46:55.500752Z  INFO tailwindcss_oxide::scanner: Source: Auto { base: "/home/afdal/Laboratorium/PROJECT/extensionadminaksent" }
2026-02-16T08:46:56.192586Z  INFO tailwindcss_oxide::scanner: Provided sources:
2026-02-16T08:46:56.196756Z  INFO tailwindcss_oxide::scanner: Source: PublicSourceEntry { base: "/home/afdal/Laboratorium/PROJECT/extensionadminaksent", pattern: "**/*", negated: false }
2026-02-16T08:46:56.196889Z  INFO tailwindcss_oxide::scanner: Optimized sources:
2026-02-16T08:46:56.199125Z  INFO tailwindcss_oxide::scanner: Source: Auto { base: "/home/afdal/Laboratorium/PROJECT/extensionadminaksent" }
2026-02-16T08:46:56.451276Z  INFO tailwindcss_oxide::scanner: Provided sources:
2026-02-16T08:46:56.451322Z  INFO tailwindcss_oxide::scanner: Source: PublicSourceEntry { base: "/home/afdal/Laboratorium/PROJECT/extensionadminaksent", pattern: "**/*", negated: false }
2026-02-16T08:46:56.451364Z  INFO tailwindcss_oxide::scanner: Optimized sources:
2026-02-16T08:46:56.451374Z  INFO tailwindcss_oxide::scanner: Source: Auto { base: "/home/afdal/Laboratorium/PROJECT/extensionadminaksent" }
2026-02-16T08:50:31.685865Z  INFO scan_sources: tailwindcss_oxide::scanner: enter
2026-02-16T08:50:31.698129Z  INFO scan_sources: tailwindcss_oxide::scanner: Discovering "/home/afdal/Laboratorium/PROJECT/extensionadminaksent/cypress"
2026-02-16T08:50:31.698294Z  INFO scan_sources: tailwindcss_oxide::scanner: Discovering "/home/afdal/Laboratorium/PROJECT/extensionadminaksent/cypress/fixtures"
2026-02-16T08:50:31.698405Z  INFO scan_sources: tailwindcss_oxide::scanner: Discovering "/home/afdal/Laboratorium/PROJECT/extensionadminaksent/cypress/e2e"
2026-02-16T08:50:31.698495Z  INFO scan_sources: tailwindcss_oxide::scanner: Discovering "/home/afdal/Laboratorium/PROJECT/extensionadminaksent/cypress/support"
2026-02-16T08:50:31.698604Z  INFO scan_sources: tailwindcss_oxide::scanner: Discovering "/home/afdal/Laboratorium/PROJECT/extensionadminaksent/.vscode"
2026-02-16T08:50:31.698758Z  INFO scan_sources: tailwindcss_oxide::scanner: Discovering "/home/afdal/Laboratorium/PROJECT/extensionadminaksent/src"
2026-02-16T08:50:31.698836Z  INFO scan_sources: tailwindcss_oxide::scanner: Discovering "/home/afdal/Laboratorium/PROJECT/extensionadminaksent/src/components"
2026-02-16T08:50:31.698955Z  INFO scan_sources: tailwindcss_oxide::scanner: Discovering "/home/afdal/Laboratorium/PROJECT/extensionadminaksent/src/theme"
2026-02-16T08:50:31.703163Z  INFO scan_sources: tailwindcss_oxide::scanner: Discovering "/home/afdal/Laboratorium/PROJECT/extensionadminaksent/src/pages"
2026-02-16T08:50:31.703396Z  INFO scan_sources: tailwindcss_oxide::scanner: Discovering "/home/afdal/Laboratorium/PROJECT/extensionadminaksent/src/pages/Home"
2026-02-16T08:50:31.704502Z  INFO scan_sources: tailwindcss_oxide::scanner: Discovering "/home/afdal/Laboratorium/PROJECT/extensionadminaksent/src/pages/Unpaid"
2026-02-16T08:50:31.707956Z  INFO scan_sources: tailwindcss_oxide::scanner: Discovering "/home/afdal/Laboratorium/PROJECT/extensionadminaksent/src/pages/Unpaid/Unpaid.tsx"
2026-02-16T08:50:31.708149Z  INFO scan_sources: tailwindcss_oxide::scanner: Discovering "/home/afdal/Laboratorium/PROJECT/extensionadminaksent/src/pages/Payment"
2026-02-16T08:50:31.708538Z  INFO scan_sources: tailwindcss_oxide::scanner: Discovering "/home/afdal/Laboratorium/PROJECT/extensionadminaksent/public"
2026-02-16T08:50:31.708782Z  INFO scan_sources: tailwindcss_oxide::scanner: Discovering "/home/afdal/Laboratorium/PROJECT/extensionadminaksent/android"
2026-02-16T08:50:31.709401Z  INFO scan_sources: tailwindcss_oxide::scanner: Discovering "/home/afdal/Laboratorium/PROJECT/extensionadminaksent/android/.kotlin"
2026-02-16T08:50:31.709618Z  INFO scan_sources: tailwindcss_oxide::scanner: Discovering "/home/afdal/Laboratorium/PROJECT/extensionadminaksent/android/.kotlin/sessions"
2026-02-16T08:50:31.710019Z  INFO scan_sources: tailwindcss_oxide::scanner: Discovering "/home/afdal/Laboratorium/PROJECT/extensionadminaksent/android/gradle"
2026-02-16T08:50:31.710112Z  INFO scan_sources: tailwindcss_oxide::scanner: Discovering "/home/afdal/Laboratorium/PROJECT/extensionadminaksent/android/gradle/wrapper"
2026-02-16T08:50:31.710237Z  INFO scan_sources: tailwindcss_oxide::scanner: Discovering "/home/afdal/Laboratorium/PROJECT/extensionadminaksent/android/app"
2026-02-16T08:50:31.710427Z  INFO scan_sources: tailwindcss_oxide::scanner: Discovering "/home/afdal/Laboratorium/PROJECT/extensionadminaksent/android/app/src"
2026-02-16T08:50:31.710519Z  INFO scan_sources: tailwindcss_oxide::scanner: Discovering "/home/afdal/Laboratorium/PROJECT/extensionadminaksent/android/app/src/main"
2026-02-16T08:50:31.710626Z  INFO scan_sources: tailwindcss_oxide::scanner: Discovering "/home/afdal/Laboratorium/PROJECT/extensionadminaksent/android/app/src/main/res"
2026-02-16T08:50:31.710714Z  INFO scan_sources: tailwindcss_oxide::scanner: Discovering "/home/afdal/Laboratorium/PROJECT/extensionadminaksent/android/app/src/main/res/drawable-land-xhdpi"
2026-02-16T08:50:31.710795Z  INFO scan_sources: tailwindcss_oxide::scanner: Discovering "/home/afdal/Laboratorium/PROJECT/extensionadminaksent/android/app/src/main/res/drawable-land-xxhdpi"
2026-02-16T08:50:31.710871Z  INFO scan_sources: tailwindcss_oxide::scanner: Discovering "/home/afdal/Laboratorium/PROJECT/extensionadminaksent/android/app/src/main/res/drawable-v24"
2026-02-16T08:50:31.710969Z  INFO scan_sources: tailwindcss_oxide::scanner: Discovering "/home/afdal/Laboratorium/PROJECT/extensionadminaksent/android/app/src/main/res/drawable-port-xxxhdpi"
2026-02-16T08:50:31.711045Z  INFO scan_sources: tailwindcss_oxide::scanner: Discovering "/home/afdal/Laboratorium/PROJECT/extensionadminaksent/android/app/src/main/res/drawable-land-xxxhdpi"
2026-02-16T08:50:31.711128Z  INFO scan_sources: tailwindcss_oxide::scanner: Discovering "/home/afdal/Laboratorium/PROJECT/extensionadminaksent/android/app/src/main/res/drawable-port-xxhdpi"
2026-02-16T08:50:31.711215Z  INFO scan_sources: tailwindcss_oxide::scanner: Discovering "/home/afdal/Laboratorium/PROJECT/extensionadminaksent/android/app/src/main/res/mipmap-hdpi"
2026-02-16T08:50:31.711299Z  INFO scan_sources: tailwindcss_oxide::scanner: Discovering "/home/afdal/Laboratorium/PROJECT/extensionadminaksent/android/app/src/main/res/drawable-land-hdpi"
2026-02-16T08:50:31.711389Z  INFO scan_sources: tailwindcss_oxide::scanner: Discovering "/home/afdal/Laboratorium/PROJECT/extensionadminaksent/android/app/src/main/res/xml"
2026-02-16T08:50:31.711492Z  INFO scan_sources: tailwindcss_oxide::scanner: Discovering "/home/afdal/Laboratorium/PROJECT/extensionadminaksent/android/app/src/main/res/mipmap-xhdpi"
2026-02-16T08:50:31.711578Z  INFO scan_sources: tailwindcss_oxide::scanner: Discovering "/home/afdal/Laboratorium/PROJECT/extensionadminaksent/android/app/src/main/res/drawable-land-mdpi"
2026-02-16T08:50:31.711667Z  INFO scan_sources: tailwindcss_oxide::scanner: Discovering "/home/afdal/Laboratorium/PROJECT/extensionadminaksent/android/app/src/main/res/drawable-port-hdpi"
2026-02-16T08:50:31.711767Z  INFO scan_sources: tailwindcss_oxide::scanner: Discovering "/home/afdal/Laboratorium/PROJECT/extensionadminaksent/android/app/src/main/res/mipmap-xxhdpi"
2026-02-16T08:50:31.711866Z  INFO scan_sources: tailwindcss_oxide::scanner: Discovering "/home/afdal/Laboratorium/PROJECT/extensionadminaksent/android/app/src/main/res/mipmap-mdpi"
2026-02-16T08:50:31.711953Z  INFO scan_sources: tailwindcss_oxide::scanner: Discovering "/home/afdal/Laboratorium/PROJECT/extensionadminaksent/android/app/src/main/res/drawable"
2026-02-16T08:50:31.712049Z  INFO scan_sources: tailwindcss_oxide::scanner: Discovering "/home/afdal/Laboratorium/PROJECT/extensionadminaksent/android/app/src/main/res/drawable-port-xhdpi"
2026-02-16T08:50:31.712143Z  INFO scan_sources: tailwindcss_oxide::scanner: Discovering "/home/afdal/Laboratorium/PROJECT/extensionadminaksent/android/app/src/main/res/mipmap-xxxhdpi"
2026-02-16T08:50:31.712238Z  INFO scan_sources: tailwindcss_oxide::scanner: Discovering "/home/afdal/Laboratorium/PROJECT/extensionadminaksent/android/app/src/main/res/layout"
2026-02-16T08:50:31.712326Z  INFO scan_sources: tailwindcss_oxide::scanner: Discovering "/home/afdal/Laboratorium/PROJECT/extensionadminaksent/android/app/src/main/res/mipmap-anydpi-v26"
2026-02-16T08:50:31.712433Z  INFO scan_sources: tailwindcss_oxide::scanner: Discovering "/home/afdal/Laboratorium/PROJECT/extensionadminaksent/android/app/src/main/res/drawable-port-mdpi"
2026-02-16T08:50:31.712507Z  INFO scan_sources: tailwindcss_oxide::scanner: Discovering "/home/afdal/Laboratorium/PROJECT/extensionadminaksent/android/app/src/main/res/values"
2026-02-16T08:50:31.712639Z  INFO scan_sources: tailwindcss_oxide::scanner: Discovering "/home/afdal/Laboratorium/PROJECT/extensionadminaksent/android/app/src/main/java"
2026-02-16T08:50:31.712713Z  INFO scan_sources: tailwindcss_oxide::scanner: Discovering "/home/afdal/Laboratorium/PROJECT/extensionadminaksent/android/app/src/main/java/io"
2026-02-16T08:50:31.712784Z  INFO scan_sources: tailwindcss_oxide::scanner: Discovering "/home/afdal/Laboratorium/PROJECT/extensionadminaksent/android/app/src/main/java/io/ionic"
2026-02-16T08:50:31.712862Z  INFO scan_sources: tailwindcss_oxide::scanner: Discovering "/home/afdal/Laboratorium/PROJECT/extensionadminaksent/android/app/src/main/java/io/ionic/starter"
2026-02-16T08:50:31.712980Z  INFO scan_sources: tailwindcss_oxide::scanner: Discovering "/home/afdal/Laboratorium/PROJECT/extensionadminaksent/android/app/src/main/assets"
2026-02-16T08:50:31.713161Z  INFO scan_sources: tailwindcss_oxide::scanner: Discovering "/home/afdal/Laboratorium/PROJECT/extensionadminaksent/android/app/src/androidTest"
2026-02-16T08:50:31.713239Z  INFO scan_sources: tailwindcss_oxide::scanner: Discovering "/home/afdal/Laboratorium/PROJECT/extensionadminaksent/android/app/src/androidTest/java"
2026-02-16T08:50:31.713307Z  INFO scan_sources: tailwindcss_oxide::scanner: Discovering "/home/afdal/Laboratorium/PROJECT/extensionadminaksent/android/app/src/androidTest/java/com"
2026-02-16T08:50:31.713378Z  INFO scan_sources: tailwindcss_oxide::scanner: Discovering "/home/afdal/Laboratorium/PROJECT/extensionadminaksent/android/app/src/androidTest/java/com/getcapacitor"
2026-02-16T08:50:31.713453Z  INFO scan_sources: tailwindcss_oxide::scanner: Discovering "/home/afdal/Laboratorium/PROJECT/extensionadminaksent/android/app/src/androidTest/java/com/getcapacitor/myapp"
2026-02-16T08:50:31.713587Z  INFO scan_sources: tailwindcss_oxide::scanner: Discovering "/home/afdal/Laboratorium/PROJECT/extensionadminaksent/android/app/src/test"
2026-02-16T08:50:31.713657Z  INFO scan_sources: tailwindcss_oxide::scanner: Discovering "/home/afdal/Laboratorium/PROJECT/extensionadminaksent/android/app/src/test/java"
2026-02-16T08:50:31.713728Z  INFO scan_sources: tailwindcss_oxide::scanner: Discovering "/home/afdal/Laboratorium/PROJECT/extensionadminaksent/android/app/src/test/java/com"
2026-02-16T08:50:31.713800Z  INFO scan_sources: tailwindcss_oxide::scanner: Discovering "/home/afdal/Laboratorium/PROJECT/extensionadminaksent/android/app/src/test/java/com/getcapacitor"
2026-02-16T08:50:31.713871Z  INFO scan_sources: tailwindcss_oxide::scanner: Discovering "/home/afdal/Laboratorium/PROJECT/extensionadminaksent/android/app/src/test/java/com/getcapacitor/myapp"
2026-02-16T08:50:31.714515Z  INFO scan_sources: tailwindcss_oxide::scanner: exit
2026-02-16T08:50:31.714559Z  INFO extract_candidates: tailwindcss_oxide::scanner: enter
2026-02-16T08:50:31.714571Z  INFO extract_candidates:read_all_files: tailwindcss_oxide::scanner: enter
2026-02-16T08:50:31.714581Z  INFO extract_candidates:read_all_files: tailwindcss_oxide::scanner: Reading 1 file(s)
2026-02-16T08:50:31.714669Z  INFO extract_candidates:read_all_files: tailwindcss_oxide::scanner: Reading "/home/afdal/Laboratorium/PROJECT/extensionadminaksent/src/pages/Unpaid/Unpaid.tsx"
2026-02-16T08:50:31.714693Z  INFO extract_candidates:read_all_files: tailwindcss_oxide::scanner: exit
2026-02-16T08:50:31.714703Z  INFO extract_candidates:parse_all_blobs: tailwindcss_oxide::scanner: enter
2026-02-16T08:50:31.714712Z  INFO extract_candidates:parse_all_blobs:extract: tailwindcss_oxide::scanner: enter
2026-02-16T08:50:31.718319Z  INFO extract_candidates:parse_all_blobs:extract: tailwindcss_oxide::scanner: exit
2026-02-16T08:50:31.718367Z  INFO extract_candidates:parse_all_blobs: tailwindcss_oxide::scanner: exit
2026-02-16T08:50:31.719223Z  INFO extract_candidates: tailwindcss_oxide::scanner: exit
2026-02-16T08:50:31.731908Z  INFO get_files: tailwindcss_oxide::scanner: enter
2026-02-16T08:50:31.758673Z  INFO get_files:scan_sources: tailwindcss_oxide::scanner: enter
2026-02-16T08:50:31.764385Z  INFO get_files:scan_sources: tailwindcss_oxide::scanner: Discovering "/home/afdal/Laboratorium/PROJECT/extensionadminaksent/cypress"
2026-02-16T08:50:31.764498Z  INFO get_files:scan_sources: tailwindcss_oxide::scanner: Discovering "/home/afdal/Laboratorium/PROJECT/extensionadminaksent/cypress/fixtures"
2026-02-16T08:50:31.764592Z  INFO get_files:scan_sources: tailwindcss_oxide::scanner: Discovering "/home/afdal/Laboratorium/PROJECT/extensionadminaksent/cypress/e2e"
2026-02-16T08:50:31.764686Z  INFO get_files:scan_sources: tailwindcss_oxide::scanner: Discovering "/home/afdal/Laboratorium/PROJECT/extensionadminaksent/cypress/support"
2026-02-16T08:50:31.764797Z  INFO get_files:scan_sources: tailwindcss_oxide::scanner: Discovering "/home/afdal/Laboratorium/PROJECT/extensionadminaksent/.vscode"
2026-02-16T08:50:31.764944Z  INFO get_files:scan_sources: tailwindcss_oxide::scanner: Discovering "/home/afdal/Laboratorium/PROJECT/extensionadminaksent/src"
2026-02-16T08:50:31.765011Z  INFO get_files:scan_sources: tailwindcss_oxide::scanner: Discovering "/home/afdal/Laboratorium/PROJECT/extensionadminaksent/src/components"
2026-02-16T08:50:31.786323Z  INFO get_files:scan_sources: tailwindcss_oxide::scanner: Discovering "/home/afdal/Laboratorium/PROJECT/extensionadminaksent/src/theme"
2026-02-16T08:50:31.786749Z  INFO get_files:scan_sources: tailwindcss_oxide::scanner: Discovering "/home/afdal/Laboratorium/PROJECT/extensionadminaksent/src/pages"
2026-02-16T08:50:31.786901Z  INFO get_files:scan_sources: tailwindcss_oxide::scanner: Discovering "/home/afdal/Laboratorium/PROJECT/extensionadminaksent/src/pages/Home"
2026-02-16T08:50:31.787068Z  INFO get_files:scan_sources: tailwindcss_oxide::scanner: Discovering "/home/afdal/Laboratorium/PROJECT/extensionadminaksent/src/pages/Unpaid"
2026-02-16T08:50:31.790471Z  INFO get_files:scan_sources: tailwindcss_oxide::scanner: Discovering "/home/afdal/Laboratorium/PROJECT/extensionadminaksent/src/pages/Payment"
2026-02-16T08:50:31.791828Z  INFO get_files:scan_sources: tailwindcss_oxide::scanner: Discovering "/home/afdal/Laboratorium/PROJECT/extensionadminaksent/public"
2026-02-16T08:50:31.792080Z  INFO get_files:scan_sources: tailwindcss_oxide::scanner: Discovering "/home/afdal/Laboratorium/PROJECT/extensionadminaksent/android"
2026-02-16T08:50:31.807651Z  INFO get_files:scan_sources: tailwindcss_oxide::scanner: Discovering "/home/afdal/Laboratorium/PROJECT/extensionadminaksent/android/.kotlin"
2026-02-16T08:50:31.807768Z  INFO get_files:scan_sources: tailwindcss_oxide::scanner: Discovering "/home/afdal/Laboratorium/PROJECT/extensionadminaksent/android/.kotlin/sessions"
2026-02-16T08:50:31.808051Z  INFO get_files:scan_sources: tailwindcss_oxide::scanner: Discovering "/home/afdal/Laboratorium/PROJECT/extensionadminaksent/android/gradle"
2026-02-16T08:50:31.808161Z  INFO get_files:scan_sources: tailwindcss_oxide::scanner: Discovering "/home/afdal/Laboratorium/PROJECT/extensionadminaksent/android/gradle/wrapper"
2026-02-16T08:50:31.808305Z  INFO get_files:scan_sources: tailwindcss_oxide::scanner: Discovering "/home/afdal/Laboratorium/PROJECT/extensionadminaksent/android/app"
2026-02-16T08:50:31.808528Z  INFO get_files:scan_sources: tailwindcss_oxide::scanner: Discovering "/home/afdal/Laboratorium/PROJECT/extensionadminaksent/android/app/src"
2026-02-16T08:50:31.808622Z  INFO get_files:scan_sources: tailwindcss_oxide::scanner: Discovering "/home/afdal/Laboratorium/PROJECT/extensionadminaksent/android/app/src/main"
2026-02-16T08:50:31.808731Z  INFO get_files:scan_sources: tailwindcss_oxide::scanner: Discovering "/home/afdal/Laboratorium/PROJECT/extensionadminaksent/android/app/src/main/res"
2026-02-16T08:50:31.808819Z  INFO get_files:scan_sources: tailwindcss_oxide::scanner: Discovering "/home/afdal/Laboratorium/PROJECT/extensionadminaksent/android/app/src/main/res/drawable-land-xhdpi"
2026-02-16T08:50:31.819620Z  INFO get_files:scan_sources: tailwindcss_oxide::scanner: Discovering "/home/afdal/Laboratorium/PROJECT/extensionadminaksent/android/app/src/main/res/drawable-land-xxhdpi"
2026-02-16T08:50:31.819794Z  INFO get_files:scan_sources: tailwindcss_oxide::scanner: Discovering "/home/afdal/Laboratorium/PROJECT/extensionadminaksent/android/app/src/main/res/drawable-v24"
2026-02-16T08:50:31.819905Z  INFO get_files:scan_sources: tailwindcss_oxide::scanner: Discovering "/home/afdal/Laboratorium/PROJECT/extensionadminaksent/android/app/src/main/res/drawable-port-xxxhdpi"
2026-02-16T08:50:31.820051Z  INFO get_files:scan_sources: tailwindcss_oxide::scanner: Discovering "/home/afdal/Laboratorium/PROJECT/extensionadminaksent/android/app/src/main/res/drawable-land-xxxhdpi"
2026-02-16T08:50:31.836804Z  INFO get_files:scan_sources: tailwindcss_oxide::scanner: Discovering "/home/afdal/Laboratorium/PROJECT/extensionadminaksent/android/app/src/main/res/drawable-port-xxhdpi"
2026-02-16T08:50:31.836934Z  INFO get_files:scan_sources: tailwindcss_oxide::scanner: Discovering "/home/afdal/Laboratorium/PROJECT/extensionadminaksent/android/app/src/main/res/mipmap-hdpi"
2026-02-16T08:50:31.837029Z  INFO get_files:scan_sources: tailwindcss_oxide::scanner: Discovering "/home/afdal/Laboratorium/PROJECT/extensionadminaksent/android/app/src/main/res/drawable-land-hdpi"
2026-02-16T08:50:31.837130Z  INFO get_files:scan_sources: tailwindcss_oxide::scanner: Discovering "/home/afdal/Laboratorium/PROJECT/extensionadminaksent/android/app/src/main/res/xml"
2026-02-16T08:50:31.837244Z  INFO get_files:scan_sources: tailwindcss_oxide::scanner: Discovering "/home/afdal/Laboratorium/PROJECT/extensionadminaksent/android/app/src/main/res/mipmap-xhdpi"
2026-02-16T08:50:31.837354Z  INFO get_files:scan_sources: tailwindcss_oxide::scanner: Discovering "/home/afdal/Laboratorium/PROJECT/extensionadminaksent/android/app/src/main/res/drawable-land-mdpi"
2026-02-16T08:50:31.837460Z  INFO get_files:scan_sources: tailwindcss_oxide::scanner: Discovering "/home/afdal/Laboratorium/PROJECT/extensionadminaksent/android/app/src/main/res/drawable-port-hdpi"
2026-02-16T08:50:31.837544Z  INFO get_files:scan_sources: tailwindcss_oxide::scanner: Discovering "/home/afdal/Laboratorium/PROJECT/extensionadminaksent/android/app/src/main/res/mipmap-xxhdpi"
2026-02-16T08:50:31.837651Z  INFO get_files:scan_sources: tailwindcss_oxide::scanner: Discovering "/home/afdal/Laboratorium/PROJECT/extensionadminaksent/android/app/src/main/res/mipmap-mdpi"
2026-02-16T08:50:31.837748Z  INFO get_files:scan_sources: tailwindcss_oxide::scanner: Discovering "/home/afdal/Laboratorium/PROJECT/extensionadminaksent/android/app/src/main/res/drawable"
2026-02-16T08:50:31.837845Z  INFO get_files:scan_sources: tailwindcss_oxide::scanner: Discovering "/home/afdal/Laboratorium/PROJECT/extensionadminaksent/android/app/src/main/res/drawable-port-xhdpi"
2026-02-16T08:50:31.837927Z  INFO get_files:scan_sources: tailwindcss_oxide::scanner: Discovering "/home/afdal/Laboratorium/PROJECT/extensionadminaksent/android/app/src/main/res/mipmap-xxxhdpi"
2026-02-16T08:50:31.838020Z  INFO get_files:scan_sources: tailwindcss_oxide::scanner: Discovering "/home/afdal/Laboratorium/PROJECT/extensionadminaksent/android/app/src/main/res/layout"
2026-02-16T08:50:31.838129Z  INFO get_files:scan_sources: tailwindcss_oxide::scanner: Discovering "/home/afdal/Laboratorium/PROJECT/extensionadminaksent/android/app/src/main/res/mipmap-anydpi-v26"
2026-02-16T08:50:31.838246Z  INFO get_files:scan_sources: tailwindcss_oxide::scanner: Discovering "/home/afdal/Laboratorium/PROJECT/extensionadminaksent/android/app/src/main/res/drawable-port-mdpi"
2026-02-16T08:50:31.838327Z  INFO get_files:scan_sources: tailwindcss_oxide::scanner: Discovering "/home/afdal/Laboratorium/PROJECT/extensionadminaksent/android/app/src/main/res/values"
2026-02-16T08:50:31.838464Z  INFO get_files:scan_sources: tailwindcss_oxide::scanner: Discovering "/home/afdal/Laboratorium/PROJECT/extensionadminaksent/android/app/src/main/java"
2026-02-16T08:50:31.838537Z  INFO get_files:scan_sources: tailwindcss_oxide::scanner: Discovering "/home/afdal/Laboratorium/PROJECT/extensionadminaksent/android/app/src/main/java/io"
2026-02-16T08:50:31.838609Z  INFO get_files:scan_sources: tailwindcss_oxide::scanner: Discovering "/home/afdal/Laboratorium/PROJECT/extensionadminaksent/android/app/src/main/java/io/ionic"
2026-02-16T08:50:31.838686Z  INFO get_files:scan_sources: tailwindcss_oxide::scanner: Discovering "/home/afdal/Laboratorium/PROJECT/extensionadminaksent/android/app/src/main/java/io/ionic/starter"
2026-02-16T08:50:31.838805Z  INFO get_files:scan_sources: tailwindcss_oxide::scanner: Discovering "/home/afdal/Laboratorium/PROJECT/extensionadminaksent/android/app/src/main/assets"
2026-02-16T08:50:31.838964Z  INFO get_files:scan_sources: tailwindcss_oxide::scanner: Discovering "/home/afdal/Laboratorium/PROJECT/extensionadminaksent/android/app/src/androidTest"
2026-02-16T08:50:31.839039Z  INFO get_files:scan_sources: tailwindcss_oxide::scanner: Discovering "/home/afdal/Laboratorium/PROJECT/extensionadminaksent/android/app/src/androidTest/java"
2026-02-16T08:50:31.872241Z  INFO get_files:scan_sources: tailwindcss_oxide::scanner: Discovering "/home/afdal/Laboratorium/PROJECT/extensionadminaksent/android/app/src/androidTest/java/com"
2026-02-16T08:50:31.872351Z  INFO get_files:scan_sources: tailwindcss_oxide::scanner: Discovering "/home/afdal/Laboratorium/PROJECT/extensionadminaksent/android/app/src/androidTest/java/com/getcapacitor"
2026-02-16T08:50:31.872425Z  INFO get_files:scan_sources: tailwindcss_oxide::scanner: Discovering "/home/afdal/Laboratorium/PROJECT/extensionadminaksent/android/app/src/androidTest/java/com/getcapacitor/myapp"
2026-02-16T08:50:31.872560Z  INFO get_files:scan_sources: tailwindcss_oxide::scanner: Discovering "/home/afdal/Laboratorium/PROJECT/extensionadminaksent/android/app/src/test"
2026-02-16T08:50:31.872654Z  INFO get_files:scan_sources: tailwindcss_oxide::scanner: Discovering "/home/afdal/Laboratorium/PROJECT/extensionadminaksent/android/app/src/test/java"
2026-02-16T08:50:31.872722Z  INFO get_files:scan_sources: tailwindcss_oxide::scanner: Discovering "/home/afdal/Laboratorium/PROJECT/extensionadminaksent/android/app/src/test/java/com"
2026-02-16T08:50:31.872795Z  INFO get_files:scan_sources: tailwindcss_oxide::scanner: Discovering "/home/afdal/Laboratorium/PROJECT/extensionadminaksent/android/app/src/test/java/com/getcapacitor"
2026-02-16T08:50:31.872865Z  INFO get_files:scan_sources: tailwindcss_oxide::scanner: Discovering "/home/afdal/Laboratorium/PROJECT/extensionadminaksent/android/app/src/test/java/com/getcapacitor/myapp"
2026-02-16T08:50:31.873443Z  INFO get_files:scan_sources: tailwindcss_oxide::scanner: exit
2026-02-16T08:50:31.880690Z  INFO get_files: tailwindcss_oxide::scanner: exit
2026-02-16T08:50:31.883271Z  INFO get_globs: tailwindcss_oxide::scanner: enter
2026-02-16T08:50:31.885735Z  INFO get_globs: tailwindcss_oxide::scanner: exit
2026-02-16T08:53:40.179849Z  INFO scan_sources: tailwindcss_oxide::scanner: enter
2026-02-16T08:53:40.181510Z  INFO scan_sources: tailwindcss_oxide::scanner: Discovering "/home/afdal/Laboratorium/PROJECT/extensionadminaksent/cypress"
2026-02-16T08:53:40.181627Z  INFO scan_sources: tailwindcss_oxide::scanner: Discovering "/home/afdal/Laboratorium/PROJECT/extensionadminaksent/cypress/fixtures"
2026-02-16T08:53:40.181726Z  INFO scan_sources: tailwindcss_oxide::scanner: Discovering "/home/afdal/Laboratorium/PROJECT/extensionadminaksent/cypress/e2e"
2026-02-16T08:53:40.181823Z  INFO scan_sources: tailwindcss_oxide::scanner: Discovering "/home/afdal/Laboratorium/PROJECT/extensionadminaksent/cypress/support"
2026-02-16T08:53:40.181999Z  INFO scan_sources: tailwindcss_oxide::scanner: Discovering "/home/afdal/Laboratorium/PROJECT/extensionadminaksent/.vscode"
2026-02-16T08:53:40.182279Z  INFO scan_sources: tailwindcss_oxide::scanner: Discovering "/home/afdal/Laboratorium/PROJECT/extensionadminaksent/src"
2026-02-16T08:53:40.182473Z  INFO scan_sources: tailwindcss_oxide::scanner: Discovering "/home/afdal/Laboratorium/PROJECT/extensionadminaksent/src/components"
2026-02-16T08:53:40.182681Z  INFO scan_sources: tailwindcss_oxide::scanner: Discovering "/home/afdal/Laboratorium/PROJECT/extensionadminaksent/src/theme"
2026-02-16T08:53:40.182861Z  INFO scan_sources: tailwindcss_oxide::scanner: Discovering "/home/afdal/Laboratorium/PROJECT/extensionadminaksent/src/pages"
2026-02-16T08:53:40.182933Z  INFO scan_sources: tailwindcss_oxide::scanner: Discovering "/home/afdal/Laboratorium/PROJECT/extensionadminaksent/src/pages/Home"
2026-02-16T08:53:40.183040Z  INFO scan_sources: tailwindcss_oxide::scanner: Discovering "/home/afdal/Laboratorium/PROJECT/extensionadminaksent/src/pages/Unpaid"
2026-02-16T08:53:40.183114Z  INFO scan_sources: tailwindcss_oxide::scanner: Discovering "/home/afdal/Laboratorium/PROJECT/extensionadminaksent/src/pages/Unpaid/Unpaid.tsx"
2026-02-16T08:53:40.183166Z  INFO scan_sources: tailwindcss_oxide::scanner: Discovering "/home/afdal/Laboratorium/PROJECT/extensionadminaksent/src/pages/Payment"
2026-02-16T08:53:40.183434Z  INFO scan_sources: tailwindcss_oxide::scanner: Discovering "/home/afdal/Laboratorium/PROJECT/extensionadminaksent/public"
2026-02-16T08:53:40.183668Z  INFO scan_sources: tailwindcss_oxide::scanner: Discovering "/home/afdal/Laboratorium/PROJECT/extensionadminaksent/android"
2026-02-16T08:53:40.184081Z  INFO scan_sources: tailwindcss_oxide::scanner: Discovering "/home/afdal/Laboratorium/PROJECT/extensionadminaksent/android/.kotlin"
2026-02-16T08:53:40.184175Z  INFO scan_sources: tailwindcss_oxide::scanner: Discovering "/home/afdal/Laboratorium/PROJECT/extensionadminaksent/android/.kotlin/sessions"
2026-02-16T08:53:40.184413Z  INFO scan_sources: tailwindcss_oxide::scanner: Discovering "/home/afdal/Laboratorium/PROJECT/extensionadminaksent/android/gradle"
2026-02-16T08:53:40.184487Z  INFO scan_sources: tailwindcss_oxide::scanner: Discovering "/home/afdal/Laboratorium/PROJECT/extensionadminaksent/android/gradle/wrapper"
2026-02-16T08:53:40.184621Z  INFO scan_sources: tailwindcss_oxide::scanner: Discovering "/home/afdal/Laboratorium/PROJECT/extensionadminaksent/android/app"
2026-02-16T08:53:40.184798Z  INFO scan_sources: tailwindcss_oxide::scanner: Discovering "/home/afdal/Laboratorium/PROJECT/extensionadminaksent/android/app/src"
2026-02-16T08:53:40.184895Z  INFO scan_sources: tailwindcss_oxide::scanner: Discovering "/home/afdal/Laboratorium/PROJECT/extensionadminaksent/android/app/src/main"
2026-02-16T08:53:40.184998Z  INFO scan_sources: tailwindcss_oxide::scanner: Discovering "/home/afdal/Laboratorium/PROJECT/extensionadminaksent/android/app/src/main/res"
2026-02-16T08:53:40.185082Z  INFO scan_sources: tailwindcss_oxide::scanner: Discovering "/home/afdal/Laboratorium/PROJECT/extensionadminaksent/android/app/src/main/res/drawable-land-xhdpi"
2026-02-16T08:53:40.185188Z  INFO scan_sources: tailwindcss_oxide::scanner: Discovering "/home/afdal/Laboratorium/PROJECT/extensionadminaksent/android/app/src/main/res/drawable-land-xxhdpi"
2026-02-16T08:53:40.185276Z  INFO scan_sources: tailwindcss_oxide::scanner: Discovering "/home/afdal/Laboratorium/PROJECT/extensionadminaksent/android/app/src/main/res/drawable-v24"
2026-02-16T08:53:40.185377Z  INFO scan_sources: tailwindcss_oxide::scanner: Discovering "/home/afdal/Laboratorium/PROJECT/extensionadminaksent/android/app/src/main/res/drawable-port-xxxhdpi"
2026-02-16T08:53:40.185460Z  INFO scan_sources: tailwindcss_oxide::scanner: Discovering "/home/afdal/Laboratorium/PROJECT/extensionadminaksent/android/app/src/main/res/drawable-land-xxxhdpi"
2026-02-16T08:53:40.185540Z  INFO scan_sources: tailwindcss_oxide::scanner: Discovering "/home/afdal/Laboratorium/PROJECT/extensionadminaksent/android/app/src/main/res/drawable-port-xxhdpi"
2026-02-16T08:53:40.185619Z  INFO scan_sources: tailwindcss_oxide::scanner: Discovering "/home/afdal/Laboratorium/PROJECT/extensionadminaksent/android/app/src/main/res/mipmap-hdpi"
2026-02-16T08:53:40.185709Z  INFO scan_sources: tailwindcss_oxide::scanner: Discovering "/home/afdal/Laboratorium/PROJECT/extensionadminaksent/android/app/src/main/res/drawable-land-hdpi"
2026-02-16T08:53:40.185792Z  INFO scan_sources: tailwindcss_oxide::scanner: Discovering "/home/afdal/Laboratorium/PROJECT/extensionadminaksent/android/app/src/main/res/xml"
2026-02-16T08:53:40.185891Z  INFO scan_sources: tailwindcss_oxide::scanner: Discovering "/home/afdal/Laboratorium/PROJECT/extensionadminaksent/android/app/src/main/res/mipmap-xhdpi"
2026-02-16T08:53:40.185982Z  INFO scan_sources: tailwindcss_oxide::scanner: Discovering "/home/afdal/Laboratorium/PROJECT/extensionadminaksent/android/app/src/main/res/drawable-land-mdpi"
2026-02-16T08:53:40.186062Z  INFO scan_sources: tailwindcss_oxide::scanner: Discovering "/home/afdal/Laboratorium/PROJECT/extensionadminaksent/android/app/src/main/res/drawable-port-hdpi"
2026-02-16T08:53:40.186157Z  INFO scan_sources: tailwindcss_oxide::scanner: Discovering "/home/afdal/Laboratorium/PROJECT/extensionadminaksent/android/app/src/main/res/mipmap-xxhdpi"
2026-02-16T08:53:40.186253Z  INFO scan_sources: tailwindcss_oxide::scanner: Discovering "/home/afdal/Laboratorium/PROJECT/extensionadminaksent/android/app/src/main/res/mipmap-mdpi"
2026-02-16T08:53:40.186347Z  INFO scan_sources: tailwindcss_oxide::scanner: Discovering "/home/afdal/Laboratorium/PROJECT/extensionadminaksent/android/app/src/main/res/drawable"
2026-02-16T08:53:40.186443Z  INFO scan_sources: tailwindcss_oxide::scanner: Discovering "/home/afdal/Laboratorium/PROJECT/extensionadminaksent/android/app/src/main/res/drawable-port-xhdpi"
2026-02-16T08:53:40.186569Z  INFO scan_sources: tailwindcss_oxide::scanner: Discovering "/home/afdal/Laboratorium/PROJECT/extensionadminaksent/android/app/src/main/res/mipmap-xxxhdpi"
2026-02-16T08:53:40.186669Z  INFO scan_sources: tailwindcss_oxide::scanner: Discovering "/home/afdal/Laboratorium/PROJECT/extensionadminaksent/android/app/src/main/res/layout"
2026-02-16T08:53:40.186778Z  INFO scan_sources: tailwindcss_oxide::scanner: Discovering "/home/afdal/Laboratorium/PROJECT/extensionadminaksent/android/app/src/main/res/mipmap-anydpi-v26"
2026-02-16T08:53:40.186902Z  INFO scan_sources: tailwindcss_oxide::scanner: Discovering "/home/afdal/Laboratorium/PROJECT/extensionadminaksent/android/app/src/main/res/drawable-port-mdpi"
2026-02-16T08:53:40.186992Z  INFO scan_sources: tailwindcss_oxide::scanner: Discovering "/home/afdal/Laboratorium/PROJECT/extensionadminaksent/android/app/src/main/res/values"
2026-02-16T08:53:40.187151Z  INFO scan_sources: tailwindcss_oxide::scanner: Discovering "/home/afdal/Laboratorium/PROJECT/extensionadminaksent/android/app/src/main/java"
2026-02-16T08:53:40.187247Z  INFO scan_sources: tailwindcss_oxide::scanner: Discovering "/home/afdal/Laboratorium/PROJECT/extensionadminaksent/android/app/src/main/java/io"
2026-02-16T08:53:40.187320Z  INFO scan_sources: tailwindcss_oxide::scanner: Discovering "/home/afdal/Laboratorium/PROJECT/extensionadminaksent/android/app/src/main/java/io/ionic"
2026-02-16T08:53:40.187391Z  INFO scan_sources: tailwindcss_oxide::scanner: Discovering "/home/afdal/Laboratorium/PROJECT/extensionadminaksent/android/app/src/main/java/io/ionic/starter"
2026-02-16T08:53:40.187506Z  INFO scan_sources: tailwindcss_oxide::scanner: Discovering "/home/afdal/Laboratorium/PROJECT/extensionadminaksent/android/app/src/main/assets"
2026-02-16T08:53:40.187678Z  INFO scan_sources: tailwindcss_oxide::scanner: Discovering "/home/afdal/Laboratorium/PROJECT/extensionadminaksent/android/app/src/androidTest"
2026-02-16T08:53:40.187743Z  INFO scan_sources: tailwindcss_oxide::scanner: Discovering "/home/afdal/Laboratorium/PROJECT/extensionadminaksent/android/app/src/androidTest/java"
2026-02-16T08:53:40.187804Z  INFO scan_sources: tailwindcss_oxide::scanner: Discovering "/home/afdal/Laboratorium/PROJECT/extensionadminaksent/android/app/src/androidTest/java/com"
2026-02-16T08:53:40.187870Z  INFO scan_sources: tailwindcss_oxide::scanner: Discovering "/home/afdal/Laboratorium/PROJECT/extensionadminaksent/android/app/src/androidTest/java/com/getcapacitor"
2026-02-16T08:53:40.187935Z  INFO scan_sources: tailwindcss_oxide::scanner: Discovering "/home/afdal/Laboratorium/PROJECT/extensionadminaksent/android/app/src/androidTest/java/com/getcapacitor/myapp"
2026-02-16T08:53:40.188056Z  INFO scan_sources: tailwindcss_oxide::scanner: Discovering "/home/afdal/Laboratorium/PROJECT/extensionadminaksent/android/app/src/test"
2026-02-16T08:53:40.188155Z  INFO scan_sources: tailwindcss_oxide::scanner: Discovering "/home/afdal/Laboratorium/PROJECT/extensionadminaksent/android/app/src/test/java"
2026-02-16T08:53:40.188229Z  INFO scan_sources: tailwindcss_oxide::scanner: Discovering "/home/afdal/Laboratorium/PROJECT/extensionadminaksent/android/app/src/test/java/com"
2026-02-16T08:53:40.188325Z  INFO scan_sources: tailwindcss_oxide::scanner: Discovering "/home/afdal/Laboratorium/PROJECT/extensionadminaksent/android/app/src/test/java/com/getcapacitor"
2026-02-16T08:53:40.188402Z  INFO scan_sources: tailwindcss_oxide::scanner: Discovering "/home/afdal/Laboratorium/PROJECT/extensionadminaksent/android/app/src/test/java/com/getcapacitor/myapp"
2026-02-16T08:53:40.189426Z  INFO scan_sources: tailwindcss_oxide::scanner: exit
2026-02-16T08:53:40.189482Z  INFO extract_candidates: tailwindcss_oxide::scanner: enter
2026-02-16T08:53:40.189496Z  INFO extract_candidates:read_all_files: tailwindcss_oxide::scanner: enter
2026-02-16T08:53:40.189522Z  INFO extract_candidates:read_all_files: tailwindcss_oxide::scanner: Reading 1 file(s)
2026-02-16T08:53:40.189675Z  INFO extract_candidates:read_all_files: tailwindcss_oxide::scanner: Reading "/home/afdal/Laboratorium/PROJECT/extensionadminaksent/src/pages/Unpaid/Unpaid.tsx"
2026-02-16T08:53:40.189724Z  INFO extract_candidates:read_all_files: tailwindcss_oxide::scanner: exit
2026-02-16T08:53:40.189747Z  INFO extract_candidates:parse_all_blobs: tailwindcss_oxide::scanner: enter
2026-02-16T08:53:40.189762Z  INFO extract_candidates:parse_all_blobs:extract: tailwindcss_oxide::scanner: enter
2026-02-16T08:53:40.205263Z  INFO extract_candidates:parse_all_blobs:extract: tailwindcss_oxide::scanner: exit
2026-02-16T08:53:40.205333Z  INFO extract_candidates:parse_all_blobs: tailwindcss_oxide::scanner: exit
2026-02-16T08:53:40.206506Z  INFO extract_candidates: tailwindcss_oxide::scanner: exit
2026-02-16T08:53:40.220674Z  INFO get_files: tailwindcss_oxide::scanner: enter
2026-02-16T08:53:40.220736Z  INFO get_files:scan_sources: tailwindcss_oxide::scanner: enter
2026-02-16T08:53:40.221695Z  INFO get_files:scan_sources: tailwindcss_oxide::scanner: Discovering "/home/afdal/Laboratorium/PROJECT/extensionadminaksent/cypress"
2026-02-16T08:53:40.221804Z  INFO get_files:scan_sources: tailwindcss_oxide::scanner: Discovering "/home/afdal/Laboratorium/PROJECT/extensionadminaksent/cypress/fixtures"
2026-02-16T08:53:40.221898Z  INFO get_files:scan_sources: tailwindcss_oxide::scanner: Discovering "/home/afdal/Laboratorium/PROJECT/extensionadminaksent/cypress/e2e"
2026-02-16T08:53:40.221983Z  INFO get_files:scan_sources: tailwindcss_oxide::scanner: Discovering "/home/afdal/Laboratorium/PROJECT/extensionadminaksent/cypress/support"
2026-02-16T08:53:40.222085Z  INFO get_files:scan_sources: tailwindcss_oxide::scanner: Discovering "/home/afdal/Laboratorium/PROJECT/extensionadminaksent/.vscode"
2026-02-16T08:53:40.222247Z  INFO get_files:scan_sources: tailwindcss_oxide::scanner: Discovering "/home/afdal/Laboratorium/PROJECT/extensionadminaksent/src"
2026-02-16T08:53:40.222320Z  INFO get_files:scan_sources: tailwindcss_oxide::scanner: Discovering "/home/afdal/Laboratorium/PROJECT/extensionadminaksent/src/components"
2026-02-16T08:53:40.222434Z  INFO get_files:scan_sources: tailwindcss_oxide::scanner: Discovering "/home/afdal/Laboratorium/PROJECT/extensionadminaksent/src/theme"
2026-02-16T08:53:40.222597Z  INFO get_files:scan_sources: tailwindcss_oxide::scanner: Discovering "/home/afdal/Laboratorium/PROJECT/extensionadminaksent/src/pages"
2026-02-16T08:53:40.222671Z  INFO get_files:scan_sources: tailwindcss_oxide::scanner: Discovering "/home/afdal/Laboratorium/PROJECT/extensionadminaksent/src/pages/Home"
2026-02-16T08:53:40.222776Z  INFO get_files:scan_sources: tailwindcss_oxide::scanner: Discovering "/home/afdal/Laboratorium/PROJECT/extensionadminaksent/src/pages/Unpaid"
2026-02-16T08:53:40.222863Z  INFO get_files:scan_sources: tailwindcss_oxide::scanner: Discovering "/home/afdal/Laboratorium/PROJECT/extensionadminaksent/src/pages/Payment"
2026-02-16T08:53:40.223135Z  INFO get_files:scan_sources: tailwindcss_oxide::scanner: Discovering "/home/afdal/Laboratorium/PROJECT/extensionadminaksent/public"
2026-02-16T08:53:40.223364Z  INFO get_files:scan_sources: tailwindcss_oxide::scanner: Discovering "/home/afdal/Laboratorium/PROJECT/extensionadminaksent/android"
2026-02-16T08:53:40.224007Z  INFO get_files:scan_sources: tailwindcss_oxide::scanner: Discovering "/home/afdal/Laboratorium/PROJECT/extensionadminaksent/android/.kotlin"
2026-02-16T08:53:40.224283Z  INFO get_files:scan_sources: tailwindcss_oxide::scanner: Discovering "/home/afdal/Laboratorium/PROJECT/extensionadminaksent/android/.kotlin/sessions"
2026-02-16T08:53:40.224556Z  INFO get_files:scan_sources: tailwindcss_oxide::scanner: Discovering "/home/afdal/Laboratorium/PROJECT/extensionadminaksent/android/gradle"
2026-02-16T08:53:40.224640Z  INFO get_files:scan_sources: tailwindcss_oxide::scanner: Discovering "/home/afdal/Laboratorium/PROJECT/extensionadminaksent/android/gradle/wrapper"
2026-02-16T08:53:40.224769Z  INFO get_files:scan_sources: tailwindcss_oxide::scanner: Discovering "/home/afdal/Laboratorium/PROJECT/extensionadminaksent/android/app"
2026-02-16T08:53:40.224981Z  INFO get_files:scan_sources: tailwindcss_oxide::scanner: Discovering "/home/afdal/Laboratorium/PROJECT/extensionadminaksent/android/app/src"
2026-02-16T08:53:40.225072Z  INFO get_files:scan_sources: tailwindcss_oxide::scanner: Discovering "/home/afdal/Laboratorium/PROJECT/extensionadminaksent/android/app/src/main"
2026-02-16T08:53:40.225223Z  INFO get_files:scan_sources: tailwindcss_oxide::scanner: Discovering "/home/afdal/Laboratorium/PROJECT/extensionadminaksent/android/app/src/main/res"
2026-02-16T08:53:40.225412Z  INFO get_files:scan_sources: tailwindcss_oxide::scanner: Discovering "/home/afdal/Laboratorium/PROJECT/extensionadminaksent/android/app/src/main/res/drawable-land-xhdpi"
2026-02-16T08:53:40.225516Z  INFO get_files:scan_sources: tailwindcss_oxide::scanner: Discovering "/home/afdal/Laboratorium/PROJECT/extensionadminaksent/android/app/src/main/res/drawable-land-xxhdpi"
2026-02-16T08:53:40.225611Z  INFO get_files:scan_sources: tailwindcss_oxide::scanner: Discovering "/home/afdal/Laboratorium/PROJECT/extensionadminaksent/android/app/src/main/res/drawable-v24"
2026-02-16T08:53:40.225725Z  INFO get_files:scan_sources: tailwindcss_oxide::scanner: Discovering "/home/afdal/Laboratorium/PROJECT/extensionadminaksent/android/app/src/main/res/drawable-port-xxxhdpi"
2026-02-16T08:53:40.225817Z  INFO get_files:scan_sources: tailwindcss_oxide::scanner: Discovering "/home/afdal/Laboratorium/PROJECT/extensionadminaksent/android/app/src/main/res/drawable-land-xxxhdpi"
2026-02-16T08:53:40.225912Z  INFO get_files:scan_sources: tailwindcss_oxide::scanner: Discovering "/home/afdal/Laboratorium/PROJECT/extensionadminaksent/android/app/src/main/res/drawable-port-xxhdpi"
2026-02-16T08:53:40.226034Z  INFO get_files:scan_sources: tailwindcss_oxide::scanner: Discovering "/home/afdal/Laboratorium/PROJECT/extensionadminaksent/android/app/src/main/res/mipmap-hdpi"
2026-02-16T08:53:40.226341Z  INFO get_files:scan_sources: tailwindcss_oxide::scanner: Discovering "/home/afdal/Laboratorium/PROJECT/extensionadminaksent/android/app/src/main/res/drawable-land-hdpi"
2026-02-16T08:53:40.227412Z  INFO get_files:scan_sources: tailwindcss_oxide::scanner: Discovering "/home/afdal/Laboratorium/PROJECT/extensionadminaksent/android/app/src/main/res/xml"
2026-02-16T08:53:40.227803Z  INFO get_files:scan_sources: tailwindcss_oxide::scanner: Discovering "/home/afdal/Laboratorium/PROJECT/extensionadminaksent/android/app/src/main/res/mipmap-xhdpi"
2026-02-16T08:53:40.228164Z  INFO get_files:scan_sources: tailwindcss_oxide::scanner: Discovering "/home/afdal/Laboratorium/PROJECT/extensionadminaksent/android/app/src/main/res/drawable-land-mdpi"
2026-02-16T08:53:40.228377Z  INFO get_files:scan_sources: tailwindcss_oxide::scanner: Discovering "/home/afdal/Laboratorium/PROJECT/extensionadminaksent/android/app/src/main/res/drawable-port-hdpi"
2026-02-16T08:53:40.228463Z  INFO get_files:scan_sources: tailwindcss_oxide::scanner: Discovering "/home/afdal/Laboratorium/PROJECT/extensionadminaksent/android/app/src/main/res/mipmap-xxhdpi"
2026-02-16T08:53:40.228563Z  INFO get_files:scan_sources: tailwindcss_oxide::scanner: Discovering "/home/afdal/Laboratorium/PROJECT/extensionadminaksent/android/app/src/main/res/mipmap-mdpi"
2026-02-16T08:53:40.228688Z  INFO get_files:scan_sources: tailwindcss_oxide::scanner: Discovering "/home/afdal/Laboratorium/PROJECT/extensionadminaksent/android/app/src/main/res/drawable"
2026-02-16T08:53:40.228902Z  INFO get_files:scan_sources: tailwindcss_oxide::scanner: Discovering "/home/afdal/Laboratorium/PROJECT/extensionadminaksent/android/app/src/main/res/drawable-port-xhdpi"
2026-02-16T08:53:40.228991Z  INFO get_files:scan_sources: tailwindcss_oxide::scanner: Discovering "/home/afdal/Laboratorium/PROJECT/extensionadminaksent/android/app/src/main/res/mipmap-xxxhdpi"
2026-02-16T08:53:40.229079Z  INFO get_files:scan_sources: tailwindcss_oxide::scanner: Discovering "/home/afdal/Laboratorium/PROJECT/extensionadminaksent/android/app/src/main/res/layout"
2026-02-16T08:53:40.229177Z  INFO get_files:scan_sources: tailwindcss_oxide::scanner: Discovering "/home/afdal/Laboratorium/PROJECT/extensionadminaksent/android/app/src/main/res/mipmap-anydpi-v26"
2026-02-16T08:53:40.229291Z  INFO get_files:scan_sources: tailwindcss_oxide::scanner: Discovering "/home/afdal/Laboratorium/PROJECT/extensionadminaksent/android/app/src/main/res/drawable-port-mdpi"
2026-02-16T08:53:40.229366Z  INFO get_files:scan_sources: tailwindcss_oxide::scanner: Discovering "/home/afdal/Laboratorium/PROJECT/extensionadminaksent/android/app/src/main/res/values"
2026-02-16T08:53:40.229515Z  INFO get_files:scan_sources: tailwindcss_oxide::scanner: Discovering "/home/afdal/Laboratorium/PROJECT/extensionadminaksent/android/app/src/main/java"
2026-02-16T08:53:40.229581Z  INFO get_files:scan_sources: tailwindcss_oxide::scanner: Discovering "/home/afdal/Laboratorium/PROJECT/extensionadminaksent/android/app/src/main/java/io"
2026-02-16T08:53:40.229695Z  INFO get_files:scan_sources: tailwindcss_oxide::scanner: Discovering "/home/afdal/Laboratorium/PROJECT/extensionadminaksent/android/app/src/main/java/io/ionic"
2026-02-16T08:53:40.229769Z  INFO get_files:scan_sources: tailwindcss_oxide::scanner: Discovering "/home/afdal/Laboratorium/PROJECT/extensionadminaksent/android/app/src/main/java/io/ionic/starter"
2026-02-16T08:53:40.229882Z  INFO get_files:scan_sources: tailwindcss_oxide::scanner: Discovering "/home/afdal/Laboratorium/PROJECT/extensionadminaksent/android/app/src/main/assets"
2026-02-16T08:53:40.230066Z  INFO get_files:scan_sources: tailwindcss_oxide::scanner: Discovering "/home/afdal/Laboratorium/PROJECT/extensionadminaksent/android/app/src/androidTest"
2026-02-16T08:53:40.230457Z  INFO get_files:scan_sources: tailwindcss_oxide::scanner: Discovering "/home/afdal/Laboratorium/PROJECT/extensionadminaksent/android/app/src/androidTest/java"
2026-02-16T08:53:40.230810Z  INFO get_files:scan_sources: tailwindcss_oxide::scanner: Discovering "/home/afdal/Laboratorium/PROJECT/extensionadminaksent/android/app/src/androidTest/java/com"
2026-02-16T08:53:40.231058Z  INFO get_files:scan_sources: tailwindcss_oxide::scanner: Discovering "/home/afdal/Laboratorium/PROJECT/extensionadminaksent/android/app/src/androidTest/java/com/getcapacitor"
2026-02-16T08:53:40.231238Z  INFO get_files:scan_sources: tailwindcss_oxide::scanner: Discovering "/home/afdal/Laboratorium/PROJECT/extensionadminaksent/android/app/src/androidTest/java/com/getcapacitor/myapp"
2026-02-16T08:53:40.231383Z  INFO get_files:scan_sources: tailwindcss_oxide::scanner: Discovering "/home/afdal/Laboratorium/PROJECT/extensionadminaksent/android/app/src/test"
2026-02-16T08:53:40.231449Z  INFO get_files:scan_sources: tailwindcss_oxide::scanner: Discovering "/home/afdal/Laboratorium/PROJECT/extensionadminaksent/android/app/src/test/java"
2026-02-16T08:53:40.231517Z  INFO get_files:scan_sources: tailwindcss_oxide::scanner: Discovering "/home/afdal/Laboratorium/PROJECT/extensionadminaksent/android/app/src/test/java/com"
2026-02-16T08:53:40.231586Z  INFO get_files:scan_sources: tailwindcss_oxide::scanner: Discovering "/home/afdal/Laboratorium/PROJECT/extensionadminaksent/android/app/src/test/java/com/getcapacitor"
2026-02-16T08:53:40.231653Z  INFO get_files:scan_sources: tailwindcss_oxide::scanner: Discovering "/home/afdal/Laboratorium/PROJECT/extensionadminaksent/android/app/src/test/java/com/getcapacitor/myapp"
2026-02-16T08:53:40.232208Z  INFO get_files:scan_sources: tailwindcss_oxide::scanner: exit
2026-02-16T08:53:40.233989Z  INFO get_files: tailwindcss_oxide::scanner: exit
2026-02-16T08:53:40.234371Z  INFO get_globs: tailwindcss_oxide::scanner: enter
2026-02-16T08:53:40.234422Z  INFO get_globs: tailwindcss_oxide::scanner: exit
2026-02-16T09:12:10.831064Z  INFO scan_sources: tailwindcss_oxide::scanner: enter
2026-02-16T09:12:10.845211Z  INFO scan_sources: tailwindcss_oxide::scanner: Discovering "/home/afdal/Laboratorium/PROJECT/extensionadminaksent/cypress"
2026-02-16T09:12:10.846247Z  INFO scan_sources: tailwindcss_oxide::scanner: Discovering "/home/afdal/Laboratorium/PROJECT/extensionadminaksent/cypress/fixtures"
2026-02-16T09:12:10.846647Z  INFO scan_sources: tailwindcss_oxide::scanner: Discovering "/home/afdal/Laboratorium/PROJECT/extensionadminaksent/cypress/e2e"
2026-02-16T09:12:10.847503Z  INFO scan_sources: tailwindcss_oxide::scanner: Discovering "/home/afdal/Laboratorium/PROJECT/extensionadminaksent/cypress/support"
2026-02-16T09:12:10.847998Z  INFO scan_sources: tailwindcss_oxide::scanner: Discovering "/home/afdal/Laboratorium/PROJECT/extensionadminaksent/.vscode"
2026-02-16T09:12:10.848226Z  INFO scan_sources: tailwindcss_oxide::scanner: Discovering "/home/afdal/Laboratorium/PROJECT/extensionadminaksent/src"
2026-02-16T09:12:10.848319Z  INFO scan_sources: tailwindcss_oxide::scanner: Discovering "/home/afdal/Laboratorium/PROJECT/extensionadminaksent/src/components"
2026-02-16T09:12:10.848443Z  INFO scan_sources: tailwindcss_oxide::scanner: Discovering "/home/afdal/Laboratorium/PROJECT/extensionadminaksent/src/theme"
2026-02-16T09:12:10.848554Z  INFO scan_sources: tailwindcss_oxide::scanner: Discovering "/home/afdal/Laboratorium/PROJECT/extensionadminaksent/src/App.tsx"
2026-02-16T09:12:10.848641Z  INFO scan_sources: tailwindcss_oxide::scanner: Discovering "/home/afdal/Laboratorium/PROJECT/extensionadminaksent/src/pages"
2026-02-16T09:12:10.848719Z  INFO scan_sources: tailwindcss_oxide::scanner: Discovering "/home/afdal/Laboratorium/PROJECT/extensionadminaksent/src/pages/Customer"
2026-02-16T09:12:10.848785Z  INFO scan_sources: tailwindcss_oxide::scanner: Discovering "/home/afdal/Laboratorium/PROJECT/extensionadminaksent/src/pages/Customer/Customer.tsx"
2026-02-16T09:12:10.848827Z  INFO scan_sources: tailwindcss_oxide::scanner: Discovering "/home/afdal/Laboratorium/PROJECT/extensionadminaksent/src/pages/Home"
2026-02-16T09:12:10.848932Z  INFO scan_sources: tailwindcss_oxide::scanner: Discovering "/home/afdal/Laboratorium/PROJECT/extensionadminaksent/src/pages/Validation"
2026-02-16T09:12:10.848996Z  INFO scan_sources: tailwindcss_oxide::scanner: Discovering "/home/afdal/Laboratorium/PROJECT/extensionadminaksent/src/pages/Validation/ValidationPage.tsx"
2026-02-16T09:12:10.849045Z  INFO scan_sources: tailwindcss_oxide::scanner: Discovering "/home/afdal/Laboratorium/PROJECT/extensionadminaksent/src/pages/Unpaid"
2026-02-16T09:12:10.849178Z  INFO scan_sources: tailwindcss_oxide::scanner: Discovering "/home/afdal/Laboratorium/PROJECT/extensionadminaksent/src/pages/Payment"
2026-02-16T09:12:10.849491Z  INFO scan_sources: tailwindcss_oxide::scanner: Discovering "/home/afdal/Laboratorium/PROJECT/extensionadminaksent/public"
2026-02-16T09:12:10.849785Z  INFO scan_sources: tailwindcss_oxide::scanner: Discovering "/home/afdal/Laboratorium/PROJECT/extensionadminaksent/android"
2026-02-16T09:12:10.850277Z  INFO scan_sources: tailwindcss_oxide::scanner: Discovering "/home/afdal/Laboratorium/PROJECT/extensionadminaksent/android/.kotlin"
2026-02-16T09:12:10.850390Z  INFO scan_sources: tailwindcss_oxide::scanner: Discovering "/home/afdal/Laboratorium/PROJECT/extensionadminaksent/android/.kotlin/sessions"
2026-02-16T09:12:10.850685Z  INFO scan_sources: tailwindcss_oxide::scanner: Discovering "/home/afdal/Laboratorium/PROJECT/extensionadminaksent/android/gradle"
2026-02-16T09:12:10.850783Z  INFO scan_sources: tailwindcss_oxide::scanner: Discovering "/home/afdal/Laboratorium/PROJECT/extensionadminaksent/android/gradle/wrapper"
2026-02-16T09:12:10.850920Z  INFO scan_sources: tailwindcss_oxide::scanner: Discovering "/home/afdal/Laboratorium/PROJECT/extensionadminaksent/android/app"
2026-02-16T09:12:10.851129Z  INFO scan_sources: tailwindcss_oxide::scanner: Discovering "/home/afdal/Laboratorium/PROJECT/extensionadminaksent/android/app/src"
2026-02-16T09:12:10.851250Z  INFO scan_sources: tailwindcss_oxide::scanner: Discovering "/home/afdal/Laboratorium/PROJECT/extensionadminaksent/android/app/src/main"
2026-02-16T09:12:10.851392Z  INFO scan_sources: tailwindcss_oxide::scanner: Discovering "/home/afdal/Laboratorium/PROJECT/extensionadminaksent/android/app/src/main/res"
2026-02-16T09:12:10.851507Z  INFO scan_sources: tailwindcss_oxide::scanner: Discovering "/home/afdal/Laboratorium/PROJECT/extensionadminaksent/android/app/src/main/res/drawable-land-xhdpi"
2026-02-16T09:12:10.851619Z  INFO scan_sources: tailwindcss_oxide::scanner: Discovering "/home/afdal/Laboratorium/PROJECT/extensionadminaksent/android/app/src/main/res/drawable-land-xxhdpi"
2026-02-16T09:12:10.853013Z  INFO scan_sources: tailwindcss_oxide::scanner: Discovering "/home/afdal/Laboratorium/PROJECT/extensionadminaksent/android/app/src/main/res/drawable-v24"
2026-02-16T09:12:10.853213Z  INFO scan_sources: tailwindcss_oxide::scanner: Discovering "/home/afdal/Laboratorium/PROJECT/extensionadminaksent/android/app/src/main/res/drawable-port-xxxhdpi"
2026-02-16T09:12:10.853329Z  INFO scan_sources: tailwindcss_oxide::scanner: Discovering "/home/afdal/Laboratorium/PROJECT/extensionadminaksent/android/app/src/main/res/drawable-land-xxxhdpi"
2026-02-16T09:12:10.853437Z  INFO scan_sources: tailwindcss_oxide::scanner: Discovering "/home/afdal/Laboratorium/PROJECT/extensionadminaksent/android/app/src/main/res/drawable-port-xxhdpi"
2026-02-16T09:12:10.853540Z  INFO scan_sources: tailwindcss_oxide::scanner: Discovering "/home/afdal/Laboratorium/PROJECT/extensionadminaksent/android/app/src/main/res/mipmap-hdpi"
2026-02-16T09:12:10.853653Z  INFO scan_sources: tailwindcss_oxide::scanner: Discovering "/home/afdal/Laboratorium/PROJECT/extensionadminaksent/android/app/src/main/res/drawable-land-hdpi"
2026-02-16T09:12:10.853758Z  INFO scan_sources: tailwindcss_oxide::scanner: Discovering "/home/afdal/Laboratorium/PROJECT/extensionadminaksent/android/app/src/main/res/xml"
2026-02-16T09:12:10.853875Z  INFO scan_sources: tailwindcss_oxide::scanner: Discovering "/home/afdal/Laboratorium/PROJECT/extensionadminaksent/android/app/src/main/res/mipmap-xhdpi"
2026-02-16T09:12:10.854023Z  INFO scan_sources: tailwindcss_oxide::scanner: Discovering "/home/afdal/Laboratorium/PROJECT/extensionadminaksent/android/app/src/main/res/drawable-land-mdpi"
2026-02-16T09:12:10.854128Z  INFO scan_sources: tailwindcss_oxide::scanner: Discovering "/home/afdal/Laboratorium/PROJECT/extensionadminaksent/android/app/src/main/res/drawable-port-hdpi"
2026-02-16T09:12:10.854220Z  INFO scan_sources: tailwindcss_oxide::scanner: Discovering "/home/afdal/Laboratorium/PROJECT/extensionadminaksent/android/app/src/main/res/mipmap-xxhdpi"
2026-02-16T09:12:10.854316Z  INFO scan_sources: tailwindcss_oxide::scanner: Discovering "/home/afdal/Laboratorium/PROJECT/extensionadminaksent/android/app/src/main/res/mipmap-mdpi"
2026-02-16T09:12:10.854433Z  INFO scan_sources: tailwindcss_oxide::scanner: Discovering "/home/afdal/Laboratorium/PROJECT/extensionadminaksent/android/app/src/main/res/drawable"
2026-02-16T09:12:10.854546Z  INFO scan_sources: tailwindcss_oxide::scanner: Discovering "/home/afdal/Laboratorium/PROJECT/extensionadminaksent/android/app/src/main/res/drawable-port-xhdpi"
2026-02-16T09:12:10.854645Z  INFO scan_sources: tailwindcss_oxide::scanner: Discovering "/home/afdal/Laboratorium/PROJECT/extensionadminaksent/android/app/src/main/res/mipmap-xxxhdpi"
2026-02-16T09:12:10.854751Z  INFO scan_sources: tailwindcss_oxide::scanner: Discovering "/home/afdal/Laboratorium/PROJECT/extensionadminaksent/android/app/src/main/res/layout"
2026-02-16T09:12:10.854848Z  INFO scan_sources: tailwindcss_oxide::scanner: Discovering "/home/afdal/Laboratorium/PROJECT/extensionadminaksent/android/app/src/main/res/mipmap-anydpi-v26"
2026-02-16T09:12:10.854960Z  INFO scan_sources: tailwindcss_oxide::scanner: Discovering "/home/afdal/Laboratorium/PROJECT/extensionadminaksent/android/app/src/main/res/drawable-port-mdpi"
2026-02-16T09:12:10.855046Z  INFO scan_sources: tailwindcss_oxide::scanner: Discovering "/home/afdal/Laboratorium/PROJECT/extensionadminaksent/android/app/src/main/res/values"
2026-02-16T09:12:10.855193Z  INFO scan_sources: tailwindcss_oxide::scanner: Discovering "/home/afdal/Laboratorium/PROJECT/extensionadminaksent/android/app/src/main/java"
2026-02-16T09:12:10.855273Z  INFO scan_sources: tailwindcss_oxide::scanner: Discovering "/home/afdal/Laboratorium/PROJECT/extensionadminaksent/android/app/src/main/java/io"
2026-02-16T09:12:10.855342Z  INFO scan_sources: tailwindcss_oxide::scanner: Discovering "/home/afdal/Laboratorium/PROJECT/extensionadminaksent/android/app/src/main/java/io/ionic"
2026-02-16T09:12:10.855419Z  INFO scan_sources: tailwindcss_oxide::scanner: Discovering "/home/afdal/Laboratorium/PROJECT/extensionadminaksent/android/app/src/main/java/io/ionic/starter"
2026-02-16T09:12:10.855542Z  INFO scan_sources: tailwindcss_oxide::scanner: Discovering "/home/afdal/Laboratorium/PROJECT/extensionadminaksent/android/app/src/main/assets"
2026-02-16T09:12:10.855793Z  INFO scan_sources: tailwindcss_oxide::scanner: Discovering "/home/afdal/Laboratorium/PROJECT/extensionadminaksent/android/app/src/androidTest"
2026-02-16T09:12:10.855873Z  INFO scan_sources: tailwindcss_oxide::scanner: Discovering "/home/afdal/Laboratorium/PROJECT/extensionadminaksent/android/app/src/androidTest/java"
2026-02-16T09:12:10.855949Z  INFO scan_sources: tailwindcss_oxide::scanner: Discovering "/home/afdal/Laboratorium/PROJECT/extensionadminaksent/android/app/src/androidTest/java/com"
2026-02-16T09:12:10.856023Z  INFO scan_sources: tailwindcss_oxide::scanner: Discovering "/home/afdal/Laboratorium/PROJECT/extensionadminaksent/android/app/src/androidTest/java/com/getcapacitor"
2026-02-16T09:12:10.856109Z  INFO scan_sources: tailwindcss_oxide::scanner: Discovering "/home/afdal/Laboratorium/PROJECT/extensionadminaksent/android/app/src/androidTest/java/com/getcapacitor/myapp"
2026-02-16T09:12:10.856266Z  INFO scan_sources: tailwindcss_oxide::scanner: Discovering "/home/afdal/Laboratorium/PROJECT/extensionadminaksent/android/app/src/test"
2026-02-16T09:12:10.856347Z  INFO scan_sources: tailwindcss_oxide::scanner: Discovering "/home/afdal/Laboratorium/PROJECT/extensionadminaksent/android/app/src/test/java"
2026-02-16T09:12:10.856423Z  INFO scan_sources: tailwindcss_oxide::scanner: Discovering "/home/afdal/Laboratorium/PROJECT/extensionadminaksent/android/app/src/test/java/com"
2026-02-16T09:12:10.856507Z  INFO scan_sources: tailwindcss_oxide::scanner: Discovering "/home/afdal/Laboratorium/PROJECT/extensionadminaksent/android/app/src/test/java/com/getcapacitor"
2026-02-16T09:12:10.856587Z  INFO scan_sources: tailwindcss_oxide::scanner: Discovering "/home/afdal/Laboratorium/PROJECT/extensionadminaksent/android/app/src/test/java/com/getcapacitor/myapp"
2026-02-16T09:12:10.860429Z  INFO scan_sources: tailwindcss_oxide::scanner: exit
2026-02-16T09:12:10.860487Z  INFO extract_candidates: tailwindcss_oxide::scanner: enter
2026-02-16T09:12:10.860510Z  INFO extract_candidates:read_all_files: tailwindcss_oxide::scanner: enter
2026-02-16T09:12:10.860524Z  INFO extract_candidates:read_all_files: tailwindcss_oxide::scanner: Reading 3 file(s)
2026-02-16T09:12:10.860629Z  INFO tailwindcss_oxide::scanner: Reading "/home/afdal/Laboratorium/PROJECT/extensionadminaksent/src/App.tsx"
2026-02-16T09:12:10.860687Z  INFO tailwindcss_oxide::scanner: Reading "/home/afdal/Laboratorium/PROJECT/extensionadminaksent/src/pages/Customer/Customer.tsx"
2026-02-16T09:12:10.861373Z  INFO tailwindcss_oxide::scanner: Reading "/home/afdal/Laboratorium/PROJECT/extensionadminaksent/src/pages/Validation/ValidationPage.tsx"
2026-02-16T09:12:10.861635Z  INFO extract_candidates:read_all_files: tailwindcss_oxide::scanner: exit
2026-02-16T09:12:10.861671Z  INFO extract_candidates:parse_all_blobs: tailwindcss_oxide::scanner: enter
2026-02-16T09:12:10.861683Z  INFO extract_candidates:parse_all_blobs:extract: tailwindcss_oxide::scanner: enter
2026-02-16T09:12:10.867478Z  INFO extract_candidates:parse_all_blobs:extract: tailwindcss_oxide::scanner: exit
2026-02-16T09:12:10.867529Z  INFO extract_candidates:parse_all_blobs: tailwindcss_oxide::scanner: exit
2026-02-16T09:12:10.867719Z  INFO extract_candidates: tailwindcss_oxide::scanner: exit
2026-02-16T09:12:10.870426Z  INFO get_files: tailwindcss_oxide::scanner: enter
2026-02-16T09:12:10.870600Z  INFO get_files:scan_sources: tailwindcss_oxide::scanner: enter
2026-02-16T09:12:10.871958Z  INFO get_files:scan_sources: tailwindcss_oxide::scanner: Discovering "/home/afdal/Laboratorium/PROJECT/extensionadminaksent/cypress"
2026-02-16T09:12:10.872254Z  INFO get_files:scan_sources: tailwindcss_oxide::scanner: Discovering "/home/afdal/Laboratorium/PROJECT/extensionadminaksent/cypress/fixtures"
2026-02-16T09:12:10.872482Z  INFO get_files:scan_sources: tailwindcss_oxide::scanner: Discovering "/home/afdal/Laboratorium/PROJECT/extensionadminaksent/cypress/e2e"
2026-02-16T09:12:10.872685Z  INFO get_files:scan_sources: tailwindcss_oxide::scanner: Discovering "/home/afdal/Laboratorium/PROJECT/extensionadminaksent/cypress/support"
2026-02-16T09:12:10.872884Z  INFO get_files:scan_sources: tailwindcss_oxide::scanner: Discovering "/home/afdal/Laboratorium/PROJECT/extensionadminaksent/.vscode"
2026-02-16T09:12:10.873141Z  INFO get_files:scan_sources: tailwindcss_oxide::scanner: Discovering "/home/afdal/Laboratorium/PROJECT/extensionadminaksent/src"
2026-02-16T09:12:10.873221Z  INFO get_files:scan_sources: tailwindcss_oxide::scanner: Discovering "/home/afdal/Laboratorium/PROJECT/extensionadminaksent/src/components"
2026-02-16T09:12:10.873315Z  INFO get_files:scan_sources: tailwindcss_oxide::scanner: Discovering "/home/afdal/Laboratorium/PROJECT/extensionadminaksent/src/theme"
2026-02-16T09:12:10.873484Z  INFO get_files:scan_sources: tailwindcss_oxide::scanner: Discovering "/home/afdal/Laboratorium/PROJECT/extensionadminaksent/src/pages"
2026-02-16T09:12:10.873550Z  INFO get_files:scan_sources: tailwindcss_oxide::scanner: Discovering "/home/afdal/Laboratorium/PROJECT/extensionadminaksent/src/pages/Customer"
2026-02-16T09:12:10.873634Z  INFO get_files:scan_sources: tailwindcss_oxide::scanner: Discovering "/home/afdal/Laboratorium/PROJECT/extensionadminaksent/src/pages/Home"
2026-02-16T09:12:10.873724Z  INFO get_files:scan_sources: tailwindcss_oxide::scanner: Discovering "/home/afdal/Laboratorium/PROJECT/extensionadminaksent/src/pages/Validation"
2026-02-16T09:12:10.873827Z  INFO get_files:scan_sources: tailwindcss_oxide::scanner: Discovering "/home/afdal/Laboratorium/PROJECT/extensionadminaksent/src/pages/Unpaid"
2026-02-16T09:12:10.873929Z  INFO get_files:scan_sources: tailwindcss_oxide::scanner: Discovering "/home/afdal/Laboratorium/PROJECT/extensionadminaksent/src/pages/Payment"
2026-02-16T09:12:10.874470Z  INFO get_files:scan_sources: tailwindcss_oxide::scanner: Discovering "/home/afdal/Laboratorium/PROJECT/extensionadminaksent/public"
2026-02-16T09:12:10.874897Z  INFO get_files:scan_sources: tailwindcss_oxide::scanner: Discovering "/home/afdal/Laboratorium/PROJECT/extensionadminaksent/android"
2026-02-16T09:12:10.875368Z  INFO get_files:scan_sources: tailwindcss_oxide::scanner: Discovering "/home/afdal/Laboratorium/PROJECT/extensionadminaksent/android/.kotlin"
2026-02-16T09:12:10.875457Z  INFO get_files:scan_sources: tailwindcss_oxide::scanner: Discovering "/home/afdal/Laboratorium/PROJECT/extensionadminaksent/android/.kotlin/sessions"
2026-02-16T09:12:10.875705Z  INFO get_files:scan_sources: tailwindcss_oxide::scanner: Discovering "/home/afdal/Laboratorium/PROJECT/extensionadminaksent/android/gradle"
2026-02-16T09:12:10.875782Z  INFO get_files:scan_sources: tailwindcss_oxide::scanner: Discovering "/home/afdal/Laboratorium/PROJECT/extensionadminaksent/android/gradle/wrapper"
2026-02-16T09:12:10.875901Z  INFO get_files:scan_sources: tailwindcss_oxide::scanner: Discovering "/home/afdal/Laboratorium/PROJECT/extensionadminaksent/android/app"
2026-02-16T09:12:10.876084Z  INFO get_files:scan_sources: tailwindcss_oxide::scanner: Discovering "/home/afdal/Laboratorium/PROJECT/extensionadminaksent/android/app/src"
2026-02-16T09:12:10.876190Z  INFO get_files:scan_sources: tailwindcss_oxide::scanner: Discovering "/home/afdal/Laboratorium/PROJECT/extensionadminaksent/android/app/src/main"
2026-02-16T09:12:10.876316Z  INFO get_files:scan_sources: tailwindcss_oxide::scanner: Discovering "/home/afdal/Laboratorium/PROJECT/extensionadminaksent/android/app/src/main/res"
2026-02-16T09:12:10.876407Z  INFO get_files:scan_sources: tailwindcss_oxide::scanner: Discovering "/home/afdal/Laboratorium/PROJECT/extensionadminaksent/android/app/src/main/res/drawable-land-xhdpi"
2026-02-16T09:12:10.876497Z  INFO get_files:scan_sources: tailwindcss_oxide::scanner: Discovering "/home/afdal/Laboratorium/PROJECT/extensionadminaksent/android/app/src/main/res/drawable-land-xxhdpi"
2026-02-16T09:12:10.876580Z  INFO get_files:scan_sources: tailwindcss_oxide::scanner: Discovering "/home/afdal/Laboratorium/PROJECT/extensionadminaksent/android/app/src/main/res/drawable-v24"
2026-02-16T09:12:10.876729Z  INFO get_files:scan_sources: tailwindcss_oxide::scanner: Discovering "/home/afdal/Laboratorium/PROJECT/extensionadminaksent/android/app/src/main/res/drawable-port-xxxhdpi"
2026-02-16T09:12:10.876815Z  INFO get_files:scan_sources: tailwindcss_oxide::scanner: Discovering "/home/afdal/Laboratorium/PROJECT/extensionadminaksent/android/app/src/main/res/drawable-land-xxxhdpi"
2026-02-16T09:12:10.876907Z  INFO get_files:scan_sources: tailwindcss_oxide::scanner: Discovering "/home/afdal/Laboratorium/PROJECT/extensionadminaksent/android/app/src/main/res/drawable-port-xxhdpi"
2026-02-16T09:12:10.877010Z  INFO get_files:scan_sources: tailwindcss_oxide::scanner: Discovering "/home/afdal/Laboratorium/PROJECT/extensionadminaksent/android/app/src/main/res/mipmap-hdpi"
2026-02-16T09:12:10.877645Z  INFO get_files:scan_sources: tailwindcss_oxide::scanner: Discovering "/home/afdal/Laboratorium/PROJECT/extensionadminaksent/android/app/src/main/res/drawable-land-hdpi"
2026-02-16T09:12:10.877987Z  INFO get_files:scan_sources: tailwindcss_oxide::scanner: Discovering "/home/afdal/Laboratorium/PROJECT/extensionadminaksent/android/app/src/main/res/xml"
2026-02-16T09:12:10.878389Z  INFO get_files:scan_sources: tailwindcss_oxide::scanner: Discovering "/home/afdal/Laboratorium/PROJECT/extensionadminaksent/android/app/src/main/res/mipmap-xhdpi"
2026-02-16T09:12:10.878743Z  INFO get_files:scan_sources: tailwindcss_oxide::scanner: Discovering "/home/afdal/Laboratorium/PROJECT/extensionadminaksent/android/app/src/main/res/drawable-land-mdpi"
2026-02-16T09:12:10.879037Z  INFO get_files:scan_sources: tailwindcss_oxide::scanner: Discovering "/home/afdal/Laboratorium/PROJECT/extensionadminaksent/android/app/src/main/res/drawable-port-hdpi"
2026-02-16T09:12:10.879328Z  INFO get_files:scan_sources: tailwindcss_oxide::scanner: Discovering "/home/afdal/Laboratorium/PROJECT/extensionadminaksent/android/app/src/main/res/mipmap-xxhdpi"
2026-02-16T09:12:10.879511Z  INFO get_files:scan_sources: tailwindcss_oxide::scanner: Discovering "/home/afdal/Laboratorium/PROJECT/extensionadminaksent/android/app/src/main/res/mipmap-mdpi"
2026-02-16T09:12:10.879790Z  INFO get_files:scan_sources: tailwindcss_oxide::scanner: Discovering "/home/afdal/Laboratorium/PROJECT/extensionadminaksent/android/app/src/main/res/drawable"
2026-02-16T09:12:10.880123Z  INFO get_files:scan_sources: tailwindcss_oxide::scanner: Discovering "/home/afdal/Laboratorium/PROJECT/extensionadminaksent/android/app/src/main/res/drawable-port-xhdpi"
2026-02-16T09:12:10.880292Z  INFO get_files:scan_sources: tailwindcss_oxide::scanner: Discovering "/home/afdal/Laboratorium/PROJECT/extensionadminaksent/android/app/src/main/res/mipmap-xxxhdpi"
2026-02-16T09:12:10.880463Z  INFO get_files:scan_sources: tailwindcss_oxide::scanner: Discovering "/home/afdal/Laboratorium/PROJECT/extensionadminaksent/android/app/src/main/res/layout"
2026-02-16T09:12:10.880741Z  INFO get_files:scan_sources: tailwindcss_oxide::scanner: Discovering "/home/afdal/Laboratorium/PROJECT/extensionadminaksent/android/app/src/main/res/mipmap-anydpi-v26"
2026-02-16T09:12:10.880867Z  INFO get_files:scan_sources: tailwindcss_oxide::scanner: Discovering "/home/afdal/Laboratorium/PROJECT/extensionadminaksent/android/app/src/main/res/drawable-port-mdpi"
2026-02-16T09:12:10.880950Z  INFO get_files:scan_sources: tailwindcss_oxide::scanner: Discovering "/home/afdal/Laboratorium/PROJECT/extensionadminaksent/android/app/src/main/res/values"
2026-02-16T09:12:10.881091Z  INFO get_files:scan_sources: tailwindcss_oxide::scanner: Discovering "/home/afdal/Laboratorium/PROJECT/extensionadminaksent/android/app/src/main/java"
2026-02-16T09:12:10.881535Z  INFO get_files:scan_sources: tailwindcss_oxide::scanner: Discovering "/home/afdal/Laboratorium/PROJECT/extensionadminaksent/android/app/src/main/java/io"
2026-02-16T09:12:10.881795Z  INFO get_files:scan_sources: tailwindcss_oxide::scanner: Discovering "/home/afdal/Laboratorium/PROJECT/extensionadminaksent/android/app/src/main/java/io/ionic"
2026-02-16T09:12:10.881969Z  INFO get_files:scan_sources: tailwindcss_oxide::scanner: Discovering "/home/afdal/Laboratorium/PROJECT/extensionadminaksent/android/app/src/main/java/io/ionic/starter"
2026-02-16T09:12:10.882295Z  INFO get_files:scan_sources: tailwindcss_oxide::scanner: Discovering "/home/afdal/Laboratorium/PROJECT/extensionadminaksent/android/app/src/main/assets"
2026-02-16T09:12:10.882555Z  INFO get_files:scan_sources: tailwindcss_oxide::scanner: Discovering "/home/afdal/Laboratorium/PROJECT/extensionadminaksent/android/app/src/androidTest"
2026-02-16T09:12:10.882636Z  INFO get_files:scan_sources: tailwindcss_oxide::scanner: Discovering "/home/afdal/Laboratorium/PROJECT/extensionadminaksent/android/app/src/androidTest/java"
2026-02-16T09:12:10.882703Z  INFO get_files:scan_sources: tailwindcss_oxide::scanner: Discovering "/home/afdal/Laboratorium/PROJECT/extensionadminaksent/android/app/src/androidTest/java/com"
2026-02-16T09:12:10.882778Z  INFO get_files:scan_sources: tailwindcss_oxide::scanner: Discovering "/home/afdal/Laboratorium/PROJECT/extensionadminaksent/android/app/src/androidTest/java/com/getcapacitor"
2026-02-16T09:12:10.882855Z  INFO get_files:scan_sources: tailwindcss_oxide::scanner: Discovering "/home/afdal/Laboratorium/PROJECT/extensionadminaksent/android/app/src/androidTest/java/com/getcapacitor/myapp"
2026-02-16T09:12:10.882982Z  INFO get_files:scan_sources: tailwindcss_oxide::scanner: Discovering "/home/afdal/Laboratorium/PROJECT/extensionadminaksent/android/app/src/test"
2026-02-16T09:12:10.883057Z  INFO get_files:scan_sources: tailwindcss_oxide::scanner: Discovering "/home/afdal/Laboratorium/PROJECT/extensionadminaksent/android/app/src/test/java"
2026-02-16T09:12:10.883139Z  INFO get_files:scan_sources: tailwindcss_oxide::scanner: Discovering "/home/afdal/Laboratorium/PROJECT/extensionadminaksent/android/app/src/test/java/com"
2026-02-16T09:12:10.883225Z  INFO get_files:scan_sources: tailwindcss_oxide::scanner: Discovering "/home/afdal/Laboratorium/PROJECT/extensionadminaksent/android/app/src/test/java/com/getcapacitor"
2026-02-16T09:12:10.883303Z  INFO get_files:scan_sources: tailwindcss_oxide::scanner: Discovering "/home/afdal/Laboratorium/PROJECT/extensionadminaksent/android/app/src/test/java/com/getcapacitor/myapp"
2026-02-16T09:12:10.883896Z  INFO get_files:scan_sources: tailwindcss_oxide::scanner: exit
2026-02-16T09:12:10.884543Z  INFO get_files: tailwindcss_oxide::scanner: exit
2026-02-16T09:12:10.884965Z  INFO get_globs: tailwindcss_oxide::scanner: enter
2026-02-16T09:12:10.885031Z  INFO get_globs: tailwindcss_oxide::scanner: exit
