2026-02-24T09:58:04.966937Z  INFO tailwindcss_oxide::scanner: Provided sources:
2026-02-24T09:58:04.966994Z  INFO tailwindcss_oxide::scanner: Source: PublicSourceEntry { base: "/home/afdal/Laboratorium/PROJECT/extensionadminaksent", pattern: "**/*", negated: false }
2026-02-24T09:58:04.967056Z  INFO tailwindcss_oxide::scanner: Optimized sources:
2026-02-24T09:58:04.967062Z  INFO tailwindcss_oxide::scanner: Source: Auto { base: "/home/afdal/Laboratorium/PROJECT/extensionadminaksent" }
2026-02-24T09:58:06.772759Z  INFO tailwindcss_oxide::scanner: Provided sources:
2026-02-24T09:58:06.772965Z  INFO tailwindcss_oxide::scanner: Source: PublicSourceEntry { base: "/home/afdal/Laboratorium/PROJECT/extensionadminaksent", pattern: "**/*", negated: false }
2026-02-24T09:58:06.773765Z  INFO tailwindcss_oxide::scanner: Optimized sources:
2026-02-24T09:58:06.773919Z  INFO tailwindcss_oxide::scanner: Source: Auto { base: "/home/afdal/Laboratorium/PROJECT/extensionadminaksent" }
2026-02-24T09:58:06.774180Z  INFO scan_sources: tailwindcss_oxide::scanner: enter
2026-02-24T09:58:06.774779Z  INFO scan_sources: tailwindcss_oxide::scanner: Discovering "/home/afdal/Laboratorium/PROJECT/extensionadminaksent/index.html"
2026-02-24T09:58:06.774893Z  INFO scan_sources: tailwindcss_oxide::scanner: Discovering "/home/afdal/Laboratorium/PROJECT/extensionadminaksent/tailwind.config.js"
2026-02-24T09:58:06.774931Z  INFO scan_sources: tailwindcss_oxide::scanner: Discovering "/home/afdal/Laboratorium/PROJECT/extensionadminaksent/.browserslistrc"
2026-02-24T09:58:06.774963Z  INFO scan_sources: tailwindcss_oxide::scanner: Discovering "/home/afdal/Laboratorium/PROJECT/extensionadminaksent/cypress"
2026-02-24T09:58:06.775023Z  INFO scan_sources: tailwindcss_oxide::scanner: Discovering "/home/afdal/Laboratorium/PROJECT/extensionadminaksent/cypress/fixtures"
2026-02-24T09:58:06.775075Z  INFO scan_sources: tailwindcss_oxide::scanner: Discovering "/home/afdal/Laboratorium/PROJECT/extensionadminaksent/cypress/fixtures/example.json"
2026-02-24T09:58:06.775109Z  INFO scan_sources: tailwindcss_oxide::scanner: Discovering "/home/afdal/Laboratorium/PROJECT/extensionadminaksent/cypress/e2e"
2026-02-24T09:58:06.775158Z  INFO scan_sources: tailwindcss_oxide::scanner: Discovering "/home/afdal/Laboratorium/PROJECT/extensionadminaksent/cypress/e2e/test.cy.ts"
2026-02-24T09:58:06.775194Z  INFO scan_sources: tailwindcss_oxide::scanner: Discovering "/home/afdal/Laboratorium/PROJECT/extensionadminaksent/cypress/support"
2026-02-24T09:58:06.775241Z  INFO scan_sources: tailwindcss_oxide::scanner: Discovering "/home/afdal/Laboratorium/PROJECT/extensionadminaksent/cypress/support/e2e.ts"
2026-02-24T09:58:06.775264Z  INFO scan_sources: tailwindcss_oxide::scanner: Discovering "/home/afdal/Laboratorium/PROJECT/extensionadminaksent/cypress/support/commands.ts"
2026-02-24T09:58:06.775304Z  INFO scan_sources: tailwindcss_oxide::scanner: Discovering "/home/afdal/Laboratorium/PROJECT/extensionadminaksent/.vscode"
2026-02-24T09:58:06.775369Z  INFO scan_sources: tailwindcss_oxide::scanner: Discovering "/home/afdal/Laboratorium/PROJECT/extensionadminaksent/.vscode/extensions.json"
2026-02-24T09:58:06.775457Z  INFO scan_sources: tailwindcss_oxide::scanner: Discovering "/home/afdal/Laboratorium/PROJECT/extensionadminaksent/readme.md"
2026-02-24T09:58:06.775487Z  INFO scan_sources: tailwindcss_oxide::scanner: Discovering "/home/afdal/Laboratorium/PROJECT/extensionadminaksent/src"
2026-02-24T09:58:06.775550Z  INFO scan_sources: tailwindcss_oxide::scanner: Discovering "/home/afdal/Laboratorium/PROJECT/extensionadminaksent/src/components"
2026-02-24T09:58:06.775634Z  INFO scan_sources: tailwindcss_oxide::scanner: Discovering "/home/afdal/Laboratorium/PROJECT/extensionadminaksent/src/components/ExploreContainer.css"
2026-02-24T09:58:06.775682Z  INFO scan_sources: tailwindcss_oxide::scanner: Discovering "/home/afdal/Laboratorium/PROJECT/extensionadminaksent/src/components/customer"
2026-02-24T09:58:06.775746Z  INFO scan_sources: tailwindcss_oxide::scanner: Discovering "/home/afdal/Laboratorium/PROJECT/extensionadminaksent/src/components/customer/DetailCardCustomer.tsx"
2026-02-24T09:58:06.775820Z  INFO scan_sources: tailwindcss_oxide::scanner: Discovering "/home/afdal/Laboratorium/PROJECT/extensionadminaksent/src/components/list"
2026-02-24T09:58:06.775908Z  INFO scan_sources: tailwindcss_oxide::scanner: Discovering "/home/afdal/Laboratorium/PROJECT/extensionadminaksent/src/components/list/DataList.tsx"
2026-02-24T09:58:06.775967Z  INFO scan_sources: tailwindcss_oxide::scanner: Discovering "/home/afdal/Laboratorium/PROJECT/extensionadminaksent/src/components/ExploreContainer.tsx"
2026-02-24T09:58:06.776022Z  INFO scan_sources: tailwindcss_oxide::scanner: Discovering "/home/afdal/Laboratorium/PROJECT/extensionadminaksent/src/components/toolbars"
2026-02-24T09:58:06.776095Z  INFO scan_sources: tailwindcss_oxide::scanner: Discovering "/home/afdal/Laboratorium/PROJECT/extensionadminaksent/src/components/toolbars/HeaderFilterChip.tsx"
2026-02-24T09:58:06.776140Z  INFO scan_sources: tailwindcss_oxide::scanner: Discovering "/home/afdal/Laboratorium/PROJECT/extensionadminaksent/src/components/toolbars/TextSearch.tsx"
2026-02-24T09:58:06.776206Z  INFO scan_sources: tailwindcss_oxide::scanner: Discovering "/home/afdal/Laboratorium/PROJECT/extensionadminaksent/src/theme"
2026-02-24T09:58:06.776295Z  INFO scan_sources: tailwindcss_oxide::scanner: Discovering "/home/afdal/Laboratorium/PROJECT/extensionadminaksent/src/theme/variables.css"
2026-02-24T09:58:06.776336Z  INFO scan_sources: tailwindcss_oxide::scanner: Discovering "/home/afdal/Laboratorium/PROJECT/extensionadminaksent/src/theme/global.css"
2026-02-24T09:58:06.776381Z  INFO scan_sources: tailwindcss_oxide::scanner: Discovering "/home/afdal/Laboratorium/PROJECT/extensionadminaksent/src/App.tsx"
2026-02-24T09:58:06.776426Z  INFO scan_sources: tailwindcss_oxide::scanner: Discovering "/home/afdal/Laboratorium/PROJECT/extensionadminaksent/src/utils"
2026-02-24T09:58:06.776484Z  INFO scan_sources: tailwindcss_oxide::scanner: Discovering "/home/afdal/Laboratorium/PROJECT/extensionadminaksent/src/utils/helpers.ts"
2026-02-24T09:58:06.776550Z  INFO scan_sources: tailwindcss_oxide::scanner: Discovering "/home/afdal/Laboratorium/PROJECT/extensionadminaksent/src/vite-env.d.ts"
2026-02-24T09:58:06.776587Z  INFO scan_sources: tailwindcss_oxide::scanner: Discovering "/home/afdal/Laboratorium/PROJECT/extensionadminaksent/src/App.test.tsx"
2026-02-24T09:58:06.776608Z  INFO scan_sources: tailwindcss_oxide::scanner: Discovering "/home/afdal/Laboratorium/PROJECT/extensionadminaksent/src/setupTests.ts"
2026-02-24T09:58:06.776647Z  INFO scan_sources: tailwindcss_oxide::scanner: Discovering "/home/afdal/Laboratorium/PROJECT/extensionadminaksent/src/types"
2026-02-24T09:58:06.776701Z  INFO scan_sources: tailwindcss_oxide::scanner: Discovering "/home/afdal/Laboratorium/PROJECT/extensionadminaksent/src/types/customer.ts"
2026-02-24T09:58:06.776766Z  INFO scan_sources: tailwindcss_oxide::scanner: Discovering "/home/afdal/Laboratorium/PROJECT/extensionadminaksent/src/pages"
2026-02-24T09:58:06.776846Z  INFO scan_sources: tailwindcss_oxide::scanner: Discovering "/home/afdal/Laboratorium/PROJECT/extensionadminaksent/src/pages/Customer"
2026-02-24T09:58:06.776921Z  INFO scan_sources: tailwindcss_oxide::scanner: Discovering "/home/afdal/Laboratorium/PROJECT/extensionadminaksent/src/pages/Customer/Customer.tsx"
2026-02-24T09:58:06.776959Z  INFO scan_sources: tailwindcss_oxide::scanner: Discovering "/home/afdal/Laboratorium/PROJECT/extensionadminaksent/src/pages/Customer/Customer copy.tsx"
2026-02-24T09:58:06.777001Z  INFO scan_sources: tailwindcss_oxide::scanner: Discovering "/home/afdal/Laboratorium/PROJECT/extensionadminaksent/src/pages/Home"
2026-02-24T09:58:06.777068Z  INFO scan_sources: tailwindcss_oxide::scanner: Discovering "/home/afdal/Laboratorium/PROJECT/extensionadminaksent/src/pages/Home/Home.css"
2026-02-24T09:58:06.777106Z  INFO scan_sources: tailwindcss_oxide::scanner: Discovering "/home/afdal/Laboratorium/PROJECT/extensionadminaksent/src/pages/Home/Home.tsx"
2026-02-24T09:58:06.777150Z  INFO scan_sources: tailwindcss_oxide::scanner: Discovering "/home/afdal/Laboratorium/PROJECT/extensionadminaksent/src/pages/Validation"
2026-02-24T09:58:06.777220Z  INFO scan_sources: tailwindcss_oxide::scanner: Discovering "/home/afdal/Laboratorium/PROJECT/extensionadminaksent/src/pages/Validation/ValidationPage.tsx"
2026-02-24T09:58:06.777254Z  INFO scan_sources: tailwindcss_oxide::scanner: Discovering "/home/afdal/Laboratorium/PROJECT/extensionadminaksent/src/pages/Unpaid"
2026-02-24T09:58:06.777334Z  INFO scan_sources: tailwindcss_oxide::scanner: Discovering "/home/afdal/Laboratorium/PROJECT/extensionadminaksent/src/pages/Unpaid/Unpaid.tsx"
2026-02-24T09:58:06.777382Z  INFO scan_sources: tailwindcss_oxide::scanner: Discovering "/home/afdal/Laboratorium/PROJECT/extensionadminaksent/src/pages/Payment"
2026-02-24T09:58:06.777463Z  INFO scan_sources: tailwindcss_oxide::scanner: Discovering "/home/afdal/Laboratorium/PROJECT/extensionadminaksent/src/pages/Payment/Payment.tsx"
2026-02-24T09:58:06.777516Z  INFO scan_sources: tailwindcss_oxide::scanner: Discovering "/home/afdal/Laboratorium/PROJECT/extensionadminaksent/src/main.tsx"
2026-02-24T09:58:06.777649Z  INFO scan_sources: tailwindcss_oxide::scanner: Discovering "/home/afdal/Laboratorium/PROJECT/extensionadminaksent/capacitor.config.ts"
2026-02-24T09:58:06.777690Z  INFO scan_sources: tailwindcss_oxide::scanner: Discovering "/home/afdal/Laboratorium/PROJECT/extensionadminaksent/cypress.config.ts"
2026-02-24T09:58:06.777714Z  INFO scan_sources: tailwindcss_oxide::scanner: Discovering "/home/afdal/Laboratorium/PROJECT/extensionadminaksent/package.json"
2026-02-24T09:58:06.777759Z  INFO scan_sources: tailwindcss_oxide::scanner: Discovering "/home/afdal/Laboratorium/PROJECT/extensionadminaksent/public"
2026-02-24T09:58:06.777852Z  INFO scan_sources: tailwindcss_oxide::scanner: Discovering "/home/afdal/Laboratorium/PROJECT/extensionadminaksent/public/manifest.json"
2026-02-24T09:58:06.777907Z  INFO scan_sources: tailwindcss_oxide::scanner: Discovering "/home/afdal/Laboratorium/PROJECT/extensionadminaksent/ionic.starter.json"
2026-02-24T09:58:06.778009Z  INFO scan_sources: tailwindcss_oxide::scanner: Discovering "/home/afdal/Laboratorium/PROJECT/extensionadminaksent/eslint.config.js"
2026-02-24T09:58:06.778048Z  INFO scan_sources: tailwindcss_oxide::scanner: Discovering "/home/afdal/Laboratorium/PROJECT/extensionadminaksent/ionic.config.json"
2026-02-24T09:58:06.778069Z  INFO scan_sources: tailwindcss_oxide::scanner: Discovering "/home/afdal/Laboratorium/PROJECT/extensionadminaksent/tsconfig.json"
2026-02-24T09:58:06.778103Z  INFO scan_sources: tailwindcss_oxide::scanner: Discovering "/home/afdal/Laboratorium/PROJECT/extensionadminaksent/sample.md"
2026-02-24T09:58:06.778129Z  INFO scan_sources: tailwindcss_oxide::scanner: Discovering "/home/afdal/Laboratorium/PROJECT/extensionadminaksent/android"
2026-02-24T09:58:06.778469Z  INFO scan_sources: tailwindcss_oxide::scanner: Discovering "/home/afdal/Laboratorium/PROJECT/extensionadminaksent/android/.kotlin"
2026-02-24T09:58:06.778680Z  INFO scan_sources: tailwindcss_oxide::scanner: Discovering "/home/afdal/Laboratorium/PROJECT/extensionadminaksent/android/.kotlin/sessions"
2026-02-24T09:58:06.778779Z  INFO scan_sources: tailwindcss_oxide::scanner: Discovering "/home/afdal/Laboratorium/PROJECT/extensionadminaksent/android/gradlew.bat"
2026-02-24T09:58:06.779047Z  INFO scan_sources: tailwindcss_oxide::scanner: Discovering "/home/afdal/Laboratorium/PROJECT/extensionadminaksent/android/variables.gradle"
2026-02-24T09:58:06.779291Z  INFO scan_sources: tailwindcss_oxide::scanner: Discovering "/home/afdal/Laboratorium/PROJECT/extensionadminaksent/android/build.gradle"
2026-02-24T09:58:06.779411Z  INFO scan_sources: tailwindcss_oxide::scanner: Discovering "/home/afdal/Laboratorium/PROJECT/extensionadminaksent/android/capacitor.settings.gradle"
2026-02-24T09:58:06.779952Z  INFO scan_sources: tailwindcss_oxide::scanner: Discovering "/home/afdal/Laboratorium/PROJECT/extensionadminaksent/android/gradle"
2026-02-24T09:58:06.780526Z  INFO scan_sources: tailwindcss_oxide::scanner: Discovering "/home/afdal/Laboratorium/PROJECT/extensionadminaksent/android/gradle/wrapper"
2026-02-24T09:58:06.780615Z  INFO scan_sources: tailwindcss_oxide::scanner: Discovering "/home/afdal/Laboratorium/PROJECT/extensionadminaksent/android/gradle/wrapper/gradle-wrapper.properties"
2026-02-24T09:58:06.780668Z  INFO scan_sources: tailwindcss_oxide::scanner: Discovering "/home/afdal/Laboratorium/PROJECT/extensionadminaksent/android/settings.gradle"
2026-02-24T09:58:06.780699Z  INFO scan_sources: tailwindcss_oxide::scanner: Discovering "/home/afdal/Laboratorium/PROJECT/extensionadminaksent/android/app"
2026-02-24T09:58:06.780880Z  INFO scan_sources: tailwindcss_oxide::scanner: Discovering "/home/afdal/Laboratorium/PROJECT/extensionadminaksent/android/app/src"
2026-02-24T09:58:06.780959Z  INFO scan_sources: tailwindcss_oxide::scanner: Discovering "/home/afdal/Laboratorium/PROJECT/extensionadminaksent/android/app/src/main"
2026-02-24T09:58:06.781024Z  INFO scan_sources: tailwindcss_oxide::scanner: Discovering "/home/afdal/Laboratorium/PROJECT/extensionadminaksent/android/app/src/main/AndroidManifest.xml.orig"
2026-02-24T09:58:06.781056Z  INFO scan_sources: tailwindcss_oxide::scanner: Discovering "/home/afdal/Laboratorium/PROJECT/extensionadminaksent/android/app/src/main/res"
2026-02-24T09:58:06.781134Z  INFO scan_sources: tailwindcss_oxide::scanner: Discovering "/home/afdal/Laboratorium/PROJECT/extensionadminaksent/android/app/src/main/res/drawable-land-xhdpi"
2026-02-24T09:58:06.781202Z  INFO scan_sources: tailwindcss_oxide::scanner: Discovering "/home/afdal/Laboratorium/PROJECT/extensionadminaksent/android/app/src/main/res/drawable-land-xxhdpi"
2026-02-24T09:58:06.781270Z  INFO scan_sources: tailwindcss_oxide::scanner: Discovering "/home/afdal/Laboratorium/PROJECT/extensionadminaksent/android/app/src/main/res/drawable-v24"
2026-02-24T09:58:06.781325Z  INFO scan_sources: tailwindcss_oxide::scanner: Discovering "/home/afdal/Laboratorium/PROJECT/extensionadminaksent/android/app/src/main/res/drawable-v24/ic_launcher_foreground.xml"
2026-02-24T09:58:06.781362Z  INFO scan_sources: tailwindcss_oxide::scanner: Discovering "/home/afdal/Laboratorium/PROJECT/extensionadminaksent/android/app/src/main/res/drawable-port-xxxhdpi"
2026-02-24T09:58:06.781423Z  INFO scan_sources: tailwindcss_oxide::scanner: Discovering "/home/afdal/Laboratorium/PROJECT/extensionadminaksent/android/app/src/main/res/drawable-land-xxxhdpi"
2026-02-24T09:58:06.781487Z  INFO scan_sources: tailwindcss_oxide::scanner: Discovering "/home/afdal/Laboratorium/PROJECT/extensionadminaksent/android/app/src/main/res/drawable-port-xxhdpi"
2026-02-24T09:58:06.781547Z  INFO scan_sources: tailwindcss_oxide::scanner: Discovering "/home/afdal/Laboratorium/PROJECT/extensionadminaksent/android/app/src/main/res/mipmap-hdpi"
2026-02-24T09:58:06.781615Z  INFO scan_sources: tailwindcss_oxide::scanner: Discovering "/home/afdal/Laboratorium/PROJECT/extensionadminaksent/android/app/src/main/res/drawable-land-hdpi"
2026-02-24T09:58:06.781679Z  INFO scan_sources: tailwindcss_oxide::scanner: Discovering "/home/afdal/Laboratorium/PROJECT/extensionadminaksent/android/app/src/main/res/xml"
2026-02-24T09:58:06.781734Z  INFO scan_sources: tailwindcss_oxide::scanner: Discovering "/home/afdal/Laboratorium/PROJECT/extensionadminaksent/android/app/src/main/res/xml/file_paths.xml"
2026-02-24T09:58:06.781777Z  INFO scan_sources: tailwindcss_oxide::scanner: Discovering "/home/afdal/Laboratorium/PROJECT/extensionadminaksent/android/app/src/main/res/mipmap-xhdpi"
2026-02-24T09:58:06.782040Z  INFO scan_sources: tailwindcss_oxide::scanner: Discovering "/home/afdal/Laboratorium/PROJECT/extensionadminaksent/android/app/src/main/res/drawable-land-mdpi"
2026-02-24T09:58:06.782299Z  INFO scan_sources: tailwindcss_oxide::scanner: Discovering "/home/afdal/Laboratorium/PROJECT/extensionadminaksent/android/app/src/main/res/drawable-port-hdpi"
2026-02-24T09:58:06.782519Z  INFO scan_sources: tailwindcss_oxide::scanner: Discovering "/home/afdal/Laboratorium/PROJECT/extensionadminaksent/android/app/src/main/res/mipmap-xxhdpi"
2026-02-24T09:58:06.782770Z  INFO scan_sources: tailwindcss_oxide::scanner: Discovering "/home/afdal/Laboratorium/PROJECT/extensionadminaksent/android/app/src/main/res/mipmap-mdpi"
2026-02-24T09:58:06.782956Z  INFO scan_sources: tailwindcss_oxide::scanner: Discovering "/home/afdal/Laboratorium/PROJECT/extensionadminaksent/android/app/src/main/res/drawable"
2026-02-24T09:58:06.783123Z  INFO scan_sources: tailwindcss_oxide::scanner: Discovering "/home/afdal/Laboratorium/PROJECT/extensionadminaksent/android/app/src/main/res/drawable/ic_launcher_background.xml"
2026-02-24T09:58:06.783262Z  INFO scan_sources: tailwindcss_oxide::scanner: Discovering "/home/afdal/Laboratorium/PROJECT/extensionadminaksent/android/app/src/main/res/drawable-port-xhdpi"
2026-02-24T09:58:06.783418Z  INFO scan_sources: tailwindcss_oxide::scanner: Discovering "/home/afdal/Laboratorium/PROJECT/extensionadminaksent/android/app/src/main/res/mipmap-xxxhdpi"
2026-02-24T09:58:06.783558Z  INFO scan_sources: tailwindcss_oxide::scanner: Discovering "/home/afdal/Laboratorium/PROJECT/extensionadminaksent/android/app/src/main/res/layout"
2026-02-24T09:58:06.783620Z  INFO scan_sources: tailwindcss_oxide::scanner: Discovering "/home/afdal/Laboratorium/PROJECT/extensionadminaksent/android/app/src/main/res/layout/activity_main.xml"
2026-02-24T09:58:06.783806Z  INFO scan_sources: tailwindcss_oxide::scanner: Discovering "/home/afdal/Laboratorium/PROJECT/extensionadminaksent/android/app/src/main/res/mipmap-anydpi-v26"
2026-02-24T09:58:06.783884Z  INFO scan_sources: tailwindcss_oxide::scanner: Discovering "/home/afdal/Laboratorium/PROJECT/extensionadminaksent/android/app/src/main/res/mipmap-anydpi-v26/ic_launcher_round.xml"
2026-02-24T09:58:06.784070Z  INFO scan_sources: tailwindcss_oxide::scanner: Discovering "/home/afdal/Laboratorium/PROJECT/extensionadminaksent/android/app/src/main/res/mipmap-anydpi-v26/ic_launcher.xml"
2026-02-24T09:58:06.784119Z  INFO scan_sources: tailwindcss_oxide::scanner: Discovering "/home/afdal/Laboratorium/PROJECT/extensionadminaksent/android/app/src/main/res/drawable-port-mdpi"
2026-02-24T09:58:06.784189Z  INFO scan_sources: tailwindcss_oxide::scanner: Discovering "/home/afdal/Laboratorium/PROJECT/extensionadminaksent/android/app/src/main/res/values"
2026-02-24T09:58:06.784308Z  INFO scan_sources: tailwindcss_oxide::scanner: Discovering "/home/afdal/Laboratorium/PROJECT/extensionadminaksent/android/app/src/main/res/values/strings.xml"
2026-02-24T09:58:06.784336Z  INFO scan_sources: tailwindcss_oxide::scanner: Discovering "/home/afdal/Laboratorium/PROJECT/extensionadminaksent/android/app/src/main/res/values/ic_launcher_background.xml"
2026-02-24T09:58:06.784361Z  INFO scan_sources: tailwindcss_oxide::scanner: Discovering "/home/afdal/Laboratorium/PROJECT/extensionadminaksent/android/app/src/main/res/values/styles.xml"
2026-02-24T09:58:06.784456Z  INFO scan_sources: tailwindcss_oxide::scanner: Discovering "/home/afdal/Laboratorium/PROJECT/extensionadminaksent/android/app/src/main/java"
2026-02-24T09:58:06.784516Z  INFO scan_sources: tailwindcss_oxide::scanner: Discovering "/home/afdal/Laboratorium/PROJECT/extensionadminaksent/android/app/src/main/java/io"
2026-02-24T09:58:06.784596Z  INFO scan_sources: tailwindcss_oxide::scanner: Discovering "/home/afdal/Laboratorium/PROJECT/extensionadminaksent/android/app/src/main/java/io/ionic"
2026-02-24T09:58:06.784694Z  INFO scan_sources: tailwindcss_oxide::scanner: Discovering "/home/afdal/Laboratorium/PROJECT/extensionadminaksent/android/app/src/main/java/io/ionic/starter"
2026-02-24T09:58:06.784876Z  INFO scan_sources: tailwindcss_oxide::scanner: Discovering "/home/afdal/Laboratorium/PROJECT/extensionadminaksent/android/app/src/main/java/io/ionic/starter/MainActivity.java"
2026-02-24T09:58:06.785073Z  INFO scan_sources: tailwindcss_oxide::scanner: Discovering "/home/afdal/Laboratorium/PROJECT/extensionadminaksent/android/app/src/main/assets"
2026-02-24T09:58:06.785737Z  INFO scan_sources: tailwindcss_oxide::scanner: Discovering "/home/afdal/Laboratorium/PROJECT/extensionadminaksent/android/app/src/main/AndroidManifest.xml"
2026-02-24T09:58:06.785902Z  INFO scan_sources: tailwindcss_oxide::scanner: Discovering "/home/afdal/Laboratorium/PROJECT/extensionadminaksent/android/app/src/androidTest"
2026-02-24T09:58:06.786125Z  INFO scan_sources: tailwindcss_oxide::scanner: Discovering "/home/afdal/Laboratorium/PROJECT/extensionadminaksent/android/app/src/androidTest/java"
2026-02-24T09:58:06.786280Z  INFO scan_sources: tailwindcss_oxide::scanner: Discovering "/home/afdal/Laboratorium/PROJECT/extensionadminaksent/android/app/src/androidTest/java/com"
2026-02-24T09:58:06.786382Z  INFO scan_sources: tailwindcss_oxide::scanner: Discovering "/home/afdal/Laboratorium/PROJECT/extensionadminaksent/android/app/src/androidTest/java/com/getcapacitor"
2026-02-24T09:58:06.786462Z  INFO scan_sources: tailwindcss_oxide::scanner: Discovering "/home/afdal/Laboratorium/PROJECT/extensionadminaksent/android/app/src/androidTest/java/com/getcapacitor/myapp"
2026-02-24T09:58:06.786542Z  INFO scan_sources: tailwindcss_oxide::scanner: Discovering "/home/afdal/Laboratorium/PROJECT/extensionadminaksent/android/app/src/androidTest/java/com/getcapacitor/myapp/ExampleInstrumentedTest.java"
2026-02-24T09:58:06.786622Z  INFO scan_sources: tailwindcss_oxide::scanner: Discovering "/home/afdal/Laboratorium/PROJECT/extensionadminaksent/android/app/src/test"
2026-02-24T09:58:06.786715Z  INFO scan_sources: tailwindcss_oxide::scanner: Discovering "/home/afdal/Laboratorium/PROJECT/extensionadminaksent/android/app/src/test/java"
2026-02-24T09:58:06.786781Z  INFO scan_sources: tailwindcss_oxide::scanner: Discovering "/home/afdal/Laboratorium/PROJECT/extensionadminaksent/android/app/src/test/java/com"
2026-02-24T09:58:06.786880Z  INFO scan_sources: tailwindcss_oxide::scanner: Discovering "/home/afdal/Laboratorium/PROJECT/extensionadminaksent/android/app/src/test/java/com/getcapacitor"
2026-02-24T09:58:06.786984Z  INFO scan_sources: tailwindcss_oxide::scanner: Discovering "/home/afdal/Laboratorium/PROJECT/extensionadminaksent/android/app/src/test/java/com/getcapacitor/myapp"
2026-02-24T09:58:06.787084Z  INFO scan_sources: tailwindcss_oxide::scanner: Discovering "/home/afdal/Laboratorium/PROJECT/extensionadminaksent/android/app/src/test/java/com/getcapacitor/myapp/ExampleUnitTest.java"
2026-02-24T09:58:06.787280Z  INFO scan_sources: tailwindcss_oxide::scanner: Discovering "/home/afdal/Laboratorium/PROJECT/extensionadminaksent/android/app/build.gradle"
2026-02-24T09:58:06.787333Z  INFO scan_sources: tailwindcss_oxide::scanner: Discovering "/home/afdal/Laboratorium/PROJECT/extensionadminaksent/android/app/proguard-rules.pro"
2026-02-24T09:58:06.787371Z  INFO scan_sources: tailwindcss_oxide::scanner: Discovering "/home/afdal/Laboratorium/PROJECT/extensionadminaksent/android/app/capacitor.build.gradle"
2026-02-24T09:58:06.787517Z  INFO scan_sources: tailwindcss_oxide::scanner: Discovering "/home/afdal/Laboratorium/PROJECT/extensionadminaksent/android/gradle.properties"
2026-02-24T09:58:06.787610Z  INFO scan_sources: tailwindcss_oxide::scanner: Discovering "/home/afdal/Laboratorium/PROJECT/extensionadminaksent/android/gradlew"
2026-02-24T09:58:06.787742Z  INFO scan_sources: tailwindcss_oxide::scanner: Discovering "/home/afdal/Laboratorium/PROJECT/extensionadminaksent/vite.config.ts"
2026-02-24T09:58:06.787790Z  INFO scan_sources: tailwindcss_oxide::scanner: Discovering "/home/afdal/Laboratorium/PROJECT/extensionadminaksent/tsconfig.node.json"
2026-02-24T09:58:06.787885Z  INFO scan_sources: tailwindcss_oxide::scanner: exit
2026-02-24T09:58:06.787905Z  INFO extract_candidates: tailwindcss_oxide::scanner: enter
2026-02-24T09:58:06.787944Z  INFO extract_candidates:read_all_files: tailwindcss_oxide::scanner: enter
2026-02-24T09:58:06.787954Z  INFO extract_candidates:read_all_files: tailwindcss_oxide::scanner: Reading 63 file(s)
2026-02-24T09:58:06.788480Z  INFO tailwindcss_oxide::scanner: Reading "/home/afdal/Laboratorium/PROJECT/extensionadminaksent/index.html"
2026-02-24T09:58:06.788535Z  INFO tailwindcss_oxide::scanner: Reading "/home/afdal/Laboratorium/PROJECT/extensionadminaksent/tailwind.config.js"
2026-02-24T09:58:06.788569Z  INFO tailwindcss_oxide::scanner: Reading "/home/afdal/Laboratorium/PROJECT/extensionadminaksent/.browserslistrc"
2026-02-24T09:58:06.788590Z  INFO tailwindcss_oxide::scanner: Reading "/home/afdal/Laboratorium/PROJECT/extensionadminaksent/cypress/fixtures/example.json"
2026-02-24T09:58:06.788612Z  INFO tailwindcss_oxide::scanner: Reading "/home/afdal/Laboratorium/PROJECT/extensionadminaksent/cypress/e2e/test.cy.ts"
2026-02-24T09:58:06.788636Z  INFO tailwindcss_oxide::scanner: Reading "/home/afdal/Laboratorium/PROJECT/extensionadminaksent/cypress/support/e2e.ts"
2026-02-24T09:58:06.788656Z  INFO tailwindcss_oxide::scanner: Reading "/home/afdal/Laboratorium/PROJECT/extensionadminaksent/cypress/support/commands.ts"
2026-02-24T09:58:06.788677Z  INFO tailwindcss_oxide::scanner: Reading "/home/afdal/Laboratorium/PROJECT/extensionadminaksent/.vscode/extensions.json"
2026-02-24T09:58:06.788705Z  INFO tailwindcss_oxide::scanner: Reading "/home/afdal/Laboratorium/PROJECT/extensionadminaksent/readme.md"
2026-02-24T09:58:06.788740Z  INFO tailwindcss_oxide::scanner: Reading "/home/afdal/Laboratorium/PROJECT/extensionadminaksent/src/components/customer/DetailCardCustomer.tsx"
2026-02-24T09:58:06.788768Z  INFO tailwindcss_oxide::scanner: Reading "/home/afdal/Laboratorium/PROJECT/extensionadminaksent/src/components/list/DataList.tsx"
2026-02-24T09:58:06.788789Z  INFO tailwindcss_oxide::scanner: Reading "/home/afdal/Laboratorium/PROJECT/extensionadminaksent/src/components/ExploreContainer.tsx"
2026-02-24T09:58:06.788835Z  INFO tailwindcss_oxide::scanner: Reading "/home/afdal/Laboratorium/PROJECT/extensionadminaksent/src/components/toolbars/HeaderFilterChip.tsx"
2026-02-24T09:58:06.788858Z  INFO tailwindcss_oxide::scanner: Reading "/home/afdal/Laboratorium/PROJECT/extensionadminaksent/src/components/toolbars/TextSearch.tsx"
2026-02-24T09:58:06.788878Z  INFO tailwindcss_oxide::scanner: Reading "/home/afdal/Laboratorium/PROJECT/extensionadminaksent/src/App.tsx"
2026-02-24T09:58:06.788900Z  INFO tailwindcss_oxide::scanner: Reading "/home/afdal/Laboratorium/PROJECT/extensionadminaksent/src/pages/Validation/ValidationPage.tsx"
2026-02-24T09:58:06.788926Z  INFO tailwindcss_oxide::scanner: Reading "/home/afdal/Laboratorium/PROJECT/extensionadminaksent/src/utils/helpers.ts"
2026-02-24T09:58:06.788983Z  INFO tailwindcss_oxide::scanner: Reading "/home/afdal/Laboratorium/PROJECT/extensionadminaksent/src/vite-env.d.ts"
2026-02-24T09:58:06.788985Z  INFO tailwindcss_oxide::scanner: Reading "/home/afdal/Laboratorium/PROJECT/extensionadminaksent/src/pages/Unpaid/Unpaid.tsx"
2026-02-24T09:58:06.789003Z  INFO tailwindcss_oxide::scanner: Reading "/home/afdal/Laboratorium/PROJECT/extensionadminaksent/src/App.test.tsx"
2026-02-24T09:58:06.789021Z  INFO tailwindcss_oxide::scanner: Reading "/home/afdal/Laboratorium/PROJECT/extensionadminaksent/src/setupTests.ts"
2026-02-24T09:58:06.789038Z  INFO tailwindcss_oxide::scanner: Reading "/home/afdal/Laboratorium/PROJECT/extensionadminaksent/src/types/customer.ts"
2026-02-24T09:58:06.789060Z  INFO tailwindcss_oxide::scanner: Reading "/home/afdal/Laboratorium/PROJECT/extensionadminaksent/src/pages/Customer/Customer.tsx"
2026-02-24T09:58:06.789071Z  INFO tailwindcss_oxide::scanner: Reading "/home/afdal/Laboratorium/PROJECT/extensionadminaksent/src/pages/Payment/Payment.tsx"
2026-02-24T09:58:06.789092Z  INFO tailwindcss_oxide::scanner: Reading "/home/afdal/Laboratorium/PROJECT/extensionadminaksent/src/main.tsx"
2026-02-24T09:58:06.789110Z  INFO tailwindcss_oxide::scanner: Reading "/home/afdal/Laboratorium/PROJECT/extensionadminaksent/capacitor.config.ts"
2026-02-24T09:58:06.789122Z  INFO tailwindcss_oxide::scanner: Reading "/home/afdal/Laboratorium/PROJECT/extensionadminaksent/src/pages/Customer/Customer copy.tsx"
2026-02-24T09:58:06.789127Z  INFO tailwindcss_oxide::scanner: Reading "/home/afdal/Laboratorium/PROJECT/extensionadminaksent/cypress.config.ts"
2026-02-24T09:58:06.789149Z  INFO tailwindcss_oxide::scanner: Reading "/home/afdal/Laboratorium/PROJECT/extensionadminaksent/package.json"
2026-02-24T09:58:06.789183Z  INFO tailwindcss_oxide::scanner: Reading "/home/afdal/Laboratorium/PROJECT/extensionadminaksent/public/manifest.json"
2026-02-24T09:58:06.789198Z  INFO tailwindcss_oxide::scanner: Reading "/home/afdal/Laboratorium/PROJECT/extensionadminaksent/src/pages/Home/Home.tsx"
2026-02-24T09:58:06.789207Z  INFO tailwindcss_oxide::scanner: Reading "/home/afdal/Laboratorium/PROJECT/extensionadminaksent/android/app/src/main/res/mipmap-anydpi-v26/ic_launcher_round.xml"
2026-02-24T09:58:06.789223Z  INFO tailwindcss_oxide::scanner: Reading "/home/afdal/Laboratorium/PROJECT/extensionadminaksent/android/app/src/test/java/com/getcapacitor/myapp/ExampleUnitTest.java"
2026-02-24T09:58:06.789226Z  INFO tailwindcss_oxide::scanner: Reading "/home/afdal/Laboratorium/PROJECT/extensionadminaksent/android/app/src/main/res/mipmap-anydpi-v26/ic_launcher.xml"
2026-02-24T09:58:06.789242Z  INFO tailwindcss_oxide::scanner: Reading "/home/afdal/Laboratorium/PROJECT/extensionadminaksent/android/app/build.gradle"
2026-02-24T09:58:06.789245Z  INFO tailwindcss_oxide::scanner: Reading "/home/afdal/Laboratorium/PROJECT/extensionadminaksent/android/app/src/main/res/values/strings.xml"
2026-02-24T09:58:06.789261Z  INFO tailwindcss_oxide::scanner: Reading "/home/afdal/Laboratorium/PROJECT/extensionadminaksent/android/app/proguard-rules.pro"
2026-02-24T09:58:06.789264Z  INFO tailwindcss_oxide::scanner: Reading "/home/afdal/Laboratorium/PROJECT/extensionadminaksent/android/app/src/main/res/values/ic_launcher_background.xml"
2026-02-24T09:58:06.789279Z  INFO tailwindcss_oxide::scanner: Reading "/home/afdal/Laboratorium/PROJECT/extensionadminaksent/android/app/capacitor.build.gradle"
2026-02-24T09:58:06.789284Z  INFO tailwindcss_oxide::scanner: Reading "/home/afdal/Laboratorium/PROJECT/extensionadminaksent/android/app/src/main/res/values/styles.xml"
2026-02-24T09:58:06.789298Z  INFO tailwindcss_oxide::scanner: Reading "/home/afdal/Laboratorium/PROJECT/extensionadminaksent/android/gradle.properties"
2026-02-24T09:58:06.789303Z  INFO tailwindcss_oxide::scanner: Reading "/home/afdal/Laboratorium/PROJECT/extensionadminaksent/android/app/src/main/java/io/ionic/starter/MainActivity.java"
2026-02-24T09:58:06.789318Z  INFO tailwindcss_oxide::scanner: Reading "/home/afdal/Laboratorium/PROJECT/extensionadminaksent/android/gradlew"
2026-02-24T09:58:06.789321Z  INFO tailwindcss_oxide::scanner: Reading "/home/afdal/Laboratorium/PROJECT/extensionadminaksent/android/app/src/main/AndroidManifest.xml"
2026-02-24T09:58:06.789338Z  INFO tailwindcss_oxide::scanner: Reading "/home/afdal/Laboratorium/PROJECT/extensionadminaksent/vite.config.ts"
2026-02-24T09:58:06.789342Z  INFO tailwindcss_oxide::scanner: Reading "/home/afdal/Laboratorium/PROJECT/extensionadminaksent/android/app/src/androidTest/java/com/getcapacitor/myapp/ExampleInstrumentedTest.java"
2026-02-24T09:58:06.789356Z  INFO tailwindcss_oxide::scanner: Reading "/home/afdal/Laboratorium/PROJECT/extensionadminaksent/tsconfig.node.json"
2026-02-24T09:58:06.789362Z  INFO tailwindcss_oxide::scanner: Reading "/home/afdal/Laboratorium/PROJECT/extensionadminaksent/android/capacitor.settings.gradle"
2026-02-24T09:58:06.789377Z  INFO tailwindcss_oxide::scanner: Reading "/home/afdal/Laboratorium/PROJECT/extensionadminaksent/sample.md"
2026-02-24T09:58:06.789382Z  INFO tailwindcss_oxide::scanner: Reading "/home/afdal/Laboratorium/PROJECT/extensionadminaksent/android/gradle/wrapper/gradle-wrapper.properties"
2026-02-24T09:58:06.789400Z  INFO tailwindcss_oxide::scanner: Reading "/home/afdal/Laboratorium/PROJECT/extensionadminaksent/android/settings.gradle"
2026-02-24T09:58:06.789415Z  INFO tailwindcss_oxide::scanner: Reading "/home/afdal/Laboratorium/PROJECT/extensionadminaksent/android/gradlew.bat"
2026-02-24T09:58:06.789420Z  INFO tailwindcss_oxide::scanner: Reading "/home/afdal/Laboratorium/PROJECT/extensionadminaksent/android/app/src/main/AndroidManifest.xml.orig"
2026-02-24T09:58:06.789434Z  INFO tailwindcss_oxide::scanner: Reading "/home/afdal/Laboratorium/PROJECT/extensionadminaksent/android/variables.gradle"
2026-02-24T09:58:06.789479Z  INFO tailwindcss_oxide::scanner: Reading "/home/afdal/Laboratorium/PROJECT/extensionadminaksent/android/build.gradle"
2026-02-24T09:58:06.789480Z  INFO tailwindcss_oxide::scanner: Reading "/home/afdal/Laboratorium/PROJECT/extensionadminaksent/android/app/src/main/res/drawable/ic_launcher_background.xml"
2026-02-24T09:58:06.789505Z  INFO tailwindcss_oxide::scanner: Reading "/home/afdal/Laboratorium/PROJECT/extensionadminaksent/android/app/src/main/res/xml/file_paths.xml"
2026-02-24T09:58:06.789514Z  INFO tailwindcss_oxide::scanner: Reading "/home/afdal/Laboratorium/PROJECT/extensionadminaksent/android/app/src/main/res/layout/activity_main.xml"
2026-02-24T09:58:06.789525Z  INFO tailwindcss_oxide::scanner: Reading "/home/afdal/Laboratorium/PROJECT/extensionadminaksent/ionic.config.json"
2026-02-24T09:58:06.789534Z  INFO tailwindcss_oxide::scanner: Reading "/home/afdal/Laboratorium/PROJECT/extensionadminaksent/tsconfig.json"
2026-02-24T09:58:06.788528Z  INFO tailwindcss_oxide::scanner: Reading "/home/afdal/Laboratorium/PROJECT/extensionadminaksent/ionic.starter.json"
2026-02-24T09:58:06.789440Z  INFO tailwindcss_oxide::scanner: Reading "/home/afdal/Laboratorium/PROJECT/extensionadminaksent/android/app/src/main/res/drawable-v24/ic_launcher_foreground.xml"
2026-02-24T09:58:06.789759Z  INFO tailwindcss_oxide::scanner: Reading "/home/afdal/Laboratorium/PROJECT/extensionadminaksent/eslint.config.js"
2026-02-24T09:58:06.790069Z  INFO extract_candidates:read_all_files: tailwindcss_oxide::scanner: exit
2026-02-24T09:58:06.790103Z  INFO extract_candidates:parse_all_blobs: tailwindcss_oxide::scanner: enter
2026-02-24T09:58:06.790112Z  INFO extract_candidates:parse_all_blobs:extract: tailwindcss_oxide::scanner: enter
2026-02-24T09:58:06.801608Z  INFO extract_candidates:parse_all_blobs:extract: tailwindcss_oxide::scanner: exit
2026-02-24T09:58:06.801706Z  INFO extract_candidates:parse_all_blobs: tailwindcss_oxide::scanner: exit
2026-02-24T09:58:06.801722Z  INFO extract_candidates:read_all_files: tailwindcss_oxide::scanner: enter
2026-02-24T09:58:06.801734Z  INFO extract_candidates:read_all_files: tailwindcss_oxide::scanner: Reading 4 file(s)
2026-02-24T09:58:06.801832Z  INFO tailwindcss_oxide::scanner: Reading "/home/afdal/Laboratorium/PROJECT/extensionadminaksent/src/components/ExploreContainer.css"
2026-02-24T09:58:06.801869Z  INFO tailwindcss_oxide::scanner: Reading "/home/afdal/Laboratorium/PROJECT/extensionadminaksent/src/pages/Home/Home.css"
2026-02-24T09:58:06.801872Z  INFO tailwindcss_oxide::scanner: Reading "/home/afdal/Laboratorium/PROJECT/extensionadminaksent/src/theme/variables.css"
2026-02-24T09:58:06.801833Z  INFO tailwindcss_oxide::scanner: Reading "/home/afdal/Laboratorium/PROJECT/extensionadminaksent/src/theme/global.css"
2026-02-24T09:58:06.802227Z  INFO extract_candidates:read_all_files: tailwindcss_oxide::scanner: exit
2026-02-24T09:58:06.802295Z  INFO extract_candidates:extract_css_variables: tailwindcss_oxide::scanner: enter
2026-02-24T09:58:06.802313Z  INFO extract_candidates:extract_css_variables:extract: tailwindcss_oxide::scanner: enter
2026-02-24T09:58:06.803160Z  INFO extract_candidates:extract_css_variables:extract: tailwindcss_oxide::scanner: exit
2026-02-24T09:58:06.803196Z  INFO extract_candidates:extract_css_variables: tailwindcss_oxide::scanner: exit
2026-02-24T09:58:06.803742Z  INFO extract_candidates: tailwindcss_oxide::scanner: exit
2026-02-24T09:58:06.806004Z  INFO get_files: tailwindcss_oxide::scanner: enter
2026-02-24T09:58:06.806039Z  INFO get_files:scan_sources: tailwindcss_oxide::scanner: enter
2026-02-24T09:58:06.806841Z  INFO get_files:scan_sources: tailwindcss_oxide::scanner: Discovering "/home/afdal/Laboratorium/PROJECT/extensionadminaksent/cypress"
2026-02-24T09:58:06.806923Z  INFO get_files:scan_sources: tailwindcss_oxide::scanner: Discovering "/home/afdal/Laboratorium/PROJECT/extensionadminaksent/cypress/fixtures"
2026-02-24T09:58:06.807007Z  INFO get_files:scan_sources: tailwindcss_oxide::scanner: Discovering "/home/afdal/Laboratorium/PROJECT/extensionadminaksent/cypress/e2e"
2026-02-24T09:58:06.807100Z  INFO get_files:scan_sources: tailwindcss_oxide::scanner: Discovering "/home/afdal/Laboratorium/PROJECT/extensionadminaksent/cypress/support"
2026-02-24T09:58:06.807193Z  INFO get_files:scan_sources: tailwindcss_oxide::scanner: Discovering "/home/afdal/Laboratorium/PROJECT/extensionadminaksent/.vscode"
2026-02-24T09:58:06.807313Z  INFO get_files:scan_sources: tailwindcss_oxide::scanner: Discovering "/home/afdal/Laboratorium/PROJECT/extensionadminaksent/src"
2026-02-24T09:58:06.807372Z  INFO get_files:scan_sources: tailwindcss_oxide::scanner: Discovering "/home/afdal/Laboratorium/PROJECT/extensionadminaksent/src/components"
2026-02-24T09:58:06.807443Z  INFO get_files:scan_sources: tailwindcss_oxide::scanner: Discovering "/home/afdal/Laboratorium/PROJECT/extensionadminaksent/src/components/customer"
2026-02-24T09:58:06.807532Z  INFO get_files:scan_sources: tailwindcss_oxide::scanner: Discovering "/home/afdal/Laboratorium/PROJECT/extensionadminaksent/src/components/list"
2026-02-24T09:58:06.807616Z  INFO get_files:scan_sources: tailwindcss_oxide::scanner: Discovering "/home/afdal/Laboratorium/PROJECT/extensionadminaksent/src/components/toolbars"
2026-02-24T09:58:06.807708Z  INFO get_files:scan_sources: tailwindcss_oxide::scanner: Discovering "/home/afdal/Laboratorium/PROJECT/extensionadminaksent/src/theme"
2026-02-24T09:58:06.807826Z  INFO get_files:scan_sources: tailwindcss_oxide::scanner: Discovering "/home/afdal/Laboratorium/PROJECT/extensionadminaksent/src/utils"
2026-02-24T09:58:06.807935Z  INFO get_files:scan_sources: tailwindcss_oxide::scanner: Discovering "/home/afdal/Laboratorium/PROJECT/extensionadminaksent/src/types"
2026-02-24T09:58:06.808018Z  INFO get_files:scan_sources: tailwindcss_oxide::scanner: Discovering "/home/afdal/Laboratorium/PROJECT/extensionadminaksent/src/pages"
2026-02-24T09:58:06.808074Z  INFO get_files:scan_sources: tailwindcss_oxide::scanner: Discovering "/home/afdal/Laboratorium/PROJECT/extensionadminaksent/src/pages/Customer"
2026-02-24T09:58:06.808159Z  INFO get_files:scan_sources: tailwindcss_oxide::scanner: Discovering "/home/afdal/Laboratorium/PROJECT/extensionadminaksent/src/pages/Home"
2026-02-24T09:58:06.808243Z  INFO get_files:scan_sources: tailwindcss_oxide::scanner: Discovering "/home/afdal/Laboratorium/PROJECT/extensionadminaksent/src/pages/Validation"
2026-02-24T09:58:06.808319Z  INFO get_files:scan_sources: tailwindcss_oxide::scanner: Discovering "/home/afdal/Laboratorium/PROJECT/extensionadminaksent/src/pages/Unpaid"
2026-02-24T09:58:06.808389Z  INFO get_files:scan_sources: tailwindcss_oxide::scanner: Discovering "/home/afdal/Laboratorium/PROJECT/extensionadminaksent/src/pages/Payment"
2026-02-24T09:58:06.808597Z  INFO get_files:scan_sources: tailwindcss_oxide::scanner: Discovering "/home/afdal/Laboratorium/PROJECT/extensionadminaksent/public"
2026-02-24T09:58:06.808806Z  INFO get_files:scan_sources: tailwindcss_oxide::scanner: Discovering "/home/afdal/Laboratorium/PROJECT/extensionadminaksent/android"
2026-02-24T09:58:06.809265Z  INFO get_files:scan_sources: tailwindcss_oxide::scanner: Discovering "/home/afdal/Laboratorium/PROJECT/extensionadminaksent/android/.kotlin"
2026-02-24T09:58:06.809338Z  INFO get_files:scan_sources: tailwindcss_oxide::scanner: Discovering "/home/afdal/Laboratorium/PROJECT/extensionadminaksent/android/.kotlin/sessions"
2026-02-24T09:58:06.809513Z  INFO get_files:scan_sources: tailwindcss_oxide::scanner: Discovering "/home/afdal/Laboratorium/PROJECT/extensionadminaksent/android/gradle"
2026-02-24T09:58:06.809575Z  INFO get_files:scan_sources: tailwindcss_oxide::scanner: Discovering "/home/afdal/Laboratorium/PROJECT/extensionadminaksent/android/gradle/wrapper"
2026-02-24T09:58:06.809673Z  INFO get_files:scan_sources: tailwindcss_oxide::scanner: Discovering "/home/afdal/Laboratorium/PROJECT/extensionadminaksent/android/app"
2026-02-24T09:58:06.809837Z  INFO get_files:scan_sources: tailwindcss_oxide::scanner: Discovering "/home/afdal/Laboratorium/PROJECT/extensionadminaksent/android/app/src"
2026-02-24T09:58:06.809926Z  INFO get_files:scan_sources: tailwindcss_oxide::scanner: Discovering "/home/afdal/Laboratorium/PROJECT/extensionadminaksent/android/app/src/main"
2026-02-24T09:58:06.810013Z  INFO get_files:scan_sources: tailwindcss_oxide::scanner: Discovering "/home/afdal/Laboratorium/PROJECT/extensionadminaksent/android/app/src/main/res"
2026-02-24T09:58:06.810088Z  INFO get_files:scan_sources: tailwindcss_oxide::scanner: Discovering "/home/afdal/Laboratorium/PROJECT/extensionadminaksent/android/app/src/main/res/drawable-land-xhdpi"
2026-02-24T09:58:06.810164Z  INFO get_files:scan_sources: tailwindcss_oxide::scanner: Discovering "/home/afdal/Laboratorium/PROJECT/extensionadminaksent/android/app/src/main/res/drawable-land-xxhdpi"
2026-02-24T09:58:06.810241Z  INFO get_files:scan_sources: tailwindcss_oxide::scanner: Discovering "/home/afdal/Laboratorium/PROJECT/extensionadminaksent/android/app/src/main/res/drawable-v24"
2026-02-24T09:58:06.810325Z  INFO get_files:scan_sources: tailwindcss_oxide::scanner: Discovering "/home/afdal/Laboratorium/PROJECT/extensionadminaksent/android/app/src/main/res/drawable-port-xxxhdpi"
2026-02-24T09:58:06.810394Z  INFO get_files:scan_sources: tailwindcss_oxide::scanner: Discovering "/home/afdal/Laboratorium/PROJECT/extensionadminaksent/android/app/src/main/res/drawable-land-xxxhdpi"
2026-02-24T09:58:06.810467Z  INFO get_files:scan_sources: tailwindcss_oxide::scanner: Discovering "/home/afdal/Laboratorium/PROJECT/extensionadminaksent/android/app/src/main/res/drawable-port-xxhdpi"
2026-02-24T09:58:06.810534Z  INFO get_files:scan_sources: tailwindcss_oxide::scanner: Discovering "/home/afdal/Laboratorium/PROJECT/extensionadminaksent/android/app/src/main/res/mipmap-hdpi"
2026-02-24T09:58:06.810599Z  INFO get_files:scan_sources: tailwindcss_oxide::scanner: Discovering "/home/afdal/Laboratorium/PROJECT/extensionadminaksent/android/app/src/main/res/drawable-land-hdpi"
2026-02-24T09:58:06.810666Z  INFO get_files:scan_sources: tailwindcss_oxide::scanner: Discovering "/home/afdal/Laboratorium/PROJECT/extensionadminaksent/android/app/src/main/res/xml"
2026-02-24T09:58:06.810742Z  INFO get_files:scan_sources: tailwindcss_oxide::scanner: Discovering "/home/afdal/Laboratorium/PROJECT/extensionadminaksent/android/app/src/main/res/mipmap-xhdpi"
2026-02-24T09:58:06.810837Z  INFO get_files:scan_sources: tailwindcss_oxide::scanner: Discovering "/home/afdal/Laboratorium/PROJECT/extensionadminaksent/android/app/src/main/res/drawable-land-mdpi"
2026-02-24T09:58:06.810919Z  INFO get_files:scan_sources: tailwindcss_oxide::scanner: Discovering "/home/afdal/Laboratorium/PROJECT/extensionadminaksent/android/app/src/main/res/drawable-port-hdpi"
2026-02-24T09:58:06.810985Z  INFO get_files:scan_sources: tailwindcss_oxide::scanner: Discovering "/home/afdal/Laboratorium/PROJECT/extensionadminaksent/android/app/src/main/res/mipmap-xxhdpi"
2026-02-24T09:58:06.811085Z  INFO get_files:scan_sources: tailwindcss_oxide::scanner: Discovering "/home/afdal/Laboratorium/PROJECT/extensionadminaksent/android/app/src/main/res/mipmap-mdpi"
2026-02-24T09:58:06.811200Z  INFO get_files:scan_sources: tailwindcss_oxide::scanner: Discovering "/home/afdal/Laboratorium/PROJECT/extensionadminaksent/android/app/src/main/res/drawable"
2026-02-24T09:58:06.811275Z  INFO get_files:scan_sources: tailwindcss_oxide::scanner: Discovering "/home/afdal/Laboratorium/PROJECT/extensionadminaksent/android/app/src/main/res/drawable-port-xhdpi"
2026-02-24T09:58:06.811337Z  INFO get_files:scan_sources: tailwindcss_oxide::scanner: Discovering "/home/afdal/Laboratorium/PROJECT/extensionadminaksent/android/app/src/main/res/mipmap-xxxhdpi"
2026-02-24T09:58:06.811406Z  INFO get_files:scan_sources: tailwindcss_oxide::scanner: Discovering "/home/afdal/Laboratorium/PROJECT/extensionadminaksent/android/app/src/main/res/layout"
2026-02-24T09:58:06.811492Z  INFO get_files:scan_sources: tailwindcss_oxide::scanner: Discovering "/home/afdal/Laboratorium/PROJECT/extensionadminaksent/android/app/src/main/res/mipmap-anydpi-v26"
2026-02-24T09:58:06.811600Z  INFO get_files:scan_sources: tailwindcss_oxide::scanner: Discovering "/home/afdal/Laboratorium/PROJECT/extensionadminaksent/android/app/src/main/res/drawable-port-mdpi"
2026-02-24T09:58:06.811716Z  INFO get_files:scan_sources: tailwindcss_oxide::scanner: Discovering "/home/afdal/Laboratorium/PROJECT/extensionadminaksent/android/app/src/main/res/values"
2026-02-24T09:58:06.811843Z  INFO get_files:scan_sources: tailwindcss_oxide::scanner: Discovering "/home/afdal/Laboratorium/PROJECT/extensionadminaksent/android/app/src/main/java"
2026-02-24T09:58:06.811922Z  INFO get_files:scan_sources: tailwindcss_oxide::scanner: Discovering "/home/afdal/Laboratorium/PROJECT/extensionadminaksent/android/app/src/main/java/io"
2026-02-24T09:58:06.811982Z  INFO get_files:scan_sources: tailwindcss_oxide::scanner: Discovering "/home/afdal/Laboratorium/PROJECT/extensionadminaksent/android/app/src/main/java/io/ionic"
2026-02-24T09:58:06.812283Z  INFO get_files:scan_sources: tailwindcss_oxide::scanner: Discovering "/home/afdal/Laboratorium/PROJECT/extensionadminaksent/android/app/src/main/java/io/ionic/starter"
2026-02-24T09:58:06.812694Z  INFO get_files:scan_sources: tailwindcss_oxide::scanner: Discovering "/home/afdal/Laboratorium/PROJECT/extensionadminaksent/android/app/src/main/assets"
2026-02-24T09:58:06.813375Z  INFO get_files:scan_sources: tailwindcss_oxide::scanner: Discovering "/home/afdal/Laboratorium/PROJECT/extensionadminaksent/android/app/src/androidTest"
2026-02-24T09:58:06.813504Z  INFO get_files:scan_sources: tailwindcss_oxide::scanner: Discovering "/home/afdal/Laboratorium/PROJECT/extensionadminaksent/android/app/src/androidTest/java"
2026-02-24T09:58:06.813564Z  INFO get_files:scan_sources: tailwindcss_oxide::scanner: Discovering "/home/afdal/Laboratorium/PROJECT/extensionadminaksent/android/app/src/androidTest/java/com"
2026-02-24T09:58:06.813619Z  INFO get_files:scan_sources: tailwindcss_oxide::scanner: Discovering "/home/afdal/Laboratorium/PROJECT/extensionadminaksent/android/app/src/androidTest/java/com/getcapacitor"
2026-02-24T09:58:06.813690Z  INFO get_files:scan_sources: tailwindcss_oxide::scanner: Discovering "/home/afdal/Laboratorium/PROJECT/extensionadminaksent/android/app/src/androidTest/java/com/getcapacitor/myapp"
2026-02-24T09:58:06.813825Z  INFO get_files:scan_sources: tailwindcss_oxide::scanner: Discovering "/home/afdal/Laboratorium/PROJECT/extensionadminaksent/android/app/src/test"
2026-02-24T09:58:06.813896Z  INFO get_files:scan_sources: tailwindcss_oxide::scanner: Discovering "/home/afdal/Laboratorium/PROJECT/extensionadminaksent/android/app/src/test/java"
2026-02-24T09:58:06.813952Z  INFO get_files:scan_sources: tailwindcss_oxide::scanner: Discovering "/home/afdal/Laboratorium/PROJECT/extensionadminaksent/android/app/src/test/java/com"
2026-02-24T09:58:06.814010Z  INFO get_files:scan_sources: tailwindcss_oxide::scanner: Discovering "/home/afdal/Laboratorium/PROJECT/extensionadminaksent/android/app/src/test/java/com/getcapacitor"
2026-02-24T09:58:06.814067Z  INFO get_files:scan_sources: tailwindcss_oxide::scanner: Discovering "/home/afdal/Laboratorium/PROJECT/extensionadminaksent/android/app/src/test/java/com/getcapacitor/myapp"
2026-02-24T09:58:06.814548Z  INFO get_files:scan_sources: tailwindcss_oxide::scanner: exit
2026-02-24T09:58:06.815138Z  INFO get_files: tailwindcss_oxide::scanner: exit
2026-02-24T09:58:06.815693Z  INFO get_globs: tailwindcss_oxide::scanner: enter
2026-02-24T09:58:06.815729Z  INFO get_globs:scan_sources: tailwindcss_oxide::scanner: enter
2026-02-24T09:58:06.816652Z  INFO get_globs:scan_sources: tailwindcss_oxide::scanner: Discovering "/home/afdal/Laboratorium/PROJECT/extensionadminaksent/cypress"
2026-02-24T09:58:06.816750Z  INFO get_globs:scan_sources: tailwindcss_oxide::scanner: Discovering "/home/afdal/Laboratorium/PROJECT/extensionadminaksent/cypress/fixtures"
2026-02-24T09:58:06.816833Z  INFO get_globs:scan_sources: tailwindcss_oxide::scanner: Discovering "/home/afdal/Laboratorium/PROJECT/extensionadminaksent/cypress/e2e"
2026-02-24T09:58:06.816929Z  INFO get_globs:scan_sources: tailwindcss_oxide::scanner: Discovering "/home/afdal/Laboratorium/PROJECT/extensionadminaksent/cypress/support"
2026-02-24T09:58:06.817044Z  INFO get_globs:scan_sources: tailwindcss_oxide::scanner: Discovering "/home/afdal/Laboratorium/PROJECT/extensionadminaksent/.vscode"
2026-02-24T09:58:06.817131Z  INFO get_globs:scan_sources: tailwindcss_oxide::scanner: Discovering "/home/afdal/Laboratorium/PROJECT/extensionadminaksent/src"
2026-02-24T09:58:06.817275Z  INFO get_globs:scan_sources: tailwindcss_oxide::scanner: Discovering "/home/afdal/Laboratorium/PROJECT/extensionadminaksent/src/components"
2026-02-24T09:58:06.817337Z  INFO get_globs:scan_sources: tailwindcss_oxide::scanner: Discovering "/home/afdal/Laboratorium/PROJECT/extensionadminaksent/src/components/customer"
2026-02-24T09:58:06.817390Z  INFO get_globs:scan_sources: tailwindcss_oxide::scanner: Discovering "/home/afdal/Laboratorium/PROJECT/extensionadminaksent/src/components/list"
2026-02-24T09:58:06.817443Z  INFO get_globs:scan_sources: tailwindcss_oxide::scanner: Discovering "/home/afdal/Laboratorium/PROJECT/extensionadminaksent/src/components/toolbars"
2026-02-24T09:58:06.817498Z  INFO get_globs:scan_sources: tailwindcss_oxide::scanner: Discovering "/home/afdal/Laboratorium/PROJECT/extensionadminaksent/src/theme"
2026-02-24T09:58:06.817561Z  INFO get_globs:scan_sources: tailwindcss_oxide::scanner: Discovering "/home/afdal/Laboratorium/PROJECT/extensionadminaksent/src/utils"
2026-02-24T09:58:06.817628Z  INFO get_globs:scan_sources: tailwindcss_oxide::scanner: Discovering "/home/afdal/Laboratorium/PROJECT/extensionadminaksent/src/types"
2026-02-24T09:58:06.817675Z  INFO get_globs:scan_sources: tailwindcss_oxide::scanner: Discovering "/home/afdal/Laboratorium/PROJECT/extensionadminaksent/src/pages"
2026-02-24T09:58:06.817709Z  INFO get_globs:scan_sources: tailwindcss_oxide::scanner: Discovering "/home/afdal/Laboratorium/PROJECT/extensionadminaksent/src/pages/Customer"
2026-02-24T09:58:06.817766Z  INFO get_globs:scan_sources: tailwindcss_oxide::scanner: Discovering "/home/afdal/Laboratorium/PROJECT/extensionadminaksent/src/pages/Home"
2026-02-24T09:58:06.817877Z  INFO get_globs:scan_sources: tailwindcss_oxide::scanner: Discovering "/home/afdal/Laboratorium/PROJECT/extensionadminaksent/src/pages/Validation"
2026-02-24T09:58:06.817962Z  INFO get_globs:scan_sources: tailwindcss_oxide::scanner: Discovering "/home/afdal/Laboratorium/PROJECT/extensionadminaksent/src/pages/Unpaid"
2026-02-24T09:58:06.818041Z  INFO get_globs:scan_sources: tailwindcss_oxide::scanner: Discovering "/home/afdal/Laboratorium/PROJECT/extensionadminaksent/src/pages/Payment"
2026-02-24T09:58:06.818238Z  INFO get_globs:scan_sources: tailwindcss_oxide::scanner: Discovering "/home/afdal/Laboratorium/PROJECT/extensionadminaksent/public"
2026-02-24T09:58:06.818435Z  INFO get_globs:scan_sources: tailwindcss_oxide::scanner: Discovering "/home/afdal/Laboratorium/PROJECT/extensionadminaksent/android"
2026-02-24T09:58:06.818790Z  INFO get_globs:scan_sources: tailwindcss_oxide::scanner: Discovering "/home/afdal/Laboratorium/PROJECT/extensionadminaksent/android/.kotlin"
2026-02-24T09:58:06.818898Z  INFO get_globs:scan_sources: tailwindcss_oxide::scanner: Discovering "/home/afdal/Laboratorium/PROJECT/extensionadminaksent/android/.kotlin/sessions"
2026-02-24T09:58:06.819098Z  INFO get_globs:scan_sources: tailwindcss_oxide::scanner: Discovering "/home/afdal/Laboratorium/PROJECT/extensionadminaksent/android/gradle"
2026-02-24T09:58:06.819189Z  INFO get_globs:scan_sources: tailwindcss_oxide::scanner: Discovering "/home/afdal/Laboratorium/PROJECT/extensionadminaksent/android/gradle/wrapper"
2026-02-24T09:58:06.819302Z  INFO get_globs:scan_sources: tailwindcss_oxide::scanner: Discovering "/home/afdal/Laboratorium/PROJECT/extensionadminaksent/android/app"
2026-02-24T09:58:06.819483Z  INFO get_globs:scan_sources: tailwindcss_oxide::scanner: Discovering "/home/afdal/Laboratorium/PROJECT/extensionadminaksent/android/app/src"
2026-02-24T09:58:06.819619Z  INFO get_globs:scan_sources: tailwindcss_oxide::scanner: Discovering "/home/afdal/Laboratorium/PROJECT/extensionadminaksent/android/app/src/main"
2026-02-24T09:58:06.819722Z  INFO get_globs:scan_sources: tailwindcss_oxide::scanner: Discovering "/home/afdal/Laboratorium/PROJECT/extensionadminaksent/android/app/src/main/res"
2026-02-24T09:58:06.819806Z  INFO get_globs:scan_sources: tailwindcss_oxide::scanner: Discovering "/home/afdal/Laboratorium/PROJECT/extensionadminaksent/android/app/src/main/res/drawable-land-xhdpi"
2026-02-24T09:58:06.819888Z  INFO get_globs:scan_sources: tailwindcss_oxide::scanner: Discovering "/home/afdal/Laboratorium/PROJECT/extensionadminaksent/android/app/src/main/res/drawable-land-xxhdpi"
2026-02-24T09:58:06.819961Z  INFO get_globs:scan_sources: tailwindcss_oxide::scanner: Discovering "/home/afdal/Laboratorium/PROJECT/extensionadminaksent/android/app/src/main/res/drawable-v24"
2026-02-24T09:58:06.820050Z  INFO get_globs:scan_sources: tailwindcss_oxide::scanner: Discovering "/home/afdal/Laboratorium/PROJECT/extensionadminaksent/android/app/src/main/res/drawable-port-xxxhdpi"
2026-02-24T09:58:06.820118Z  INFO get_globs:scan_sources: tailwindcss_oxide::scanner: Discovering "/home/afdal/Laboratorium/PROJECT/extensionadminaksent/android/app/src/main/res/drawable-land-xxxhdpi"
2026-02-24T09:58:06.820189Z  INFO get_globs:scan_sources: tailwindcss_oxide::scanner: Discovering "/home/afdal/Laboratorium/PROJECT/extensionadminaksent/android/app/src/main/res/drawable-port-xxhdpi"
2026-02-24T09:58:06.820259Z  INFO get_globs:scan_sources: tailwindcss_oxide::scanner: Discovering "/home/afdal/Laboratorium/PROJECT/extensionadminaksent/android/app/src/main/res/mipmap-hdpi"
2026-02-24T09:58:06.820338Z  INFO get_globs:scan_sources: tailwindcss_oxide::scanner: Discovering "/home/afdal/Laboratorium/PROJECT/extensionadminaksent/android/app/src/main/res/drawable-land-hdpi"
2026-02-24T09:58:06.820409Z  INFO get_globs:scan_sources: tailwindcss_oxide::scanner: Discovering "/home/afdal/Laboratorium/PROJECT/extensionadminaksent/android/app/src/main/res/xml"
2026-02-24T09:58:06.820495Z  INFO get_globs:scan_sources: tailwindcss_oxide::scanner: Discovering "/home/afdal/Laboratorium/PROJECT/extensionadminaksent/android/app/src/main/res/mipmap-xhdpi"
2026-02-24T09:58:06.820572Z  INFO get_globs:scan_sources: tailwindcss_oxide::scanner: Discovering "/home/afdal/Laboratorium/PROJECT/extensionadminaksent/android/app/src/main/res/drawable-land-mdpi"
2026-02-24T09:58:06.820641Z  INFO get_globs:scan_sources: tailwindcss_oxide::scanner: Discovering "/home/afdal/Laboratorium/PROJECT/extensionadminaksent/android/app/src/main/res/drawable-port-hdpi"
2026-02-24T09:58:06.820711Z  INFO get_globs:scan_sources: tailwindcss_oxide::scanner: Discovering "/home/afdal/Laboratorium/PROJECT/extensionadminaksent/android/app/src/main/res/mipmap-xxhdpi"
2026-02-24T09:58:06.820789Z  INFO get_globs:scan_sources: tailwindcss_oxide::scanner: Discovering "/home/afdal/Laboratorium/PROJECT/extensionadminaksent/android/app/src/main/res/mipmap-mdpi"
2026-02-24T09:58:06.820875Z  INFO get_globs:scan_sources: tailwindcss_oxide::scanner: Discovering "/home/afdal/Laboratorium/PROJECT/extensionadminaksent/android/app/src/main/res/drawable"
2026-02-24T09:58:06.820958Z  INFO get_globs:scan_sources: tailwindcss_oxide::scanner: Discovering "/home/afdal/Laboratorium/PROJECT/extensionadminaksent/android/app/src/main/res/drawable-port-xhdpi"
2026-02-24T09:58:06.821025Z  INFO get_globs:scan_sources: tailwindcss_oxide::scanner: Discovering "/home/afdal/Laboratorium/PROJECT/extensionadminaksent/android/app/src/main/res/mipmap-xxxhdpi"
2026-02-24T09:58:06.821104Z  INFO get_globs:scan_sources: tailwindcss_oxide::scanner: Discovering "/home/afdal/Laboratorium/PROJECT/extensionadminaksent/android/app/src/main/res/layout"
2026-02-24T09:58:06.821183Z  INFO get_globs:scan_sources: tailwindcss_oxide::scanner: Discovering "/home/afdal/Laboratorium/PROJECT/extensionadminaksent/android/app/src/main/res/mipmap-anydpi-v26"
2026-02-24T09:58:06.821273Z  INFO get_globs:scan_sources: tailwindcss_oxide::scanner: Discovering "/home/afdal/Laboratorium/PROJECT/extensionadminaksent/android/app/src/main/res/drawable-port-mdpi"
2026-02-24T09:58:06.821349Z  INFO get_globs:scan_sources: tailwindcss_oxide::scanner: Discovering "/home/afdal/Laboratorium/PROJECT/extensionadminaksent/android/app/src/main/res/values"
2026-02-24T09:58:06.821456Z  INFO get_globs:scan_sources: tailwindcss_oxide::scanner: Discovering "/home/afdal/Laboratorium/PROJECT/extensionadminaksent/android/app/src/main/java"
2026-02-24T09:58:06.821514Z  INFO get_globs:scan_sources: tailwindcss_oxide::scanner: Discovering "/home/afdal/Laboratorium/PROJECT/extensionadminaksent/android/app/src/main/java/io"
2026-02-24T09:58:06.821579Z  INFO get_globs:scan_sources: tailwindcss_oxide::scanner: Discovering "/home/afdal/Laboratorium/PROJECT/extensionadminaksent/android/app/src/main/java/io/ionic"
2026-02-24T09:58:06.821644Z  INFO get_globs:scan_sources: tailwindcss_oxide::scanner: Discovering "/home/afdal/Laboratorium/PROJECT/extensionadminaksent/android/app/src/main/java/io/ionic/starter"
2026-02-24T09:58:06.821740Z  INFO get_globs:scan_sources: tailwindcss_oxide::scanner: Discovering "/home/afdal/Laboratorium/PROJECT/extensionadminaksent/android/app/src/main/assets"
2026-02-24T09:58:06.821875Z  INFO get_globs:scan_sources: tailwindcss_oxide::scanner: Discovering "/home/afdal/Laboratorium/PROJECT/extensionadminaksent/android/app/src/androidTest"
2026-02-24T09:58:06.821934Z  INFO get_globs:scan_sources: tailwindcss_oxide::scanner: Discovering "/home/afdal/Laboratorium/PROJECT/extensionadminaksent/android/app/src/androidTest/java"
2026-02-24T09:58:06.821994Z  INFO get_globs:scan_sources: tailwindcss_oxide::scanner: Discovering "/home/afdal/Laboratorium/PROJECT/extensionadminaksent/android/app/src/androidTest/java/com"
2026-02-24T09:58:06.822059Z  INFO get_globs:scan_sources: tailwindcss_oxide::scanner: Discovering "/home/afdal/Laboratorium/PROJECT/extensionadminaksent/android/app/src/androidTest/java/com/getcapacitor"
2026-02-24T09:58:06.822121Z  INFO get_globs:scan_sources: tailwindcss_oxide::scanner: Discovering "/home/afdal/Laboratorium/PROJECT/extensionadminaksent/android/app/src/androidTest/java/com/getcapacitor/myapp"
2026-02-24T09:58:06.822226Z  INFO get_globs:scan_sources: tailwindcss_oxide::scanner: Discovering "/home/afdal/Laboratorium/PROJECT/extensionadminaksent/android/app/src/test"
2026-02-24T09:58:06.822278Z  INFO get_globs:scan_sources: tailwindcss_oxide::scanner: Discovering "/home/afdal/Laboratorium/PROJECT/extensionadminaksent/android/app/src/test/java"
2026-02-24T09:58:06.822334Z  INFO get_globs:scan_sources: tailwindcss_oxide::scanner: Discovering "/home/afdal/Laboratorium/PROJECT/extensionadminaksent/android/app/src/test/java/com"
2026-02-24T09:58:06.822389Z  INFO get_globs:scan_sources: tailwindcss_oxide::scanner: Discovering "/home/afdal/Laboratorium/PROJECT/extensionadminaksent/android/app/src/test/java/com/getcapacitor"
2026-02-24T09:58:06.822445Z  INFO get_globs:scan_sources: tailwindcss_oxide::scanner: Discovering "/home/afdal/Laboratorium/PROJECT/extensionadminaksent/android/app/src/test/java/com/getcapacitor/myapp"
2026-02-24T09:58:06.822882Z  INFO get_globs:scan_sources: tailwindcss_oxide::scanner: exit
2026-02-24T09:58:06.838017Z  INFO get_globs: tailwindcss_oxide::scanner: exit
2026-02-24T09:58:06.948523Z  INFO tailwindcss_oxide::scanner: Provided sources:
2026-02-24T09:58:06.948563Z  INFO tailwindcss_oxide::scanner: Source: PublicSourceEntry { base: "/home/afdal/Laboratorium/PROJECT/extensionadminaksent", pattern: "**/*", negated: false }
2026-02-24T09:58:06.948601Z  INFO tailwindcss_oxide::scanner: Optimized sources:
2026-02-24T09:58:06.948608Z  INFO tailwindcss_oxide::scanner: Source: Auto { base: "/home/afdal/Laboratorium/PROJECT/extensionadminaksent" }
2026-02-24T09:58:06.988579Z  INFO tailwindcss_oxide::scanner: Provided sources:
2026-02-24T09:58:06.988625Z  INFO tailwindcss_oxide::scanner: Source: PublicSourceEntry { base: "/home/afdal/Laboratorium/PROJECT/extensionadminaksent", pattern: "**/*", negated: false }
2026-02-24T09:58:06.988664Z  INFO tailwindcss_oxide::scanner: Optimized sources:
2026-02-24T09:58:06.988685Z  INFO tailwindcss_oxide::scanner: Source: Auto { base: "/home/afdal/Laboratorium/PROJECT/extensionadminaksent" }
2026-02-24T09:58:06.995933Z  INFO tailwindcss_oxide::scanner: Provided sources:
2026-02-24T09:58:06.996039Z  INFO tailwindcss_oxide::scanner: Source: PublicSourceEntry { base: "/home/afdal/Laboratorium/PROJECT/extensionadminaksent", pattern: "**/*", negated: false }
2026-02-24T09:58:06.996134Z  INFO tailwindcss_oxide::scanner: Optimized sources:
2026-02-24T09:58:06.996175Z  INFO tailwindcss_oxide::scanner: Source: Auto { base: "/home/afdal/Laboratorium/PROJECT/extensionadminaksent" }
2026-02-24T09:58:07.004492Z  INFO tailwindcss_oxide::scanner: Provided sources:
2026-02-24T09:58:07.004529Z  INFO tailwindcss_oxide::scanner: Source: PublicSourceEntry { base: "/home/afdal/Laboratorium/PROJECT/extensionadminaksent", pattern: "**/*", negated: false }
2026-02-24T09:58:07.004568Z  INFO tailwindcss_oxide::scanner: Optimized sources:
2026-02-24T09:58:07.004574Z  INFO tailwindcss_oxide::scanner: Source: Auto { base: "/home/afdal/Laboratorium/PROJECT/extensionadminaksent" }
2026-02-24T09:58:07.007950Z  INFO tailwindcss_oxide::scanner: Provided sources:
2026-02-24T09:58:07.007982Z  INFO tailwindcss_oxide::scanner: Source: PublicSourceEntry { base: "/home/afdal/Laboratorium/PROJECT/extensionadminaksent", pattern: "**/*", negated: false }
2026-02-24T09:58:07.008017Z  INFO tailwindcss_oxide::scanner: Optimized sources:
2026-02-24T09:58:07.008023Z  INFO tailwindcss_oxide::scanner: Source: Auto { base: "/home/afdal/Laboratorium/PROJECT/extensionadminaksent" }
2026-02-24T09:58:07.014399Z  INFO tailwindcss_oxide::scanner: Provided sources:
2026-02-24T09:58:07.014436Z  INFO tailwindcss_oxide::scanner: Source: PublicSourceEntry { base: "/home/afdal/Laboratorium/PROJECT/extensionadminaksent", pattern: "**/*", negated: false }
2026-02-24T09:58:07.014470Z  INFO tailwindcss_oxide::scanner: Optimized sources:
2026-02-24T09:58:07.014475Z  INFO tailwindcss_oxide::scanner: Source: Auto { base: "/home/afdal/Laboratorium/PROJECT/extensionadminaksent" }
2026-02-24T09:58:07.023698Z  INFO tailwindcss_oxide::scanner: Provided sources:
2026-02-24T09:58:07.023743Z  INFO tailwindcss_oxide::scanner: Source: PublicSourceEntry { base: "/home/afdal/Laboratorium/PROJECT/extensionadminaksent", pattern: "**/*", negated: false }
2026-02-24T09:58:07.023788Z  INFO tailwindcss_oxide::scanner: Optimized sources:
2026-02-24T09:58:07.023804Z  INFO tailwindcss_oxide::scanner: Source: Auto { base: "/home/afdal/Laboratorium/PROJECT/extensionadminaksent" }
2026-02-24T09:58:07.037331Z  INFO tailwindcss_oxide::scanner: Provided sources:
2026-02-24T09:58:07.037406Z  INFO tailwindcss_oxide::scanner: Source: PublicSourceEntry { base: "/home/afdal/Laboratorium/PROJECT/extensionadminaksent", pattern: "**/*", negated: false }
2026-02-24T09:58:07.037476Z  INFO tailwindcss_oxide::scanner: Optimized sources:
2026-02-24T09:58:07.037483Z  INFO tailwindcss_oxide::scanner: Source: Auto { base: "/home/afdal/Laboratorium/PROJECT/extensionadminaksent" }
2026-02-24T09:58:07.048411Z  INFO tailwindcss_oxide::scanner: Provided sources:
2026-02-24T09:58:07.048453Z  INFO tailwindcss_oxide::scanner: Source: PublicSourceEntry { base: "/home/afdal/Laboratorium/PROJECT/extensionadminaksent", pattern: "**/*", negated: false }
2026-02-24T09:58:07.048487Z  INFO tailwindcss_oxide::scanner: Optimized sources:
2026-02-24T09:58:07.048494Z  INFO tailwindcss_oxide::scanner: Source: Auto { base: "/home/afdal/Laboratorium/PROJECT/extensionadminaksent" }
2026-02-24T09:58:07.074201Z  INFO tailwindcss_oxide::scanner: Provided sources:
2026-02-24T09:58:07.074398Z  INFO tailwindcss_oxide::scanner: Source: PublicSourceEntry { base: "/home/afdal/Laboratorium/PROJECT/extensionadminaksent", pattern: "**/*", negated: false }
2026-02-24T09:58:07.074541Z  INFO tailwindcss_oxide::scanner: Optimized sources:
2026-02-24T09:58:07.074552Z  INFO tailwindcss_oxide::scanner: Source: Auto { base: "/home/afdal/Laboratorium/PROJECT/extensionadminaksent" }
2026-02-24T09:58:07.080887Z  INFO tailwindcss_oxide::scanner: Provided sources:
2026-02-24T09:58:07.080925Z  INFO tailwindcss_oxide::scanner: Source: PublicSourceEntry { base: "/home/afdal/Laboratorium/PROJECT/extensionadminaksent", pattern: "**/*", negated: false }
2026-02-24T09:58:07.080969Z  INFO tailwindcss_oxide::scanner: Optimized sources:
2026-02-24T09:58:07.080975Z  INFO tailwindcss_oxide::scanner: Source: Auto { base: "/home/afdal/Laboratorium/PROJECT/extensionadminaksent" }
2026-02-24T10:44:14.688055Z  INFO scan_sources: tailwindcss_oxide::scanner: enter
2026-02-24T10:44:14.689190Z  INFO scan_sources: tailwindcss_oxide::scanner: Discovering "/home/afdal/Laboratorium/PROJECT/extensionadminaksent/cypress"
2026-02-24T10:44:14.689318Z  INFO scan_sources: tailwindcss_oxide::scanner: Discovering "/home/afdal/Laboratorium/PROJECT/extensionadminaksent/cypress/fixtures"
2026-02-24T10:44:14.689430Z  INFO scan_sources: tailwindcss_oxide::scanner: Discovering "/home/afdal/Laboratorium/PROJECT/extensionadminaksent/cypress/e2e"
2026-02-24T10:44:14.689537Z  INFO scan_sources: tailwindcss_oxide::scanner: Discovering "/home/afdal/Laboratorium/PROJECT/extensionadminaksent/cypress/support"
2026-02-24T10:44:14.689665Z  INFO scan_sources: tailwindcss_oxide::scanner: Discovering "/home/afdal/Laboratorium/PROJECT/extensionadminaksent/.vscode"
2026-02-24T10:44:14.689846Z  INFO scan_sources: tailwindcss_oxide::scanner: Discovering "/home/afdal/Laboratorium/PROJECT/extensionadminaksent/src"
2026-02-24T10:44:14.689934Z  INFO scan_sources: tailwindcss_oxide::scanner: Discovering "/home/afdal/Laboratorium/PROJECT/extensionadminaksent/src/hook"
2026-02-24T10:44:14.690014Z  INFO scan_sources: tailwindcss_oxide::scanner: Discovering "/home/afdal/Laboratorium/PROJECT/extensionadminaksent/src/hook/requests"
2026-02-24T10:44:14.690091Z  INFO scan_sources: tailwindcss_oxide::scanner: Discovering "/home/afdal/Laboratorium/PROJECT/extensionadminaksent/src/hook/requests/customer.ts"
2026-02-24T10:44:14.690149Z  INFO scan_sources: tailwindcss_oxide::scanner: Discovering "/home/afdal/Laboratorium/PROJECT/extensionadminaksent/src/components"
2026-02-24T10:44:14.690246Z  INFO scan_sources: tailwindcss_oxide::scanner: Discovering "/home/afdal/Laboratorium/PROJECT/extensionadminaksent/src/components/customer"
2026-02-24T10:44:14.690356Z  INFO scan_sources: tailwindcss_oxide::scanner: Discovering "/home/afdal/Laboratorium/PROJECT/extensionadminaksent/src/components/list"
2026-02-24T10:44:14.690485Z  INFO scan_sources: tailwindcss_oxide::scanner: Discovering "/home/afdal/Laboratorium/PROJECT/extensionadminaksent/src/components/toolbars"
2026-02-24T10:44:14.690608Z  INFO scan_sources: tailwindcss_oxide::scanner: Discovering "/home/afdal/Laboratorium/PROJECT/extensionadminaksent/src/theme"
2026-02-24T10:44:14.690754Z  INFO scan_sources: tailwindcss_oxide::scanner: Discovering "/home/afdal/Laboratorium/PROJECT/extensionadminaksent/src/utils"
2026-02-24T10:44:14.690838Z  INFO scan_sources: tailwindcss_oxide::scanner: Discovering "/home/afdal/Laboratorium/PROJECT/extensionadminaksent/src/utils/helpers.ts"
2026-02-24T10:44:14.690945Z  INFO scan_sources: tailwindcss_oxide::scanner: Discovering "/home/afdal/Laboratorium/PROJECT/extensionadminaksent/src/types"
2026-02-24T10:44:14.691061Z  INFO scan_sources: tailwindcss_oxide::scanner: Discovering "/home/afdal/Laboratorium/PROJECT/extensionadminaksent/src/pages"
2026-02-24T10:44:14.691159Z  INFO scan_sources: tailwindcss_oxide::scanner: Discovering "/home/afdal/Laboratorium/PROJECT/extensionadminaksent/src/pages/Customer"
2026-02-24T10:44:14.691291Z  INFO scan_sources: tailwindcss_oxide::scanner: Discovering "/home/afdal/Laboratorium/PROJECT/extensionadminaksent/src/pages/Home"
2026-02-24T10:44:14.691403Z  INFO scan_sources: tailwindcss_oxide::scanner: Discovering "/home/afdal/Laboratorium/PROJECT/extensionadminaksent/src/pages/Validation"
2026-02-24T10:44:14.691501Z  INFO scan_sources: tailwindcss_oxide::scanner: Discovering "/home/afdal/Laboratorium/PROJECT/extensionadminaksent/src/pages/Unpaid"
2026-02-24T10:44:14.691592Z  INFO scan_sources: tailwindcss_oxide::scanner: Discovering "/home/afdal/Laboratorium/PROJECT/extensionadminaksent/src/pages/Payment"
2026-02-24T10:44:14.691905Z  INFO scan_sources: tailwindcss_oxide::scanner: Discovering "/home/afdal/Laboratorium/PROJECT/extensionadminaksent/public"
2026-02-24T10:44:14.692171Z  INFO scan_sources: tailwindcss_oxide::scanner: Discovering "/home/afdal/Laboratorium/PROJECT/extensionadminaksent/android"
2026-02-24T10:44:14.692576Z  INFO scan_sources: tailwindcss_oxide::scanner: Discovering "/home/afdal/Laboratorium/PROJECT/extensionadminaksent/android/.kotlin"
2026-02-24T10:44:14.692657Z  INFO scan_sources: tailwindcss_oxide::scanner: Discovering "/home/afdal/Laboratorium/PROJECT/extensionadminaksent/android/.kotlin/sessions"
2026-02-24T10:44:14.692930Z  INFO scan_sources: tailwindcss_oxide::scanner: Discovering "/home/afdal/Laboratorium/PROJECT/extensionadminaksent/android/gradle"
2026-02-24T10:44:14.693030Z  INFO scan_sources: tailwindcss_oxide::scanner: Discovering "/home/afdal/Laboratorium/PROJECT/extensionadminaksent/android/gradle/wrapper"
2026-02-24T10:44:14.693165Z  INFO scan_sources: tailwindcss_oxide::scanner: Discovering "/home/afdal/Laboratorium/PROJECT/extensionadminaksent/android/app"
2026-02-24T10:44:14.693354Z  INFO scan_sources: tailwindcss_oxide::scanner: Discovering "/home/afdal/Laboratorium/PROJECT/extensionadminaksent/android/app/src"
2026-02-24T10:44:14.693457Z  INFO scan_sources: tailwindcss_oxide::scanner: Discovering "/home/afdal/Laboratorium/PROJECT/extensionadminaksent/android/app/src/main"
2026-02-24T10:44:14.693575Z  INFO scan_sources: tailwindcss_oxide::scanner: Discovering "/home/afdal/Laboratorium/PROJECT/extensionadminaksent/android/app/src/main/res"
2026-02-24T10:44:14.693681Z  INFO scan_sources: tailwindcss_oxide::scanner: Discovering "/home/afdal/Laboratorium/PROJECT/extensionadminaksent/android/app/src/main/res/drawable-land-xhdpi"
2026-02-24T10:44:14.693781Z  INFO scan_sources: tailwindcss_oxide::scanner: Discovering "/home/afdal/Laboratorium/PROJECT/extensionadminaksent/android/app/src/main/res/drawable-land-xxhdpi"
2026-02-24T10:44:14.693889Z  INFO scan_sources: tailwindcss_oxide::scanner: Discovering "/home/afdal/Laboratorium/PROJECT/extensionadminaksent/android/app/src/main/res/drawable-v24"
2026-02-24T10:44:14.694067Z  INFO scan_sources: tailwindcss_oxide::scanner: Discovering "/home/afdal/Laboratorium/PROJECT/extensionadminaksent/android/app/src/main/res/drawable-port-xxxhdpi"
2026-02-24T10:44:14.694174Z  INFO scan_sources: tailwindcss_oxide::scanner: Discovering "/home/afdal/Laboratorium/PROJECT/extensionadminaksent/android/app/src/main/res/drawable-land-xxxhdpi"
2026-02-24T10:44:14.694284Z  INFO scan_sources: tailwindcss_oxide::scanner: Discovering "/home/afdal/Laboratorium/PROJECT/extensionadminaksent/android/app/src/main/res/drawable-port-xxhdpi"
2026-02-24T10:44:14.694393Z  INFO scan_sources: tailwindcss_oxide::scanner: Discovering "/home/afdal/Laboratorium/PROJECT/extensionadminaksent/android/app/src/main/res/mipmap-hdpi"
2026-02-24T10:44:14.694517Z  INFO scan_sources: tailwindcss_oxide::scanner: Discovering "/home/afdal/Laboratorium/PROJECT/extensionadminaksent/android/app/src/main/res/drawable-land-hdpi"
2026-02-24T10:44:14.694639Z  INFO scan_sources: tailwindcss_oxide::scanner: Discovering "/home/afdal/Laboratorium/PROJECT/extensionadminaksent/android/app/src/main/res/xml"
2026-02-24T10:44:14.694822Z  INFO scan_sources: tailwindcss_oxide::scanner: Discovering "/home/afdal/Laboratorium/PROJECT/extensionadminaksent/android/app/src/main/res/mipmap-xhdpi"
2026-02-24T10:44:14.694971Z  INFO scan_sources: tailwindcss_oxide::scanner: Discovering "/home/afdal/Laboratorium/PROJECT/extensionadminaksent/android/app/src/main/res/drawable-land-mdpi"
2026-02-24T10:44:14.695075Z  INFO scan_sources: tailwindcss_oxide::scanner: Discovering "/home/afdal/Laboratorium/PROJECT/extensionadminaksent/android/app/src/main/res/drawable-port-hdpi"
2026-02-24T10:44:14.695198Z  INFO scan_sources: tailwindcss_oxide::scanner: Discovering "/home/afdal/Laboratorium/PROJECT/extensionadminaksent/android/app/src/main/res/mipmap-xxhdpi"
2026-02-24T10:44:14.695365Z  INFO scan_sources: tailwindcss_oxide::scanner: Discovering "/home/afdal/Laboratorium/PROJECT/extensionadminaksent/android/app/src/main/res/mipmap-mdpi"
2026-02-24T10:44:14.695479Z  INFO scan_sources: tailwindcss_oxide::scanner: Discovering "/home/afdal/Laboratorium/PROJECT/extensionadminaksent/android/app/src/main/res/drawable"
2026-02-24T10:44:14.695657Z  INFO scan_sources: tailwindcss_oxide::scanner: Discovering "/home/afdal/Laboratorium/PROJECT/extensionadminaksent/android/app/src/main/res/drawable-port-xhdpi"
2026-02-24T10:44:14.695833Z  INFO scan_sources: tailwindcss_oxide::scanner: Discovering "/home/afdal/Laboratorium/PROJECT/extensionadminaksent/android/app/src/main/res/mipmap-xxxhdpi"
2026-02-24T10:44:14.695988Z  INFO scan_sources: tailwindcss_oxide::scanner: Discovering "/home/afdal/Laboratorium/PROJECT/extensionadminaksent/android/app/src/main/res/layout"
2026-02-24T10:44:14.696165Z  INFO scan_sources: tailwindcss_oxide::scanner: Discovering "/home/afdal/Laboratorium/PROJECT/extensionadminaksent/android/app/src/main/res/mipmap-anydpi-v26"
2026-02-24T10:44:14.696409Z  INFO scan_sources: tailwindcss_oxide::scanner: Discovering "/home/afdal/Laboratorium/PROJECT/extensionadminaksent/android/app/src/main/res/drawable-port-mdpi"
2026-02-24T10:44:14.696706Z  INFO scan_sources: tailwindcss_oxide::scanner: Discovering "/home/afdal/Laboratorium/PROJECT/extensionadminaksent/android/app/src/main/res/values"
2026-02-24T10:44:14.697107Z  INFO scan_sources: tailwindcss_oxide::scanner: Discovering "/home/afdal/Laboratorium/PROJECT/extensionadminaksent/android/app/src/main/java"
2026-02-24T10:44:14.697217Z  INFO scan_sources: tailwindcss_oxide::scanner: Discovering "/home/afdal/Laboratorium/PROJECT/extensionadminaksent/android/app/src/main/java/io"
2026-02-24T10:44:14.697311Z  INFO scan_sources: tailwindcss_oxide::scanner: Discovering "/home/afdal/Laboratorium/PROJECT/extensionadminaksent/android/app/src/main/java/io/ionic"
2026-02-24T10:44:14.697397Z  INFO scan_sources: tailwindcss_oxide::scanner: Discovering "/home/afdal/Laboratorium/PROJECT/extensionadminaksent/android/app/src/main/java/io/ionic/starter"
2026-02-24T10:44:14.697589Z  INFO scan_sources: tailwindcss_oxide::scanner: Discovering "/home/afdal/Laboratorium/PROJECT/extensionadminaksent/android/app/src/main/assets"
2026-02-24T10:44:14.697868Z  INFO scan_sources: tailwindcss_oxide::scanner: Discovering "/home/afdal/Laboratorium/PROJECT/extensionadminaksent/android/app/src/androidTest"
2026-02-24T10:44:14.697973Z  INFO scan_sources: tailwindcss_oxide::scanner: Discovering "/home/afdal/Laboratorium/PROJECT/extensionadminaksent/android/app/src/androidTest/java"
2026-02-24T10:44:14.698056Z  INFO scan_sources: tailwindcss_oxide::scanner: Discovering "/home/afdal/Laboratorium/PROJECT/extensionadminaksent/android/app/src/androidTest/java/com"
2026-02-24T10:44:14.698144Z  INFO scan_sources: tailwindcss_oxide::scanner: Discovering "/home/afdal/Laboratorium/PROJECT/extensionadminaksent/android/app/src/androidTest/java/com/getcapacitor"
2026-02-24T10:44:14.698239Z  INFO scan_sources: tailwindcss_oxide::scanner: Discovering "/home/afdal/Laboratorium/PROJECT/extensionadminaksent/android/app/src/androidTest/java/com/getcapacitor/myapp"
2026-02-24T10:44:14.698388Z  INFO scan_sources: tailwindcss_oxide::scanner: Discovering "/home/afdal/Laboratorium/PROJECT/extensionadminaksent/android/app/src/test"
2026-02-24T10:44:14.698473Z  INFO scan_sources: tailwindcss_oxide::scanner: Discovering "/home/afdal/Laboratorium/PROJECT/extensionadminaksent/android/app/src/test/java"
2026-02-24T10:44:14.698550Z  INFO scan_sources: tailwindcss_oxide::scanner: Discovering "/home/afdal/Laboratorium/PROJECT/extensionadminaksent/android/app/src/test/java/com"
2026-02-24T10:44:14.698632Z  INFO scan_sources: tailwindcss_oxide::scanner: Discovering "/home/afdal/Laboratorium/PROJECT/extensionadminaksent/android/app/src/test/java/com/getcapacitor"
2026-02-24T10:44:14.698721Z  INFO scan_sources: tailwindcss_oxide::scanner: Discovering "/home/afdal/Laboratorium/PROJECT/extensionadminaksent/android/app/src/test/java/com/getcapacitor/myapp"
2026-02-24T10:44:14.699237Z  INFO scan_sources: tailwindcss_oxide::scanner: exit
2026-02-24T10:44:14.699265Z  INFO extract_candidates: tailwindcss_oxide::scanner: enter
2026-02-24T10:44:14.699275Z  INFO extract_candidates:read_all_files: tailwindcss_oxide::scanner: enter
2026-02-24T10:44:14.699284Z  INFO extract_candidates:read_all_files: tailwindcss_oxide::scanner: Reading 2 file(s)
2026-02-24T10:44:14.699361Z  INFO tailwindcss_oxide::scanner: Reading "/home/afdal/Laboratorium/PROJECT/extensionadminaksent/src/hook/requests/customer.ts"
2026-02-24T10:44:14.699369Z  INFO tailwindcss_oxide::scanner: Reading "/home/afdal/Laboratorium/PROJECT/extensionadminaksent/src/utils/helpers.ts"
2026-02-24T10:44:14.699405Z  INFO extract_candidates:read_all_files: tailwindcss_oxide::scanner: exit
2026-02-24T10:44:14.699417Z  INFO extract_candidates:parse_all_blobs: tailwindcss_oxide::scanner: enter
2026-02-24T10:44:14.699427Z  INFO extract_candidates:parse_all_blobs:extract: tailwindcss_oxide::scanner: enter
2026-02-24T10:44:14.699614Z  INFO extract_candidates:parse_all_blobs:extract: tailwindcss_oxide::scanner: exit
2026-02-24T10:44:14.699638Z  INFO extract_candidates:parse_all_blobs: tailwindcss_oxide::scanner: exit
2026-02-24T10:44:14.699873Z  INFO extract_candidates: tailwindcss_oxide::scanner: exit
2026-02-24T10:44:14.702316Z  INFO get_files: tailwindcss_oxide::scanner: enter
2026-02-24T10:44:14.702405Z  INFO get_files:scan_sources: tailwindcss_oxide::scanner: enter
2026-02-24T10:44:14.704325Z  INFO get_files:scan_sources: tailwindcss_oxide::scanner: Discovering "/home/afdal/Laboratorium/PROJECT/extensionadminaksent/cypress"
2026-02-24T10:44:14.704425Z  INFO get_files:scan_sources: tailwindcss_oxide::scanner: Discovering "/home/afdal/Laboratorium/PROJECT/extensionadminaksent/cypress/fixtures"
2026-02-24T10:44:14.704516Z  INFO get_files:scan_sources: tailwindcss_oxide::scanner: Discovering "/home/afdal/Laboratorium/PROJECT/extensionadminaksent/cypress/e2e"
2026-02-24T10:44:14.704617Z  INFO get_files:scan_sources: tailwindcss_oxide::scanner: Discovering "/home/afdal/Laboratorium/PROJECT/extensionadminaksent/cypress/support"
2026-02-24T10:44:14.704736Z  INFO get_files:scan_sources: tailwindcss_oxide::scanner: Discovering "/home/afdal/Laboratorium/PROJECT/extensionadminaksent/.vscode"
2026-02-24T10:44:14.705367Z  INFO get_files:scan_sources: tailwindcss_oxide::scanner: Discovering "/home/afdal/Laboratorium/PROJECT/extensionadminaksent/src"
2026-02-24T10:44:14.705449Z  INFO get_files:scan_sources: tailwindcss_oxide::scanner: Discovering "/home/afdal/Laboratorium/PROJECT/extensionadminaksent/src/hook"
2026-02-24T10:44:14.705520Z  INFO get_files:scan_sources: tailwindcss_oxide::scanner: Discovering "/home/afdal/Laboratorium/PROJECT/extensionadminaksent/src/hook/requests"
2026-02-24T10:44:14.705612Z  INFO get_files:scan_sources: tailwindcss_oxide::scanner: Discovering "/home/afdal/Laboratorium/PROJECT/extensionadminaksent/src/components"
2026-02-24T10:44:14.705694Z  INFO get_files:scan_sources: tailwindcss_oxide::scanner: Discovering "/home/afdal/Laboratorium/PROJECT/extensionadminaksent/src/components/customer"
2026-02-24T10:44:14.705786Z  INFO get_files:scan_sources: tailwindcss_oxide::scanner: Discovering "/home/afdal/Laboratorium/PROJECT/extensionadminaksent/src/components/list"
2026-02-24T10:44:14.705910Z  INFO get_files:scan_sources: tailwindcss_oxide::scanner: Discovering "/home/afdal/Laboratorium/PROJECT/extensionadminaksent/src/components/toolbars"
2026-02-24T10:44:14.706017Z  INFO get_files:scan_sources: tailwindcss_oxide::scanner: Discovering "/home/afdal/Laboratorium/PROJECT/extensionadminaksent/src/theme"
2026-02-24T10:44:14.706201Z  INFO get_files:scan_sources: tailwindcss_oxide::scanner: Discovering "/home/afdal/Laboratorium/PROJECT/extensionadminaksent/src/utils"
2026-02-24T10:44:14.706373Z  INFO get_files:scan_sources: tailwindcss_oxide::scanner: Discovering "/home/afdal/Laboratorium/PROJECT/extensionadminaksent/src/types"
2026-02-24T10:44:14.706489Z  INFO get_files:scan_sources: tailwindcss_oxide::scanner: Discovering "/home/afdal/Laboratorium/PROJECT/extensionadminaksent/src/pages"
2026-02-24T10:44:14.706562Z  INFO get_files:scan_sources: tailwindcss_oxide::scanner: Discovering "/home/afdal/Laboratorium/PROJECT/extensionadminaksent/src/pages/Customer"
2026-02-24T10:44:14.706683Z  INFO get_files:scan_sources: tailwindcss_oxide::scanner: Discovering "/home/afdal/Laboratorium/PROJECT/extensionadminaksent/src/pages/Home"
2026-02-24T10:44:14.706816Z  INFO get_files:scan_sources: tailwindcss_oxide::scanner: Discovering "/home/afdal/Laboratorium/PROJECT/extensionadminaksent/src/pages/Validation"
2026-02-24T10:44:14.706965Z  INFO get_files:scan_sources: tailwindcss_oxide::scanner: Discovering "/home/afdal/Laboratorium/PROJECT/extensionadminaksent/src/pages/Unpaid"
2026-02-24T10:44:14.707058Z  INFO get_files:scan_sources: tailwindcss_oxide::scanner: Discovering "/home/afdal/Laboratorium/PROJECT/extensionadminaksent/src/pages/Payment"
2026-02-24T10:44:14.707308Z  INFO get_files:scan_sources: tailwindcss_oxide::scanner: Discovering "/home/afdal/Laboratorium/PROJECT/extensionadminaksent/public"
2026-02-24T10:44:14.707531Z  INFO get_files:scan_sources: tailwindcss_oxide::scanner: Discovering "/home/afdal/Laboratorium/PROJECT/extensionadminaksent/android"
2026-02-24T10:44:14.707976Z  INFO get_files:scan_sources: tailwindcss_oxide::scanner: Discovering "/home/afdal/Laboratorium/PROJECT/extensionadminaksent/android/.kotlin"
2026-02-24T10:44:14.708083Z  INFO get_files:scan_sources: tailwindcss_oxide::scanner: Discovering "/home/afdal/Laboratorium/PROJECT/extensionadminaksent/android/.kotlin/sessions"
2026-02-24T10:44:14.708526Z  INFO get_files:scan_sources: tailwindcss_oxide::scanner: Discovering "/home/afdal/Laboratorium/PROJECT/extensionadminaksent/android/gradle"
2026-02-24T10:44:14.708633Z  INFO get_files:scan_sources: tailwindcss_oxide::scanner: Discovering "/home/afdal/Laboratorium/PROJECT/extensionadminaksent/android/gradle/wrapper"
2026-02-24T10:44:14.708868Z  INFO get_files:scan_sources: tailwindcss_oxide::scanner: Discovering "/home/afdal/Laboratorium/PROJECT/extensionadminaksent/android/app"
2026-02-24T10:44:14.709064Z  INFO get_files:scan_sources: tailwindcss_oxide::scanner: Discovering "/home/afdal/Laboratorium/PROJECT/extensionadminaksent/android/app/src"
2026-02-24T10:44:14.709176Z  INFO get_files:scan_sources: tailwindcss_oxide::scanner: Discovering "/home/afdal/Laboratorium/PROJECT/extensionadminaksent/android/app/src/main"
2026-02-24T10:44:14.709285Z  INFO get_files:scan_sources: tailwindcss_oxide::scanner: Discovering "/home/afdal/Laboratorium/PROJECT/extensionadminaksent/android/app/src/main/res"
2026-02-24T10:44:14.709382Z  INFO get_files:scan_sources: tailwindcss_oxide::scanner: Discovering "/home/afdal/Laboratorium/PROJECT/extensionadminaksent/android/app/src/main/res/drawable-land-xhdpi"
2026-02-24T10:44:14.709482Z  INFO get_files:scan_sources: tailwindcss_oxide::scanner: Discovering "/home/afdal/Laboratorium/PROJECT/extensionadminaksent/android/app/src/main/res/drawable-land-xxhdpi"
2026-02-24T10:44:14.709580Z  INFO get_files:scan_sources: tailwindcss_oxide::scanner: Discovering "/home/afdal/Laboratorium/PROJECT/extensionadminaksent/android/app/src/main/res/drawable-v24"
2026-02-24T10:44:14.709709Z  INFO get_files:scan_sources: tailwindcss_oxide::scanner: Discovering "/home/afdal/Laboratorium/PROJECT/extensionadminaksent/android/app/src/main/res/drawable-port-xxxhdpi"
2026-02-24T10:44:14.709789Z  INFO get_files:scan_sources: tailwindcss_oxide::scanner: Discovering "/home/afdal/Laboratorium/PROJECT/extensionadminaksent/android/app/src/main/res/drawable-land-xxxhdpi"
2026-02-24T10:44:14.709901Z  INFO get_files:scan_sources: tailwindcss_oxide::scanner: Discovering "/home/afdal/Laboratorium/PROJECT/extensionadminaksent/android/app/src/main/res/drawable-port-xxhdpi"
2026-02-24T10:44:14.710154Z  INFO get_files:scan_sources: tailwindcss_oxide::scanner: Discovering "/home/afdal/Laboratorium/PROJECT/extensionadminaksent/android/app/src/main/res/mipmap-hdpi"
2026-02-24T10:44:14.710288Z  INFO get_files:scan_sources: tailwindcss_oxide::scanner: Discovering "/home/afdal/Laboratorium/PROJECT/extensionadminaksent/android/app/src/main/res/drawable-land-hdpi"
2026-02-24T10:44:14.710375Z  INFO get_files:scan_sources: tailwindcss_oxide::scanner: Discovering "/home/afdal/Laboratorium/PROJECT/extensionadminaksent/android/app/src/main/res/xml"
2026-02-24T10:44:14.710480Z  INFO get_files:scan_sources: tailwindcss_oxide::scanner: Discovering "/home/afdal/Laboratorium/PROJECT/extensionadminaksent/android/app/src/main/res/mipmap-xhdpi"
2026-02-24T10:44:14.710659Z  INFO get_files:scan_sources: tailwindcss_oxide::scanner: Discovering "/home/afdal/Laboratorium/PROJECT/extensionadminaksent/android/app/src/main/res/drawable-land-mdpi"
2026-02-24T10:44:14.711009Z  INFO get_files:scan_sources: tailwindcss_oxide::scanner: Discovering "/home/afdal/Laboratorium/PROJECT/extensionadminaksent/android/app/src/main/res/drawable-port-hdpi"
2026-02-24T10:44:14.711703Z  INFO get_files:scan_sources: tailwindcss_oxide::scanner: Discovering "/home/afdal/Laboratorium/PROJECT/extensionadminaksent/android/app/src/main/res/mipmap-xxhdpi"
2026-02-24T10:44:14.711969Z  INFO get_files:scan_sources: tailwindcss_oxide::scanner: Discovering "/home/afdal/Laboratorium/PROJECT/extensionadminaksent/android/app/src/main/res/mipmap-mdpi"
2026-02-24T10:44:14.712106Z  INFO get_files:scan_sources: tailwindcss_oxide::scanner: Discovering "/home/afdal/Laboratorium/PROJECT/extensionadminaksent/android/app/src/main/res/drawable"
2026-02-24T10:44:14.712213Z  INFO get_files:scan_sources: tailwindcss_oxide::scanner: Discovering "/home/afdal/Laboratorium/PROJECT/extensionadminaksent/android/app/src/main/res/drawable-port-xhdpi"
2026-02-24T10:44:14.712307Z  INFO get_files:scan_sources: tailwindcss_oxide::scanner: Discovering "/home/afdal/Laboratorium/PROJECT/extensionadminaksent/android/app/src/main/res/mipmap-xxxhdpi"
2026-02-24T10:44:14.712402Z  INFO get_files:scan_sources: tailwindcss_oxide::scanner: Discovering "/home/afdal/Laboratorium/PROJECT/extensionadminaksent/android/app/src/main/res/layout"
2026-02-24T10:44:14.712506Z  INFO get_files:scan_sources: tailwindcss_oxide::scanner: Discovering "/home/afdal/Laboratorium/PROJECT/extensionadminaksent/android/app/src/main/res/mipmap-anydpi-v26"
2026-02-24T10:44:14.712622Z  INFO get_files:scan_sources: tailwindcss_oxide::scanner: Discovering "/home/afdal/Laboratorium/PROJECT/extensionadminaksent/android/app/src/main/res/drawable-port-mdpi"
2026-02-24T10:44:14.712706Z  INFO get_files:scan_sources: tailwindcss_oxide::scanner: Discovering "/home/afdal/Laboratorium/PROJECT/extensionadminaksent/android/app/src/main/res/values"
2026-02-24T10:44:14.713132Z  INFO get_files:scan_sources: tailwindcss_oxide::scanner: Discovering "/home/afdal/Laboratorium/PROJECT/extensionadminaksent/android/app/src/main/java"
2026-02-24T10:44:14.713267Z  INFO get_files:scan_sources: tailwindcss_oxide::scanner: Discovering "/home/afdal/Laboratorium/PROJECT/extensionadminaksent/android/app/src/main/java/io"
2026-02-24T10:44:14.713382Z  INFO get_files:scan_sources: tailwindcss_oxide::scanner: Discovering "/home/afdal/Laboratorium/PROJECT/extensionadminaksent/android/app/src/main/java/io/ionic"
2026-02-24T10:44:14.713570Z  INFO get_files:scan_sources: tailwindcss_oxide::scanner: Discovering "/home/afdal/Laboratorium/PROJECT/extensionadminaksent/android/app/src/main/java/io/ionic/starter"
2026-02-24T10:44:14.713872Z  INFO get_files:scan_sources: tailwindcss_oxide::scanner: Discovering "/home/afdal/Laboratorium/PROJECT/extensionadminaksent/android/app/src/main/assets"
2026-02-24T10:44:14.714299Z  INFO get_files:scan_sources: tailwindcss_oxide::scanner: Discovering "/home/afdal/Laboratorium/PROJECT/extensionadminaksent/android/app/src/androidTest"
2026-02-24T10:44:14.714392Z  INFO get_files:scan_sources: tailwindcss_oxide::scanner: Discovering "/home/afdal/Laboratorium/PROJECT/extensionadminaksent/android/app/src/androidTest/java"
2026-02-24T10:44:14.714462Z  INFO get_files:scan_sources: tailwindcss_oxide::scanner: Discovering "/home/afdal/Laboratorium/PROJECT/extensionadminaksent/android/app/src/androidTest/java/com"
2026-02-24T10:44:14.714559Z  INFO get_files:scan_sources: tailwindcss_oxide::scanner: Discovering "/home/afdal/Laboratorium/PROJECT/extensionadminaksent/android/app/src/androidTest/java/com/getcapacitor"
2026-02-24T10:44:14.714660Z  INFO get_files:scan_sources: tailwindcss_oxide::scanner: Discovering "/home/afdal/Laboratorium/PROJECT/extensionadminaksent/android/app/src/androidTest/java/com/getcapacitor/myapp"
2026-02-24T10:44:14.714820Z  INFO get_files:scan_sources: tailwindcss_oxide::scanner: Discovering "/home/afdal/Laboratorium/PROJECT/extensionadminaksent/android/app/src/test"
2026-02-24T10:44:14.714906Z  INFO get_files:scan_sources: tailwindcss_oxide::scanner: Discovering "/home/afdal/Laboratorium/PROJECT/extensionadminaksent/android/app/src/test/java"
2026-02-24T10:44:14.714982Z  INFO get_files:scan_sources: tailwindcss_oxide::scanner: Discovering "/home/afdal/Laboratorium/PROJECT/extensionadminaksent/android/app/src/test/java/com"
2026-02-24T10:44:14.715070Z  INFO get_files:scan_sources: tailwindcss_oxide::scanner: Discovering "/home/afdal/Laboratorium/PROJECT/extensionadminaksent/android/app/src/test/java/com/getcapacitor"
2026-02-24T10:44:14.715150Z  INFO get_files:scan_sources: tailwindcss_oxide::scanner: Discovering "/home/afdal/Laboratorium/PROJECT/extensionadminaksent/android/app/src/test/java/com/getcapacitor/myapp"
2026-02-24T10:44:14.715680Z  INFO get_files:scan_sources: tailwindcss_oxide::scanner: exit
2026-02-24T10:44:14.715920Z  INFO get_files: tailwindcss_oxide::scanner: exit
2026-02-24T10:44:14.716197Z  INFO get_globs: tailwindcss_oxide::scanner: enter
2026-02-24T10:44:14.716216Z  INFO get_globs: tailwindcss_oxide::scanner: exit
2026-02-24T10:44:26.982342Z  INFO scan_sources: tailwindcss_oxide::scanner: enter
2026-02-24T10:44:26.983043Z  INFO scan_sources: tailwindcss_oxide::scanner: Discovering "/home/afdal/Laboratorium/PROJECT/extensionadminaksent/cypress"
2026-02-24T10:44:26.983115Z  INFO scan_sources: tailwindcss_oxide::scanner: Discovering "/home/afdal/Laboratorium/PROJECT/extensionadminaksent/cypress/fixtures"
2026-02-24T10:44:26.983186Z  INFO scan_sources: tailwindcss_oxide::scanner: Discovering "/home/afdal/Laboratorium/PROJECT/extensionadminaksent/cypress/e2e"
2026-02-24T10:44:26.983258Z  INFO scan_sources: tailwindcss_oxide::scanner: Discovering "/home/afdal/Laboratorium/PROJECT/extensionadminaksent/cypress/support"
2026-02-24T10:44:26.983343Z  INFO scan_sources: tailwindcss_oxide::scanner: Discovering "/home/afdal/Laboratorium/PROJECT/extensionadminaksent/.vscode"
2026-02-24T10:44:26.983456Z  INFO scan_sources: tailwindcss_oxide::scanner: Discovering "/home/afdal/Laboratorium/PROJECT/extensionadminaksent/src"
2026-02-24T10:44:26.983515Z  INFO scan_sources: tailwindcss_oxide::scanner: Discovering "/home/afdal/Laboratorium/PROJECT/extensionadminaksent/src/hook"
2026-02-24T10:44:26.983571Z  INFO scan_sources: tailwindcss_oxide::scanner: Discovering "/home/afdal/Laboratorium/PROJECT/extensionadminaksent/src/hook/requests"
2026-02-24T10:44:26.983643Z  INFO scan_sources: tailwindcss_oxide::scanner: Discovering "/home/afdal/Laboratorium/PROJECT/extensionadminaksent/src/components"
2026-02-24T10:44:26.983711Z  INFO scan_sources: tailwindcss_oxide::scanner: Discovering "/home/afdal/Laboratorium/PROJECT/extensionadminaksent/src/components/customer"
2026-02-24T10:44:26.983777Z  INFO scan_sources: tailwindcss_oxide::scanner: Discovering "/home/afdal/Laboratorium/PROJECT/extensionadminaksent/src/components/list"
2026-02-24T10:44:26.983863Z  INFO scan_sources: tailwindcss_oxide::scanner: Discovering "/home/afdal/Laboratorium/PROJECT/extensionadminaksent/src/components/toolbars"
2026-02-24T10:44:26.983948Z  INFO scan_sources: tailwindcss_oxide::scanner: Discovering "/home/afdal/Laboratorium/PROJECT/extensionadminaksent/src/theme"
2026-02-24T10:44:26.984039Z  INFO scan_sources: tailwindcss_oxide::scanner: Discovering "/home/afdal/Laboratorium/PROJECT/extensionadminaksent/src/utils"
2026-02-24T10:44:26.984096Z  INFO scan_sources: tailwindcss_oxide::scanner: Discovering "/home/afdal/Laboratorium/PROJECT/extensionadminaksent/src/utils/helpers.ts"
2026-02-24T10:44:26.984164Z  INFO scan_sources: tailwindcss_oxide::scanner: Discovering "/home/afdal/Laboratorium/PROJECT/extensionadminaksent/src/types"
2026-02-24T10:44:26.984237Z  INFO scan_sources: tailwindcss_oxide::scanner: Discovering "/home/afdal/Laboratorium/PROJECT/extensionadminaksent/src/pages"
2026-02-24T10:44:26.984287Z  INFO scan_sources: tailwindcss_oxide::scanner: Discovering "/home/afdal/Laboratorium/PROJECT/extensionadminaksent/src/pages/Customer"
2026-02-24T10:44:26.984366Z  INFO scan_sources: tailwindcss_oxide::scanner: Discovering "/home/afdal/Laboratorium/PROJECT/extensionadminaksent/src/pages/Home"
2026-02-24T10:44:26.984449Z  INFO scan_sources: tailwindcss_oxide::scanner: Discovering "/home/afdal/Laboratorium/PROJECT/extensionadminaksent/src/pages/Validation"
2026-02-24T10:44:26.984513Z  INFO scan_sources: tailwindcss_oxide::scanner: Discovering "/home/afdal/Laboratorium/PROJECT/extensionadminaksent/src/pages/Unpaid"
2026-02-24T10:44:26.984577Z  INFO scan_sources: tailwindcss_oxide::scanner: Discovering "/home/afdal/Laboratorium/PROJECT/extensionadminaksent/src/pages/Payment"
2026-02-24T10:44:26.984784Z  INFO scan_sources: tailwindcss_oxide::scanner: Discovering "/home/afdal/Laboratorium/PROJECT/extensionadminaksent/public"
2026-02-24T10:44:26.985003Z  INFO scan_sources: tailwindcss_oxide::scanner: Discovering "/home/afdal/Laboratorium/PROJECT/extensionadminaksent/android"
2026-02-24T10:44:26.985361Z  INFO scan_sources: tailwindcss_oxide::scanner: Discovering "/home/afdal/Laboratorium/PROJECT/extensionadminaksent/android/.kotlin"
2026-02-24T10:44:26.985425Z  INFO scan_sources: tailwindcss_oxide::scanner: Discovering "/home/afdal/Laboratorium/PROJECT/extensionadminaksent/android/.kotlin/sessions"
2026-02-24T10:44:26.985616Z  INFO scan_sources: tailwindcss_oxide::scanner: Discovering "/home/afdal/Laboratorium/PROJECT/extensionadminaksent/android/gradle"
2026-02-24T10:44:26.985674Z  INFO scan_sources: tailwindcss_oxide::scanner: Discovering "/home/afdal/Laboratorium/PROJECT/extensionadminaksent/android/gradle/wrapper"
2026-02-24T10:44:26.985764Z  INFO scan_sources: tailwindcss_oxide::scanner: Discovering "/home/afdal/Laboratorium/PROJECT/extensionadminaksent/android/app"
2026-02-24T10:44:26.985985Z  INFO scan_sources: tailwindcss_oxide::scanner: Discovering "/home/afdal/Laboratorium/PROJECT/extensionadminaksent/android/app/src"
2026-02-24T10:44:26.986086Z  INFO scan_sources: tailwindcss_oxide::scanner: Discovering "/home/afdal/Laboratorium/PROJECT/extensionadminaksent/android/app/src/main"
2026-02-24T10:44:26.986181Z  INFO scan_sources: tailwindcss_oxide::scanner: Discovering "/home/afdal/Laboratorium/PROJECT/extensionadminaksent/android/app/src/main/res"
2026-02-24T10:44:26.986250Z  INFO scan_sources: tailwindcss_oxide::scanner: Discovering "/home/afdal/Laboratorium/PROJECT/extensionadminaksent/android/app/src/main/res/drawable-land-xhdpi"
2026-02-24T10:44:26.986316Z  INFO scan_sources: tailwindcss_oxide::scanner: Discovering "/home/afdal/Laboratorium/PROJECT/extensionadminaksent/android/app/src/main/res/drawable-land-xxhdpi"
2026-02-24T10:44:26.986376Z  INFO scan_sources: tailwindcss_oxide::scanner: Discovering "/home/afdal/Laboratorium/PROJECT/extensionadminaksent/android/app/src/main/res/drawable-v24"
2026-02-24T10:44:26.986458Z  INFO scan_sources: tailwindcss_oxide::scanner: Discovering "/home/afdal/Laboratorium/PROJECT/extensionadminaksent/android/app/src/main/res/drawable-port-xxxhdpi"
2026-02-24T10:44:26.986522Z  INFO scan_sources: tailwindcss_oxide::scanner: Discovering "/home/afdal/Laboratorium/PROJECT/extensionadminaksent/android/app/src/main/res/drawable-land-xxxhdpi"
2026-02-24T10:44:26.986598Z  INFO scan_sources: tailwindcss_oxide::scanner: Discovering "/home/afdal/Laboratorium/PROJECT/extensionadminaksent/android/app/src/main/res/drawable-port-xxhdpi"
2026-02-24T10:44:26.986675Z  INFO scan_sources: tailwindcss_oxide::scanner: Discovering "/home/afdal/Laboratorium/PROJECT/extensionadminaksent/android/app/src/main/res/mipmap-hdpi"
2026-02-24T10:44:26.986761Z  INFO scan_sources: tailwindcss_oxide::scanner: Discovering "/home/afdal/Laboratorium/PROJECT/extensionadminaksent/android/app/src/main/res/drawable-land-hdpi"
2026-02-24T10:44:26.986836Z  INFO scan_sources: tailwindcss_oxide::scanner: Discovering "/home/afdal/Laboratorium/PROJECT/extensionadminaksent/android/app/src/main/res/xml"
2026-02-24T10:44:26.986918Z  INFO scan_sources: tailwindcss_oxide::scanner: Discovering "/home/afdal/Laboratorium/PROJECT/extensionadminaksent/android/app/src/main/res/mipmap-xhdpi"
2026-02-24T10:44:26.987000Z  INFO scan_sources: tailwindcss_oxide::scanner: Discovering "/home/afdal/Laboratorium/PROJECT/extensionadminaksent/android/app/src/main/res/drawable-land-mdpi"
2026-02-24T10:44:26.987078Z  INFO scan_sources: tailwindcss_oxide::scanner: Discovering "/home/afdal/Laboratorium/PROJECT/extensionadminaksent/android/app/src/main/res/drawable-port-hdpi"
2026-02-24T10:44:26.987129Z  INFO scan_sources: tailwindcss_oxide::scanner: Discovering "/home/afdal/Laboratorium/PROJECT/extensionadminaksent/android/app/src/main/res/mipmap-xxhdpi"
2026-02-24T10:44:26.987182Z  INFO scan_sources: tailwindcss_oxide::scanner: Discovering "/home/afdal/Laboratorium/PROJECT/extensionadminaksent/android/app/src/main/res/mipmap-mdpi"
2026-02-24T10:44:26.987235Z  INFO scan_sources: tailwindcss_oxide::scanner: Discovering "/home/afdal/Laboratorium/PROJECT/extensionadminaksent/android/app/src/main/res/drawable"
2026-02-24T10:44:26.987293Z  INFO scan_sources: tailwindcss_oxide::scanner: Discovering "/home/afdal/Laboratorium/PROJECT/extensionadminaksent/android/app/src/main/res/drawable-port-xhdpi"
2026-02-24T10:44:26.987340Z  INFO scan_sources: tailwindcss_oxide::scanner: Discovering "/home/afdal/Laboratorium/PROJECT/extensionadminaksent/android/app/src/main/res/mipmap-xxxhdpi"
2026-02-24T10:44:26.987392Z  INFO scan_sources: tailwindcss_oxide::scanner: Discovering "/home/afdal/Laboratorium/PROJECT/extensionadminaksent/android/app/src/main/res/layout"
2026-02-24T10:44:26.987445Z  INFO scan_sources: tailwindcss_oxide::scanner: Discovering "/home/afdal/Laboratorium/PROJECT/extensionadminaksent/android/app/src/main/res/mipmap-anydpi-v26"
2026-02-24T10:44:26.987518Z  INFO scan_sources: tailwindcss_oxide::scanner: Discovering "/home/afdal/Laboratorium/PROJECT/extensionadminaksent/android/app/src/main/res/drawable-port-mdpi"
2026-02-24T10:44:26.987583Z  INFO scan_sources: tailwindcss_oxide::scanner: Discovering "/home/afdal/Laboratorium/PROJECT/extensionadminaksent/android/app/src/main/res/values"
2026-02-24T10:44:26.987689Z  INFO scan_sources: tailwindcss_oxide::scanner: Discovering "/home/afdal/Laboratorium/PROJECT/extensionadminaksent/android/app/src/main/java"
2026-02-24T10:44:26.987747Z  INFO scan_sources: tailwindcss_oxide::scanner: Discovering "/home/afdal/Laboratorium/PROJECT/extensionadminaksent/android/app/src/main/java/io"
2026-02-24T10:44:26.987810Z  INFO scan_sources: tailwindcss_oxide::scanner: Discovering "/home/afdal/Laboratorium/PROJECT/extensionadminaksent/android/app/src/main/java/io/ionic"
2026-02-24T10:44:26.987912Z  INFO scan_sources: tailwindcss_oxide::scanner: Discovering "/home/afdal/Laboratorium/PROJECT/extensionadminaksent/android/app/src/main/java/io/ionic/starter"
2026-02-24T10:44:26.988011Z  INFO scan_sources: tailwindcss_oxide::scanner: Discovering "/home/afdal/Laboratorium/PROJECT/extensionadminaksent/android/app/src/main/assets"
2026-02-24T10:44:26.988145Z  INFO scan_sources: tailwindcss_oxide::scanner: Discovering "/home/afdal/Laboratorium/PROJECT/extensionadminaksent/android/app/src/androidTest"
2026-02-24T10:44:26.988217Z  INFO scan_sources: tailwindcss_oxide::scanner: Discovering "/home/afdal/Laboratorium/PROJECT/extensionadminaksent/android/app/src/androidTest/java"
2026-02-24T10:44:26.988276Z  INFO scan_sources: tailwindcss_oxide::scanner: Discovering "/home/afdal/Laboratorium/PROJECT/extensionadminaksent/android/app/src/androidTest/java/com"
2026-02-24T10:44:26.988361Z  INFO scan_sources: tailwindcss_oxide::scanner: Discovering "/home/afdal/Laboratorium/PROJECT/extensionadminaksent/android/app/src/androidTest/java/com/getcapacitor"
2026-02-24T10:44:26.988420Z  INFO scan_sources: tailwindcss_oxide::scanner: Discovering "/home/afdal/Laboratorium/PROJECT/extensionadminaksent/android/app/src/androidTest/java/com/getcapacitor/myapp"
2026-02-24T10:44:26.988516Z  INFO scan_sources: tailwindcss_oxide::scanner: Discovering "/home/afdal/Laboratorium/PROJECT/extensionadminaksent/android/app/src/test"
2026-02-24T10:44:26.988569Z  INFO scan_sources: tailwindcss_oxide::scanner: Discovering "/home/afdal/Laboratorium/PROJECT/extensionadminaksent/android/app/src/test/java"
2026-02-24T10:44:26.988619Z  INFO scan_sources: tailwindcss_oxide::scanner: Discovering "/home/afdal/Laboratorium/PROJECT/extensionadminaksent/android/app/src/test/java/com"
2026-02-24T10:44:26.988673Z  INFO scan_sources: tailwindcss_oxide::scanner: Discovering "/home/afdal/Laboratorium/PROJECT/extensionadminaksent/android/app/src/test/java/com/getcapacitor"
2026-02-24T10:44:26.988726Z  INFO scan_sources: tailwindcss_oxide::scanner: Discovering "/home/afdal/Laboratorium/PROJECT/extensionadminaksent/android/app/src/test/java/com/getcapacitor/myapp"
2026-02-24T10:44:26.989166Z  INFO scan_sources: tailwindcss_oxide::scanner: exit
2026-02-24T10:44:26.989201Z  INFO extract_candidates: tailwindcss_oxide::scanner: enter
2026-02-24T10:44:26.989216Z  INFO extract_candidates:read_all_files: tailwindcss_oxide::scanner: enter
2026-02-24T10:44:26.989223Z  INFO extract_candidates:read_all_files: tailwindcss_oxide::scanner: Reading 1 file(s)
2026-02-24T10:44:26.989246Z  INFO extract_candidates:read_all_files: tailwindcss_oxide::scanner: Reading "/home/afdal/Laboratorium/PROJECT/extensionadminaksent/src/utils/helpers.ts"
2026-02-24T10:44:26.989257Z  INFO extract_candidates:read_all_files: tailwindcss_oxide::scanner: exit
2026-02-24T10:44:26.989263Z  INFO extract_candidates:parse_all_blobs: tailwindcss_oxide::scanner: enter
2026-02-24T10:44:26.989269Z  INFO extract_candidates:parse_all_blobs:extract: tailwindcss_oxide::scanner: enter
2026-02-24T10:44:26.989593Z  INFO extract_candidates:parse_all_blobs:extract: tailwindcss_oxide::scanner: exit
2026-02-24T10:44:26.989668Z  INFO extract_candidates:parse_all_blobs: tailwindcss_oxide::scanner: exit
2026-02-24T10:44:26.989730Z  INFO extract_candidates: tailwindcss_oxide::scanner: exit
2026-02-24T10:44:26.991604Z  INFO get_files: tailwindcss_oxide::scanner: enter
2026-02-24T10:44:26.991728Z  INFO get_files:scan_sources: tailwindcss_oxide::scanner: enter
2026-02-24T10:44:26.992547Z  INFO get_files:scan_sources: tailwindcss_oxide::scanner: Discovering "/home/afdal/Laboratorium/PROJECT/extensionadminaksent/cypress"
2026-02-24T10:44:26.992635Z  INFO get_files:scan_sources: tailwindcss_oxide::scanner: Discovering "/home/afdal/Laboratorium/PROJECT/extensionadminaksent/cypress/fixtures"
2026-02-24T10:44:26.992707Z  INFO get_files:scan_sources: tailwindcss_oxide::scanner: Discovering "/home/afdal/Laboratorium/PROJECT/extensionadminaksent/cypress/e2e"
2026-02-24T10:44:26.992787Z  INFO get_files:scan_sources: tailwindcss_oxide::scanner: Discovering "/home/afdal/Laboratorium/PROJECT/extensionadminaksent/cypress/support"
2026-02-24T10:44:26.992948Z  INFO get_files:scan_sources: tailwindcss_oxide::scanner: Discovering "/home/afdal/Laboratorium/PROJECT/extensionadminaksent/.vscode"
2026-02-24T10:44:26.993067Z  INFO get_files:scan_sources: tailwindcss_oxide::scanner: Discovering "/home/afdal/Laboratorium/PROJECT/extensionadminaksent/src"
2026-02-24T10:44:26.993128Z  INFO get_files:scan_sources: tailwindcss_oxide::scanner: Discovering "/home/afdal/Laboratorium/PROJECT/extensionadminaksent/src/hook"
2026-02-24T10:44:26.993185Z  INFO get_files:scan_sources: tailwindcss_oxide::scanner: Discovering "/home/afdal/Laboratorium/PROJECT/extensionadminaksent/src/hook/requests"
2026-02-24T10:44:26.993274Z  INFO get_files:scan_sources: tailwindcss_oxide::scanner: Discovering "/home/afdal/Laboratorium/PROJECT/extensionadminaksent/src/components"
2026-02-24T10:44:26.993356Z  INFO get_files:scan_sources: tailwindcss_oxide::scanner: Discovering "/home/afdal/Laboratorium/PROJECT/extensionadminaksent/src/components/customer"
2026-02-24T10:44:26.993428Z  INFO get_files:scan_sources: tailwindcss_oxide::scanner: Discovering "/home/afdal/Laboratorium/PROJECT/extensionadminaksent/src/components/list"
2026-02-24T10:44:26.993509Z  INFO get_files:scan_sources: tailwindcss_oxide::scanner: Discovering "/home/afdal/Laboratorium/PROJECT/extensionadminaksent/src/components/toolbars"
2026-02-24T10:44:26.993589Z  INFO get_files:scan_sources: tailwindcss_oxide::scanner: Discovering "/home/afdal/Laboratorium/PROJECT/extensionadminaksent/src/theme"
2026-02-24T10:44:26.993676Z  INFO get_files:scan_sources: tailwindcss_oxide::scanner: Discovering "/home/afdal/Laboratorium/PROJECT/extensionadminaksent/src/utils"
2026-02-24T10:44:26.993785Z  INFO get_files:scan_sources: tailwindcss_oxide::scanner: Discovering "/home/afdal/Laboratorium/PROJECT/extensionadminaksent/src/types"
2026-02-24T10:44:26.993907Z  INFO get_files:scan_sources: tailwindcss_oxide::scanner: Discovering "/home/afdal/Laboratorium/PROJECT/extensionadminaksent/src/pages"
2026-02-24T10:44:26.993973Z  INFO get_files:scan_sources: tailwindcss_oxide::scanner: Discovering "/home/afdal/Laboratorium/PROJECT/extensionadminaksent/src/pages/Customer"
2026-02-24T10:44:26.994059Z  INFO get_files:scan_sources: tailwindcss_oxide::scanner: Discovering "/home/afdal/Laboratorium/PROJECT/extensionadminaksent/src/pages/Home"
2026-02-24T10:44:26.994134Z  INFO get_files:scan_sources: tailwindcss_oxide::scanner: Discovering "/home/afdal/Laboratorium/PROJECT/extensionadminaksent/src/pages/Validation"
2026-02-24T10:44:26.994200Z  INFO get_files:scan_sources: tailwindcss_oxide::scanner: Discovering "/home/afdal/Laboratorium/PROJECT/extensionadminaksent/src/pages/Unpaid"
2026-02-24T10:44:26.994274Z  INFO get_files:scan_sources: tailwindcss_oxide::scanner: Discovering "/home/afdal/Laboratorium/PROJECT/extensionadminaksent/src/pages/Payment"
2026-02-24T10:44:26.994485Z  INFO get_files:scan_sources: tailwindcss_oxide::scanner: Discovering "/home/afdal/Laboratorium/PROJECT/extensionadminaksent/public"
2026-02-24T10:44:26.994680Z  INFO get_files:scan_sources: tailwindcss_oxide::scanner: Discovering "/home/afdal/Laboratorium/PROJECT/extensionadminaksent/android"
2026-02-24T10:44:26.995112Z  INFO get_files:scan_sources: tailwindcss_oxide::scanner: Discovering "/home/afdal/Laboratorium/PROJECT/extensionadminaksent/android/.kotlin"
2026-02-24T10:44:26.995204Z  INFO get_files:scan_sources: tailwindcss_oxide::scanner: Discovering "/home/afdal/Laboratorium/PROJECT/extensionadminaksent/android/.kotlin/sessions"
2026-02-24T10:44:26.995403Z  INFO get_files:scan_sources: tailwindcss_oxide::scanner: Discovering "/home/afdal/Laboratorium/PROJECT/extensionadminaksent/android/gradle"
2026-02-24T10:44:26.995463Z  INFO get_files:scan_sources: tailwindcss_oxide::scanner: Discovering "/home/afdal/Laboratorium/PROJECT/extensionadminaksent/android/gradle/wrapper"
2026-02-24T10:44:26.995560Z  INFO get_files:scan_sources: tailwindcss_oxide::scanner: Discovering "/home/afdal/Laboratorium/PROJECT/extensionadminaksent/android/app"
2026-02-24T10:44:26.995726Z  INFO get_files:scan_sources: tailwindcss_oxide::scanner: Discovering "/home/afdal/Laboratorium/PROJECT/extensionadminaksent/android/app/src"
2026-02-24T10:44:26.995869Z  INFO get_files:scan_sources: tailwindcss_oxide::scanner: Discovering "/home/afdal/Laboratorium/PROJECT/extensionadminaksent/android/app/src/main"
2026-02-24T10:44:26.995981Z  INFO get_files:scan_sources: tailwindcss_oxide::scanner: Discovering "/home/afdal/Laboratorium/PROJECT/extensionadminaksent/android/app/src/main/res"
2026-02-24T10:44:26.996062Z  INFO get_files:scan_sources: tailwindcss_oxide::scanner: Discovering "/home/afdal/Laboratorium/PROJECT/extensionadminaksent/android/app/src/main/res/drawable-land-xhdpi"
2026-02-24T10:44:26.996177Z  INFO get_files:scan_sources: tailwindcss_oxide::scanner: Discovering "/home/afdal/Laboratorium/PROJECT/extensionadminaksent/android/app/src/main/res/drawable-land-xxhdpi"
2026-02-24T10:44:26.996322Z  INFO get_files:scan_sources: tailwindcss_oxide::scanner: Discovering "/home/afdal/Laboratorium/PROJECT/extensionadminaksent/android/app/src/main/res/drawable-v24"
2026-02-24T10:44:26.996411Z  INFO get_files:scan_sources: tailwindcss_oxide::scanner: Discovering "/home/afdal/Laboratorium/PROJECT/extensionadminaksent/android/app/src/main/res/drawable-port-xxxhdpi"
2026-02-24T10:44:26.996482Z  INFO get_files:scan_sources: tailwindcss_oxide::scanner: Discovering "/home/afdal/Laboratorium/PROJECT/extensionadminaksent/android/app/src/main/res/drawable-land-xxxhdpi"
2026-02-24T10:44:26.996567Z  INFO get_files:scan_sources: tailwindcss_oxide::scanner: Discovering "/home/afdal/Laboratorium/PROJECT/extensionadminaksent/android/app/src/main/res/drawable-port-xxhdpi"
2026-02-24T10:44:26.996645Z  INFO get_files:scan_sources: tailwindcss_oxide::scanner: Discovering "/home/afdal/Laboratorium/PROJECT/extensionadminaksent/android/app/src/main/res/mipmap-hdpi"
2026-02-24T10:44:26.996718Z  INFO get_files:scan_sources: tailwindcss_oxide::scanner: Discovering "/home/afdal/Laboratorium/PROJECT/extensionadminaksent/android/app/src/main/res/drawable-land-hdpi"
2026-02-24T10:44:26.996782Z  INFO get_files:scan_sources: tailwindcss_oxide::scanner: Discovering "/home/afdal/Laboratorium/PROJECT/extensionadminaksent/android/app/src/main/res/xml"
2026-02-24T10:44:26.996875Z  INFO get_files:scan_sources: tailwindcss_oxide::scanner: Discovering "/home/afdal/Laboratorium/PROJECT/extensionadminaksent/android/app/src/main/res/mipmap-xhdpi"
2026-02-24T10:44:26.996955Z  INFO get_files:scan_sources: tailwindcss_oxide::scanner: Discovering "/home/afdal/Laboratorium/PROJECT/extensionadminaksent/android/app/src/main/res/drawable-land-mdpi"
2026-02-24T10:44:26.997022Z  INFO get_files:scan_sources: tailwindcss_oxide::scanner: Discovering "/home/afdal/Laboratorium/PROJECT/extensionadminaksent/android/app/src/main/res/drawable-port-hdpi"
2026-02-24T10:44:26.997083Z  INFO get_files:scan_sources: tailwindcss_oxide::scanner: Discovering "/home/afdal/Laboratorium/PROJECT/extensionadminaksent/android/app/src/main/res/mipmap-xxhdpi"
2026-02-24T10:44:26.997150Z  INFO get_files:scan_sources: tailwindcss_oxide::scanner: Discovering "/home/afdal/Laboratorium/PROJECT/extensionadminaksent/android/app/src/main/res/mipmap-mdpi"
2026-02-24T10:44:26.997218Z  INFO get_files:scan_sources: tailwindcss_oxide::scanner: Discovering "/home/afdal/Laboratorium/PROJECT/extensionadminaksent/android/app/src/main/res/drawable"
2026-02-24T10:44:26.997292Z  INFO get_files:scan_sources: tailwindcss_oxide::scanner: Discovering "/home/afdal/Laboratorium/PROJECT/extensionadminaksent/android/app/src/main/res/drawable-port-xhdpi"
2026-02-24T10:44:26.997352Z  INFO get_files:scan_sources: tailwindcss_oxide::scanner: Discovering "/home/afdal/Laboratorium/PROJECT/extensionadminaksent/android/app/src/main/res/mipmap-xxxhdpi"
2026-02-24T10:44:26.997422Z  INFO get_files:scan_sources: tailwindcss_oxide::scanner: Discovering "/home/afdal/Laboratorium/PROJECT/extensionadminaksent/android/app/src/main/res/layout"
2026-02-24T10:44:26.997495Z  INFO get_files:scan_sources: tailwindcss_oxide::scanner: Discovering "/home/afdal/Laboratorium/PROJECT/extensionadminaksent/android/app/src/main/res/mipmap-anydpi-v26"
2026-02-24T10:44:26.997580Z  INFO get_files:scan_sources: tailwindcss_oxide::scanner: Discovering "/home/afdal/Laboratorium/PROJECT/extensionadminaksent/android/app/src/main/res/drawable-port-mdpi"
2026-02-24T10:44:26.997641Z  INFO get_files:scan_sources: tailwindcss_oxide::scanner: Discovering "/home/afdal/Laboratorium/PROJECT/extensionadminaksent/android/app/src/main/res/values"
2026-02-24T10:44:26.997748Z  INFO get_files:scan_sources: tailwindcss_oxide::scanner: Discovering "/home/afdal/Laboratorium/PROJECT/extensionadminaksent/android/app/src/main/java"
2026-02-24T10:44:26.997817Z  INFO get_files:scan_sources: tailwindcss_oxide::scanner: Discovering "/home/afdal/Laboratorium/PROJECT/extensionadminaksent/android/app/src/main/java/io"
2026-02-24T10:44:26.997887Z  INFO get_files:scan_sources: tailwindcss_oxide::scanner: Discovering "/home/afdal/Laboratorium/PROJECT/extensionadminaksent/android/app/src/main/java/io/ionic"
2026-02-24T10:44:26.998083Z  INFO get_files:scan_sources: tailwindcss_oxide::scanner: Discovering "/home/afdal/Laboratorium/PROJECT/extensionadminaksent/android/app/src/main/java/io/ionic/starter"
2026-02-24T10:44:26.998196Z  INFO get_files:scan_sources: tailwindcss_oxide::scanner: Discovering "/home/afdal/Laboratorium/PROJECT/extensionadminaksent/android/app/src/main/assets"
2026-02-24T10:44:26.998332Z  INFO get_files:scan_sources: tailwindcss_oxide::scanner: Discovering "/home/afdal/Laboratorium/PROJECT/extensionadminaksent/android/app/src/androidTest"
2026-02-24T10:44:26.998399Z  INFO get_files:scan_sources: tailwindcss_oxide::scanner: Discovering "/home/afdal/Laboratorium/PROJECT/extensionadminaksent/android/app/src/androidTest/java"
2026-02-24T10:44:26.998455Z  INFO get_files:scan_sources: tailwindcss_oxide::scanner: Discovering "/home/afdal/Laboratorium/PROJECT/extensionadminaksent/android/app/src/androidTest/java/com"
2026-02-24T10:44:26.998508Z  INFO get_files:scan_sources: tailwindcss_oxide::scanner: Discovering "/home/afdal/Laboratorium/PROJECT/extensionadminaksent/android/app/src/androidTest/java/com/getcapacitor"
2026-02-24T10:44:26.998561Z  INFO get_files:scan_sources: tailwindcss_oxide::scanner: Discovering "/home/afdal/Laboratorium/PROJECT/extensionadminaksent/android/app/src/androidTest/java/com/getcapacitor/myapp"
2026-02-24T10:44:26.998656Z  INFO get_files:scan_sources: tailwindcss_oxide::scanner: Discovering "/home/afdal/Laboratorium/PROJECT/extensionadminaksent/android/app/src/test"
2026-02-24T10:44:26.998719Z  INFO get_files:scan_sources: tailwindcss_oxide::scanner: Discovering "/home/afdal/Laboratorium/PROJECT/extensionadminaksent/android/app/src/test/java"
2026-02-24T10:44:26.998770Z  INFO get_files:scan_sources: tailwindcss_oxide::scanner: Discovering "/home/afdal/Laboratorium/PROJECT/extensionadminaksent/android/app/src/test/java/com"
2026-02-24T10:44:26.998849Z  INFO get_files:scan_sources: tailwindcss_oxide::scanner: Discovering "/home/afdal/Laboratorium/PROJECT/extensionadminaksent/android/app/src/test/java/com/getcapacitor"
2026-02-24T10:44:26.998916Z  INFO get_files:scan_sources: tailwindcss_oxide::scanner: Discovering "/home/afdal/Laboratorium/PROJECT/extensionadminaksent/android/app/src/test/java/com/getcapacitor/myapp"
2026-02-24T10:44:26.999359Z  INFO get_files:scan_sources: tailwindcss_oxide::scanner: exit
2026-02-24T10:44:26.999978Z  INFO get_files: tailwindcss_oxide::scanner: exit
2026-02-24T10:44:27.000206Z  INFO get_globs: tailwindcss_oxide::scanner: enter
2026-02-24T10:44:27.000222Z  INFO get_globs: tailwindcss_oxide::scanner: exit
2026-02-24T10:45:49.387703Z  INFO scan_sources: tailwindcss_oxide::scanner: enter
2026-02-24T10:45:49.389845Z  INFO scan_sources: tailwindcss_oxide::scanner: Discovering "/home/afdal/Laboratorium/PROJECT/extensionadminaksent/cypress"
2026-02-24T10:45:49.390000Z  INFO scan_sources: tailwindcss_oxide::scanner: Discovering "/home/afdal/Laboratorium/PROJECT/extensionadminaksent/cypress/fixtures"
2026-02-24T10:45:49.390140Z  INFO scan_sources: tailwindcss_oxide::scanner: Discovering "/home/afdal/Laboratorium/PROJECT/extensionadminaksent/cypress/e2e"
2026-02-24T10:45:49.390264Z  INFO scan_sources: tailwindcss_oxide::scanner: Discovering "/home/afdal/Laboratorium/PROJECT/extensionadminaksent/cypress/support"
2026-02-24T10:45:49.390425Z  INFO scan_sources: tailwindcss_oxide::scanner: Discovering "/home/afdal/Laboratorium/PROJECT/extensionadminaksent/.vscode"
2026-02-24T10:45:49.390641Z  INFO scan_sources: tailwindcss_oxide::scanner: Discovering "/home/afdal/Laboratorium/PROJECT/extensionadminaksent/src"
2026-02-24T10:45:49.390836Z  INFO scan_sources: tailwindcss_oxide::scanner: Discovering "/home/afdal/Laboratorium/PROJECT/extensionadminaksent/src/hook"
2026-02-24T10:45:49.391144Z  INFO scan_sources: tailwindcss_oxide::scanner: Discovering "/home/afdal/Laboratorium/PROJECT/extensionadminaksent/src/hook/requests"
2026-02-24T10:45:49.391485Z  INFO scan_sources: tailwindcss_oxide::scanner: Discovering "/home/afdal/Laboratorium/PROJECT/extensionadminaksent/src/components"
2026-02-24T10:45:49.391735Z  INFO scan_sources: tailwindcss_oxide::scanner: Discovering "/home/afdal/Laboratorium/PROJECT/extensionadminaksent/src/components/customer"
2026-02-24T10:45:49.391976Z  INFO scan_sources: tailwindcss_oxide::scanner: Discovering "/home/afdal/Laboratorium/PROJECT/extensionadminaksent/src/components/list"
2026-02-24T10:45:49.392095Z  INFO scan_sources: tailwindcss_oxide::scanner: Discovering "/home/afdal/Laboratorium/PROJECT/extensionadminaksent/src/components/toolbars"
2026-02-24T10:45:49.392221Z  INFO scan_sources: tailwindcss_oxide::scanner: Discovering "/home/afdal/Laboratorium/PROJECT/extensionadminaksent/src/theme"
2026-02-24T10:45:49.392365Z  INFO scan_sources: tailwindcss_oxide::scanner: Discovering "/home/afdal/Laboratorium/PROJECT/extensionadminaksent/src/utils"
2026-02-24T10:45:49.392427Z  INFO scan_sources: tailwindcss_oxide::scanner: Discovering "/home/afdal/Laboratorium/PROJECT/extensionadminaksent/src/utils/helpers.ts"
2026-02-24T10:45:49.392518Z  INFO scan_sources: tailwindcss_oxide::scanner: Discovering "/home/afdal/Laboratorium/PROJECT/extensionadminaksent/src/types"
2026-02-24T10:45:49.392614Z  INFO scan_sources: tailwindcss_oxide::scanner: Discovering "/home/afdal/Laboratorium/PROJECT/extensionadminaksent/src/pages"
2026-02-24T10:45:49.392683Z  INFO scan_sources: tailwindcss_oxide::scanner: Discovering "/home/afdal/Laboratorium/PROJECT/extensionadminaksent/src/pages/Customer"
2026-02-24T10:45:49.393376Z  INFO scan_sources: tailwindcss_oxide::scanner: Discovering "/home/afdal/Laboratorium/PROJECT/extensionadminaksent/src/pages/Home"
2026-02-24T10:45:49.393679Z  INFO scan_sources: tailwindcss_oxide::scanner: Discovering "/home/afdal/Laboratorium/PROJECT/extensionadminaksent/src/pages/Validation"
2026-02-24T10:45:49.393917Z  INFO scan_sources: tailwindcss_oxide::scanner: Discovering "/home/afdal/Laboratorium/PROJECT/extensionadminaksent/src/pages/Unpaid"
2026-02-24T10:45:49.394134Z  INFO scan_sources: tailwindcss_oxide::scanner: Discovering "/home/afdal/Laboratorium/PROJECT/extensionadminaksent/src/pages/Payment"
2026-02-24T10:45:49.394515Z  INFO scan_sources: tailwindcss_oxide::scanner: Discovering "/home/afdal/Laboratorium/PROJECT/extensionadminaksent/public"
2026-02-24T10:45:49.394992Z  INFO scan_sources: tailwindcss_oxide::scanner: Discovering "/home/afdal/Laboratorium/PROJECT/extensionadminaksent/android"
2026-02-24T10:45:49.395584Z  INFO scan_sources: tailwindcss_oxide::scanner: Discovering "/home/afdal/Laboratorium/PROJECT/extensionadminaksent/android/.kotlin"
2026-02-24T10:45:49.395679Z  INFO scan_sources: tailwindcss_oxide::scanner: Discovering "/home/afdal/Laboratorium/PROJECT/extensionadminaksent/android/.kotlin/sessions"
2026-02-24T10:45:49.395991Z  INFO scan_sources: tailwindcss_oxide::scanner: Discovering "/home/afdal/Laboratorium/PROJECT/extensionadminaksent/android/gradle"
2026-02-24T10:45:49.396084Z  INFO scan_sources: tailwindcss_oxide::scanner: Discovering "/home/afdal/Laboratorium/PROJECT/extensionadminaksent/android/gradle/wrapper"
2026-02-24T10:45:49.396220Z  INFO scan_sources: tailwindcss_oxide::scanner: Discovering "/home/afdal/Laboratorium/PROJECT/extensionadminaksent/android/app"
2026-02-24T10:45:49.396384Z  INFO scan_sources: tailwindcss_oxide::scanner: Discovering "/home/afdal/Laboratorium/PROJECT/extensionadminaksent/android/app/src"
2026-02-24T10:45:49.396494Z  INFO scan_sources: tailwindcss_oxide::scanner: Discovering "/home/afdal/Laboratorium/PROJECT/extensionadminaksent/android/app/src/main"
2026-02-24T10:45:49.396613Z  INFO scan_sources: tailwindcss_oxide::scanner: Discovering "/home/afdal/Laboratorium/PROJECT/extensionadminaksent/android/app/src/main/res"
2026-02-24T10:45:49.396824Z  INFO scan_sources: tailwindcss_oxide::scanner: Discovering "/home/afdal/Laboratorium/PROJECT/extensionadminaksent/android/app/src/main/res/drawable-land-xhdpi"
2026-02-24T10:45:49.396927Z  INFO scan_sources: tailwindcss_oxide::scanner: Discovering "/home/afdal/Laboratorium/PROJECT/extensionadminaksent/android/app/src/main/res/drawable-land-xxhdpi"
2026-02-24T10:45:49.397004Z  INFO scan_sources: tailwindcss_oxide::scanner: Discovering "/home/afdal/Laboratorium/PROJECT/extensionadminaksent/android/app/src/main/res/drawable-v24"
2026-02-24T10:45:49.397094Z  INFO scan_sources: tailwindcss_oxide::scanner: Discovering "/home/afdal/Laboratorium/PROJECT/extensionadminaksent/android/app/src/main/res/drawable-port-xxxhdpi"
2026-02-24T10:45:49.397167Z  INFO scan_sources: tailwindcss_oxide::scanner: Discovering "/home/afdal/Laboratorium/PROJECT/extensionadminaksent/android/app/src/main/res/drawable-land-xxxhdpi"
2026-02-24T10:45:49.397242Z  INFO scan_sources: tailwindcss_oxide::scanner: Discovering "/home/afdal/Laboratorium/PROJECT/extensionadminaksent/android/app/src/main/res/drawable-port-xxhdpi"
2026-02-24T10:45:49.397317Z  INFO scan_sources: tailwindcss_oxide::scanner: Discovering "/home/afdal/Laboratorium/PROJECT/extensionadminaksent/android/app/src/main/res/mipmap-hdpi"
2026-02-24T10:45:49.397396Z  INFO scan_sources: tailwindcss_oxide::scanner: Discovering "/home/afdal/Laboratorium/PROJECT/extensionadminaksent/android/app/src/main/res/drawable-land-hdpi"
2026-02-24T10:45:49.397472Z  INFO scan_sources: tailwindcss_oxide::scanner: Discovering "/home/afdal/Laboratorium/PROJECT/extensionadminaksent/android/app/src/main/res/xml"
2026-02-24T10:45:49.397568Z  INFO scan_sources: tailwindcss_oxide::scanner: Discovering "/home/afdal/Laboratorium/PROJECT/extensionadminaksent/android/app/src/main/res/mipmap-xhdpi"
2026-02-24T10:45:49.397645Z  INFO scan_sources: tailwindcss_oxide::scanner: Discovering "/home/afdal/Laboratorium/PROJECT/extensionadminaksent/android/app/src/main/res/drawable-land-mdpi"
2026-02-24T10:45:49.397720Z  INFO scan_sources: tailwindcss_oxide::scanner: Discovering "/home/afdal/Laboratorium/PROJECT/extensionadminaksent/android/app/src/main/res/drawable-port-hdpi"
2026-02-24T10:45:49.397924Z  INFO scan_sources: tailwindcss_oxide::scanner: Discovering "/home/afdal/Laboratorium/PROJECT/extensionadminaksent/android/app/src/main/res/mipmap-xxhdpi"
2026-02-24T10:45:49.398051Z  INFO scan_sources: tailwindcss_oxide::scanner: Discovering "/home/afdal/Laboratorium/PROJECT/extensionadminaksent/android/app/src/main/res/mipmap-mdpi"
2026-02-24T10:45:49.398134Z  INFO scan_sources: tailwindcss_oxide::scanner: Discovering "/home/afdal/Laboratorium/PROJECT/extensionadminaksent/android/app/src/main/res/drawable"
2026-02-24T10:45:49.398221Z  INFO scan_sources: tailwindcss_oxide::scanner: Discovering "/home/afdal/Laboratorium/PROJECT/extensionadminaksent/android/app/src/main/res/drawable-port-xhdpi"
2026-02-24T10:45:49.398287Z  INFO scan_sources: tailwindcss_oxide::scanner: Discovering "/home/afdal/Laboratorium/PROJECT/extensionadminaksent/android/app/src/main/res/mipmap-xxxhdpi"
2026-02-24T10:45:49.398357Z  INFO scan_sources: tailwindcss_oxide::scanner: Discovering "/home/afdal/Laboratorium/PROJECT/extensionadminaksent/android/app/src/main/res/layout"
2026-02-24T10:45:49.398436Z  INFO scan_sources: tailwindcss_oxide::scanner: Discovering "/home/afdal/Laboratorium/PROJECT/extensionadminaksent/android/app/src/main/res/mipmap-anydpi-v26"
2026-02-24T10:45:49.398538Z  INFO scan_sources: tailwindcss_oxide::scanner: Discovering "/home/afdal/Laboratorium/PROJECT/extensionadminaksent/android/app/src/main/res/drawable-port-mdpi"
2026-02-24T10:45:49.398606Z  INFO scan_sources: tailwindcss_oxide::scanner: Discovering "/home/afdal/Laboratorium/PROJECT/extensionadminaksent/android/app/src/main/res/values"
2026-02-24T10:45:49.398744Z  INFO scan_sources: tailwindcss_oxide::scanner: Discovering "/home/afdal/Laboratorium/PROJECT/extensionadminaksent/android/app/src/main/java"
2026-02-24T10:45:49.398872Z  INFO scan_sources: tailwindcss_oxide::scanner: Discovering "/home/afdal/Laboratorium/PROJECT/extensionadminaksent/android/app/src/main/java/io"
2026-02-24T10:45:49.398947Z  INFO scan_sources: tailwindcss_oxide::scanner: Discovering "/home/afdal/Laboratorium/PROJECT/extensionadminaksent/android/app/src/main/java/io/ionic"
2026-02-24T10:45:49.399024Z  INFO scan_sources: tailwindcss_oxide::scanner: Discovering "/home/afdal/Laboratorium/PROJECT/extensionadminaksent/android/app/src/main/java/io/ionic/starter"
2026-02-24T10:45:49.399130Z  INFO scan_sources: tailwindcss_oxide::scanner: Discovering "/home/afdal/Laboratorium/PROJECT/extensionadminaksent/android/app/src/main/assets"
2026-02-24T10:45:49.399278Z  INFO scan_sources: tailwindcss_oxide::scanner: Discovering "/home/afdal/Laboratorium/PROJECT/extensionadminaksent/android/app/src/androidTest"
2026-02-24T10:45:49.399350Z  INFO scan_sources: tailwindcss_oxide::scanner: Discovering "/home/afdal/Laboratorium/PROJECT/extensionadminaksent/android/app/src/androidTest/java"
2026-02-24T10:45:49.399412Z  INFO scan_sources: tailwindcss_oxide::scanner: Discovering "/home/afdal/Laboratorium/PROJECT/extensionadminaksent/android/app/src/androidTest/java/com"
2026-02-24T10:45:49.399477Z  INFO scan_sources: tailwindcss_oxide::scanner: Discovering "/home/afdal/Laboratorium/PROJECT/extensionadminaksent/android/app/src/androidTest/java/com/getcapacitor"
2026-02-24T10:45:49.399545Z  INFO scan_sources: tailwindcss_oxide::scanner: Discovering "/home/afdal/Laboratorium/PROJECT/extensionadminaksent/android/app/src/androidTest/java/com/getcapacitor/myapp"
2026-02-24T10:45:49.399650Z  INFO scan_sources: tailwindcss_oxide::scanner: Discovering "/home/afdal/Laboratorium/PROJECT/extensionadminaksent/android/app/src/test"
2026-02-24T10:45:49.399712Z  INFO scan_sources: tailwindcss_oxide::scanner: Discovering "/home/afdal/Laboratorium/PROJECT/extensionadminaksent/android/app/src/test/java"
2026-02-24T10:45:49.399767Z  INFO scan_sources: tailwindcss_oxide::scanner: Discovering "/home/afdal/Laboratorium/PROJECT/extensionadminaksent/android/app/src/test/java/com"
2026-02-24T10:45:49.399978Z  INFO scan_sources: tailwindcss_oxide::scanner: Discovering "/home/afdal/Laboratorium/PROJECT/extensionadminaksent/android/app/src/test/java/com/getcapacitor"
2026-02-24T10:45:49.400167Z  INFO scan_sources: tailwindcss_oxide::scanner: Discovering "/home/afdal/Laboratorium/PROJECT/extensionadminaksent/android/app/src/test/java/com/getcapacitor/myapp"
2026-02-24T10:45:49.400783Z  INFO scan_sources: tailwindcss_oxide::scanner: exit
2026-02-24T10:45:49.400903Z  INFO extract_candidates: tailwindcss_oxide::scanner: enter
2026-02-24T10:45:49.400917Z  INFO extract_candidates:read_all_files: tailwindcss_oxide::scanner: enter
2026-02-24T10:45:49.400925Z  INFO extract_candidates:read_all_files: tailwindcss_oxide::scanner: Reading 1 file(s)
2026-02-24T10:45:49.400973Z  INFO extract_candidates:read_all_files: tailwindcss_oxide::scanner: Reading "/home/afdal/Laboratorium/PROJECT/extensionadminaksent/src/utils/helpers.ts"
2026-02-24T10:45:49.400989Z  INFO extract_candidates:read_all_files: tailwindcss_oxide::scanner: exit
2026-02-24T10:45:49.400997Z  INFO extract_candidates:parse_all_blobs: tailwindcss_oxide::scanner: enter
2026-02-24T10:45:49.401006Z  INFO extract_candidates:parse_all_blobs:extract: tailwindcss_oxide::scanner: enter
2026-02-24T10:45:49.401479Z  INFO extract_candidates:parse_all_blobs:extract: tailwindcss_oxide::scanner: exit
2026-02-24T10:45:49.401553Z  INFO extract_candidates:parse_all_blobs: tailwindcss_oxide::scanner: exit
2026-02-24T10:45:49.401611Z  INFO extract_candidates: tailwindcss_oxide::scanner: exit
2026-02-24T10:45:49.403362Z  INFO get_files: tailwindcss_oxide::scanner: enter
2026-02-24T10:45:49.403408Z  INFO get_files:scan_sources: tailwindcss_oxide::scanner: enter
2026-02-24T10:45:49.404273Z  INFO get_files:scan_sources: tailwindcss_oxide::scanner: Discovering "/home/afdal/Laboratorium/PROJECT/extensionadminaksent/cypress"
2026-02-24T10:45:49.404374Z  INFO get_files:scan_sources: tailwindcss_oxide::scanner: Discovering "/home/afdal/Laboratorium/PROJECT/extensionadminaksent/cypress/fixtures"
2026-02-24T10:45:49.404454Z  INFO get_files:scan_sources: tailwindcss_oxide::scanner: Discovering "/home/afdal/Laboratorium/PROJECT/extensionadminaksent/cypress/e2e"
2026-02-24T10:45:49.404550Z  INFO get_files:scan_sources: tailwindcss_oxide::scanner: Discovering "/home/afdal/Laboratorium/PROJECT/extensionadminaksent/cypress/support"
2026-02-24T10:45:49.404643Z  INFO get_files:scan_sources: tailwindcss_oxide::scanner: Discovering "/home/afdal/Laboratorium/PROJECT/extensionadminaksent/.vscode"
2026-02-24T10:45:49.404784Z  INFO get_files:scan_sources: tailwindcss_oxide::scanner: Discovering "/home/afdal/Laboratorium/PROJECT/extensionadminaksent/src"
2026-02-24T10:45:49.405435Z  INFO get_files:scan_sources: tailwindcss_oxide::scanner: Discovering "/home/afdal/Laboratorium/PROJECT/extensionadminaksent/src/hook"
2026-02-24T10:45:49.405515Z  INFO get_files:scan_sources: tailwindcss_oxide::scanner: Discovering "/home/afdal/Laboratorium/PROJECT/extensionadminaksent/src/hook/requests"
2026-02-24T10:45:49.405611Z  INFO get_files:scan_sources: tailwindcss_oxide::scanner: Discovering "/home/afdal/Laboratorium/PROJECT/extensionadminaksent/src/components"
2026-02-24T10:45:49.405684Z  INFO get_files:scan_sources: tailwindcss_oxide::scanner: Discovering "/home/afdal/Laboratorium/PROJECT/extensionadminaksent/src/components/customer"
2026-02-24T10:45:49.405758Z  INFO get_files:scan_sources: tailwindcss_oxide::scanner: Discovering "/home/afdal/Laboratorium/PROJECT/extensionadminaksent/src/components/list"
2026-02-24T10:45:49.405852Z  INFO get_files:scan_sources: tailwindcss_oxide::scanner: Discovering "/home/afdal/Laboratorium/PROJECT/extensionadminaksent/src/components/toolbars"
2026-02-24T10:45:49.405946Z  INFO get_files:scan_sources: tailwindcss_oxide::scanner: Discovering "/home/afdal/Laboratorium/PROJECT/extensionadminaksent/src/theme"
2026-02-24T10:45:49.406061Z  INFO get_files:scan_sources: tailwindcss_oxide::scanner: Discovering "/home/afdal/Laboratorium/PROJECT/extensionadminaksent/src/utils"
2026-02-24T10:45:49.406289Z  INFO get_files:scan_sources: tailwindcss_oxide::scanner: Discovering "/home/afdal/Laboratorium/PROJECT/extensionadminaksent/src/types"
2026-02-24T10:45:49.406384Z  INFO get_files:scan_sources: tailwindcss_oxide::scanner: Discovering "/home/afdal/Laboratorium/PROJECT/extensionadminaksent/src/pages"
2026-02-24T10:45:49.406441Z  INFO get_files:scan_sources: tailwindcss_oxide::scanner: Discovering "/home/afdal/Laboratorium/PROJECT/extensionadminaksent/src/pages/Customer"
2026-02-24T10:45:49.406526Z  INFO get_files:scan_sources: tailwindcss_oxide::scanner: Discovering "/home/afdal/Laboratorium/PROJECT/extensionadminaksent/src/pages/Home"
2026-02-24T10:45:49.406694Z  INFO get_files:scan_sources: tailwindcss_oxide::scanner: Discovering "/home/afdal/Laboratorium/PROJECT/extensionadminaksent/src/pages/Validation"
2026-02-24T10:45:49.406844Z  INFO get_files:scan_sources: tailwindcss_oxide::scanner: Discovering "/home/afdal/Laboratorium/PROJECT/extensionadminaksent/src/pages/Unpaid"
2026-02-24T10:45:49.407004Z  INFO get_files:scan_sources: tailwindcss_oxide::scanner: Discovering "/home/afdal/Laboratorium/PROJECT/extensionadminaksent/src/pages/Payment"
2026-02-24T10:45:49.407290Z  INFO get_files:scan_sources: tailwindcss_oxide::scanner: Discovering "/home/afdal/Laboratorium/PROJECT/extensionadminaksent/public"
2026-02-24T10:45:49.407577Z  INFO get_files:scan_sources: tailwindcss_oxide::scanner: Discovering "/home/afdal/Laboratorium/PROJECT/extensionadminaksent/android"
2026-02-24T10:45:49.408015Z  INFO get_files:scan_sources: tailwindcss_oxide::scanner: Discovering "/home/afdal/Laboratorium/PROJECT/extensionadminaksent/android/.kotlin"
2026-02-24T10:45:49.408156Z  INFO get_files:scan_sources: tailwindcss_oxide::scanner: Discovering "/home/afdal/Laboratorium/PROJECT/extensionadminaksent/android/.kotlin/sessions"
2026-02-24T10:45:49.408353Z  INFO get_files:scan_sources: tailwindcss_oxide::scanner: Discovering "/home/afdal/Laboratorium/PROJECT/extensionadminaksent/android/gradle"
2026-02-24T10:45:49.408404Z  INFO get_files:scan_sources: tailwindcss_oxide::scanner: Discovering "/home/afdal/Laboratorium/PROJECT/extensionadminaksent/android/gradle/wrapper"
2026-02-24T10:45:49.408516Z  INFO get_files:scan_sources: tailwindcss_oxide::scanner: Discovering "/home/afdal/Laboratorium/PROJECT/extensionadminaksent/android/app"
2026-02-24T10:45:49.408669Z  INFO get_files:scan_sources: tailwindcss_oxide::scanner: Discovering "/home/afdal/Laboratorium/PROJECT/extensionadminaksent/android/app/src"
2026-02-24T10:45:49.408738Z  INFO get_files:scan_sources: tailwindcss_oxide::scanner: Discovering "/home/afdal/Laboratorium/PROJECT/extensionadminaksent/android/app/src/main"
2026-02-24T10:45:49.408834Z  INFO get_files:scan_sources: tailwindcss_oxide::scanner: Discovering "/home/afdal/Laboratorium/PROJECT/extensionadminaksent/android/app/src/main/res"
2026-02-24T10:45:49.408918Z  INFO get_files:scan_sources: tailwindcss_oxide::scanner: Discovering "/home/afdal/Laboratorium/PROJECT/extensionadminaksent/android/app/src/main/res/drawable-land-xhdpi"
2026-02-24T10:45:49.408984Z  INFO get_files:scan_sources: tailwindcss_oxide::scanner: Discovering "/home/afdal/Laboratorium/PROJECT/extensionadminaksent/android/app/src/main/res/drawable-land-xxhdpi"
2026-02-24T10:45:49.409046Z  INFO get_files:scan_sources: tailwindcss_oxide::scanner: Discovering "/home/afdal/Laboratorium/PROJECT/extensionadminaksent/android/app/src/main/res/drawable-v24"
2026-02-24T10:45:49.409120Z  INFO get_files:scan_sources: tailwindcss_oxide::scanner: Discovering "/home/afdal/Laboratorium/PROJECT/extensionadminaksent/android/app/src/main/res/drawable-port-xxxhdpi"
2026-02-24T10:45:49.409181Z  INFO get_files:scan_sources: tailwindcss_oxide::scanner: Discovering "/home/afdal/Laboratorium/PROJECT/extensionadminaksent/android/app/src/main/res/drawable-land-xxxhdpi"
2026-02-24T10:45:49.409245Z  INFO get_files:scan_sources: tailwindcss_oxide::scanner: Discovering "/home/afdal/Laboratorium/PROJECT/extensionadminaksent/android/app/src/main/res/drawable-port-xxhdpi"
2026-02-24T10:45:49.409305Z  INFO get_files:scan_sources: tailwindcss_oxide::scanner: Discovering "/home/afdal/Laboratorium/PROJECT/extensionadminaksent/android/app/src/main/res/mipmap-hdpi"
2026-02-24T10:45:49.409373Z  INFO get_files:scan_sources: tailwindcss_oxide::scanner: Discovering "/home/afdal/Laboratorium/PROJECT/extensionadminaksent/android/app/src/main/res/drawable-land-hdpi"
2026-02-24T10:45:49.409435Z  INFO get_files:scan_sources: tailwindcss_oxide::scanner: Discovering "/home/afdal/Laboratorium/PROJECT/extensionadminaksent/android/app/src/main/res/xml"
2026-02-24T10:45:49.409513Z  INFO get_files:scan_sources: tailwindcss_oxide::scanner: Discovering "/home/afdal/Laboratorium/PROJECT/extensionadminaksent/android/app/src/main/res/mipmap-xhdpi"
2026-02-24T10:45:49.409584Z  INFO get_files:scan_sources: tailwindcss_oxide::scanner: Discovering "/home/afdal/Laboratorium/PROJECT/extensionadminaksent/android/app/src/main/res/drawable-land-mdpi"
2026-02-24T10:45:49.409645Z  INFO get_files:scan_sources: tailwindcss_oxide::scanner: Discovering "/home/afdal/Laboratorium/PROJECT/extensionadminaksent/android/app/src/main/res/drawable-port-hdpi"
2026-02-24T10:45:49.409708Z  INFO get_files:scan_sources: tailwindcss_oxide::scanner: Discovering "/home/afdal/Laboratorium/PROJECT/extensionadminaksent/android/app/src/main/res/mipmap-xxhdpi"
2026-02-24T10:45:49.409776Z  INFO get_files:scan_sources: tailwindcss_oxide::scanner: Discovering "/home/afdal/Laboratorium/PROJECT/extensionadminaksent/android/app/src/main/res/mipmap-mdpi"
2026-02-24T10:45:49.409852Z  INFO get_files:scan_sources: tailwindcss_oxide::scanner: Discovering "/home/afdal/Laboratorium/PROJECT/extensionadminaksent/android/app/src/main/res/drawable"
2026-02-24T10:45:49.409929Z  INFO get_files:scan_sources: tailwindcss_oxide::scanner: Discovering "/home/afdal/Laboratorium/PROJECT/extensionadminaksent/android/app/src/main/res/drawable-port-xhdpi"
2026-02-24T10:45:49.409989Z  INFO get_files:scan_sources: tailwindcss_oxide::scanner: Discovering "/home/afdal/Laboratorium/PROJECT/extensionadminaksent/android/app/src/main/res/mipmap-xxxhdpi"
2026-02-24T10:45:49.410056Z  INFO get_files:scan_sources: tailwindcss_oxide::scanner: Discovering "/home/afdal/Laboratorium/PROJECT/extensionadminaksent/android/app/src/main/res/layout"
2026-02-24T10:45:49.410136Z  INFO get_files:scan_sources: tailwindcss_oxide::scanner: Discovering "/home/afdal/Laboratorium/PROJECT/extensionadminaksent/android/app/src/main/res/mipmap-anydpi-v26"
2026-02-24T10:45:49.410222Z  INFO get_files:scan_sources: tailwindcss_oxide::scanner: Discovering "/home/afdal/Laboratorium/PROJECT/extensionadminaksent/android/app/src/main/res/drawable-port-mdpi"
2026-02-24T10:45:49.410287Z  INFO get_files:scan_sources: tailwindcss_oxide::scanner: Discovering "/home/afdal/Laboratorium/PROJECT/extensionadminaksent/android/app/src/main/res/values"
2026-02-24T10:45:49.410393Z  INFO get_files:scan_sources: tailwindcss_oxide::scanner: Discovering "/home/afdal/Laboratorium/PROJECT/extensionadminaksent/android/app/src/main/java"
2026-02-24T10:45:49.410446Z  INFO get_files:scan_sources: tailwindcss_oxide::scanner: Discovering "/home/afdal/Laboratorium/PROJECT/extensionadminaksent/android/app/src/main/java/io"
2026-02-24T10:45:49.410499Z  INFO get_files:scan_sources: tailwindcss_oxide::scanner: Discovering "/home/afdal/Laboratorium/PROJECT/extensionadminaksent/android/app/src/main/java/io/ionic"
2026-02-24T10:45:49.410555Z  INFO get_files:scan_sources: tailwindcss_oxide::scanner: Discovering "/home/afdal/Laboratorium/PROJECT/extensionadminaksent/android/app/src/main/java/io/ionic/starter"
2026-02-24T10:45:49.410648Z  INFO get_files:scan_sources: tailwindcss_oxide::scanner: Discovering "/home/afdal/Laboratorium/PROJECT/extensionadminaksent/android/app/src/main/assets"
2026-02-24T10:45:49.410825Z  INFO get_files:scan_sources: tailwindcss_oxide::scanner: Discovering "/home/afdal/Laboratorium/PROJECT/extensionadminaksent/android/app/src/androidTest"
2026-02-24T10:45:49.410884Z  INFO get_files:scan_sources: tailwindcss_oxide::scanner: Discovering "/home/afdal/Laboratorium/PROJECT/extensionadminaksent/android/app/src/androidTest/java"
2026-02-24T10:45:49.410939Z  INFO get_files:scan_sources: tailwindcss_oxide::scanner: Discovering "/home/afdal/Laboratorium/PROJECT/extensionadminaksent/android/app/src/androidTest/java/com"
2026-02-24T10:45:49.410993Z  INFO get_files:scan_sources: tailwindcss_oxide::scanner: Discovering "/home/afdal/Laboratorium/PROJECT/extensionadminaksent/android/app/src/androidTest/java/com/getcapacitor"
2026-02-24T10:45:49.411051Z  INFO get_files:scan_sources: tailwindcss_oxide::scanner: Discovering "/home/afdal/Laboratorium/PROJECT/extensionadminaksent/android/app/src/androidTest/java/com/getcapacitor/myapp"
2026-02-24T10:45:49.411142Z  INFO get_files:scan_sources: tailwindcss_oxide::scanner: Discovering "/home/afdal/Laboratorium/PROJECT/extensionadminaksent/android/app/src/test"
2026-02-24T10:45:49.411200Z  INFO get_files:scan_sources: tailwindcss_oxide::scanner: Discovering "/home/afdal/Laboratorium/PROJECT/extensionadminaksent/android/app/src/test/java"
2026-02-24T10:45:49.411251Z  INFO get_files:scan_sources: tailwindcss_oxide::scanner: Discovering "/home/afdal/Laboratorium/PROJECT/extensionadminaksent/android/app/src/test/java/com"
2026-02-24T10:45:49.411461Z  INFO get_files:scan_sources: tailwindcss_oxide::scanner: Discovering "/home/afdal/Laboratorium/PROJECT/extensionadminaksent/android/app/src/test/java/com/getcapacitor"
2026-02-24T10:45:49.411533Z  INFO get_files:scan_sources: tailwindcss_oxide::scanner: Discovering "/home/afdal/Laboratorium/PROJECT/extensionadminaksent/android/app/src/test/java/com/getcapacitor/myapp"
2026-02-24T10:45:49.411975Z  INFO get_files:scan_sources: tailwindcss_oxide::scanner: exit
2026-02-24T10:45:49.412649Z  INFO get_files: tailwindcss_oxide::scanner: exit
2026-02-24T10:45:49.412935Z  INFO get_globs: tailwindcss_oxide::scanner: enter
2026-02-24T10:45:49.412966Z  INFO get_globs: tailwindcss_oxide::scanner: exit
2026-02-24T10:46:14.847510Z  INFO scan_sources: tailwindcss_oxide::scanner: enter
2026-02-24T10:46:14.850666Z  INFO scan_sources: tailwindcss_oxide::scanner: Discovering "/home/afdal/Laboratorium/PROJECT/extensionadminaksent/cypress"
2026-02-24T10:46:14.851081Z  INFO scan_sources: tailwindcss_oxide::scanner: Discovering "/home/afdal/Laboratorium/PROJECT/extensionadminaksent/cypress/fixtures"
2026-02-24T10:46:14.851406Z  INFO scan_sources: tailwindcss_oxide::scanner: Discovering "/home/afdal/Laboratorium/PROJECT/extensionadminaksent/cypress/e2e"
2026-02-24T10:46:14.851724Z  INFO scan_sources: tailwindcss_oxide::scanner: Discovering "/home/afdal/Laboratorium/PROJECT/extensionadminaksent/cypress/support"
2026-02-24T10:46:14.852097Z  INFO scan_sources: tailwindcss_oxide::scanner: Discovering "/home/afdal/Laboratorium/PROJECT/extensionadminaksent/.vscode"
2026-02-24T10:46:14.852592Z  INFO scan_sources: tailwindcss_oxide::scanner: Discovering "/home/afdal/Laboratorium/PROJECT/extensionadminaksent/src"
2026-02-24T10:46:14.852916Z  INFO scan_sources: tailwindcss_oxide::scanner: Discovering "/home/afdal/Laboratorium/PROJECT/extensionadminaksent/src/hook"
2026-02-24T10:46:14.853280Z  INFO scan_sources: tailwindcss_oxide::scanner: Discovering "/home/afdal/Laboratorium/PROJECT/extensionadminaksent/src/hook/requests"
2026-02-24T10:46:14.853673Z  INFO scan_sources: tailwindcss_oxide::scanner: Discovering "/home/afdal/Laboratorium/PROJECT/extensionadminaksent/src/hook/requests/customer.ts"
2026-02-24T10:46:14.854013Z  INFO scan_sources: tailwindcss_oxide::scanner: Discovering "/home/afdal/Laboratorium/PROJECT/extensionadminaksent/src/components"
2026-02-24T10:46:14.854333Z  INFO scan_sources: tailwindcss_oxide::scanner: Discovering "/home/afdal/Laboratorium/PROJECT/extensionadminaksent/src/components/customer"
2026-02-24T10:46:14.854659Z  INFO scan_sources: tailwindcss_oxide::scanner: Discovering "/home/afdal/Laboratorium/PROJECT/extensionadminaksent/src/components/list"
2026-02-24T10:46:14.855407Z  INFO scan_sources: tailwindcss_oxide::scanner: Discovering "/home/afdal/Laboratorium/PROJECT/extensionadminaksent/src/components/toolbars"
2026-02-24T10:46:14.855848Z  INFO scan_sources: tailwindcss_oxide::scanner: Discovering "/home/afdal/Laboratorium/PROJECT/extensionadminaksent/src/theme"
2026-02-24T10:46:14.856595Z  INFO scan_sources: tailwindcss_oxide::scanner: Discovering "/home/afdal/Laboratorium/PROJECT/extensionadminaksent/src/utils"
2026-02-24T10:46:14.857286Z  INFO scan_sources: tailwindcss_oxide::scanner: Discovering "/home/afdal/Laboratorium/PROJECT/extensionadminaksent/src/types"
2026-02-24T10:46:14.857659Z  INFO scan_sources: tailwindcss_oxide::scanner: Discovering "/home/afdal/Laboratorium/PROJECT/extensionadminaksent/src/pages"
2026-02-24T10:46:14.857929Z  INFO scan_sources: tailwindcss_oxide::scanner: Discovering "/home/afdal/Laboratorium/PROJECT/extensionadminaksent/src/pages/Customer"
2026-02-24T10:46:14.859070Z  INFO scan_sources: tailwindcss_oxide::scanner: Discovering "/home/afdal/Laboratorium/PROJECT/extensionadminaksent/src/pages/Home"
2026-02-24T10:46:14.859573Z  INFO scan_sources: tailwindcss_oxide::scanner: Discovering "/home/afdal/Laboratorium/PROJECT/extensionadminaksent/src/pages/Validation"
2026-02-24T10:46:14.860000Z  INFO scan_sources: tailwindcss_oxide::scanner: Discovering "/home/afdal/Laboratorium/PROJECT/extensionadminaksent/src/pages/Unpaid"
2026-02-24T10:46:14.860301Z  INFO scan_sources: tailwindcss_oxide::scanner: Discovering "/home/afdal/Laboratorium/PROJECT/extensionadminaksent/src/pages/Payment"
2026-02-24T10:46:14.861029Z  INFO scan_sources: tailwindcss_oxide::scanner: Discovering "/home/afdal/Laboratorium/PROJECT/extensionadminaksent/public"
2026-02-24T10:46:14.861732Z  INFO scan_sources: tailwindcss_oxide::scanner: Discovering "/home/afdal/Laboratorium/PROJECT/extensionadminaksent/android"
2026-02-24T10:46:14.863046Z  INFO scan_sources: tailwindcss_oxide::scanner: Discovering "/home/afdal/Laboratorium/PROJECT/extensionadminaksent/android/.kotlin"
2026-02-24T10:46:14.863266Z  INFO scan_sources: tailwindcss_oxide::scanner: Discovering "/home/afdal/Laboratorium/PROJECT/extensionadminaksent/android/.kotlin/sessions"
2026-02-24T10:46:14.864016Z  INFO scan_sources: tailwindcss_oxide::scanner: Discovering "/home/afdal/Laboratorium/PROJECT/extensionadminaksent/android/gradle"
2026-02-24T10:46:14.864346Z  INFO scan_sources: tailwindcss_oxide::scanner: Discovering "/home/afdal/Laboratorium/PROJECT/extensionadminaksent/android/gradle/wrapper"
2026-02-24T10:46:14.864739Z  INFO scan_sources: tailwindcss_oxide::scanner: Discovering "/home/afdal/Laboratorium/PROJECT/extensionadminaksent/android/app"
2026-02-24T10:46:14.865321Z  INFO scan_sources: tailwindcss_oxide::scanner: Discovering "/home/afdal/Laboratorium/PROJECT/extensionadminaksent/android/app/src"
2026-02-24T10:46:14.865644Z  INFO scan_sources: tailwindcss_oxide::scanner: Discovering "/home/afdal/Laboratorium/PROJECT/extensionadminaksent/android/app/src/main"
2026-02-24T10:46:14.866021Z  INFO scan_sources: tailwindcss_oxide::scanner: Discovering "/home/afdal/Laboratorium/PROJECT/extensionadminaksent/android/app/src/main/res"
2026-02-24T10:46:14.866321Z  INFO scan_sources: tailwindcss_oxide::scanner: Discovering "/home/afdal/Laboratorium/PROJECT/extensionadminaksent/android/app/src/main/res/drawable-land-xhdpi"
2026-02-24T10:46:14.866628Z  INFO scan_sources: tailwindcss_oxide::scanner: Discovering "/home/afdal/Laboratorium/PROJECT/extensionadminaksent/android/app/src/main/res/drawable-land-xxhdpi"
2026-02-24T10:46:14.866973Z  INFO scan_sources: tailwindcss_oxide::scanner: Discovering "/home/afdal/Laboratorium/PROJECT/extensionadminaksent/android/app/src/main/res/drawable-v24"
2026-02-24T10:46:14.867347Z  INFO scan_sources: tailwindcss_oxide::scanner: Discovering "/home/afdal/Laboratorium/PROJECT/extensionadminaksent/android/app/src/main/res/drawable-port-xxxhdpi"
2026-02-24T10:46:14.867617Z  INFO scan_sources: tailwindcss_oxide::scanner: Discovering "/home/afdal/Laboratorium/PROJECT/extensionadminaksent/android/app/src/main/res/drawable-land-xxxhdpi"
2026-02-24T10:46:14.867903Z  INFO scan_sources: tailwindcss_oxide::scanner: Discovering "/home/afdal/Laboratorium/PROJECT/extensionadminaksent/android/app/src/main/res/drawable-port-xxhdpi"
2026-02-24T10:46:14.868168Z  INFO scan_sources: tailwindcss_oxide::scanner: Discovering "/home/afdal/Laboratorium/PROJECT/extensionadminaksent/android/app/src/main/res/mipmap-hdpi"
2026-02-24T10:46:14.868460Z  INFO scan_sources: tailwindcss_oxide::scanner: Discovering "/home/afdal/Laboratorium/PROJECT/extensionadminaksent/android/app/src/main/res/drawable-land-hdpi"
2026-02-24T10:46:14.868716Z  INFO scan_sources: tailwindcss_oxide::scanner: Discovering "/home/afdal/Laboratorium/PROJECT/extensionadminaksent/android/app/src/main/res/xml"
2026-02-24T10:46:14.869073Z  INFO scan_sources: tailwindcss_oxide::scanner: Discovering "/home/afdal/Laboratorium/PROJECT/extensionadminaksent/android/app/src/main/res/mipmap-xhdpi"
2026-02-24T10:46:14.869945Z  INFO scan_sources: tailwindcss_oxide::scanner: Discovering "/home/afdal/Laboratorium/PROJECT/extensionadminaksent/android/app/src/main/res/drawable-land-mdpi"
2026-02-24T10:46:14.871008Z  INFO scan_sources: tailwindcss_oxide::scanner: Discovering "/home/afdal/Laboratorium/PROJECT/extensionadminaksent/android/app/src/main/res/drawable-port-hdpi"
2026-02-24T10:46:14.871499Z  INFO scan_sources: tailwindcss_oxide::scanner: Discovering "/home/afdal/Laboratorium/PROJECT/extensionadminaksent/android/app/src/main/res/mipmap-xxhdpi"
2026-02-24T10:46:14.871838Z  INFO scan_sources: tailwindcss_oxide::scanner: Discovering "/home/afdal/Laboratorium/PROJECT/extensionadminaksent/android/app/src/main/res/mipmap-mdpi"
2026-02-24T10:46:14.872144Z  INFO scan_sources: tailwindcss_oxide::scanner: Discovering "/home/afdal/Laboratorium/PROJECT/extensionadminaksent/android/app/src/main/res/drawable"
2026-02-24T10:46:14.872458Z  INFO scan_sources: tailwindcss_oxide::scanner: Discovering "/home/afdal/Laboratorium/PROJECT/extensionadminaksent/android/app/src/main/res/drawable-port-xhdpi"
2026-02-24T10:46:14.872872Z  INFO scan_sources: tailwindcss_oxide::scanner: Discovering "/home/afdal/Laboratorium/PROJECT/extensionadminaksent/android/app/src/main/res/mipmap-xxxhdpi"
2026-02-24T10:46:14.873202Z  INFO scan_sources: tailwindcss_oxide::scanner: Discovering "/home/afdal/Laboratorium/PROJECT/extensionadminaksent/android/app/src/main/res/layout"
2026-02-24T10:46:14.873680Z  INFO scan_sources: tailwindcss_oxide::scanner: Discovering "/home/afdal/Laboratorium/PROJECT/extensionadminaksent/android/app/src/main/res/mipmap-anydpi-v26"
2026-02-24T10:46:14.874392Z  INFO scan_sources: tailwindcss_oxide::scanner: Discovering "/home/afdal/Laboratorium/PROJECT/extensionadminaksent/android/app/src/main/res/drawable-port-mdpi"
2026-02-24T10:46:14.874707Z  INFO scan_sources: tailwindcss_oxide::scanner: Discovering "/home/afdal/Laboratorium/PROJECT/extensionadminaksent/android/app/src/main/res/values"
2026-02-24T10:46:14.875200Z  INFO scan_sources: tailwindcss_oxide::scanner: Discovering "/home/afdal/Laboratorium/PROJECT/extensionadminaksent/android/app/src/main/java"
2026-02-24T10:46:14.875465Z  INFO scan_sources: tailwindcss_oxide::scanner: Discovering "/home/afdal/Laboratorium/PROJECT/extensionadminaksent/android/app/src/main/java/io"
2026-02-24T10:46:14.875687Z  INFO scan_sources: tailwindcss_oxide::scanner: Discovering "/home/afdal/Laboratorium/PROJECT/extensionadminaksent/android/app/src/main/java/io/ionic"
2026-02-24T10:46:14.875931Z  INFO scan_sources: tailwindcss_oxide::scanner: Discovering "/home/afdal/Laboratorium/PROJECT/extensionadminaksent/android/app/src/main/java/io/ionic/starter"
2026-02-24T10:46:14.876461Z  INFO scan_sources: tailwindcss_oxide::scanner: Discovering "/home/afdal/Laboratorium/PROJECT/extensionadminaksent/android/app/src/main/assets"
2026-02-24T10:46:14.877086Z  INFO scan_sources: tailwindcss_oxide::scanner: Discovering "/home/afdal/Laboratorium/PROJECT/extensionadminaksent/android/app/src/androidTest"
2026-02-24T10:46:14.877725Z  INFO scan_sources: tailwindcss_oxide::scanner: Discovering "/home/afdal/Laboratorium/PROJECT/extensionadminaksent/android/app/src/androidTest/java"
2026-02-24T10:46:14.878285Z  INFO scan_sources: tailwindcss_oxide::scanner: Discovering "/home/afdal/Laboratorium/PROJECT/extensionadminaksent/android/app/src/androidTest/java/com"
2026-02-24T10:46:14.878547Z  INFO scan_sources: tailwindcss_oxide::scanner: Discovering "/home/afdal/Laboratorium/PROJECT/extensionadminaksent/android/app/src/androidTest/java/com/getcapacitor"
2026-02-24T10:46:14.878774Z  INFO scan_sources: tailwindcss_oxide::scanner: Discovering "/home/afdal/Laboratorium/PROJECT/extensionadminaksent/android/app/src/androidTest/java/com/getcapacitor/myapp"
2026-02-24T10:46:14.879257Z  INFO scan_sources: tailwindcss_oxide::scanner: Discovering "/home/afdal/Laboratorium/PROJECT/extensionadminaksent/android/app/src/test"
2026-02-24T10:46:14.879551Z  INFO scan_sources: tailwindcss_oxide::scanner: Discovering "/home/afdal/Laboratorium/PROJECT/extensionadminaksent/android/app/src/test/java"
2026-02-24T10:46:14.879775Z  INFO scan_sources: tailwindcss_oxide::scanner: Discovering "/home/afdal/Laboratorium/PROJECT/extensionadminaksent/android/app/src/test/java/com"
2026-02-24T10:46:14.880068Z  INFO scan_sources: tailwindcss_oxide::scanner: Discovering "/home/afdal/Laboratorium/PROJECT/extensionadminaksent/android/app/src/test/java/com/getcapacitor"
2026-02-24T10:46:14.880316Z  INFO scan_sources: tailwindcss_oxide::scanner: Discovering "/home/afdal/Laboratorium/PROJECT/extensionadminaksent/android/app/src/test/java/com/getcapacitor/myapp"
2026-02-24T10:46:14.882105Z  INFO scan_sources: tailwindcss_oxide::scanner: exit
2026-02-24T10:46:14.882176Z  INFO extract_candidates: tailwindcss_oxide::scanner: enter
2026-02-24T10:46:14.882212Z  INFO extract_candidates:read_all_files: tailwindcss_oxide::scanner: enter
2026-02-24T10:46:14.882243Z  INFO extract_candidates:read_all_files: tailwindcss_oxide::scanner: Reading 1 file(s)
2026-02-24T10:46:14.882421Z  INFO extract_candidates:read_all_files: tailwindcss_oxide::scanner: Reading "/home/afdal/Laboratorium/PROJECT/extensionadminaksent/src/hook/requests/customer.ts"
2026-02-24T10:46:14.882472Z  INFO extract_candidates:read_all_files: tailwindcss_oxide::scanner: exit
2026-02-24T10:46:14.882503Z  INFO extract_candidates:parse_all_blobs: tailwindcss_oxide::scanner: enter
2026-02-24T10:46:14.882567Z  INFO extract_candidates:parse_all_blobs:extract: tailwindcss_oxide::scanner: enter
2026-02-24T10:46:14.883702Z  INFO extract_candidates:parse_all_blobs:extract: tailwindcss_oxide::scanner: exit
2026-02-24T10:46:14.884436Z  INFO extract_candidates:parse_all_blobs: tailwindcss_oxide::scanner: exit
2026-02-24T10:46:14.884814Z  INFO extract_candidates: tailwindcss_oxide::scanner: exit
2026-02-24T10:46:14.891275Z  INFO get_files: tailwindcss_oxide::scanner: enter
2026-02-24T10:46:14.891405Z  INFO get_files:scan_sources: tailwindcss_oxide::scanner: enter
2026-02-24T10:46:14.894523Z  INFO get_files:scan_sources: tailwindcss_oxide::scanner: Discovering "/home/afdal/Laboratorium/PROJECT/extensionadminaksent/cypress"
2026-02-24T10:46:14.894931Z  INFO get_files:scan_sources: tailwindcss_oxide::scanner: Discovering "/home/afdal/Laboratorium/PROJECT/extensionadminaksent/cypress/fixtures"
2026-02-24T10:46:14.895311Z  INFO get_files:scan_sources: tailwindcss_oxide::scanner: Discovering "/home/afdal/Laboratorium/PROJECT/extensionadminaksent/cypress/e2e"
2026-02-24T10:46:14.895612Z  INFO get_files:scan_sources: tailwindcss_oxide::scanner: Discovering "/home/afdal/Laboratorium/PROJECT/extensionadminaksent/cypress/support"
2026-02-24T10:46:14.896020Z  INFO get_files:scan_sources: tailwindcss_oxide::scanner: Discovering "/home/afdal/Laboratorium/PROJECT/extensionadminaksent/.vscode"
2026-02-24T10:46:14.897386Z  INFO get_files:scan_sources: tailwindcss_oxide::scanner: Discovering "/home/afdal/Laboratorium/PROJECT/extensionadminaksent/src"
2026-02-24T10:46:14.898143Z  INFO get_files:scan_sources: tailwindcss_oxide::scanner: Discovering "/home/afdal/Laboratorium/PROJECT/extensionadminaksent/src/hook"
2026-02-24T10:46:14.899042Z  INFO get_files:scan_sources: tailwindcss_oxide::scanner: Discovering "/home/afdal/Laboratorium/PROJECT/extensionadminaksent/src/hook/requests"
2026-02-24T10:46:14.899962Z  INFO get_files:scan_sources: tailwindcss_oxide::scanner: Discovering "/home/afdal/Laboratorium/PROJECT/extensionadminaksent/src/components"
2026-02-24T10:46:14.900320Z  INFO get_files:scan_sources: tailwindcss_oxide::scanner: Discovering "/home/afdal/Laboratorium/PROJECT/extensionadminaksent/src/components/customer"
2026-02-24T10:46:14.901292Z  INFO get_files:scan_sources: tailwindcss_oxide::scanner: Discovering "/home/afdal/Laboratorium/PROJECT/extensionadminaksent/src/components/list"
2026-02-24T10:46:14.901631Z  INFO get_files:scan_sources: tailwindcss_oxide::scanner: Discovering "/home/afdal/Laboratorium/PROJECT/extensionadminaksent/src/components/toolbars"
2026-02-24T10:46:14.905183Z  INFO get_files:scan_sources: tailwindcss_oxide::scanner: Discovering "/home/afdal/Laboratorium/PROJECT/extensionadminaksent/src/theme"
2026-02-24T10:46:14.905832Z  INFO get_files:scan_sources: tailwindcss_oxide::scanner: Discovering "/home/afdal/Laboratorium/PROJECT/extensionadminaksent/src/utils"
2026-02-24T10:46:14.906351Z  INFO get_files:scan_sources: tailwindcss_oxide::scanner: Discovering "/home/afdal/Laboratorium/PROJECT/extensionadminaksent/src/types"
2026-02-24T10:46:14.906713Z  INFO get_files:scan_sources: tailwindcss_oxide::scanner: Discovering "/home/afdal/Laboratorium/PROJECT/extensionadminaksent/src/pages"
2026-02-24T10:46:14.907001Z  INFO get_files:scan_sources: tailwindcss_oxide::scanner: Discovering "/home/afdal/Laboratorium/PROJECT/extensionadminaksent/src/pages/Customer"
2026-02-24T10:46:14.907413Z  INFO get_files:scan_sources: tailwindcss_oxide::scanner: Discovering "/home/afdal/Laboratorium/PROJECT/extensionadminaksent/src/pages/Home"
2026-02-24T10:46:14.907765Z  INFO get_files:scan_sources: tailwindcss_oxide::scanner: Discovering "/home/afdal/Laboratorium/PROJECT/extensionadminaksent/src/pages/Validation"
2026-02-24T10:46:14.910021Z  INFO get_files:scan_sources: tailwindcss_oxide::scanner: Discovering "/home/afdal/Laboratorium/PROJECT/extensionadminaksent/src/pages/Unpaid"
2026-02-24T10:46:14.910764Z  INFO get_files:scan_sources: tailwindcss_oxide::scanner: Discovering "/home/afdal/Laboratorium/PROJECT/extensionadminaksent/src/pages/Payment"
2026-02-24T10:46:14.911990Z  INFO get_files:scan_sources: tailwindcss_oxide::scanner: Discovering "/home/afdal/Laboratorium/PROJECT/extensionadminaksent/public"
2026-02-24T10:46:14.913326Z  INFO get_files:scan_sources: tailwindcss_oxide::scanner: Discovering "/home/afdal/Laboratorium/PROJECT/extensionadminaksent/android"
2026-02-24T10:46:14.914210Z  INFO get_files:scan_sources: tailwindcss_oxide::scanner: Discovering "/home/afdal/Laboratorium/PROJECT/extensionadminaksent/android/.kotlin"
2026-02-24T10:46:14.915156Z  INFO get_files:scan_sources: tailwindcss_oxide::scanner: Discovering "/home/afdal/Laboratorium/PROJECT/extensionadminaksent/android/.kotlin/sessions"
2026-02-24T10:46:14.916360Z  INFO get_files:scan_sources: tailwindcss_oxide::scanner: Discovering "/home/afdal/Laboratorium/PROJECT/extensionadminaksent/android/gradle"
2026-02-24T10:46:14.916891Z  INFO get_files:scan_sources: tailwindcss_oxide::scanner: Discovering "/home/afdal/Laboratorium/PROJECT/extensionadminaksent/android/gradle/wrapper"
2026-02-24T10:46:14.918164Z  INFO get_files:scan_sources: tailwindcss_oxide::scanner: Discovering "/home/afdal/Laboratorium/PROJECT/extensionadminaksent/android/app"
2026-02-24T10:46:14.918928Z  INFO get_files:scan_sources: tailwindcss_oxide::scanner: Discovering "/home/afdal/Laboratorium/PROJECT/extensionadminaksent/android/app/src"
2026-02-24T10:46:14.919520Z  INFO get_files:scan_sources: tailwindcss_oxide::scanner: Discovering "/home/afdal/Laboratorium/PROJECT/extensionadminaksent/android/app/src/main"
2026-02-24T10:46:14.920215Z  INFO get_files:scan_sources: tailwindcss_oxide::scanner: Discovering "/home/afdal/Laboratorium/PROJECT/extensionadminaksent/android/app/src/main/res"
2026-02-24T10:46:14.920501Z  INFO get_files:scan_sources: tailwindcss_oxide::scanner: Discovering "/home/afdal/Laboratorium/PROJECT/extensionadminaksent/android/app/src/main/res/drawable-land-xhdpi"
2026-02-24T10:46:14.920711Z  INFO get_files:scan_sources: tailwindcss_oxide::scanner: Discovering "/home/afdal/Laboratorium/PROJECT/extensionadminaksent/android/app/src/main/res/drawable-land-xxhdpi"
2026-02-24T10:46:14.920915Z  INFO get_files:scan_sources: tailwindcss_oxide::scanner: Discovering "/home/afdal/Laboratorium/PROJECT/extensionadminaksent/android/app/src/main/res/drawable-v24"
2026-02-24T10:46:14.921176Z  INFO get_files:scan_sources: tailwindcss_oxide::scanner: Discovering "/home/afdal/Laboratorium/PROJECT/extensionadminaksent/android/app/src/main/res/drawable-port-xxxhdpi"
2026-02-24T10:46:14.921374Z  INFO get_files:scan_sources: tailwindcss_oxide::scanner: Discovering "/home/afdal/Laboratorium/PROJECT/extensionadminaksent/android/app/src/main/res/drawable-land-xxxhdpi"
2026-02-24T10:46:14.921544Z  INFO get_files:scan_sources: tailwindcss_oxide::scanner: Discovering "/home/afdal/Laboratorium/PROJECT/extensionadminaksent/android/app/src/main/res/drawable-port-xxhdpi"
2026-02-24T10:46:14.921729Z  INFO get_files:scan_sources: tailwindcss_oxide::scanner: Discovering "/home/afdal/Laboratorium/PROJECT/extensionadminaksent/android/app/src/main/res/mipmap-hdpi"
2026-02-24T10:46:14.921998Z  INFO get_files:scan_sources: tailwindcss_oxide::scanner: Discovering "/home/afdal/Laboratorium/PROJECT/extensionadminaksent/android/app/src/main/res/drawable-land-hdpi"
2026-02-24T10:46:14.922280Z  INFO get_files:scan_sources: tailwindcss_oxide::scanner: Discovering "/home/afdal/Laboratorium/PROJECT/extensionadminaksent/android/app/src/main/res/xml"
2026-02-24T10:46:14.922534Z  INFO get_files:scan_sources: tailwindcss_oxide::scanner: Discovering "/home/afdal/Laboratorium/PROJECT/extensionadminaksent/android/app/src/main/res/mipmap-xhdpi"
2026-02-24T10:46:14.922776Z  INFO get_files:scan_sources: tailwindcss_oxide::scanner: Discovering "/home/afdal/Laboratorium/PROJECT/extensionadminaksent/android/app/src/main/res/drawable-land-mdpi"
2026-02-24T10:46:14.923023Z  INFO get_files:scan_sources: tailwindcss_oxide::scanner: Discovering "/home/afdal/Laboratorium/PROJECT/extensionadminaksent/android/app/src/main/res/drawable-port-hdpi"
2026-02-24T10:46:14.923300Z  INFO get_files:scan_sources: tailwindcss_oxide::scanner: Discovering "/home/afdal/Laboratorium/PROJECT/extensionadminaksent/android/app/src/main/res/mipmap-xxhdpi"
2026-02-24T10:46:14.923593Z  INFO get_files:scan_sources: tailwindcss_oxide::scanner: Discovering "/home/afdal/Laboratorium/PROJECT/extensionadminaksent/android/app/src/main/res/mipmap-mdpi"
2026-02-24T10:46:14.923910Z  INFO get_files:scan_sources: tailwindcss_oxide::scanner: Discovering "/home/afdal/Laboratorium/PROJECT/extensionadminaksent/android/app/src/main/res/drawable"
2026-02-24T10:46:14.924370Z  INFO get_files:scan_sources: tailwindcss_oxide::scanner: Discovering "/home/afdal/Laboratorium/PROJECT/extensionadminaksent/android/app/src/main/res/drawable-port-xhdpi"
2026-02-24T10:46:14.924679Z  INFO get_files:scan_sources: tailwindcss_oxide::scanner: Discovering "/home/afdal/Laboratorium/PROJECT/extensionadminaksent/android/app/src/main/res/mipmap-xxxhdpi"
2026-02-24T10:46:14.925522Z  INFO get_files:scan_sources: tailwindcss_oxide::scanner: Discovering "/home/afdal/Laboratorium/PROJECT/extensionadminaksent/android/app/src/main/res/layout"
2026-02-24T10:46:14.925701Z  INFO get_files:scan_sources: tailwindcss_oxide::scanner: Discovering "/home/afdal/Laboratorium/PROJECT/extensionadminaksent/android/app/src/main/res/mipmap-anydpi-v26"
2026-02-24T10:46:14.925889Z  INFO get_files:scan_sources: tailwindcss_oxide::scanner: Discovering "/home/afdal/Laboratorium/PROJECT/extensionadminaksent/android/app/src/main/res/drawable-port-mdpi"
2026-02-24T10:46:14.926033Z  INFO get_files:scan_sources: tailwindcss_oxide::scanner: Discovering "/home/afdal/Laboratorium/PROJECT/extensionadminaksent/android/app/src/main/res/values"
2026-02-24T10:46:14.926242Z  INFO get_files:scan_sources: tailwindcss_oxide::scanner: Discovering "/home/afdal/Laboratorium/PROJECT/extensionadminaksent/android/app/src/main/java"
2026-02-24T10:46:14.926342Z  INFO get_files:scan_sources: tailwindcss_oxide::scanner: Discovering "/home/afdal/Laboratorium/PROJECT/extensionadminaksent/android/app/src/main/java/io"
2026-02-24T10:46:14.926447Z  INFO get_files:scan_sources: tailwindcss_oxide::scanner: Discovering "/home/afdal/Laboratorium/PROJECT/extensionadminaksent/android/app/src/main/java/io/ionic"
2026-02-24T10:46:14.926556Z  INFO get_files:scan_sources: tailwindcss_oxide::scanner: Discovering "/home/afdal/Laboratorium/PROJECT/extensionadminaksent/android/app/src/main/java/io/ionic/starter"
2026-02-24T10:46:14.926726Z  INFO get_files:scan_sources: tailwindcss_oxide::scanner: Discovering "/home/afdal/Laboratorium/PROJECT/extensionadminaksent/android/app/src/main/assets"
2026-02-24T10:46:14.927085Z  INFO get_files:scan_sources: tailwindcss_oxide::scanner: Discovering "/home/afdal/Laboratorium/PROJECT/extensionadminaksent/android/app/src/androidTest"
2026-02-24T10:46:14.927220Z  INFO get_files:scan_sources: tailwindcss_oxide::scanner: Discovering "/home/afdal/Laboratorium/PROJECT/extensionadminaksent/android/app/src/androidTest/java"
2026-02-24T10:46:14.927327Z  INFO get_files:scan_sources: tailwindcss_oxide::scanner: Discovering "/home/afdal/Laboratorium/PROJECT/extensionadminaksent/android/app/src/androidTest/java/com"
2026-02-24T10:46:14.927433Z  INFO get_files:scan_sources: tailwindcss_oxide::scanner: Discovering "/home/afdal/Laboratorium/PROJECT/extensionadminaksent/android/app/src/androidTest/java/com/getcapacitor"
2026-02-24T10:46:14.927543Z  INFO get_files:scan_sources: tailwindcss_oxide::scanner: Discovering "/home/afdal/Laboratorium/PROJECT/extensionadminaksent/android/app/src/androidTest/java/com/getcapacitor/myapp"
2026-02-24T10:46:14.927823Z  INFO get_files:scan_sources: tailwindcss_oxide::scanner: Discovering "/home/afdal/Laboratorium/PROJECT/extensionadminaksent/android/app/src/test"
2026-02-24T10:46:14.927953Z  INFO get_files:scan_sources: tailwindcss_oxide::scanner: Discovering "/home/afdal/Laboratorium/PROJECT/extensionadminaksent/android/app/src/test/java"
2026-02-24T10:46:14.928071Z  INFO get_files:scan_sources: tailwindcss_oxide::scanner: Discovering "/home/afdal/Laboratorium/PROJECT/extensionadminaksent/android/app/src/test/java/com"
2026-02-24T10:46:14.928220Z  INFO get_files:scan_sources: tailwindcss_oxide::scanner: Discovering "/home/afdal/Laboratorium/PROJECT/extensionadminaksent/android/app/src/test/java/com/getcapacitor"
2026-02-24T10:46:14.928332Z  INFO get_files:scan_sources: tailwindcss_oxide::scanner: Discovering "/home/afdal/Laboratorium/PROJECT/extensionadminaksent/android/app/src/test/java/com/getcapacitor/myapp"
2026-02-24T10:46:14.929163Z  INFO get_files:scan_sources: tailwindcss_oxide::scanner: exit
2026-02-24T10:46:14.929579Z  INFO get_files: tailwindcss_oxide::scanner: exit
2026-02-24T10:46:14.930258Z  INFO get_globs: tailwindcss_oxide::scanner: enter
2026-02-24T10:46:14.930305Z  INFO get_globs: tailwindcss_oxide::scanner: exit
2026-02-24T10:46:19.718237Z  INFO scan_sources: tailwindcss_oxide::scanner: enter
2026-02-24T10:46:19.718963Z  INFO scan_sources: tailwindcss_oxide::scanner: Discovering "/home/afdal/Laboratorium/PROJECT/extensionadminaksent/cypress"
2026-02-24T10:46:19.719027Z  INFO scan_sources: tailwindcss_oxide::scanner: Discovering "/home/afdal/Laboratorium/PROJECT/extensionadminaksent/cypress/fixtures"
2026-02-24T10:46:19.719083Z  INFO scan_sources: tailwindcss_oxide::scanner: Discovering "/home/afdal/Laboratorium/PROJECT/extensionadminaksent/cypress/e2e"
2026-02-24T10:46:19.719137Z  INFO scan_sources: tailwindcss_oxide::scanner: Discovering "/home/afdal/Laboratorium/PROJECT/extensionadminaksent/cypress/support"
2026-02-24T10:46:19.719200Z  INFO scan_sources: tailwindcss_oxide::scanner: Discovering "/home/afdal/Laboratorium/PROJECT/extensionadminaksent/.vscode"
2026-02-24T10:46:19.719315Z  INFO scan_sources: tailwindcss_oxide::scanner: Discovering "/home/afdal/Laboratorium/PROJECT/extensionadminaksent/src"
2026-02-24T10:46:19.719385Z  INFO scan_sources: tailwindcss_oxide::scanner: Discovering "/home/afdal/Laboratorium/PROJECT/extensionadminaksent/src/hook"
2026-02-24T10:46:19.719439Z  INFO scan_sources: tailwindcss_oxide::scanner: Discovering "/home/afdal/Laboratorium/PROJECT/extensionadminaksent/src/hook/requests"
2026-02-24T10:46:19.719477Z  INFO scan_sources: tailwindcss_oxide::scanner: Discovering "/home/afdal/Laboratorium/PROJECT/extensionadminaksent/src/hook/requests/customer.ts"
2026-02-24T10:46:19.719508Z  INFO scan_sources: tailwindcss_oxide::scanner: Discovering "/home/afdal/Laboratorium/PROJECT/extensionadminaksent/src/components"
2026-02-24T10:46:19.719559Z  INFO scan_sources: tailwindcss_oxide::scanner: Discovering "/home/afdal/Laboratorium/PROJECT/extensionadminaksent/src/components/customer"
2026-02-24T10:46:19.719624Z  INFO scan_sources: tailwindcss_oxide::scanner: Discovering "/home/afdal/Laboratorium/PROJECT/extensionadminaksent/src/components/list"
2026-02-24T10:46:19.719702Z  INFO scan_sources: tailwindcss_oxide::scanner: Discovering "/home/afdal/Laboratorium/PROJECT/extensionadminaksent/src/components/toolbars"
2026-02-24T10:46:19.719781Z  INFO scan_sources: tailwindcss_oxide::scanner: Discovering "/home/afdal/Laboratorium/PROJECT/extensionadminaksent/src/theme"
2026-02-24T10:46:19.719874Z  INFO scan_sources: tailwindcss_oxide::scanner: Discovering "/home/afdal/Laboratorium/PROJECT/extensionadminaksent/src/utils"
2026-02-24T10:46:19.719955Z  INFO scan_sources: tailwindcss_oxide::scanner: Discovering "/home/afdal/Laboratorium/PROJECT/extensionadminaksent/src/types"
2026-02-24T10:46:19.720010Z  INFO scan_sources: tailwindcss_oxide::scanner: Discovering "/home/afdal/Laboratorium/PROJECT/extensionadminaksent/src/pages"
2026-02-24T10:46:19.720049Z  INFO scan_sources: tailwindcss_oxide::scanner: Discovering "/home/afdal/Laboratorium/PROJECT/extensionadminaksent/src/pages/Customer"
2026-02-24T10:46:19.720110Z  INFO scan_sources: tailwindcss_oxide::scanner: Discovering "/home/afdal/Laboratorium/PROJECT/extensionadminaksent/src/pages/Home"
2026-02-24T10:46:19.720166Z  INFO scan_sources: tailwindcss_oxide::scanner: Discovering "/home/afdal/Laboratorium/PROJECT/extensionadminaksent/src/pages/Validation"
2026-02-24T10:46:19.720225Z  INFO scan_sources: tailwindcss_oxide::scanner: Discovering "/home/afdal/Laboratorium/PROJECT/extensionadminaksent/src/pages/Unpaid"
2026-02-24T10:46:19.720273Z  INFO scan_sources: tailwindcss_oxide::scanner: Discovering "/home/afdal/Laboratorium/PROJECT/extensionadminaksent/src/pages/Payment"
2026-02-24T10:46:19.720417Z  INFO scan_sources: tailwindcss_oxide::scanner: Discovering "/home/afdal/Laboratorium/PROJECT/extensionadminaksent/public"
2026-02-24T10:46:19.720597Z  INFO scan_sources: tailwindcss_oxide::scanner: Discovering "/home/afdal/Laboratorium/PROJECT/extensionadminaksent/android"
2026-02-24T10:46:19.721062Z  INFO scan_sources: tailwindcss_oxide::scanner: Discovering "/home/afdal/Laboratorium/PROJECT/extensionadminaksent/android/.kotlin"
2026-02-24T10:46:19.721136Z  INFO scan_sources: tailwindcss_oxide::scanner: Discovering "/home/afdal/Laboratorium/PROJECT/extensionadminaksent/android/.kotlin/sessions"
2026-02-24T10:46:19.721326Z  INFO scan_sources: tailwindcss_oxide::scanner: Discovering "/home/afdal/Laboratorium/PROJECT/extensionadminaksent/android/gradle"
2026-02-24T10:46:19.721418Z  INFO scan_sources: tailwindcss_oxide::scanner: Discovering "/home/afdal/Laboratorium/PROJECT/extensionadminaksent/android/gradle/wrapper"
2026-02-24T10:46:19.721508Z  INFO scan_sources: tailwindcss_oxide::scanner: Discovering "/home/afdal/Laboratorium/PROJECT/extensionadminaksent/android/app"
2026-02-24T10:46:19.721645Z  INFO scan_sources: tailwindcss_oxide::scanner: Discovering "/home/afdal/Laboratorium/PROJECT/extensionadminaksent/android/app/src"
2026-02-24T10:46:19.721711Z  INFO scan_sources: tailwindcss_oxide::scanner: Discovering "/home/afdal/Laboratorium/PROJECT/extensionadminaksent/android/app/src/main"
2026-02-24T10:46:19.721987Z  INFO scan_sources: tailwindcss_oxide::scanner: Discovering "/home/afdal/Laboratorium/PROJECT/extensionadminaksent/android/app/src/main/res"
2026-02-24T10:46:19.722224Z  INFO scan_sources: tailwindcss_oxide::scanner: Discovering "/home/afdal/Laboratorium/PROJECT/extensionadminaksent/android/app/src/main/res/drawable-land-xhdpi"
2026-02-24T10:46:19.722430Z  INFO scan_sources: tailwindcss_oxide::scanner: Discovering "/home/afdal/Laboratorium/PROJECT/extensionadminaksent/android/app/src/main/res/drawable-land-xxhdpi"
2026-02-24T10:46:19.722597Z  INFO scan_sources: tailwindcss_oxide::scanner: Discovering "/home/afdal/Laboratorium/PROJECT/extensionadminaksent/android/app/src/main/res/drawable-v24"
2026-02-24T10:46:19.722782Z  INFO scan_sources: tailwindcss_oxide::scanner: Discovering "/home/afdal/Laboratorium/PROJECT/extensionadminaksent/android/app/src/main/res/drawable-port-xxxhdpi"
2026-02-24T10:46:19.722872Z  INFO scan_sources: tailwindcss_oxide::scanner: Discovering "/home/afdal/Laboratorium/PROJECT/extensionadminaksent/android/app/src/main/res/drawable-land-xxxhdpi"
2026-02-24T10:46:19.722942Z  INFO scan_sources: tailwindcss_oxide::scanner: Discovering "/home/afdal/Laboratorium/PROJECT/extensionadminaksent/android/app/src/main/res/drawable-port-xxhdpi"
2026-02-24T10:46:19.723004Z  INFO scan_sources: tailwindcss_oxide::scanner: Discovering "/home/afdal/Laboratorium/PROJECT/extensionadminaksent/android/app/src/main/res/mipmap-hdpi"
2026-02-24T10:46:19.723074Z  INFO scan_sources: tailwindcss_oxide::scanner: Discovering "/home/afdal/Laboratorium/PROJECT/extensionadminaksent/android/app/src/main/res/drawable-land-hdpi"
2026-02-24T10:46:19.723138Z  INFO scan_sources: tailwindcss_oxide::scanner: Discovering "/home/afdal/Laboratorium/PROJECT/extensionadminaksent/android/app/src/main/res/xml"
2026-02-24T10:46:19.723219Z  INFO scan_sources: tailwindcss_oxide::scanner: Discovering "/home/afdal/Laboratorium/PROJECT/extensionadminaksent/android/app/src/main/res/mipmap-xhdpi"
2026-02-24T10:46:19.723289Z  INFO scan_sources: tailwindcss_oxide::scanner: Discovering "/home/afdal/Laboratorium/PROJECT/extensionadminaksent/android/app/src/main/res/drawable-land-mdpi"
2026-02-24T10:46:19.723351Z  INFO scan_sources: tailwindcss_oxide::scanner: Discovering "/home/afdal/Laboratorium/PROJECT/extensionadminaksent/android/app/src/main/res/drawable-port-hdpi"
2026-02-24T10:46:19.723424Z  INFO scan_sources: tailwindcss_oxide::scanner: Discovering "/home/afdal/Laboratorium/PROJECT/extensionadminaksent/android/app/src/main/res/mipmap-xxhdpi"
2026-02-24T10:46:19.723491Z  INFO scan_sources: tailwindcss_oxide::scanner: Discovering "/home/afdal/Laboratorium/PROJECT/extensionadminaksent/android/app/src/main/res/mipmap-mdpi"
2026-02-24T10:46:19.723559Z  INFO scan_sources: tailwindcss_oxide::scanner: Discovering "/home/afdal/Laboratorium/PROJECT/extensionadminaksent/android/app/src/main/res/drawable"
2026-02-24T10:46:19.723627Z  INFO scan_sources: tailwindcss_oxide::scanner: Discovering "/home/afdal/Laboratorium/PROJECT/extensionadminaksent/android/app/src/main/res/drawable-port-xhdpi"
2026-02-24T10:46:19.723698Z  INFO scan_sources: tailwindcss_oxide::scanner: Discovering "/home/afdal/Laboratorium/PROJECT/extensionadminaksent/android/app/src/main/res/mipmap-xxxhdpi"
2026-02-24T10:46:19.723763Z  INFO scan_sources: tailwindcss_oxide::scanner: Discovering "/home/afdal/Laboratorium/PROJECT/extensionadminaksent/android/app/src/main/res/layout"
2026-02-24T10:46:19.723987Z  INFO scan_sources: tailwindcss_oxide::scanner: Discovering "/home/afdal/Laboratorium/PROJECT/extensionadminaksent/android/app/src/main/res/mipmap-anydpi-v26"
2026-02-24T10:46:19.724206Z  INFO scan_sources: tailwindcss_oxide::scanner: Discovering "/home/afdal/Laboratorium/PROJECT/extensionadminaksent/android/app/src/main/res/drawable-port-mdpi"
2026-02-24T10:46:19.724369Z  INFO scan_sources: tailwindcss_oxide::scanner: Discovering "/home/afdal/Laboratorium/PROJECT/extensionadminaksent/android/app/src/main/res/values"
2026-02-24T10:46:19.724561Z  INFO scan_sources: tailwindcss_oxide::scanner: Discovering "/home/afdal/Laboratorium/PROJECT/extensionadminaksent/android/app/src/main/java"
2026-02-24T10:46:19.724699Z  INFO scan_sources: tailwindcss_oxide::scanner: Discovering "/home/afdal/Laboratorium/PROJECT/extensionadminaksent/android/app/src/main/java/io"
2026-02-24T10:46:19.724835Z  INFO scan_sources: tailwindcss_oxide::scanner: Discovering "/home/afdal/Laboratorium/PROJECT/extensionadminaksent/android/app/src/main/java/io/ionic"
2026-02-24T10:46:19.724971Z  INFO scan_sources: tailwindcss_oxide::scanner: Discovering "/home/afdal/Laboratorium/PROJECT/extensionadminaksent/android/app/src/main/java/io/ionic/starter"
2026-02-24T10:46:19.725138Z  INFO scan_sources: tailwindcss_oxide::scanner: Discovering "/home/afdal/Laboratorium/PROJECT/extensionadminaksent/android/app/src/main/assets"
2026-02-24T10:46:19.725341Z  INFO scan_sources: tailwindcss_oxide::scanner: Discovering "/home/afdal/Laboratorium/PROJECT/extensionadminaksent/android/app/src/androidTest"
2026-02-24T10:46:19.725409Z  INFO scan_sources: tailwindcss_oxide::scanner: Discovering "/home/afdal/Laboratorium/PROJECT/extensionadminaksent/android/app/src/androidTest/java"
2026-02-24T10:46:19.725462Z  INFO scan_sources: tailwindcss_oxide::scanner: Discovering "/home/afdal/Laboratorium/PROJECT/extensionadminaksent/android/app/src/androidTest/java/com"
2026-02-24T10:46:19.725516Z  INFO scan_sources: tailwindcss_oxide::scanner: Discovering "/home/afdal/Laboratorium/PROJECT/extensionadminaksent/android/app/src/androidTest/java/com/getcapacitor"
2026-02-24T10:46:19.725571Z  INFO scan_sources: tailwindcss_oxide::scanner: Discovering "/home/afdal/Laboratorium/PROJECT/extensionadminaksent/android/app/src/androidTest/java/com/getcapacitor/myapp"
2026-02-24T10:46:19.725673Z  INFO scan_sources: tailwindcss_oxide::scanner: Discovering "/home/afdal/Laboratorium/PROJECT/extensionadminaksent/android/app/src/test"
2026-02-24T10:46:19.725731Z  INFO scan_sources: tailwindcss_oxide::scanner: Discovering "/home/afdal/Laboratorium/PROJECT/extensionadminaksent/android/app/src/test/java"
2026-02-24T10:46:19.725784Z  INFO scan_sources: tailwindcss_oxide::scanner: Discovering "/home/afdal/Laboratorium/PROJECT/extensionadminaksent/android/app/src/test/java/com"
2026-02-24T10:46:19.725854Z  INFO scan_sources: tailwindcss_oxide::scanner: Discovering "/home/afdal/Laboratorium/PROJECT/extensionadminaksent/android/app/src/test/java/com/getcapacitor"
2026-02-24T10:46:19.725929Z  INFO scan_sources: tailwindcss_oxide::scanner: Discovering "/home/afdal/Laboratorium/PROJECT/extensionadminaksent/android/app/src/test/java/com/getcapacitor/myapp"
2026-02-24T10:46:19.726396Z  INFO scan_sources: tailwindcss_oxide::scanner: exit
2026-02-24T10:46:19.726426Z  INFO extract_candidates: tailwindcss_oxide::scanner: enter
2026-02-24T10:46:19.726434Z  INFO extract_candidates:read_all_files: tailwindcss_oxide::scanner: enter
2026-02-24T10:46:19.726442Z  INFO extract_candidates:read_all_files: tailwindcss_oxide::scanner: Reading 1 file(s)
2026-02-24T10:46:19.726466Z  INFO extract_candidates:read_all_files: tailwindcss_oxide::scanner: Reading "/home/afdal/Laboratorium/PROJECT/extensionadminaksent/src/hook/requests/customer.ts"
2026-02-24T10:46:19.726476Z  INFO extract_candidates:read_all_files: tailwindcss_oxide::scanner: exit
2026-02-24T10:46:19.726483Z  INFO extract_candidates:parse_all_blobs: tailwindcss_oxide::scanner: enter
2026-02-24T10:46:19.726489Z  INFO extract_candidates:parse_all_blobs:extract: tailwindcss_oxide::scanner: enter
2026-02-24T10:46:19.726599Z  INFO extract_candidates:parse_all_blobs:extract: tailwindcss_oxide::scanner: exit
2026-02-24T10:46:19.726753Z  INFO extract_candidates:parse_all_blobs: tailwindcss_oxide::scanner: exit
2026-02-24T10:46:19.726893Z  INFO extract_candidates: tailwindcss_oxide::scanner: exit
2026-02-24T10:46:19.728706Z  INFO get_files: tailwindcss_oxide::scanner: enter
2026-02-24T10:46:19.728746Z  INFO get_files:scan_sources: tailwindcss_oxide::scanner: enter
2026-02-24T10:46:19.729484Z  INFO get_files:scan_sources: tailwindcss_oxide::scanner: Discovering "/home/afdal/Laboratorium/PROJECT/extensionadminaksent/cypress"
2026-02-24T10:46:19.729579Z  INFO get_files:scan_sources: tailwindcss_oxide::scanner: Discovering "/home/afdal/Laboratorium/PROJECT/extensionadminaksent/cypress/fixtures"
2026-02-24T10:46:19.729659Z  INFO get_files:scan_sources: tailwindcss_oxide::scanner: Discovering "/home/afdal/Laboratorium/PROJECT/extensionadminaksent/cypress/e2e"
2026-02-24T10:46:19.729739Z  INFO get_files:scan_sources: tailwindcss_oxide::scanner: Discovering "/home/afdal/Laboratorium/PROJECT/extensionadminaksent/cypress/support"
2026-02-24T10:46:19.729847Z  INFO get_files:scan_sources: tailwindcss_oxide::scanner: Discovering "/home/afdal/Laboratorium/PROJECT/extensionadminaksent/.vscode"
2026-02-24T10:46:19.729989Z  INFO get_files:scan_sources: tailwindcss_oxide::scanner: Discovering "/home/afdal/Laboratorium/PROJECT/extensionadminaksent/src"
2026-02-24T10:46:19.730084Z  INFO get_files:scan_sources: tailwindcss_oxide::scanner: Discovering "/home/afdal/Laboratorium/PROJECT/extensionadminaksent/src/hook"
2026-02-24T10:46:19.730152Z  INFO get_files:scan_sources: tailwindcss_oxide::scanner: Discovering "/home/afdal/Laboratorium/PROJECT/extensionadminaksent/src/hook/requests"
2026-02-24T10:46:19.730257Z  INFO get_files:scan_sources: tailwindcss_oxide::scanner: Discovering "/home/afdal/Laboratorium/PROJECT/extensionadminaksent/src/components"
2026-02-24T10:46:19.730329Z  INFO get_files:scan_sources: tailwindcss_oxide::scanner: Discovering "/home/afdal/Laboratorium/PROJECT/extensionadminaksent/src/components/customer"
2026-02-24T10:46:19.730402Z  INFO get_files:scan_sources: tailwindcss_oxide::scanner: Discovering "/home/afdal/Laboratorium/PROJECT/extensionadminaksent/src/components/list"
2026-02-24T10:46:19.730503Z  INFO get_files:scan_sources: tailwindcss_oxide::scanner: Discovering "/home/afdal/Laboratorium/PROJECT/extensionadminaksent/src/components/toolbars"
2026-02-24T10:46:19.730665Z  INFO get_files:scan_sources: tailwindcss_oxide::scanner: Discovering "/home/afdal/Laboratorium/PROJECT/extensionadminaksent/src/theme"
2026-02-24T10:46:19.730807Z  INFO get_files:scan_sources: tailwindcss_oxide::scanner: Discovering "/home/afdal/Laboratorium/PROJECT/extensionadminaksent/src/utils"
2026-02-24T10:46:19.730983Z  INFO get_files:scan_sources: tailwindcss_oxide::scanner: Discovering "/home/afdal/Laboratorium/PROJECT/extensionadminaksent/src/types"
2026-02-24T10:46:19.731120Z  INFO get_files:scan_sources: tailwindcss_oxide::scanner: Discovering "/home/afdal/Laboratorium/PROJECT/extensionadminaksent/src/pages"
2026-02-24T10:46:19.731189Z  INFO get_files:scan_sources: tailwindcss_oxide::scanner: Discovering "/home/afdal/Laboratorium/PROJECT/extensionadminaksent/src/pages/Customer"
2026-02-24T10:46:19.731299Z  INFO get_files:scan_sources: tailwindcss_oxide::scanner: Discovering "/home/afdal/Laboratorium/PROJECT/extensionadminaksent/src/pages/Home"
2026-02-24T10:46:19.731501Z  INFO get_files:scan_sources: tailwindcss_oxide::scanner: Discovering "/home/afdal/Laboratorium/PROJECT/extensionadminaksent/src/pages/Validation"
2026-02-24T10:46:19.731916Z  INFO get_files:scan_sources: tailwindcss_oxide::scanner: Discovering "/home/afdal/Laboratorium/PROJECT/extensionadminaksent/src/pages/Unpaid"
2026-02-24T10:46:19.732014Z  INFO get_files:scan_sources: tailwindcss_oxide::scanner: Discovering "/home/afdal/Laboratorium/PROJECT/extensionadminaksent/src/pages/Payment"
2026-02-24T10:46:19.732209Z  INFO get_files:scan_sources: tailwindcss_oxide::scanner: Discovering "/home/afdal/Laboratorium/PROJECT/extensionadminaksent/public"
2026-02-24T10:46:19.732409Z  INFO get_files:scan_sources: tailwindcss_oxide::scanner: Discovering "/home/afdal/Laboratorium/PROJECT/extensionadminaksent/android"
2026-02-24T10:46:19.732737Z  INFO get_files:scan_sources: tailwindcss_oxide::scanner: Discovering "/home/afdal/Laboratorium/PROJECT/extensionadminaksent/android/.kotlin"
2026-02-24T10:46:19.732810Z  INFO get_files:scan_sources: tailwindcss_oxide::scanner: Discovering "/home/afdal/Laboratorium/PROJECT/extensionadminaksent/android/.kotlin/sessions"
2026-02-24T10:46:19.733008Z  INFO get_files:scan_sources: tailwindcss_oxide::scanner: Discovering "/home/afdal/Laboratorium/PROJECT/extensionadminaksent/android/gradle"
2026-02-24T10:46:19.733075Z  INFO get_files:scan_sources: tailwindcss_oxide::scanner: Discovering "/home/afdal/Laboratorium/PROJECT/extensionadminaksent/android/gradle/wrapper"
2026-02-24T10:46:19.733176Z  INFO get_files:scan_sources: tailwindcss_oxide::scanner: Discovering "/home/afdal/Laboratorium/PROJECT/extensionadminaksent/android/app"
2026-02-24T10:46:19.733319Z  INFO get_files:scan_sources: tailwindcss_oxide::scanner: Discovering "/home/afdal/Laboratorium/PROJECT/extensionadminaksent/android/app/src"
2026-02-24T10:46:19.733393Z  INFO get_files:scan_sources: tailwindcss_oxide::scanner: Discovering "/home/afdal/Laboratorium/PROJECT/extensionadminaksent/android/app/src/main"
2026-02-24T10:46:19.734037Z  INFO get_files:scan_sources: tailwindcss_oxide::scanner: Discovering "/home/afdal/Laboratorium/PROJECT/extensionadminaksent/android/app/src/main/res"
2026-02-24T10:46:19.734211Z  INFO get_files:scan_sources: tailwindcss_oxide::scanner: Discovering "/home/afdal/Laboratorium/PROJECT/extensionadminaksent/android/app/src/main/res/drawable-land-xhdpi"
2026-02-24T10:46:19.734347Z  INFO get_files:scan_sources: tailwindcss_oxide::scanner: Discovering "/home/afdal/Laboratorium/PROJECT/extensionadminaksent/android/app/src/main/res/drawable-land-xxhdpi"
2026-02-24T10:46:19.734451Z  INFO get_files:scan_sources: tailwindcss_oxide::scanner: Discovering "/home/afdal/Laboratorium/PROJECT/extensionadminaksent/android/app/src/main/res/drawable-v24"
2026-02-24T10:46:19.734542Z  INFO get_files:scan_sources: tailwindcss_oxide::scanner: Discovering "/home/afdal/Laboratorium/PROJECT/extensionadminaksent/android/app/src/main/res/drawable-port-xxxhdpi"
2026-02-24T10:46:19.734615Z  INFO get_files:scan_sources: tailwindcss_oxide::scanner: Discovering "/home/afdal/Laboratorium/PROJECT/extensionadminaksent/android/app/src/main/res/drawable-land-xxxhdpi"
2026-02-24T10:46:19.734676Z  INFO get_files:scan_sources: tailwindcss_oxide::scanner: Discovering "/home/afdal/Laboratorium/PROJECT/extensionadminaksent/android/app/src/main/res/drawable-port-xxhdpi"
2026-02-24T10:46:19.734746Z  INFO get_files:scan_sources: tailwindcss_oxide::scanner: Discovering "/home/afdal/Laboratorium/PROJECT/extensionadminaksent/android/app/src/main/res/mipmap-hdpi"
2026-02-24T10:46:19.734842Z  INFO get_files:scan_sources: tailwindcss_oxide::scanner: Discovering "/home/afdal/Laboratorium/PROJECT/extensionadminaksent/android/app/src/main/res/drawable-land-hdpi"
2026-02-24T10:46:19.734987Z  INFO get_files:scan_sources: tailwindcss_oxide::scanner: Discovering "/home/afdal/Laboratorium/PROJECT/extensionadminaksent/android/app/src/main/res/xml"
2026-02-24T10:46:19.735072Z  INFO get_files:scan_sources: tailwindcss_oxide::scanner: Discovering "/home/afdal/Laboratorium/PROJECT/extensionadminaksent/android/app/src/main/res/mipmap-xhdpi"
2026-02-24T10:46:19.735147Z  INFO get_files:scan_sources: tailwindcss_oxide::scanner: Discovering "/home/afdal/Laboratorium/PROJECT/extensionadminaksent/android/app/src/main/res/drawable-land-mdpi"
2026-02-24T10:46:19.735210Z  INFO get_files:scan_sources: tailwindcss_oxide::scanner: Discovering "/home/afdal/Laboratorium/PROJECT/extensionadminaksent/android/app/src/main/res/drawable-port-hdpi"
2026-02-24T10:46:19.735270Z  INFO get_files:scan_sources: tailwindcss_oxide::scanner: Discovering "/home/afdal/Laboratorium/PROJECT/extensionadminaksent/android/app/src/main/res/mipmap-xxhdpi"
2026-02-24T10:46:19.735340Z  INFO get_files:scan_sources: tailwindcss_oxide::scanner: Discovering "/home/afdal/Laboratorium/PROJECT/extensionadminaksent/android/app/src/main/res/mipmap-mdpi"
2026-02-24T10:46:19.735728Z  INFO get_files:scan_sources: tailwindcss_oxide::scanner: Discovering "/home/afdal/Laboratorium/PROJECT/extensionadminaksent/android/app/src/main/res/drawable"
2026-02-24T10:46:19.736297Z  INFO get_files:scan_sources: tailwindcss_oxide::scanner: Discovering "/home/afdal/Laboratorium/PROJECT/extensionadminaksent/android/app/src/main/res/drawable-port-xhdpi"
2026-02-24T10:46:19.736531Z  INFO get_files:scan_sources: tailwindcss_oxide::scanner: Discovering "/home/afdal/Laboratorium/PROJECT/extensionadminaksent/android/app/src/main/res/mipmap-xxxhdpi"
2026-02-24T10:46:19.736740Z  INFO get_files:scan_sources: tailwindcss_oxide::scanner: Discovering "/home/afdal/Laboratorium/PROJECT/extensionadminaksent/android/app/src/main/res/layout"
2026-02-24T10:46:19.736912Z  INFO get_files:scan_sources: tailwindcss_oxide::scanner: Discovering "/home/afdal/Laboratorium/PROJECT/extensionadminaksent/android/app/src/main/res/mipmap-anydpi-v26"
2026-02-24T10:46:19.737070Z  INFO get_files:scan_sources: tailwindcss_oxide::scanner: Discovering "/home/afdal/Laboratorium/PROJECT/extensionadminaksent/android/app/src/main/res/drawable-port-mdpi"
2026-02-24T10:46:19.737221Z  INFO get_files:scan_sources: tailwindcss_oxide::scanner: Discovering "/home/afdal/Laboratorium/PROJECT/extensionadminaksent/android/app/src/main/res/values"
2026-02-24T10:46:19.737453Z  INFO get_files:scan_sources: tailwindcss_oxide::scanner: Discovering "/home/afdal/Laboratorium/PROJECT/extensionadminaksent/android/app/src/main/java"
2026-02-24T10:46:19.737623Z  INFO get_files:scan_sources: tailwindcss_oxide::scanner: Discovering "/home/afdal/Laboratorium/PROJECT/extensionadminaksent/android/app/src/main/java/io"
2026-02-24T10:46:19.737856Z  INFO get_files:scan_sources: tailwindcss_oxide::scanner: Discovering "/home/afdal/Laboratorium/PROJECT/extensionadminaksent/android/app/src/main/java/io/ionic"
2026-02-24T10:46:19.738307Z  INFO get_files:scan_sources: tailwindcss_oxide::scanner: Discovering "/home/afdal/Laboratorium/PROJECT/extensionadminaksent/android/app/src/main/java/io/ionic/starter"
2026-02-24T10:46:19.739701Z  INFO get_files:scan_sources: tailwindcss_oxide::scanner: Discovering "/home/afdal/Laboratorium/PROJECT/extensionadminaksent/android/app/src/main/assets"
2026-02-24T10:46:19.740045Z  INFO get_files:scan_sources: tailwindcss_oxide::scanner: Discovering "/home/afdal/Laboratorium/PROJECT/extensionadminaksent/android/app/src/androidTest"
2026-02-24T10:46:19.740123Z  INFO get_files:scan_sources: tailwindcss_oxide::scanner: Discovering "/home/afdal/Laboratorium/PROJECT/extensionadminaksent/android/app/src/androidTest/java"
2026-02-24T10:46:19.740188Z  INFO get_files:scan_sources: tailwindcss_oxide::scanner: Discovering "/home/afdal/Laboratorium/PROJECT/extensionadminaksent/android/app/src/androidTest/java/com"
2026-02-24T10:46:19.740243Z  INFO get_files:scan_sources: tailwindcss_oxide::scanner: Discovering "/home/afdal/Laboratorium/PROJECT/extensionadminaksent/android/app/src/androidTest/java/com/getcapacitor"
2026-02-24T10:46:19.740300Z  INFO get_files:scan_sources: tailwindcss_oxide::scanner: Discovering "/home/afdal/Laboratorium/PROJECT/extensionadminaksent/android/app/src/androidTest/java/com/getcapacitor/myapp"
2026-02-24T10:46:19.740409Z  INFO get_files:scan_sources: tailwindcss_oxide::scanner: Discovering "/home/afdal/Laboratorium/PROJECT/extensionadminaksent/android/app/src/test"
2026-02-24T10:46:19.740468Z  INFO get_files:scan_sources: tailwindcss_oxide::scanner: Discovering "/home/afdal/Laboratorium/PROJECT/extensionadminaksent/android/app/src/test/java"
2026-02-24T10:46:19.740529Z  INFO get_files:scan_sources: tailwindcss_oxide::scanner: Discovering "/home/afdal/Laboratorium/PROJECT/extensionadminaksent/android/app/src/test/java/com"
2026-02-24T10:46:19.740585Z  INFO get_files:scan_sources: tailwindcss_oxide::scanner: Discovering "/home/afdal/Laboratorium/PROJECT/extensionadminaksent/android/app/src/test/java/com/getcapacitor"
2026-02-24T10:46:19.740649Z  INFO get_files:scan_sources: tailwindcss_oxide::scanner: Discovering "/home/afdal/Laboratorium/PROJECT/extensionadminaksent/android/app/src/test/java/com/getcapacitor/myapp"
2026-02-24T10:46:19.742180Z  INFO get_files:scan_sources: tailwindcss_oxide::scanner: exit
2026-02-24T10:46:19.743589Z  INFO get_files: tailwindcss_oxide::scanner: exit
2026-02-24T10:46:19.743843Z  INFO get_globs: tailwindcss_oxide::scanner: enter
2026-02-24T10:46:19.743874Z  INFO get_globs: tailwindcss_oxide::scanner: exit
2026-02-24T10:46:22.817443Z  INFO scan_sources: tailwindcss_oxide::scanner: enter
2026-02-24T10:46:22.818501Z  INFO scan_sources: tailwindcss_oxide::scanner: Discovering "/home/afdal/Laboratorium/PROJECT/extensionadminaksent/cypress"
2026-02-24T10:46:22.818609Z  INFO scan_sources: tailwindcss_oxide::scanner: Discovering "/home/afdal/Laboratorium/PROJECT/extensionadminaksent/cypress/fixtures"
2026-02-24T10:46:22.818708Z  INFO scan_sources: tailwindcss_oxide::scanner: Discovering "/home/afdal/Laboratorium/PROJECT/extensionadminaksent/cypress/e2e"
2026-02-24T10:46:22.818819Z  INFO scan_sources: tailwindcss_oxide::scanner: Discovering "/home/afdal/Laboratorium/PROJECT/extensionadminaksent/cypress/support"
2026-02-24T10:46:22.818941Z  INFO scan_sources: tailwindcss_oxide::scanner: Discovering "/home/afdal/Laboratorium/PROJECT/extensionadminaksent/.vscode"
2026-02-24T10:46:22.819106Z  INFO scan_sources: tailwindcss_oxide::scanner: Discovering "/home/afdal/Laboratorium/PROJECT/extensionadminaksent/src"
2026-02-24T10:46:22.819193Z  INFO scan_sources: tailwindcss_oxide::scanner: Discovering "/home/afdal/Laboratorium/PROJECT/extensionadminaksent/src/hook"
2026-02-24T10:46:22.819263Z  INFO scan_sources: tailwindcss_oxide::scanner: Discovering "/home/afdal/Laboratorium/PROJECT/extensionadminaksent/src/hook/requests"
2026-02-24T10:46:22.819342Z  INFO scan_sources: tailwindcss_oxide::scanner: Discovering "/home/afdal/Laboratorium/PROJECT/extensionadminaksent/src/hook/requests/customer.ts"
2026-02-24T10:46:22.819435Z  INFO scan_sources: tailwindcss_oxide::scanner: Discovering "/home/afdal/Laboratorium/PROJECT/extensionadminaksent/src/components"
2026-02-24T10:46:22.819569Z  INFO scan_sources: tailwindcss_oxide::scanner: Discovering "/home/afdal/Laboratorium/PROJECT/extensionadminaksent/src/components/customer"
2026-02-24T10:46:22.819692Z  INFO scan_sources: tailwindcss_oxide::scanner: Discovering "/home/afdal/Laboratorium/PROJECT/extensionadminaksent/src/components/list"
2026-02-24T10:46:22.821967Z  INFO scan_sources: tailwindcss_oxide::scanner: Discovering "/home/afdal/Laboratorium/PROJECT/extensionadminaksent/src/components/toolbars"
2026-02-24T10:46:22.822482Z  INFO scan_sources: tailwindcss_oxide::scanner: Discovering "/home/afdal/Laboratorium/PROJECT/extensionadminaksent/src/theme"
2026-02-24T10:46:22.822946Z  INFO scan_sources: tailwindcss_oxide::scanner: Discovering "/home/afdal/Laboratorium/PROJECT/extensionadminaksent/src/utils"
2026-02-24T10:46:22.823375Z  INFO scan_sources: tailwindcss_oxide::scanner: Discovering "/home/afdal/Laboratorium/PROJECT/extensionadminaksent/src/types"
2026-02-24T10:46:22.823781Z  INFO scan_sources: tailwindcss_oxide::scanner: Discovering "/home/afdal/Laboratorium/PROJECT/extensionadminaksent/src/pages"
2026-02-24T10:46:22.824200Z  INFO scan_sources: tailwindcss_oxide::scanner: Discovering "/home/afdal/Laboratorium/PROJECT/extensionadminaksent/src/pages/Customer"
2026-02-24T10:46:22.824638Z  INFO scan_sources: tailwindcss_oxide::scanner: Discovering "/home/afdal/Laboratorium/PROJECT/extensionadminaksent/src/pages/Home"
2026-02-24T10:46:22.825142Z  INFO scan_sources: tailwindcss_oxide::scanner: Discovering "/home/afdal/Laboratorium/PROJECT/extensionadminaksent/src/pages/Validation"
2026-02-24T10:46:22.825681Z  INFO scan_sources: tailwindcss_oxide::scanner: Discovering "/home/afdal/Laboratorium/PROJECT/extensionadminaksent/src/pages/Unpaid"
2026-02-24T10:46:22.826536Z  INFO scan_sources: tailwindcss_oxide::scanner: Discovering "/home/afdal/Laboratorium/PROJECT/extensionadminaksent/src/pages/Payment"
2026-02-24T10:46:22.827647Z  INFO scan_sources: tailwindcss_oxide::scanner: Discovering "/home/afdal/Laboratorium/PROJECT/extensionadminaksent/public"
2026-02-24T10:46:22.828214Z  INFO scan_sources: tailwindcss_oxide::scanner: Discovering "/home/afdal/Laboratorium/PROJECT/extensionadminaksent/android"
2026-02-24T10:46:22.828695Z  INFO scan_sources: tailwindcss_oxide::scanner: Discovering "/home/afdal/Laboratorium/PROJECT/extensionadminaksent/android/.kotlin"
2026-02-24T10:46:22.828861Z  INFO scan_sources: tailwindcss_oxide::scanner: Discovering "/home/afdal/Laboratorium/PROJECT/extensionadminaksent/android/.kotlin/sessions"
2026-02-24T10:46:22.829185Z  INFO scan_sources: tailwindcss_oxide::scanner: Discovering "/home/afdal/Laboratorium/PROJECT/extensionadminaksent/android/gradle"
2026-02-24T10:46:22.829261Z  INFO scan_sources: tailwindcss_oxide::scanner: Discovering "/home/afdal/Laboratorium/PROJECT/extensionadminaksent/android/gradle/wrapper"
2026-02-24T10:46:22.829375Z  INFO scan_sources: tailwindcss_oxide::scanner: Discovering "/home/afdal/Laboratorium/PROJECT/extensionadminaksent/android/app"
2026-02-24T10:46:22.829577Z  INFO scan_sources: tailwindcss_oxide::scanner: Discovering "/home/afdal/Laboratorium/PROJECT/extensionadminaksent/android/app/src"
2026-02-24T10:46:22.829681Z  INFO scan_sources: tailwindcss_oxide::scanner: Discovering "/home/afdal/Laboratorium/PROJECT/extensionadminaksent/android/app/src/main"
2026-02-24T10:46:22.829779Z  INFO scan_sources: tailwindcss_oxide::scanner: Discovering "/home/afdal/Laboratorium/PROJECT/extensionadminaksent/android/app/src/main/res"
2026-02-24T10:46:22.829877Z  INFO scan_sources: tailwindcss_oxide::scanner: Discovering "/home/afdal/Laboratorium/PROJECT/extensionadminaksent/android/app/src/main/res/drawable-land-xhdpi"
2026-02-24T10:46:22.829969Z  INFO scan_sources: tailwindcss_oxide::scanner: Discovering "/home/afdal/Laboratorium/PROJECT/extensionadminaksent/android/app/src/main/res/drawable-land-xxhdpi"
2026-02-24T10:46:22.830043Z  INFO scan_sources: tailwindcss_oxide::scanner: Discovering "/home/afdal/Laboratorium/PROJECT/extensionadminaksent/android/app/src/main/res/drawable-v24"
2026-02-24T10:46:22.830140Z  INFO scan_sources: tailwindcss_oxide::scanner: Discovering "/home/afdal/Laboratorium/PROJECT/extensionadminaksent/android/app/src/main/res/drawable-port-xxxhdpi"
2026-02-24T10:46:22.830245Z  INFO scan_sources: tailwindcss_oxide::scanner: Discovering "/home/afdal/Laboratorium/PROJECT/extensionadminaksent/android/app/src/main/res/drawable-land-xxxhdpi"
2026-02-24T10:46:22.830327Z  INFO scan_sources: tailwindcss_oxide::scanner: Discovering "/home/afdal/Laboratorium/PROJECT/extensionadminaksent/android/app/src/main/res/drawable-port-xxhdpi"
2026-02-24T10:46:22.830412Z  INFO scan_sources: tailwindcss_oxide::scanner: Discovering "/home/afdal/Laboratorium/PROJECT/extensionadminaksent/android/app/src/main/res/mipmap-hdpi"
2026-02-24T10:46:22.830505Z  INFO scan_sources: tailwindcss_oxide::scanner: Discovering "/home/afdal/Laboratorium/PROJECT/extensionadminaksent/android/app/src/main/res/drawable-land-hdpi"
2026-02-24T10:46:22.830674Z  INFO scan_sources: tailwindcss_oxide::scanner: Discovering "/home/afdal/Laboratorium/PROJECT/extensionadminaksent/android/app/src/main/res/xml"
2026-02-24T10:46:22.830800Z  INFO scan_sources: tailwindcss_oxide::scanner: Discovering "/home/afdal/Laboratorium/PROJECT/extensionadminaksent/android/app/src/main/res/mipmap-xhdpi"
2026-02-24T10:46:22.830902Z  INFO scan_sources: tailwindcss_oxide::scanner: Discovering "/home/afdal/Laboratorium/PROJECT/extensionadminaksent/android/app/src/main/res/drawable-land-mdpi"
2026-02-24T10:46:22.830982Z  INFO scan_sources: tailwindcss_oxide::scanner: Discovering "/home/afdal/Laboratorium/PROJECT/extensionadminaksent/android/app/src/main/res/drawable-port-hdpi"
2026-02-24T10:46:22.831232Z  INFO scan_sources: tailwindcss_oxide::scanner: Discovering "/home/afdal/Laboratorium/PROJECT/extensionadminaksent/android/app/src/main/res/mipmap-xxhdpi"
2026-02-24T10:46:22.831455Z  INFO scan_sources: tailwindcss_oxide::scanner: Discovering "/home/afdal/Laboratorium/PROJECT/extensionadminaksent/android/app/src/main/res/mipmap-mdpi"
2026-02-24T10:46:22.831664Z  INFO scan_sources: tailwindcss_oxide::scanner: Discovering "/home/afdal/Laboratorium/PROJECT/extensionadminaksent/android/app/src/main/res/drawable"
2026-02-24T10:46:22.831893Z  INFO scan_sources: tailwindcss_oxide::scanner: Discovering "/home/afdal/Laboratorium/PROJECT/extensionadminaksent/android/app/src/main/res/drawable-port-xhdpi"
2026-02-24T10:46:22.832098Z  INFO scan_sources: tailwindcss_oxide::scanner: Discovering "/home/afdal/Laboratorium/PROJECT/extensionadminaksent/android/app/src/main/res/mipmap-xxxhdpi"
2026-02-24T10:46:22.832281Z  INFO scan_sources: tailwindcss_oxide::scanner: Discovering "/home/afdal/Laboratorium/PROJECT/extensionadminaksent/android/app/src/main/res/layout"
2026-02-24T10:46:22.832387Z  INFO scan_sources: tailwindcss_oxide::scanner: Discovering "/home/afdal/Laboratorium/PROJECT/extensionadminaksent/android/app/src/main/res/mipmap-anydpi-v26"
2026-02-24T10:46:22.832498Z  INFO scan_sources: tailwindcss_oxide::scanner: Discovering "/home/afdal/Laboratorium/PROJECT/extensionadminaksent/android/app/src/main/res/drawable-port-mdpi"
2026-02-24T10:46:22.832580Z  INFO scan_sources: tailwindcss_oxide::scanner: Discovering "/home/afdal/Laboratorium/PROJECT/extensionadminaksent/android/app/src/main/res/values"
2026-02-24T10:46:22.832725Z  INFO scan_sources: tailwindcss_oxide::scanner: Discovering "/home/afdal/Laboratorium/PROJECT/extensionadminaksent/android/app/src/main/java"
2026-02-24T10:46:22.832820Z  INFO scan_sources: tailwindcss_oxide::scanner: Discovering "/home/afdal/Laboratorium/PROJECT/extensionadminaksent/android/app/src/main/java/io"
2026-02-24T10:46:22.832897Z  INFO scan_sources: tailwindcss_oxide::scanner: Discovering "/home/afdal/Laboratorium/PROJECT/extensionadminaksent/android/app/src/main/java/io/ionic"
2026-02-24T10:46:22.832974Z  INFO scan_sources: tailwindcss_oxide::scanner: Discovering "/home/afdal/Laboratorium/PROJECT/extensionadminaksent/android/app/src/main/java/io/ionic/starter"
2026-02-24T10:46:22.833091Z  INFO scan_sources: tailwindcss_oxide::scanner: Discovering "/home/afdal/Laboratorium/PROJECT/extensionadminaksent/android/app/src/main/assets"
2026-02-24T10:46:22.833250Z  INFO scan_sources: tailwindcss_oxide::scanner: Discovering "/home/afdal/Laboratorium/PROJECT/extensionadminaksent/android/app/src/androidTest"
2026-02-24T10:46:22.833316Z  INFO scan_sources: tailwindcss_oxide::scanner: Discovering "/home/afdal/Laboratorium/PROJECT/extensionadminaksent/android/app/src/androidTest/java"
2026-02-24T10:46:22.833383Z  INFO scan_sources: tailwindcss_oxide::scanner: Discovering "/home/afdal/Laboratorium/PROJECT/extensionadminaksent/android/app/src/androidTest/java/com"
2026-02-24T10:46:22.833469Z  INFO scan_sources: tailwindcss_oxide::scanner: Discovering "/home/afdal/Laboratorium/PROJECT/extensionadminaksent/android/app/src/androidTest/java/com/getcapacitor"
2026-02-24T10:46:22.833546Z  INFO scan_sources: tailwindcss_oxide::scanner: Discovering "/home/afdal/Laboratorium/PROJECT/extensionadminaksent/android/app/src/androidTest/java/com/getcapacitor/myapp"
2026-02-24T10:46:22.833680Z  INFO scan_sources: tailwindcss_oxide::scanner: Discovering "/home/afdal/Laboratorium/PROJECT/extensionadminaksent/android/app/src/test"
2026-02-24T10:46:22.833746Z  INFO scan_sources: tailwindcss_oxide::scanner: Discovering "/home/afdal/Laboratorium/PROJECT/extensionadminaksent/android/app/src/test/java"
2026-02-24T10:46:22.833827Z  INFO scan_sources: tailwindcss_oxide::scanner: Discovering "/home/afdal/Laboratorium/PROJECT/extensionadminaksent/android/app/src/test/java/com"
2026-02-24T10:46:22.834685Z  INFO scan_sources: tailwindcss_oxide::scanner: Discovering "/home/afdal/Laboratorium/PROJECT/extensionadminaksent/android/app/src/test/java/com/getcapacitor"
2026-02-24T10:46:22.835325Z  INFO scan_sources: tailwindcss_oxide::scanner: Discovering "/home/afdal/Laboratorium/PROJECT/extensionadminaksent/android/app/src/test/java/com/getcapacitor/myapp"
2026-02-24T10:46:22.839341Z  INFO scan_sources: tailwindcss_oxide::scanner: exit
2026-02-24T10:46:22.839396Z  INFO extract_candidates: tailwindcss_oxide::scanner: enter
2026-02-24T10:46:22.839416Z  INFO extract_candidates:read_all_files: tailwindcss_oxide::scanner: enter
2026-02-24T10:46:22.839424Z  INFO extract_candidates:read_all_files: tailwindcss_oxide::scanner: Reading 1 file(s)
2026-02-24T10:46:22.839453Z  INFO extract_candidates:read_all_files: tailwindcss_oxide::scanner: Reading "/home/afdal/Laboratorium/PROJECT/extensionadminaksent/src/hook/requests/customer.ts"
2026-02-24T10:46:22.839466Z  INFO extract_candidates:read_all_files: tailwindcss_oxide::scanner: exit
2026-02-24T10:46:22.839474Z  INFO extract_candidates:parse_all_blobs: tailwindcss_oxide::scanner: enter
2026-02-24T10:46:22.839482Z  INFO extract_candidates:parse_all_blobs:extract: tailwindcss_oxide::scanner: enter
2026-02-24T10:46:22.840009Z  INFO extract_candidates:parse_all_blobs:extract: tailwindcss_oxide::scanner: exit
2026-02-24T10:46:22.840104Z  INFO extract_candidates:parse_all_blobs: tailwindcss_oxide::scanner: exit
2026-02-24T10:46:22.840232Z  INFO extract_candidates: tailwindcss_oxide::scanner: exit
2026-02-24T10:46:22.842829Z  INFO get_files: tailwindcss_oxide::scanner: enter
2026-02-24T10:46:22.842875Z  INFO get_files:scan_sources: tailwindcss_oxide::scanner: enter
2026-02-24T10:46:22.843874Z  INFO get_files:scan_sources: tailwindcss_oxide::scanner: Discovering "/home/afdal/Laboratorium/PROJECT/extensionadminaksent/cypress"
2026-02-24T10:46:22.843977Z  INFO get_files:scan_sources: tailwindcss_oxide::scanner: Discovering "/home/afdal/Laboratorium/PROJECT/extensionadminaksent/cypress/fixtures"
2026-02-24T10:46:22.844081Z  INFO get_files:scan_sources: tailwindcss_oxide::scanner: Discovering "/home/afdal/Laboratorium/PROJECT/extensionadminaksent/cypress/e2e"
2026-02-24T10:46:22.844186Z  INFO get_files:scan_sources: tailwindcss_oxide::scanner: Discovering "/home/afdal/Laboratorium/PROJECT/extensionadminaksent/cypress/support"
2026-02-24T10:46:22.844349Z  INFO get_files:scan_sources: tailwindcss_oxide::scanner: Discovering "/home/afdal/Laboratorium/PROJECT/extensionadminaksent/.vscode"
2026-02-24T10:46:22.844530Z  INFO get_files:scan_sources: tailwindcss_oxide::scanner: Discovering "/home/afdal/Laboratorium/PROJECT/extensionadminaksent/src"
2026-02-24T10:46:22.844612Z  INFO get_files:scan_sources: tailwindcss_oxide::scanner: Discovering "/home/afdal/Laboratorium/PROJECT/extensionadminaksent/src/hook"
2026-02-24T10:46:22.844691Z  INFO get_files:scan_sources: tailwindcss_oxide::scanner: Discovering "/home/afdal/Laboratorium/PROJECT/extensionadminaksent/src/hook/requests"
2026-02-24T10:46:22.844804Z  INFO get_files:scan_sources: tailwindcss_oxide::scanner: Discovering "/home/afdal/Laboratorium/PROJECT/extensionadminaksent/src/components"
2026-02-24T10:46:22.844909Z  INFO get_files:scan_sources: tailwindcss_oxide::scanner: Discovering "/home/afdal/Laboratorium/PROJECT/extensionadminaksent/src/components/customer"
2026-02-24T10:46:22.844994Z  INFO get_files:scan_sources: tailwindcss_oxide::scanner: Discovering "/home/afdal/Laboratorium/PROJECT/extensionadminaksent/src/components/list"
2026-02-24T10:46:22.845093Z  INFO get_files:scan_sources: tailwindcss_oxide::scanner: Discovering "/home/afdal/Laboratorium/PROJECT/extensionadminaksent/src/components/toolbars"
2026-02-24T10:46:22.845193Z  INFO get_files:scan_sources: tailwindcss_oxide::scanner: Discovering "/home/afdal/Laboratorium/PROJECT/extensionadminaksent/src/theme"
2026-02-24T10:46:22.845328Z  INFO get_files:scan_sources: tailwindcss_oxide::scanner: Discovering "/home/afdal/Laboratorium/PROJECT/extensionadminaksent/src/utils"
2026-02-24T10:46:22.845480Z  INFO get_files:scan_sources: tailwindcss_oxide::scanner: Discovering "/home/afdal/Laboratorium/PROJECT/extensionadminaksent/src/types"
2026-02-24T10:46:22.845586Z  INFO get_files:scan_sources: tailwindcss_oxide::scanner: Discovering "/home/afdal/Laboratorium/PROJECT/extensionadminaksent/src/pages"
2026-02-24T10:46:22.845660Z  INFO get_files:scan_sources: tailwindcss_oxide::scanner: Discovering "/home/afdal/Laboratorium/PROJECT/extensionadminaksent/src/pages/Customer"
2026-02-24T10:46:22.845775Z  INFO get_files:scan_sources: tailwindcss_oxide::scanner: Discovering "/home/afdal/Laboratorium/PROJECT/extensionadminaksent/src/pages/Home"
2026-02-24T10:46:22.845941Z  INFO get_files:scan_sources: tailwindcss_oxide::scanner: Discovering "/home/afdal/Laboratorium/PROJECT/extensionadminaksent/src/pages/Validation"
2026-02-24T10:46:22.846033Z  INFO get_files:scan_sources: tailwindcss_oxide::scanner: Discovering "/home/afdal/Laboratorium/PROJECT/extensionadminaksent/src/pages/Unpaid"
2026-02-24T10:46:22.846123Z  INFO get_files:scan_sources: tailwindcss_oxide::scanner: Discovering "/home/afdal/Laboratorium/PROJECT/extensionadminaksent/src/pages/Payment"
2026-02-24T10:46:22.846393Z  INFO get_files:scan_sources: tailwindcss_oxide::scanner: Discovering "/home/afdal/Laboratorium/PROJECT/extensionadminaksent/public"
2026-02-24T10:46:22.846633Z  INFO get_files:scan_sources: tailwindcss_oxide::scanner: Discovering "/home/afdal/Laboratorium/PROJECT/extensionadminaksent/android"
2026-02-24T10:46:22.847140Z  INFO get_files:scan_sources: tailwindcss_oxide::scanner: Discovering "/home/afdal/Laboratorium/PROJECT/extensionadminaksent/android/.kotlin"
2026-02-24T10:46:22.847225Z  INFO get_files:scan_sources: tailwindcss_oxide::scanner: Discovering "/home/afdal/Laboratorium/PROJECT/extensionadminaksent/android/.kotlin/sessions"
2026-02-24T10:46:22.847473Z  INFO get_files:scan_sources: tailwindcss_oxide::scanner: Discovering "/home/afdal/Laboratorium/PROJECT/extensionadminaksent/android/gradle"
2026-02-24T10:46:22.847550Z  INFO get_files:scan_sources: tailwindcss_oxide::scanner: Discovering "/home/afdal/Laboratorium/PROJECT/extensionadminaksent/android/gradle/wrapper"
2026-02-24T10:46:22.847739Z  INFO get_files:scan_sources: tailwindcss_oxide::scanner: Discovering "/home/afdal/Laboratorium/PROJECT/extensionadminaksent/android/app"
2026-02-24T10:46:22.847934Z  INFO get_files:scan_sources: tailwindcss_oxide::scanner: Discovering "/home/afdal/Laboratorium/PROJECT/extensionadminaksent/android/app/src"
2026-02-24T10:46:22.848043Z  INFO get_files:scan_sources: tailwindcss_oxide::scanner: Discovering "/home/afdal/Laboratorium/PROJECT/extensionadminaksent/android/app/src/main"
2026-02-24T10:46:22.848156Z  INFO get_files:scan_sources: tailwindcss_oxide::scanner: Discovering "/home/afdal/Laboratorium/PROJECT/extensionadminaksent/android/app/src/main/res"
2026-02-24T10:46:22.848244Z  INFO get_files:scan_sources: tailwindcss_oxide::scanner: Discovering "/home/afdal/Laboratorium/PROJECT/extensionadminaksent/android/app/src/main/res/drawable-land-xhdpi"
2026-02-24T10:46:22.848369Z  INFO get_files:scan_sources: tailwindcss_oxide::scanner: Discovering "/home/afdal/Laboratorium/PROJECT/extensionadminaksent/android/app/src/main/res/drawable-land-xxhdpi"
2026-02-24T10:46:22.848462Z  INFO get_files:scan_sources: tailwindcss_oxide::scanner: Discovering "/home/afdal/Laboratorium/PROJECT/extensionadminaksent/android/app/src/main/res/drawable-v24"
2026-02-24T10:46:22.848579Z  INFO get_files:scan_sources: tailwindcss_oxide::scanner: Discovering "/home/afdal/Laboratorium/PROJECT/extensionadminaksent/android/app/src/main/res/drawable-port-xxxhdpi"
2026-02-24T10:46:22.848664Z  INFO get_files:scan_sources: tailwindcss_oxide::scanner: Discovering "/home/afdal/Laboratorium/PROJECT/extensionadminaksent/android/app/src/main/res/drawable-land-xxxhdpi"
2026-02-24T10:46:22.848750Z  INFO get_files:scan_sources: tailwindcss_oxide::scanner: Discovering "/home/afdal/Laboratorium/PROJECT/extensionadminaksent/android/app/src/main/res/drawable-port-xxhdpi"
2026-02-24T10:46:22.848859Z  INFO get_files:scan_sources: tailwindcss_oxide::scanner: Discovering "/home/afdal/Laboratorium/PROJECT/extensionadminaksent/android/app/src/main/res/mipmap-hdpi"
2026-02-24T10:46:22.848964Z  INFO get_files:scan_sources: tailwindcss_oxide::scanner: Discovering "/home/afdal/Laboratorium/PROJECT/extensionadminaksent/android/app/src/main/res/drawable-land-hdpi"
2026-02-24T10:46:22.849047Z  INFO get_files:scan_sources: tailwindcss_oxide::scanner: Discovering "/home/afdal/Laboratorium/PROJECT/extensionadminaksent/android/app/src/main/res/xml"
2026-02-24T10:46:22.849242Z  INFO get_files:scan_sources: tailwindcss_oxide::scanner: Discovering "/home/afdal/Laboratorium/PROJECT/extensionadminaksent/android/app/src/main/res/mipmap-xhdpi"
2026-02-24T10:46:22.849414Z  INFO get_files:scan_sources: tailwindcss_oxide::scanner: Discovering "/home/afdal/Laboratorium/PROJECT/extensionadminaksent/android/app/src/main/res/drawable-land-mdpi"
2026-02-24T10:46:22.849505Z  INFO get_files:scan_sources: tailwindcss_oxide::scanner: Discovering "/home/afdal/Laboratorium/PROJECT/extensionadminaksent/android/app/src/main/res/drawable-port-hdpi"
2026-02-24T10:46:22.849593Z  INFO get_files:scan_sources: tailwindcss_oxide::scanner: Discovering "/home/afdal/Laboratorium/PROJECT/extensionadminaksent/android/app/src/main/res/mipmap-xxhdpi"
2026-02-24T10:46:22.849694Z  INFO get_files:scan_sources: tailwindcss_oxide::scanner: Discovering "/home/afdal/Laboratorium/PROJECT/extensionadminaksent/android/app/src/main/res/mipmap-mdpi"
2026-02-24T10:46:22.849802Z  INFO get_files:scan_sources: tailwindcss_oxide::scanner: Discovering "/home/afdal/Laboratorium/PROJECT/extensionadminaksent/android/app/src/main/res/drawable"
2026-02-24T10:46:22.849923Z  INFO get_files:scan_sources: tailwindcss_oxide::scanner: Discovering "/home/afdal/Laboratorium/PROJECT/extensionadminaksent/android/app/src/main/res/drawable-port-xhdpi"
2026-02-24T10:46:22.850014Z  INFO get_files:scan_sources: tailwindcss_oxide::scanner: Discovering "/home/afdal/Laboratorium/PROJECT/extensionadminaksent/android/app/src/main/res/mipmap-xxxhdpi"
2026-02-24T10:46:22.850107Z  INFO get_files:scan_sources: tailwindcss_oxide::scanner: Discovering "/home/afdal/Laboratorium/PROJECT/extensionadminaksent/android/app/src/main/res/layout"
2026-02-24T10:46:22.850202Z  INFO get_files:scan_sources: tailwindcss_oxide::scanner: Discovering "/home/afdal/Laboratorium/PROJECT/extensionadminaksent/android/app/src/main/res/mipmap-anydpi-v26"
2026-02-24T10:46:22.850328Z  INFO get_files:scan_sources: tailwindcss_oxide::scanner: Discovering "/home/afdal/Laboratorium/PROJECT/extensionadminaksent/android/app/src/main/res/drawable-port-mdpi"
2026-02-24T10:46:22.850417Z  INFO get_files:scan_sources: tailwindcss_oxide::scanner: Discovering "/home/afdal/Laboratorium/PROJECT/extensionadminaksent/android/app/src/main/res/values"
2026-02-24T10:46:22.850563Z  INFO get_files:scan_sources: tailwindcss_oxide::scanner: Discovering "/home/afdal/Laboratorium/PROJECT/extensionadminaksent/android/app/src/main/java"
2026-02-24T10:46:22.850637Z  INFO get_files:scan_sources: tailwindcss_oxide::scanner: Discovering "/home/afdal/Laboratorium/PROJECT/extensionadminaksent/android/app/src/main/java/io"
2026-02-24T10:46:22.850728Z  INFO get_files:scan_sources: tailwindcss_oxide::scanner: Discovering "/home/afdal/Laboratorium/PROJECT/extensionadminaksent/android/app/src/main/java/io/ionic"
2026-02-24T10:46:22.850819Z  INFO get_files:scan_sources: tailwindcss_oxide::scanner: Discovering "/home/afdal/Laboratorium/PROJECT/extensionadminaksent/android/app/src/main/java/io/ionic/starter"
2026-02-24T10:46:22.850943Z  INFO get_files:scan_sources: tailwindcss_oxide::scanner: Discovering "/home/afdal/Laboratorium/PROJECT/extensionadminaksent/android/app/src/main/assets"
2026-02-24T10:46:22.851176Z  INFO get_files:scan_sources: tailwindcss_oxide::scanner: Discovering "/home/afdal/Laboratorium/PROJECT/extensionadminaksent/android/app/src/androidTest"
2026-02-24T10:46:22.851255Z  INFO get_files:scan_sources: tailwindcss_oxide::scanner: Discovering "/home/afdal/Laboratorium/PROJECT/extensionadminaksent/android/app/src/androidTest/java"
2026-02-24T10:46:22.851322Z  INFO get_files:scan_sources: tailwindcss_oxide::scanner: Discovering "/home/afdal/Laboratorium/PROJECT/extensionadminaksent/android/app/src/androidTest/java/com"
2026-02-24T10:46:22.851393Z  INFO get_files:scan_sources: tailwindcss_oxide::scanner: Discovering "/home/afdal/Laboratorium/PROJECT/extensionadminaksent/android/app/src/androidTest/java/com/getcapacitor"
2026-02-24T10:46:22.851463Z  INFO get_files:scan_sources: tailwindcss_oxide::scanner: Discovering "/home/afdal/Laboratorium/PROJECT/extensionadminaksent/android/app/src/androidTest/java/com/getcapacitor/myapp"
2026-02-24T10:46:22.851582Z  INFO get_files:scan_sources: tailwindcss_oxide::scanner: Discovering "/home/afdal/Laboratorium/PROJECT/extensionadminaksent/android/app/src/test"
2026-02-24T10:46:22.851656Z  INFO get_files:scan_sources: tailwindcss_oxide::scanner: Discovering "/home/afdal/Laboratorium/PROJECT/extensionadminaksent/android/app/src/test/java"
2026-02-24T10:46:22.851721Z  INFO get_files:scan_sources: tailwindcss_oxide::scanner: Discovering "/home/afdal/Laboratorium/PROJECT/extensionadminaksent/android/app/src/test/java/com"
2026-02-24T10:46:22.852169Z  INFO get_files:scan_sources: tailwindcss_oxide::scanner: Discovering "/home/afdal/Laboratorium/PROJECT/extensionadminaksent/android/app/src/test/java/com/getcapacitor"
2026-02-24T10:46:22.852461Z  INFO get_files:scan_sources: tailwindcss_oxide::scanner: Discovering "/home/afdal/Laboratorium/PROJECT/extensionadminaksent/android/app/src/test/java/com/getcapacitor/myapp"
2026-02-24T10:46:22.853259Z  INFO get_files:scan_sources: tailwindcss_oxide::scanner: exit
2026-02-24T10:46:22.853907Z  INFO get_files: tailwindcss_oxide::scanner: exit
2026-02-24T10:46:22.854295Z  INFO get_globs: tailwindcss_oxide::scanner: enter
2026-02-24T10:46:22.854355Z  INFO get_globs: tailwindcss_oxide::scanner: exit
2026-02-24T12:41:27.439756Z  INFO scan_sources: tailwindcss_oxide::scanner: enter
2026-02-24T12:41:27.441833Z  INFO scan_sources: tailwindcss_oxide::scanner: Discovering "/home/afdal/Laboratorium/PROJECT/extensionadminaksent/cypress"
2026-02-24T12:41:27.442021Z  INFO scan_sources: tailwindcss_oxide::scanner: Discovering "/home/afdal/Laboratorium/PROJECT/extensionadminaksent/cypress/fixtures"
2026-02-24T12:41:27.442193Z  INFO scan_sources: tailwindcss_oxide::scanner: Discovering "/home/afdal/Laboratorium/PROJECT/extensionadminaksent/cypress/e2e"
2026-02-24T12:41:27.442375Z  INFO scan_sources: tailwindcss_oxide::scanner: Discovering "/home/afdal/Laboratorium/PROJECT/extensionadminaksent/cypress/support"
2026-02-24T12:41:27.442528Z  INFO scan_sources: tailwindcss_oxide::scanner: Discovering "/home/afdal/Laboratorium/PROJECT/extensionadminaksent/.vscode"
2026-02-24T12:41:27.442742Z  INFO scan_sources: tailwindcss_oxide::scanner: Discovering "/home/afdal/Laboratorium/PROJECT/extensionadminaksent/src"
2026-02-24T12:41:27.443594Z  INFO scan_sources: tailwindcss_oxide::scanner: Discovering "/home/afdal/Laboratorium/PROJECT/extensionadminaksent/src/hook"
2026-02-24T12:41:27.444092Z  INFO scan_sources: tailwindcss_oxide::scanner: Discovering "/home/afdal/Laboratorium/PROJECT/extensionadminaksent/src/hook/requests"
2026-02-24T12:41:27.444202Z  INFO scan_sources: tailwindcss_oxide::scanner: Discovering "/home/afdal/Laboratorium/PROJECT/extensionadminaksent/src/hook/requests/customer.ts"
2026-02-24T12:41:27.444275Z  INFO scan_sources: tailwindcss_oxide::scanner: Discovering "/home/afdal/Laboratorium/PROJECT/extensionadminaksent/src/components"
2026-02-24T12:41:27.444397Z  INFO scan_sources: tailwindcss_oxide::scanner: Discovering "/home/afdal/Laboratorium/PROJECT/extensionadminaksent/src/components/customer"
2026-02-24T12:41:27.444519Z  INFO scan_sources: tailwindcss_oxide::scanner: Discovering "/home/afdal/Laboratorium/PROJECT/extensionadminaksent/src/components/list"
2026-02-24T12:41:27.444648Z  INFO scan_sources: tailwindcss_oxide::scanner: Discovering "/home/afdal/Laboratorium/PROJECT/extensionadminaksent/src/components/toolbars"
2026-02-24T12:41:27.444784Z  INFO scan_sources: tailwindcss_oxide::scanner: Discovering "/home/afdal/Laboratorium/PROJECT/extensionadminaksent/src/theme"
2026-02-24T12:41:27.444951Z  INFO scan_sources: tailwindcss_oxide::scanner: Discovering "/home/afdal/Laboratorium/PROJECT/extensionadminaksent/src/utils"
2026-02-24T12:41:27.445031Z  INFO scan_sources: tailwindcss_oxide::scanner: Discovering "/home/afdal/Laboratorium/PROJECT/extensionadminaksent/src/utils/cookie.ts"
2026-02-24T12:41:27.445073Z  INFO scan_sources: tailwindcss_oxide::scanner: Discovering "/home/afdal/Laboratorium/PROJECT/extensionadminaksent/src/utils/helpers.ts"
2026-02-24T12:41:27.445175Z  INFO scan_sources: tailwindcss_oxide::scanner: Discovering "/home/afdal/Laboratorium/PROJECT/extensionadminaksent/src/types"
2026-02-24T12:41:27.445296Z  INFO scan_sources: tailwindcss_oxide::scanner: Discovering "/home/afdal/Laboratorium/PROJECT/extensionadminaksent/src/pages"
2026-02-24T12:41:27.445387Z  INFO scan_sources: tailwindcss_oxide::scanner: Discovering "/home/afdal/Laboratorium/PROJECT/extensionadminaksent/src/pages/Customer"
2026-02-24T12:41:27.445524Z  INFO scan_sources: tailwindcss_oxide::scanner: Discovering "/home/afdal/Laboratorium/PROJECT/extensionadminaksent/src/pages/Home"
2026-02-24T12:41:27.445655Z  INFO scan_sources: tailwindcss_oxide::scanner: Discovering "/home/afdal/Laboratorium/PROJECT/extensionadminaksent/src/pages/Validation"
2026-02-24T12:41:27.445768Z  INFO scan_sources: tailwindcss_oxide::scanner: Discovering "/home/afdal/Laboratorium/PROJECT/extensionadminaksent/src/pages/Unpaid"
2026-02-24T12:41:27.445894Z  INFO scan_sources: tailwindcss_oxide::scanner: Discovering "/home/afdal/Laboratorium/PROJECT/extensionadminaksent/src/pages/Payment"
2026-02-24T12:41:27.446177Z  INFO scan_sources: tailwindcss_oxide::scanner: Discovering "/home/afdal/Laboratorium/PROJECT/extensionadminaksent/public"
2026-02-24T12:41:27.446462Z  INFO scan_sources: tailwindcss_oxide::scanner: Discovering "/home/afdal/Laboratorium/PROJECT/extensionadminaksent/android"
2026-02-24T12:41:27.446954Z  INFO scan_sources: tailwindcss_oxide::scanner: Discovering "/home/afdal/Laboratorium/PROJECT/extensionadminaksent/android/.kotlin"
2026-02-24T12:41:27.447044Z  INFO scan_sources: tailwindcss_oxide::scanner: Discovering "/home/afdal/Laboratorium/PROJECT/extensionadminaksent/android/.kotlin/sessions"
2026-02-24T12:41:27.447326Z  INFO scan_sources: tailwindcss_oxide::scanner: Discovering "/home/afdal/Laboratorium/PROJECT/extensionadminaksent/android/gradle"
2026-02-24T12:41:27.447417Z  INFO scan_sources: tailwindcss_oxide::scanner: Discovering "/home/afdal/Laboratorium/PROJECT/extensionadminaksent/android/gradle/wrapper"
2026-02-24T12:41:27.447544Z  INFO scan_sources: tailwindcss_oxide::scanner: Discovering "/home/afdal/Laboratorium/PROJECT/extensionadminaksent/android/app"
2026-02-24T12:41:27.447687Z  INFO scan_sources: tailwindcss_oxide::scanner: Discovering "/home/afdal/Laboratorium/PROJECT/extensionadminaksent/android/app/src"
2026-02-24T12:41:27.447774Z  INFO scan_sources: tailwindcss_oxide::scanner: Discovering "/home/afdal/Laboratorium/PROJECT/extensionadminaksent/android/app/src/main"
2026-02-24T12:41:27.447904Z  INFO scan_sources: tailwindcss_oxide::scanner: Discovering "/home/afdal/Laboratorium/PROJECT/extensionadminaksent/android/app/src/main/res"
2026-02-24T12:41:27.448014Z  INFO scan_sources: tailwindcss_oxide::scanner: Discovering "/home/afdal/Laboratorium/PROJECT/extensionadminaksent/android/app/src/main/res/drawable-land-xhdpi"
2026-02-24T12:41:27.448129Z  INFO scan_sources: tailwindcss_oxide::scanner: Discovering "/home/afdal/Laboratorium/PROJECT/extensionadminaksent/android/app/src/main/res/drawable-land-xxhdpi"
2026-02-24T12:41:27.448239Z  INFO scan_sources: tailwindcss_oxide::scanner: Discovering "/home/afdal/Laboratorium/PROJECT/extensionadminaksent/android/app/src/main/res/drawable-v24"
2026-02-24T12:41:27.448357Z  INFO scan_sources: tailwindcss_oxide::scanner: Discovering "/home/afdal/Laboratorium/PROJECT/extensionadminaksent/android/app/src/main/res/drawable-port-xxxhdpi"
2026-02-24T12:41:27.448457Z  INFO scan_sources: tailwindcss_oxide::scanner: Discovering "/home/afdal/Laboratorium/PROJECT/extensionadminaksent/android/app/src/main/res/drawable-land-xxxhdpi"
2026-02-24T12:41:27.448560Z  INFO scan_sources: tailwindcss_oxide::scanner: Discovering "/home/afdal/Laboratorium/PROJECT/extensionadminaksent/android/app/src/main/res/drawable-port-xxhdpi"
2026-02-24T12:41:27.448658Z  INFO scan_sources: tailwindcss_oxide::scanner: Discovering "/home/afdal/Laboratorium/PROJECT/extensionadminaksent/android/app/src/main/res/mipmap-hdpi"
2026-02-24T12:41:27.448753Z  INFO scan_sources: tailwindcss_oxide::scanner: Discovering "/home/afdal/Laboratorium/PROJECT/extensionadminaksent/android/app/src/main/res/drawable-land-hdpi"
2026-02-24T12:41:27.448848Z  INFO scan_sources: tailwindcss_oxide::scanner: Discovering "/home/afdal/Laboratorium/PROJECT/extensionadminaksent/android/app/src/main/res/xml"
2026-02-24T12:41:27.448952Z  INFO scan_sources: tailwindcss_oxide::scanner: Discovering "/home/afdal/Laboratorium/PROJECT/extensionadminaksent/android/app/src/main/res/mipmap-xhdpi"
2026-02-24T12:41:27.449046Z  INFO scan_sources: tailwindcss_oxide::scanner: Discovering "/home/afdal/Laboratorium/PROJECT/extensionadminaksent/android/app/src/main/res/drawable-land-mdpi"
2026-02-24T12:41:27.449128Z  INFO scan_sources: tailwindcss_oxide::scanner: Discovering "/home/afdal/Laboratorium/PROJECT/extensionadminaksent/android/app/src/main/res/drawable-port-hdpi"
2026-02-24T12:41:27.449211Z  INFO scan_sources: tailwindcss_oxide::scanner: Discovering "/home/afdal/Laboratorium/PROJECT/extensionadminaksent/android/app/src/main/res/mipmap-xxhdpi"
2026-02-24T12:41:27.449303Z  INFO scan_sources: tailwindcss_oxide::scanner: Discovering "/home/afdal/Laboratorium/PROJECT/extensionadminaksent/android/app/src/main/res/mipmap-mdpi"
2026-02-24T12:41:27.449394Z  INFO scan_sources: tailwindcss_oxide::scanner: Discovering "/home/afdal/Laboratorium/PROJECT/extensionadminaksent/android/app/src/main/res/drawable"
2026-02-24T12:41:27.449493Z  INFO scan_sources: tailwindcss_oxide::scanner: Discovering "/home/afdal/Laboratorium/PROJECT/extensionadminaksent/android/app/src/main/res/drawable-port-xhdpi"
2026-02-24T12:41:27.449577Z  INFO scan_sources: tailwindcss_oxide::scanner: Discovering "/home/afdal/Laboratorium/PROJECT/extensionadminaksent/android/app/src/main/res/mipmap-xxxhdpi"
2026-02-24T12:41:27.449670Z  INFO scan_sources: tailwindcss_oxide::scanner: Discovering "/home/afdal/Laboratorium/PROJECT/extensionadminaksent/android/app/src/main/res/layout"
2026-02-24T12:41:27.449763Z  INFO scan_sources: tailwindcss_oxide::scanner: Discovering "/home/afdal/Laboratorium/PROJECT/extensionadminaksent/android/app/src/main/res/mipmap-anydpi-v26"
2026-02-24T12:41:27.449878Z  INFO scan_sources: tailwindcss_oxide::scanner: Discovering "/home/afdal/Laboratorium/PROJECT/extensionadminaksent/android/app/src/main/res/drawable-port-mdpi"
2026-02-24T12:41:27.449964Z  INFO scan_sources: tailwindcss_oxide::scanner: Discovering "/home/afdal/Laboratorium/PROJECT/extensionadminaksent/android/app/src/main/res/values"
2026-02-24T12:41:27.450101Z  INFO scan_sources: tailwindcss_oxide::scanner: Discovering "/home/afdal/Laboratorium/PROJECT/extensionadminaksent/android/app/src/main/java"
2026-02-24T12:41:27.450174Z  INFO scan_sources: tailwindcss_oxide::scanner: Discovering "/home/afdal/Laboratorium/PROJECT/extensionadminaksent/android/app/src/main/java/io"
2026-02-24T12:41:27.450248Z  INFO scan_sources: tailwindcss_oxide::scanner: Discovering "/home/afdal/Laboratorium/PROJECT/extensionadminaksent/android/app/src/main/java/io/ionic"
2026-02-24T12:41:27.450323Z  INFO scan_sources: tailwindcss_oxide::scanner: Discovering "/home/afdal/Laboratorium/PROJECT/extensionadminaksent/android/app/src/main/java/io/ionic/starter"
2026-02-24T12:41:27.450436Z  INFO scan_sources: tailwindcss_oxide::scanner: Discovering "/home/afdal/Laboratorium/PROJECT/extensionadminaksent/android/app/src/main/assets"
2026-02-24T12:41:27.450591Z  INFO scan_sources: tailwindcss_oxide::scanner: Discovering "/home/afdal/Laboratorium/PROJECT/extensionadminaksent/android/app/src/androidTest"
2026-02-24T12:41:27.450663Z  INFO scan_sources: tailwindcss_oxide::scanner: Discovering "/home/afdal/Laboratorium/PROJECT/extensionadminaksent/android/app/src/androidTest/java"
2026-02-24T12:41:27.450736Z  INFO scan_sources: tailwindcss_oxide::scanner: Discovering "/home/afdal/Laboratorium/PROJECT/extensionadminaksent/android/app/src/androidTest/java/com"
2026-02-24T12:41:27.450815Z  INFO scan_sources: tailwindcss_oxide::scanner: Discovering "/home/afdal/Laboratorium/PROJECT/extensionadminaksent/android/app/src/androidTest/java/com/getcapacitor"
2026-02-24T12:41:27.450895Z  INFO scan_sources: tailwindcss_oxide::scanner: Discovering "/home/afdal/Laboratorium/PROJECT/extensionadminaksent/android/app/src/androidTest/java/com/getcapacitor/myapp"
2026-02-24T12:41:27.451009Z  INFO scan_sources: tailwindcss_oxide::scanner: Discovering "/home/afdal/Laboratorium/PROJECT/extensionadminaksent/android/app/src/test"
2026-02-24T12:41:27.451081Z  INFO scan_sources: tailwindcss_oxide::scanner: Discovering "/home/afdal/Laboratorium/PROJECT/extensionadminaksent/android/app/src/test/java"
2026-02-24T12:41:27.451152Z  INFO scan_sources: tailwindcss_oxide::scanner: Discovering "/home/afdal/Laboratorium/PROJECT/extensionadminaksent/android/app/src/test/java/com"
2026-02-24T12:41:27.451226Z  INFO scan_sources: tailwindcss_oxide::scanner: Discovering "/home/afdal/Laboratorium/PROJECT/extensionadminaksent/android/app/src/test/java/com/getcapacitor"
2026-02-24T12:41:27.451299Z  INFO scan_sources: tailwindcss_oxide::scanner: Discovering "/home/afdal/Laboratorium/PROJECT/extensionadminaksent/android/app/src/test/java/com/getcapacitor/myapp"
2026-02-24T12:41:27.451746Z  INFO scan_sources: tailwindcss_oxide::scanner: exit
2026-02-24T12:41:27.451762Z  INFO extract_candidates: tailwindcss_oxide::scanner: enter
2026-02-24T12:41:27.451775Z  INFO extract_candidates:read_all_files: tailwindcss_oxide::scanner: enter
2026-02-24T12:41:27.451784Z  INFO extract_candidates:read_all_files: tailwindcss_oxide::scanner: Reading 3 file(s)
2026-02-24T12:41:27.451871Z  INFO tailwindcss_oxide::scanner: Reading "/home/afdal/Laboratorium/PROJECT/extensionadminaksent/src/utils/cookie.ts"
2026-02-24T12:41:27.451868Z  INFO tailwindcss_oxide::scanner: Reading "/home/afdal/Laboratorium/PROJECT/extensionadminaksent/src/hook/requests/customer.ts"
2026-02-24T12:41:27.451875Z  INFO tailwindcss_oxide::scanner: Reading "/home/afdal/Laboratorium/PROJECT/extensionadminaksent/src/utils/helpers.ts"
2026-02-24T12:41:27.452048Z  INFO extract_candidates:read_all_files: tailwindcss_oxide::scanner: exit
2026-02-24T12:41:27.452067Z  INFO extract_candidates:parse_all_blobs: tailwindcss_oxide::scanner: enter
2026-02-24T12:41:27.452078Z  INFO extract_candidates:parse_all_blobs:extract: tailwindcss_oxide::scanner: enter
2026-02-24T12:41:27.455203Z  INFO extract_candidates:parse_all_blobs:extract: tailwindcss_oxide::scanner: exit
2026-02-24T12:41:27.455227Z  INFO extract_candidates:parse_all_blobs: tailwindcss_oxide::scanner: exit
2026-02-24T12:41:27.455336Z  INFO extract_candidates: tailwindcss_oxide::scanner: exit
2026-02-24T12:41:27.456416Z  INFO get_files: tailwindcss_oxide::scanner: enter
2026-02-24T12:41:27.456432Z  INFO get_files:scan_sources: tailwindcss_oxide::scanner: enter
2026-02-24T12:41:27.456974Z  INFO get_files:scan_sources: tailwindcss_oxide::scanner: Discovering "/home/afdal/Laboratorium/PROJECT/extensionadminaksent/cypress"
2026-02-24T12:41:27.457027Z  INFO get_files:scan_sources: tailwindcss_oxide::scanner: Discovering "/home/afdal/Laboratorium/PROJECT/extensionadminaksent/cypress/fixtures"
2026-02-24T12:41:27.457101Z  INFO get_files:scan_sources: tailwindcss_oxide::scanner: Discovering "/home/afdal/Laboratorium/PROJECT/extensionadminaksent/cypress/e2e"
2026-02-24T12:41:27.457187Z  INFO get_files:scan_sources: tailwindcss_oxide::scanner: Discovering "/home/afdal/Laboratorium/PROJECT/extensionadminaksent/cypress/support"
2026-02-24T12:41:27.457277Z  INFO get_files:scan_sources: tailwindcss_oxide::scanner: Discovering "/home/afdal/Laboratorium/PROJECT/extensionadminaksent/.vscode"
2026-02-24T12:41:27.457398Z  INFO get_files:scan_sources: tailwindcss_oxide::scanner: Discovering "/home/afdal/Laboratorium/PROJECT/extensionadminaksent/src"
2026-02-24T12:41:27.457456Z  INFO get_files:scan_sources: tailwindcss_oxide::scanner: Discovering "/home/afdal/Laboratorium/PROJECT/extensionadminaksent/src/hook"
2026-02-24T12:41:27.457515Z  INFO get_files:scan_sources: tailwindcss_oxide::scanner: Discovering "/home/afdal/Laboratorium/PROJECT/extensionadminaksent/src/hook/requests"
2026-02-24T12:41:27.457596Z  INFO get_files:scan_sources: tailwindcss_oxide::scanner: Discovering "/home/afdal/Laboratorium/PROJECT/extensionadminaksent/src/components"
2026-02-24T12:41:27.457663Z  INFO get_files:scan_sources: tailwindcss_oxide::scanner: Discovering "/home/afdal/Laboratorium/PROJECT/extensionadminaksent/src/components/customer"
2026-02-24T12:41:27.457736Z  INFO get_files:scan_sources: tailwindcss_oxide::scanner: Discovering "/home/afdal/Laboratorium/PROJECT/extensionadminaksent/src/components/list"
2026-02-24T12:41:27.457820Z  INFO get_files:scan_sources: tailwindcss_oxide::scanner: Discovering "/home/afdal/Laboratorium/PROJECT/extensionadminaksent/src/components/toolbars"
2026-02-24T12:41:27.457905Z  INFO get_files:scan_sources: tailwindcss_oxide::scanner: Discovering "/home/afdal/Laboratorium/PROJECT/extensionadminaksent/src/theme"
2026-02-24T12:41:27.457996Z  INFO get_files:scan_sources: tailwindcss_oxide::scanner: Discovering "/home/afdal/Laboratorium/PROJECT/extensionadminaksent/src/utils"
2026-02-24T12:41:27.458100Z  INFO get_files:scan_sources: tailwindcss_oxide::scanner: Discovering "/home/afdal/Laboratorium/PROJECT/extensionadminaksent/src/types"
2026-02-24T12:41:27.458172Z  INFO get_files:scan_sources: tailwindcss_oxide::scanner: Discovering "/home/afdal/Laboratorium/PROJECT/extensionadminaksent/src/pages"
2026-02-24T12:41:27.458225Z  INFO get_files:scan_sources: tailwindcss_oxide::scanner: Discovering "/home/afdal/Laboratorium/PROJECT/extensionadminaksent/src/pages/Customer"
2026-02-24T12:41:27.458338Z  INFO get_files:scan_sources: tailwindcss_oxide::scanner: Discovering "/home/afdal/Laboratorium/PROJECT/extensionadminaksent/src/pages/Home"
2026-02-24T12:41:27.458415Z  INFO get_files:scan_sources: tailwindcss_oxide::scanner: Discovering "/home/afdal/Laboratorium/PROJECT/extensionadminaksent/src/pages/Validation"
2026-02-24T12:41:27.458484Z  INFO get_files:scan_sources: tailwindcss_oxide::scanner: Discovering "/home/afdal/Laboratorium/PROJECT/extensionadminaksent/src/pages/Unpaid"
2026-02-24T12:41:27.458553Z  INFO get_files:scan_sources: tailwindcss_oxide::scanner: Discovering "/home/afdal/Laboratorium/PROJECT/extensionadminaksent/src/pages/Payment"
2026-02-24T12:41:27.458720Z  INFO get_files:scan_sources: tailwindcss_oxide::scanner: Discovering "/home/afdal/Laboratorium/PROJECT/extensionadminaksent/public"
2026-02-24T12:41:27.458882Z  INFO get_files:scan_sources: tailwindcss_oxide::scanner: Discovering "/home/afdal/Laboratorium/PROJECT/extensionadminaksent/android"
2026-02-24T12:41:27.459206Z  INFO get_files:scan_sources: tailwindcss_oxide::scanner: Discovering "/home/afdal/Laboratorium/PROJECT/extensionadminaksent/android/.kotlin"
2026-02-24T12:41:27.459267Z  INFO get_files:scan_sources: tailwindcss_oxide::scanner: Discovering "/home/afdal/Laboratorium/PROJECT/extensionadminaksent/android/.kotlin/sessions"
2026-02-24T12:41:27.459440Z  INFO get_files:scan_sources: tailwindcss_oxide::scanner: Discovering "/home/afdal/Laboratorium/PROJECT/extensionadminaksent/android/gradle"
2026-02-24T12:41:27.459489Z  INFO get_files:scan_sources: tailwindcss_oxide::scanner: Discovering "/home/afdal/Laboratorium/PROJECT/extensionadminaksent/android/gradle/wrapper"
2026-02-24T12:41:27.459571Z  INFO get_files:scan_sources: tailwindcss_oxide::scanner: Discovering "/home/afdal/Laboratorium/PROJECT/extensionadminaksent/android/app"
2026-02-24T12:41:27.459683Z  INFO get_files:scan_sources: tailwindcss_oxide::scanner: Discovering "/home/afdal/Laboratorium/PROJECT/extensionadminaksent/android/app/src"
2026-02-24T12:41:27.459747Z  INFO get_files:scan_sources: tailwindcss_oxide::scanner: Discovering "/home/afdal/Laboratorium/PROJECT/extensionadminaksent/android/app/src/main"
2026-02-24T12:41:27.459830Z  INFO get_files:scan_sources: tailwindcss_oxide::scanner: Discovering "/home/afdal/Laboratorium/PROJECT/extensionadminaksent/android/app/src/main/res"
2026-02-24T12:41:27.459897Z  INFO get_files:scan_sources: tailwindcss_oxide::scanner: Discovering "/home/afdal/Laboratorium/PROJECT/extensionadminaksent/android/app/src/main/res/drawable-land-xhdpi"
2026-02-24T12:41:27.459959Z  INFO get_files:scan_sources: tailwindcss_oxide::scanner: Discovering "/home/afdal/Laboratorium/PROJECT/extensionadminaksent/android/app/src/main/res/drawable-land-xxhdpi"
2026-02-24T12:41:27.460018Z  INFO get_files:scan_sources: tailwindcss_oxide::scanner: Discovering "/home/afdal/Laboratorium/PROJECT/extensionadminaksent/android/app/src/main/res/drawable-v24"
2026-02-24T12:41:27.460088Z  INFO get_files:scan_sources: tailwindcss_oxide::scanner: Discovering "/home/afdal/Laboratorium/PROJECT/extensionadminaksent/android/app/src/main/res/drawable-port-xxxhdpi"
2026-02-24T12:41:27.460146Z  INFO get_files:scan_sources: tailwindcss_oxide::scanner: Discovering "/home/afdal/Laboratorium/PROJECT/extensionadminaksent/android/app/src/main/res/drawable-land-xxxhdpi"
2026-02-24T12:41:27.460204Z  INFO get_files:scan_sources: tailwindcss_oxide::scanner: Discovering "/home/afdal/Laboratorium/PROJECT/extensionadminaksent/android/app/src/main/res/drawable-port-xxhdpi"
2026-02-24T12:41:27.460263Z  INFO get_files:scan_sources: tailwindcss_oxide::scanner: Discovering "/home/afdal/Laboratorium/PROJECT/extensionadminaksent/android/app/src/main/res/mipmap-hdpi"
2026-02-24T12:41:27.460329Z  INFO get_files:scan_sources: tailwindcss_oxide::scanner: Discovering "/home/afdal/Laboratorium/PROJECT/extensionadminaksent/android/app/src/main/res/drawable-land-hdpi"
2026-02-24T12:41:27.460389Z  INFO get_files:scan_sources: tailwindcss_oxide::scanner: Discovering "/home/afdal/Laboratorium/PROJECT/extensionadminaksent/android/app/src/main/res/xml"
2026-02-24T12:41:27.460460Z  INFO get_files:scan_sources: tailwindcss_oxide::scanner: Discovering "/home/afdal/Laboratorium/PROJECT/extensionadminaksent/android/app/src/main/res/mipmap-xhdpi"
2026-02-24T12:41:27.460526Z  INFO get_files:scan_sources: tailwindcss_oxide::scanner: Discovering "/home/afdal/Laboratorium/PROJECT/extensionadminaksent/android/app/src/main/res/drawable-land-mdpi"
2026-02-24T12:41:27.460584Z  INFO get_files:scan_sources: tailwindcss_oxide::scanner: Discovering "/home/afdal/Laboratorium/PROJECT/extensionadminaksent/android/app/src/main/res/drawable-port-hdpi"
2026-02-24T12:41:27.460643Z  INFO get_files:scan_sources: tailwindcss_oxide::scanner: Discovering "/home/afdal/Laboratorium/PROJECT/extensionadminaksent/android/app/src/main/res/mipmap-xxhdpi"
2026-02-24T12:41:27.460708Z  INFO get_files:scan_sources: tailwindcss_oxide::scanner: Discovering "/home/afdal/Laboratorium/PROJECT/extensionadminaksent/android/app/src/main/res/mipmap-mdpi"
2026-02-24T12:41:27.460778Z  INFO get_files:scan_sources: tailwindcss_oxide::scanner: Discovering "/home/afdal/Laboratorium/PROJECT/extensionadminaksent/android/app/src/main/res/drawable"
2026-02-24T12:41:27.460854Z  INFO get_files:scan_sources: tailwindcss_oxide::scanner: Discovering "/home/afdal/Laboratorium/PROJECT/extensionadminaksent/android/app/src/main/res/drawable-port-xhdpi"
2026-02-24T12:41:27.460916Z  INFO get_files:scan_sources: tailwindcss_oxide::scanner: Discovering "/home/afdal/Laboratorium/PROJECT/extensionadminaksent/android/app/src/main/res/mipmap-xxxhdpi"
2026-02-24T12:41:27.460981Z  INFO get_files:scan_sources: tailwindcss_oxide::scanner: Discovering "/home/afdal/Laboratorium/PROJECT/extensionadminaksent/android/app/src/main/res/layout"
2026-02-24T12:41:27.461048Z  INFO get_files:scan_sources: tailwindcss_oxide::scanner: Discovering "/home/afdal/Laboratorium/PROJECT/extensionadminaksent/android/app/src/main/res/mipmap-anydpi-v26"
2026-02-24T12:41:27.461125Z  INFO get_files:scan_sources: tailwindcss_oxide::scanner: Discovering "/home/afdal/Laboratorium/PROJECT/extensionadminaksent/android/app/src/main/res/drawable-port-mdpi"
2026-02-24T12:41:27.461184Z  INFO get_files:scan_sources: tailwindcss_oxide::scanner: Discovering "/home/afdal/Laboratorium/PROJECT/extensionadminaksent/android/app/src/main/res/values"
2026-02-24T12:41:27.461276Z  INFO get_files:scan_sources: tailwindcss_oxide::scanner: Discovering "/home/afdal/Laboratorium/PROJECT/extensionadminaksent/android/app/src/main/java"
2026-02-24T12:41:27.461326Z  INFO get_files:scan_sources: tailwindcss_oxide::scanner: Discovering "/home/afdal/Laboratorium/PROJECT/extensionadminaksent/android/app/src/main/java/io"
2026-02-24T12:41:27.461379Z  INFO get_files:scan_sources: tailwindcss_oxide::scanner: Discovering "/home/afdal/Laboratorium/PROJECT/extensionadminaksent/android/app/src/main/java/io/ionic"
2026-02-24T12:41:27.461435Z  INFO get_files:scan_sources: tailwindcss_oxide::scanner: Discovering "/home/afdal/Laboratorium/PROJECT/extensionadminaksent/android/app/src/main/java/io/ionic/starter"
2026-02-24T12:41:27.461519Z  INFO get_files:scan_sources: tailwindcss_oxide::scanner: Discovering "/home/afdal/Laboratorium/PROJECT/extensionadminaksent/android/app/src/main/assets"
2026-02-24T12:41:27.461627Z  INFO get_files:scan_sources: tailwindcss_oxide::scanner: Discovering "/home/afdal/Laboratorium/PROJECT/extensionadminaksent/android/app/src/androidTest"
2026-02-24T12:41:27.461677Z  INFO get_files:scan_sources: tailwindcss_oxide::scanner: Discovering "/home/afdal/Laboratorium/PROJECT/extensionadminaksent/android/app/src/androidTest/java"
2026-02-24T12:41:27.461729Z  INFO get_files:scan_sources: tailwindcss_oxide::scanner: Discovering "/home/afdal/Laboratorium/PROJECT/extensionadminaksent/android/app/src/androidTest/java/com"
2026-02-24T12:41:27.461782Z  INFO get_files:scan_sources: tailwindcss_oxide::scanner: Discovering "/home/afdal/Laboratorium/PROJECT/extensionadminaksent/android/app/src/androidTest/java/com/getcapacitor"
2026-02-24T12:41:27.461842Z  INFO get_files:scan_sources: tailwindcss_oxide::scanner: Discovering "/home/afdal/Laboratorium/PROJECT/extensionadminaksent/android/app/src/androidTest/java/com/getcapacitor/myapp"
2026-02-24T12:41:27.461931Z  INFO get_files:scan_sources: tailwindcss_oxide::scanner: Discovering "/home/afdal/Laboratorium/PROJECT/extensionadminaksent/android/app/src/test"
2026-02-24T12:41:27.461981Z  INFO get_files:scan_sources: tailwindcss_oxide::scanner: Discovering "/home/afdal/Laboratorium/PROJECT/extensionadminaksent/android/app/src/test/java"
2026-02-24T12:41:27.462032Z  INFO get_files:scan_sources: tailwindcss_oxide::scanner: Discovering "/home/afdal/Laboratorium/PROJECT/extensionadminaksent/android/app/src/test/java/com"
2026-02-24T12:41:27.462086Z  INFO get_files:scan_sources: tailwindcss_oxide::scanner: Discovering "/home/afdal/Laboratorium/PROJECT/extensionadminaksent/android/app/src/test/java/com/getcapacitor"
2026-02-24T12:41:27.462138Z  INFO get_files:scan_sources: tailwindcss_oxide::scanner: Discovering "/home/afdal/Laboratorium/PROJECT/extensionadminaksent/android/app/src/test/java/com/getcapacitor/myapp"
2026-02-24T12:41:27.462470Z  INFO get_files:scan_sources: tailwindcss_oxide::scanner: exit
2026-02-24T12:41:27.462635Z  INFO get_files: tailwindcss_oxide::scanner: exit
2026-02-24T12:41:27.462857Z  INFO get_globs: tailwindcss_oxide::scanner: enter
2026-02-24T12:41:27.462874Z  INFO get_globs: tailwindcss_oxide::scanner: exit
