2026-03-01T11:05:41.654655Z  INFO tailwindcss_oxide::scanner: Provided sources:
2026-03-01T11:05:41.654706Z  INFO tailwindcss_oxide::scanner: Source: PublicSourceEntry { base: "/home/afdal/Laboratorium/PROJECT/extensionadminaksent", pattern: "**/*", negated: false }
2026-03-01T11:05:41.654775Z  INFO tailwindcss_oxide::scanner: Optimized sources:
2026-03-01T11:05:41.654785Z  INFO tailwindcss_oxide::scanner: Source: Auto { base: "/home/afdal/Laboratorium/PROJECT/extensionadminaksent" }
2026-03-01T11:05:44.006328Z  INFO tailwindcss_oxide::scanner: Provided sources:
2026-03-01T11:05:44.007494Z  INFO tailwindcss_oxide::scanner: Source: PublicSourceEntry { base: "/home/afdal/Laboratorium/PROJECT/extensionadminaksent", pattern: "**/*", negated: false }
2026-03-01T11:05:44.007579Z  INFO tailwindcss_oxide::scanner: Optimized sources:
2026-03-01T11:05:44.007588Z  INFO tailwindcss_oxide::scanner: Source: Auto { base: "/home/afdal/Laboratorium/PROJECT/extensionadminaksent" }
2026-03-01T11:05:44.007770Z  INFO scan_sources: tailwindcss_oxide::scanner: enter
2026-03-01T11:05:44.008499Z  INFO scan_sources: tailwindcss_oxide::scanner: Discovering "/home/afdal/Laboratorium/PROJECT/extensionadminaksent/index.html"
2026-03-01T11:05:44.008639Z  INFO scan_sources: tailwindcss_oxide::scanner: Discovering "/home/afdal/Laboratorium/PROJECT/extensionadminaksent/tailwind.config.js"
2026-03-01T11:05:44.008681Z  INFO scan_sources: tailwindcss_oxide::scanner: Discovering "/home/afdal/Laboratorium/PROJECT/extensionadminaksent/.browserslistrc"
2026-03-01T11:05:44.008715Z  INFO scan_sources: tailwindcss_oxide::scanner: Discovering "/home/afdal/Laboratorium/PROJECT/extensionadminaksent/scripts"
2026-03-01T11:05:44.008785Z  INFO scan_sources: tailwindcss_oxide::scanner: Discovering "/home/afdal/Laboratorium/PROJECT/extensionadminaksent/scripts/modify-typeorm.cjs"
2026-03-01T11:05:44.008845Z  INFO scan_sources: tailwindcss_oxide::scanner: Discovering "/home/afdal/Laboratorium/PROJECT/extensionadminaksent/cypress"
2026-03-01T11:05:44.008915Z  INFO scan_sources: tailwindcss_oxide::scanner: Discovering "/home/afdal/Laboratorium/PROJECT/extensionadminaksent/cypress/fixtures"
2026-03-01T11:05:44.008972Z  INFO scan_sources: tailwindcss_oxide::scanner: Discovering "/home/afdal/Laboratorium/PROJECT/extensionadminaksent/cypress/fixtures/example.json"
2026-03-01T11:05:44.009012Z  INFO scan_sources: tailwindcss_oxide::scanner: Discovering "/home/afdal/Laboratorium/PROJECT/extensionadminaksent/cypress/e2e"
2026-03-01T11:05:44.009071Z  INFO scan_sources: tailwindcss_oxide::scanner: Discovering "/home/afdal/Laboratorium/PROJECT/extensionadminaksent/cypress/e2e/test.cy.ts"
2026-03-01T11:05:44.009110Z  INFO scan_sources: tailwindcss_oxide::scanner: Discovering "/home/afdal/Laboratorium/PROJECT/extensionadminaksent/cypress/support"
2026-03-01T11:05:44.009165Z  INFO scan_sources: tailwindcss_oxide::scanner: Discovering "/home/afdal/Laboratorium/PROJECT/extensionadminaksent/cypress/support/e2e.ts"
2026-03-01T11:05:44.009195Z  INFO scan_sources: tailwindcss_oxide::scanner: Discovering "/home/afdal/Laboratorium/PROJECT/extensionadminaksent/cypress/support/commands.ts"
2026-03-01T11:05:44.009252Z  INFO scan_sources: tailwindcss_oxide::scanner: Discovering "/home/afdal/Laboratorium/PROJECT/extensionadminaksent/.vscode"
2026-03-01T11:05:44.009329Z  INFO scan_sources: tailwindcss_oxide::scanner: Discovering "/home/afdal/Laboratorium/PROJECT/extensionadminaksent/.vscode/extensions.json"
2026-03-01T11:05:44.009391Z  INFO scan_sources: tailwindcss_oxide::scanner: Discovering "/home/afdal/Laboratorium/PROJECT/extensionadminaksent/readme.md"
2026-03-01T11:05:44.009422Z  INFO scan_sources: tailwindcss_oxide::scanner: Discovering "/home/afdal/Laboratorium/PROJECT/extensionadminaksent/src"
2026-03-01T11:05:44.009489Z  INFO scan_sources: tailwindcss_oxide::scanner: Discovering "/home/afdal/Laboratorium/PROJECT/extensionadminaksent/src/hook"
2026-03-01T11:05:44.009553Z  INFO scan_sources: tailwindcss_oxide::scanner: Discovering "/home/afdal/Laboratorium/PROJECT/extensionadminaksent/src/hook/requests"
2026-03-01T11:05:44.009629Z  INFO scan_sources: tailwindcss_oxide::scanner: Discovering "/home/afdal/Laboratorium/PROJECT/extensionadminaksent/src/hook/requests/customer.ts"
2026-03-01T11:05:44.009676Z  INFO scan_sources: tailwindcss_oxide::scanner: Discovering "/home/afdal/Laboratorium/PROJECT/extensionadminaksent/src/components"
2026-03-01T11:05:44.009736Z  INFO scan_sources: tailwindcss_oxide::scanner: Discovering "/home/afdal/Laboratorium/PROJECT/extensionadminaksent/src/components/ExploreContainer.css"
2026-03-01T11:05:44.009769Z  INFO scan_sources: tailwindcss_oxide::scanner: Discovering "/home/afdal/Laboratorium/PROJECT/extensionadminaksent/src/components/customer"
2026-03-01T11:05:44.010002Z  INFO scan_sources: tailwindcss_oxide::scanner: Discovering "/home/afdal/Laboratorium/PROJECT/extensionadminaksent/src/components/customer/DetailCardCustomer.tsx"
2026-03-01T11:05:44.010176Z  INFO scan_sources: tailwindcss_oxide::scanner: Discovering "/home/afdal/Laboratorium/PROJECT/extensionadminaksent/src/components/list"
2026-03-01T11:05:44.010343Z  INFO scan_sources: tailwindcss_oxide::scanner: Discovering "/home/afdal/Laboratorium/PROJECT/extensionadminaksent/src/components/list/DataList.tsx"
2026-03-01T11:05:44.010498Z  INFO scan_sources: tailwindcss_oxide::scanner: Discovering "/home/afdal/Laboratorium/PROJECT/extensionadminaksent/src/components/ExploreContainer.tsx"
2026-03-01T11:05:44.010638Z  INFO scan_sources: tailwindcss_oxide::scanner: Discovering "/home/afdal/Laboratorium/PROJECT/extensionadminaksent/src/components/toolbars"
2026-03-01T11:05:44.010784Z  INFO scan_sources: tailwindcss_oxide::scanner: Discovering "/home/afdal/Laboratorium/PROJECT/extensionadminaksent/src/components/toolbars/HeaderFilterChip.tsx"
2026-03-01T11:05:44.010916Z  INFO scan_sources: tailwindcss_oxide::scanner: Discovering "/home/afdal/Laboratorium/PROJECT/extensionadminaksent/src/components/toolbars/TextSearch.tsx"
2026-03-01T11:05:44.011073Z  INFO scan_sources: tailwindcss_oxide::scanner: Discovering "/home/afdal/Laboratorium/PROJECT/extensionadminaksent/src/theme"
2026-03-01T11:05:44.011239Z  INFO scan_sources: tailwindcss_oxide::scanner: Discovering "/home/afdal/Laboratorium/PROJECT/extensionadminaksent/src/theme/variables.css"
2026-03-01T11:05:44.011360Z  INFO scan_sources: tailwindcss_oxide::scanner: Discovering "/home/afdal/Laboratorium/PROJECT/extensionadminaksent/src/theme/global.css"
2026-03-01T11:05:44.011476Z  INFO scan_sources: tailwindcss_oxide::scanner: Discovering "/home/afdal/Laboratorium/PROJECT/extensionadminaksent/src/App.tsx"
2026-03-01T11:05:44.011689Z  INFO scan_sources: tailwindcss_oxide::scanner: Discovering "/home/afdal/Laboratorium/PROJECT/extensionadminaksent/src/utils"
2026-03-01T11:05:44.011976Z  INFO scan_sources: tailwindcss_oxide::scanner: Discovering "/home/afdal/Laboratorium/PROJECT/extensionadminaksent/src/utils/cookie.ts"
2026-03-01T11:05:44.012165Z  INFO scan_sources: tailwindcss_oxide::scanner: Discovering "/home/afdal/Laboratorium/PROJECT/extensionadminaksent/src/utils/helpers.ts"
2026-03-01T11:05:44.012332Z  INFO scan_sources: tailwindcss_oxide::scanner: Discovering "/home/afdal/Laboratorium/PROJECT/extensionadminaksent/src/vite-env.d.ts"
2026-03-01T11:05:44.012490Z  INFO scan_sources: tailwindcss_oxide::scanner: Discovering "/home/afdal/Laboratorium/PROJECT/extensionadminaksent/src/App.test.tsx"
2026-03-01T11:05:44.012686Z  INFO scan_sources: tailwindcss_oxide::scanner: Discovering "/home/afdal/Laboratorium/PROJECT/extensionadminaksent/src/setupTests.ts"
2026-03-01T11:05:44.012883Z  INFO scan_sources: tailwindcss_oxide::scanner: Discovering "/home/afdal/Laboratorium/PROJECT/extensionadminaksent/src/databases"
2026-03-01T11:05:44.013167Z  INFO scan_sources: tailwindcss_oxide::scanner: Discovering "/home/afdal/Laboratorium/PROJECT/extensionadminaksent/src/databases/migrations"
2026-03-01T11:05:44.013558Z  INFO scan_sources: tailwindcss_oxide::scanner: Discovering "/home/afdal/Laboratorium/PROJECT/extensionadminaksent/src/databases/migrations/1772192135876-Init.ts"
2026-03-01T11:05:44.013887Z  INFO scan_sources: tailwindcss_oxide::scanner: Discovering "/home/afdal/Laboratorium/PROJECT/extensionadminaksent/src/databases/data-source.cli.ts"
2026-03-01T11:05:44.014007Z  INFO scan_sources: tailwindcss_oxide::scanner: Discovering "/home/afdal/Laboratorium/PROJECT/extensionadminaksent/src/databases/sqlite-params.ts"
2026-03-01T11:05:44.014062Z  INFO scan_sources: tailwindcss_oxide::scanner: Discovering "/home/afdal/Laboratorium/PROJECT/extensionadminaksent/src/databases/entities"
2026-03-01T11:05:44.014273Z  INFO scan_sources: tailwindcss_oxide::scanner: Discovering "/home/afdal/Laboratorium/PROJECT/extensionadminaksent/src/databases/entities/payment-customer.ts"
2026-03-01T11:05:44.014478Z  INFO scan_sources: tailwindcss_oxide::scanner: Discovering "/home/afdal/Laboratorium/PROJECT/extensionadminaksent/src/databases/data-source.runtime.ts"
2026-03-01T11:05:44.014547Z  INFO scan_sources: tailwindcss_oxide::scanner: Discovering "/home/afdal/Laboratorium/PROJECT/extensionadminaksent/src/databases/utilities.ts"
2026-03-01T11:05:44.014645Z  INFO scan_sources: tailwindcss_oxide::scanner: Discovering "/home/afdal/Laboratorium/PROJECT/extensionadminaksent/src/types"
2026-03-01T11:05:44.014788Z  INFO scan_sources: tailwindcss_oxide::scanner: Discovering "/home/afdal/Laboratorium/PROJECT/extensionadminaksent/src/types/customer.ts"
2026-03-01T11:05:44.014954Z  INFO scan_sources: tailwindcss_oxide::scanner: Discovering "/home/afdal/Laboratorium/PROJECT/extensionadminaksent/src/pages"
2026-03-01T11:05:44.015090Z  INFO scan_sources: tailwindcss_oxide::scanner: Discovering "/home/afdal/Laboratorium/PROJECT/extensionadminaksent/src/pages/Customer"
2026-03-01T11:05:44.015159Z  INFO scan_sources: tailwindcss_oxide::scanner: Discovering "/home/afdal/Laboratorium/PROJECT/extensionadminaksent/src/pages/Customer/Customer.tsx"
2026-03-01T11:05:44.015199Z  INFO scan_sources: tailwindcss_oxide::scanner: Discovering "/home/afdal/Laboratorium/PROJECT/extensionadminaksent/src/pages/Customer/Customer.example"
2026-03-01T11:05:44.015242Z  INFO scan_sources: tailwindcss_oxide::scanner: Discovering "/home/afdal/Laboratorium/PROJECT/extensionadminaksent/src/pages/Home"
2026-03-01T11:05:44.015302Z  INFO scan_sources: tailwindcss_oxide::scanner: Discovering "/home/afdal/Laboratorium/PROJECT/extensionadminaksent/src/pages/Home/Home.css"
2026-03-01T11:05:44.015331Z  INFO scan_sources: tailwindcss_oxide::scanner: Discovering "/home/afdal/Laboratorium/PROJECT/extensionadminaksent/src/pages/Home/Home.tsx"
2026-03-01T11:05:44.015370Z  INFO scan_sources: tailwindcss_oxide::scanner: Discovering "/home/afdal/Laboratorium/PROJECT/extensionadminaksent/src/pages/Validation"
2026-03-01T11:05:44.015427Z  INFO scan_sources: tailwindcss_oxide::scanner: Discovering "/home/afdal/Laboratorium/PROJECT/extensionadminaksent/src/pages/Validation/ValidationPage.tsx"
2026-03-01T11:05:44.015469Z  INFO scan_sources: tailwindcss_oxide::scanner: Discovering "/home/afdal/Laboratorium/PROJECT/extensionadminaksent/src/pages/Unpaid"
2026-03-01T11:05:44.015523Z  INFO scan_sources: tailwindcss_oxide::scanner: Discovering "/home/afdal/Laboratorium/PROJECT/extensionadminaksent/src/pages/Unpaid/Unpaid.tsx"
2026-03-01T11:05:44.015562Z  INFO scan_sources: tailwindcss_oxide::scanner: Discovering "/home/afdal/Laboratorium/PROJECT/extensionadminaksent/src/pages/Payment"
2026-03-01T11:05:44.015615Z  INFO scan_sources: tailwindcss_oxide::scanner: Discovering "/home/afdal/Laboratorium/PROJECT/extensionadminaksent/src/pages/Payment/Payment.tsx"
2026-03-01T11:05:44.015655Z  INFO scan_sources: tailwindcss_oxide::scanner: Discovering "/home/afdal/Laboratorium/PROJECT/extensionadminaksent/src/main.tsx"
2026-03-01T11:05:44.015774Z  INFO scan_sources: tailwindcss_oxide::scanner: Discovering "/home/afdal/Laboratorium/PROJECT/extensionadminaksent/capacitor.config.ts"
2026-03-01T11:05:44.015807Z  INFO scan_sources: tailwindcss_oxide::scanner: Discovering "/home/afdal/Laboratorium/PROJECT/extensionadminaksent/cypress.config.ts"
2026-03-01T11:05:44.016274Z  INFO scan_sources: tailwindcss_oxide::scanner: Discovering "/home/afdal/Laboratorium/PROJECT/extensionadminaksent/package.json"
2026-03-01T11:05:44.016432Z  INFO scan_sources: tailwindcss_oxide::scanner: Discovering "/home/afdal/Laboratorium/PROJECT/extensionadminaksent/vite.config.ts.timestamp-1772340183302-ce57645161e1c.mjs"
2026-03-01T11:05:44.016574Z  INFO scan_sources: tailwindcss_oxide::scanner: Discovering "/home/afdal/Laboratorium/PROJECT/extensionadminaksent/public"
2026-03-01T11:05:44.016753Z  INFO scan_sources: tailwindcss_oxide::scanner: Discovering "/home/afdal/Laboratorium/PROJECT/extensionadminaksent/public/manifest.json"
2026-03-01T11:05:44.016904Z  INFO scan_sources: tailwindcss_oxide::scanner: Discovering "/home/afdal/Laboratorium/PROJECT/extensionadminaksent/public/assets"
2026-03-01T11:05:44.017123Z  INFO scan_sources: tailwindcss_oxide::scanner: Discovering "/home/afdal/Laboratorium/PROJECT/extensionadminaksent/ionic.starter.json"
2026-03-01T11:05:44.017329Z  INFO scan_sources: tailwindcss_oxide::scanner: Discovering "/home/afdal/Laboratorium/PROJECT/extensionadminaksent/eslint.config.js"
2026-03-01T11:05:44.017446Z  INFO scan_sources: tailwindcss_oxide::scanner: Discovering "/home/afdal/Laboratorium/PROJECT/extensionadminaksent/ionic.config.json"
2026-03-01T11:05:44.017559Z  INFO scan_sources: tailwindcss_oxide::scanner: Discovering "/home/afdal/Laboratorium/PROJECT/extensionadminaksent/tsconfig.json"
2026-03-01T11:05:44.017668Z  INFO scan_sources: tailwindcss_oxide::scanner: Discovering "/home/afdal/Laboratorium/PROJECT/extensionadminaksent/sample.md"
2026-03-01T11:05:44.017786Z  INFO scan_sources: tailwindcss_oxide::scanner: Discovering "/home/afdal/Laboratorium/PROJECT/extensionadminaksent/android"
2026-03-01T11:05:44.018278Z  INFO scan_sources: tailwindcss_oxide::scanner: Discovering "/home/afdal/Laboratorium/PROJECT/extensionadminaksent/android/.kotlin"
2026-03-01T11:05:44.018488Z  INFO scan_sources: tailwindcss_oxide::scanner: Discovering "/home/afdal/Laboratorium/PROJECT/extensionadminaksent/android/.kotlin/sessions"
2026-03-01T11:05:44.018666Z  INFO scan_sources: tailwindcss_oxide::scanner: Discovering "/home/afdal/Laboratorium/PROJECT/extensionadminaksent/android/gradlew.bat"
2026-03-01T11:05:44.018905Z  INFO scan_sources: tailwindcss_oxide::scanner: Discovering "/home/afdal/Laboratorium/PROJECT/extensionadminaksent/android/variables.gradle"
2026-03-01T11:05:44.019167Z  INFO scan_sources: tailwindcss_oxide::scanner: Discovering "/home/afdal/Laboratorium/PROJECT/extensionadminaksent/android/build.gradle"
2026-03-01T11:05:44.019406Z  INFO scan_sources: tailwindcss_oxide::scanner: Discovering "/home/afdal/Laboratorium/PROJECT/extensionadminaksent/android/capacitor.settings.gradle"
2026-03-01T11:05:44.020033Z  INFO scan_sources: tailwindcss_oxide::scanner: Discovering "/home/afdal/Laboratorium/PROJECT/extensionadminaksent/android/gradle"
2026-03-01T11:05:44.020619Z  INFO scan_sources: tailwindcss_oxide::scanner: Discovering "/home/afdal/Laboratorium/PROJECT/extensionadminaksent/android/gradle/wrapper"
2026-03-01T11:05:44.020907Z  INFO scan_sources: tailwindcss_oxide::scanner: Discovering "/home/afdal/Laboratorium/PROJECT/extensionadminaksent/android/gradle/wrapper/gradle-wrapper.properties"
2026-03-01T11:05:44.021113Z  INFO scan_sources: tailwindcss_oxide::scanner: Discovering "/home/afdal/Laboratorium/PROJECT/extensionadminaksent/android/settings.gradle"
2026-03-01T11:05:44.021254Z  INFO scan_sources: tailwindcss_oxide::scanner: Discovering "/home/afdal/Laboratorium/PROJECT/extensionadminaksent/android/app"
2026-03-01T11:05:44.021538Z  INFO scan_sources: tailwindcss_oxide::scanner: Discovering "/home/afdal/Laboratorium/PROJECT/extensionadminaksent/android/app/src"
2026-03-01T11:05:44.021800Z  INFO scan_sources: tailwindcss_oxide::scanner: Discovering "/home/afdal/Laboratorium/PROJECT/extensionadminaksent/android/app/src/main"
2026-03-01T11:05:44.022053Z  INFO scan_sources: tailwindcss_oxide::scanner: Discovering "/home/afdal/Laboratorium/PROJECT/extensionadminaksent/android/app/src/main/AndroidManifest.xml.orig"
2026-03-01T11:05:44.022137Z  INFO scan_sources: tailwindcss_oxide::scanner: Discovering "/home/afdal/Laboratorium/PROJECT/extensionadminaksent/android/app/src/main/res"
2026-03-01T11:05:44.022239Z  INFO scan_sources: tailwindcss_oxide::scanner: Discovering "/home/afdal/Laboratorium/PROJECT/extensionadminaksent/android/app/src/main/res/drawable-land-xhdpi"
2026-03-01T11:05:44.022343Z  INFO scan_sources: tailwindcss_oxide::scanner: Discovering "/home/afdal/Laboratorium/PROJECT/extensionadminaksent/android/app/src/main/res/drawable-land-xxhdpi"
2026-03-01T11:05:44.022428Z  INFO scan_sources: tailwindcss_oxide::scanner: Discovering "/home/afdal/Laboratorium/PROJECT/extensionadminaksent/android/app/src/main/res/drawable-v24"
2026-03-01T11:05:44.022503Z  INFO scan_sources: tailwindcss_oxide::scanner: Discovering "/home/afdal/Laboratorium/PROJECT/extensionadminaksent/android/app/src/main/res/drawable-v24/ic_launcher_foreground.xml"
2026-03-01T11:05:44.022560Z  INFO scan_sources: tailwindcss_oxide::scanner: Discovering "/home/afdal/Laboratorium/PROJECT/extensionadminaksent/android/app/src/main/res/drawable-port-xxxhdpi"
2026-03-01T11:05:44.022648Z  INFO scan_sources: tailwindcss_oxide::scanner: Discovering "/home/afdal/Laboratorium/PROJECT/extensionadminaksent/android/app/src/main/res/drawable-land-xxxhdpi"
2026-03-01T11:05:44.022736Z  INFO scan_sources: tailwindcss_oxide::scanner: Discovering "/home/afdal/Laboratorium/PROJECT/extensionadminaksent/android/app/src/main/res/drawable-port-xxhdpi"
2026-03-01T11:05:44.022829Z  INFO scan_sources: tailwindcss_oxide::scanner: Discovering "/home/afdal/Laboratorium/PROJECT/extensionadminaksent/android/app/src/main/res/mipmap-hdpi"
2026-03-01T11:05:44.022934Z  INFO scan_sources: tailwindcss_oxide::scanner: Discovering "/home/afdal/Laboratorium/PROJECT/extensionadminaksent/android/app/src/main/res/drawable-land-hdpi"
2026-03-01T11:05:44.023025Z  INFO scan_sources: tailwindcss_oxide::scanner: Discovering "/home/afdal/Laboratorium/PROJECT/extensionadminaksent/android/app/src/main/res/xml"
2026-03-01T11:05:44.023104Z  INFO scan_sources: tailwindcss_oxide::scanner: Discovering "/home/afdal/Laboratorium/PROJECT/extensionadminaksent/android/app/src/main/res/xml/file_paths.xml"
2026-03-01T11:05:44.023155Z  INFO scan_sources: tailwindcss_oxide::scanner: Discovering "/home/afdal/Laboratorium/PROJECT/extensionadminaksent/android/app/src/main/res/mipmap-xhdpi"
2026-03-01T11:05:44.023242Z  INFO scan_sources: tailwindcss_oxide::scanner: Discovering "/home/afdal/Laboratorium/PROJECT/extensionadminaksent/android/app/src/main/res/drawable-land-mdpi"
2026-03-01T11:05:44.023319Z  INFO scan_sources: tailwindcss_oxide::scanner: Discovering "/home/afdal/Laboratorium/PROJECT/extensionadminaksent/android/app/src/main/res/drawable-port-hdpi"
2026-03-01T11:05:44.023390Z  INFO scan_sources: tailwindcss_oxide::scanner: Discovering "/home/afdal/Laboratorium/PROJECT/extensionadminaksent/android/app/src/main/res/mipmap-xxhdpi"
2026-03-01T11:05:44.023489Z  INFO scan_sources: tailwindcss_oxide::scanner: Discovering "/home/afdal/Laboratorium/PROJECT/extensionadminaksent/android/app/src/main/res/mipmap-mdpi"
2026-03-01T11:05:44.023573Z  INFO scan_sources: tailwindcss_oxide::scanner: Discovering "/home/afdal/Laboratorium/PROJECT/extensionadminaksent/android/app/src/main/res/drawable"
2026-03-01T11:05:44.023638Z  INFO scan_sources: tailwindcss_oxide::scanner: Discovering "/home/afdal/Laboratorium/PROJECT/extensionadminaksent/android/app/src/main/res/drawable/ic_launcher_background.xml"
2026-03-01T11:05:44.023682Z  INFO scan_sources: tailwindcss_oxide::scanner: Discovering "/home/afdal/Laboratorium/PROJECT/extensionadminaksent/android/app/src/main/res/drawable-port-xhdpi"
2026-03-01T11:05:44.023786Z  INFO scan_sources: tailwindcss_oxide::scanner: Discovering "/home/afdal/Laboratorium/PROJECT/extensionadminaksent/android/app/src/main/res/mipmap-xxxhdpi"
2026-03-01T11:05:44.024034Z  INFO scan_sources: tailwindcss_oxide::scanner: Discovering "/home/afdal/Laboratorium/PROJECT/extensionadminaksent/android/app/src/main/res/layout"
2026-03-01T11:05:44.024214Z  INFO scan_sources: tailwindcss_oxide::scanner: Discovering "/home/afdal/Laboratorium/PROJECT/extensionadminaksent/android/app/src/main/res/layout/activity_main.xml"
2026-03-01T11:05:44.024392Z  INFO scan_sources: tailwindcss_oxide::scanner: Discovering "/home/afdal/Laboratorium/PROJECT/extensionadminaksent/android/app/src/main/res/mipmap-anydpi-v26"
2026-03-01T11:05:44.024563Z  INFO scan_sources: tailwindcss_oxide::scanner: Discovering "/home/afdal/Laboratorium/PROJECT/extensionadminaksent/android/app/src/main/res/mipmap-anydpi-v26/ic_launcher_round.xml"
2026-03-01T11:05:44.024633Z  INFO scan_sources: tailwindcss_oxide::scanner: Discovering "/home/afdal/Laboratorium/PROJECT/extensionadminaksent/android/app/src/main/res/mipmap-anydpi-v26/ic_launcher.xml"
2026-03-01T11:05:44.024693Z  INFO scan_sources: tailwindcss_oxide::scanner: Discovering "/home/afdal/Laboratorium/PROJECT/extensionadminaksent/android/app/src/main/res/drawable-port-mdpi"
2026-03-01T11:05:44.024784Z  INFO scan_sources: tailwindcss_oxide::scanner: Discovering "/home/afdal/Laboratorium/PROJECT/extensionadminaksent/android/app/src/main/res/values"
2026-03-01T11:05:44.024866Z  INFO scan_sources: tailwindcss_oxide::scanner: Discovering "/home/afdal/Laboratorium/PROJECT/extensionadminaksent/android/app/src/main/res/values/strings.xml"
2026-03-01T11:05:44.024912Z  INFO scan_sources: tailwindcss_oxide::scanner: Discovering "/home/afdal/Laboratorium/PROJECT/extensionadminaksent/android/app/src/main/res/values/ic_launcher_background.xml"
2026-03-01T11:05:44.024947Z  INFO scan_sources: tailwindcss_oxide::scanner: Discovering "/home/afdal/Laboratorium/PROJECT/extensionadminaksent/android/app/src/main/res/values/styles.xml"
2026-03-01T11:05:44.025013Z  INFO scan_sources: tailwindcss_oxide::scanner: Discovering "/home/afdal/Laboratorium/PROJECT/extensionadminaksent/android/app/src/main/java"
2026-03-01T11:05:44.025089Z  INFO scan_sources: tailwindcss_oxide::scanner: Discovering "/home/afdal/Laboratorium/PROJECT/extensionadminaksent/android/app/src/main/java/io"
2026-03-01T11:05:44.025162Z  INFO scan_sources: tailwindcss_oxide::scanner: Discovering "/home/afdal/Laboratorium/PROJECT/extensionadminaksent/android/app/src/main/java/io/ionic"
2026-03-01T11:05:44.025245Z  INFO scan_sources: tailwindcss_oxide::scanner: Discovering "/home/afdal/Laboratorium/PROJECT/extensionadminaksent/android/app/src/main/java/io/ionic/starter"
2026-03-01T11:05:44.025328Z  INFO scan_sources: tailwindcss_oxide::scanner: Discovering "/home/afdal/Laboratorium/PROJECT/extensionadminaksent/android/app/src/main/java/io/ionic/starter/MainActivity.java"
2026-03-01T11:05:44.025401Z  INFO scan_sources: tailwindcss_oxide::scanner: Discovering "/home/afdal/Laboratorium/PROJECT/extensionadminaksent/android/app/src/main/assets"
2026-03-01T11:05:44.025546Z  INFO scan_sources: tailwindcss_oxide::scanner: Discovering "/home/afdal/Laboratorium/PROJECT/extensionadminaksent/android/app/src/main/AndroidManifest.xml"
2026-03-01T11:05:44.025598Z  INFO scan_sources: tailwindcss_oxide::scanner: Discovering "/home/afdal/Laboratorium/PROJECT/extensionadminaksent/android/app/src/androidTest"
2026-03-01T11:05:44.025666Z  INFO scan_sources: tailwindcss_oxide::scanner: Discovering "/home/afdal/Laboratorium/PROJECT/extensionadminaksent/android/app/src/androidTest/java"
2026-03-01T11:05:44.025739Z  INFO scan_sources: tailwindcss_oxide::scanner: Discovering "/home/afdal/Laboratorium/PROJECT/extensionadminaksent/android/app/src/androidTest/java/com"
2026-03-01T11:05:44.025833Z  INFO scan_sources: tailwindcss_oxide::scanner: Discovering "/home/afdal/Laboratorium/PROJECT/extensionadminaksent/android/app/src/androidTest/java/com/getcapacitor"
2026-03-01T11:05:44.025919Z  INFO scan_sources: tailwindcss_oxide::scanner: Discovering "/home/afdal/Laboratorium/PROJECT/extensionadminaksent/android/app/src/androidTest/java/com/getcapacitor/myapp"
2026-03-01T11:05:44.025997Z  INFO scan_sources: tailwindcss_oxide::scanner: Discovering "/home/afdal/Laboratorium/PROJECT/extensionadminaksent/android/app/src/androidTest/java/com/getcapacitor/myapp/ExampleInstrumentedTest.java"
2026-03-01T11:05:44.026132Z  INFO scan_sources: tailwindcss_oxide::scanner: Discovering "/home/afdal/Laboratorium/PROJECT/extensionadminaksent/android/app/src/test"
2026-03-01T11:05:44.026216Z  INFO scan_sources: tailwindcss_oxide::scanner: Discovering "/home/afdal/Laboratorium/PROJECT/extensionadminaksent/android/app/src/test/java"
2026-03-01T11:05:44.026284Z  INFO scan_sources: tailwindcss_oxide::scanner: Discovering "/home/afdal/Laboratorium/PROJECT/extensionadminaksent/android/app/src/test/java/com"
2026-03-01T11:05:44.026360Z  INFO scan_sources: tailwindcss_oxide::scanner: Discovering "/home/afdal/Laboratorium/PROJECT/extensionadminaksent/android/app/src/test/java/com/getcapacitor"
2026-03-01T11:05:44.026430Z  INFO scan_sources: tailwindcss_oxide::scanner: Discovering "/home/afdal/Laboratorium/PROJECT/extensionadminaksent/android/app/src/test/java/com/getcapacitor/myapp"
2026-03-01T11:05:44.026498Z  INFO scan_sources: tailwindcss_oxide::scanner: Discovering "/home/afdal/Laboratorium/PROJECT/extensionadminaksent/android/app/src/test/java/com/getcapacitor/myapp/ExampleUnitTest.java"
2026-03-01T11:05:44.026580Z  INFO scan_sources: tailwindcss_oxide::scanner: Discovering "/home/afdal/Laboratorium/PROJECT/extensionadminaksent/android/app/build.gradle"
2026-03-01T11:05:44.026620Z  INFO scan_sources: tailwindcss_oxide::scanner: Discovering "/home/afdal/Laboratorium/PROJECT/extensionadminaksent/android/app/proguard-rules.pro"
2026-03-01T11:05:44.026649Z  INFO scan_sources: tailwindcss_oxide::scanner: Discovering "/home/afdal/Laboratorium/PROJECT/extensionadminaksent/android/app/capacitor.build.gradle"
2026-03-01T11:05:44.026752Z  INFO scan_sources: tailwindcss_oxide::scanner: Discovering "/home/afdal/Laboratorium/PROJECT/extensionadminaksent/android/gradle.properties"
2026-03-01T11:05:44.026840Z  INFO scan_sources: tailwindcss_oxide::scanner: Discovering "/home/afdal/Laboratorium/PROJECT/extensionadminaksent/android/gradlew"
2026-03-01T11:05:44.026992Z  INFO scan_sources: tailwindcss_oxide::scanner: Discovering "/home/afdal/Laboratorium/PROJECT/extensionadminaksent/vite.config.ts"
2026-03-01T11:05:44.027054Z  INFO scan_sources: tailwindcss_oxide::scanner: Discovering "/home/afdal/Laboratorium/PROJECT/extensionadminaksent/tsconfig.node.json"
2026-03-01T11:05:44.027157Z  INFO scan_sources: tailwindcss_oxide::scanner: exit
2026-03-01T11:05:44.027177Z  INFO extract_candidates: tailwindcss_oxide::scanner: enter
2026-03-01T11:05:44.027197Z  INFO extract_candidates:read_all_files: tailwindcss_oxide::scanner: enter
2026-03-01T11:05:44.027208Z  INFO extract_candidates:read_all_files: tailwindcss_oxide::scanner: Reading 73 file(s)
2026-03-01T11:05:44.027665Z  INFO tailwindcss_oxide::scanner: Reading "/home/afdal/Laboratorium/PROJECT/extensionadminaksent/index.html"
2026-03-01T11:05:44.027666Z  INFO tailwindcss_oxide::scanner: Reading "/home/afdal/Laboratorium/PROJECT/extensionadminaksent/capacitor.config.ts"
2026-03-01T11:05:44.027909Z  INFO tailwindcss_oxide::scanner: Reading "/home/afdal/Laboratorium/PROJECT/extensionadminaksent/cypress.config.ts"
2026-03-01T11:05:44.027940Z  INFO tailwindcss_oxide::scanner: Reading "/home/afdal/Laboratorium/PROJECT/extensionadminaksent/package.json"
2026-03-01T11:05:44.027988Z  INFO tailwindcss_oxide::scanner: Reading "/home/afdal/Laboratorium/PROJECT/extensionadminaksent/vite.config.ts.timestamp-1772340183302-ce57645161e1c.mjs"
2026-03-01T11:05:44.027696Z  INFO tailwindcss_oxide::scanner: Reading "/home/afdal/Laboratorium/PROJECT/extensionadminaksent/src/utils/helpers.ts"
2026-03-01T11:05:44.027842Z  INFO tailwindcss_oxide::scanner: Reading "/home/afdal/Laboratorium/PROJECT/extensionadminaksent/readme.md"
2026-03-01T11:05:44.027878Z  INFO tailwindcss_oxide::scanner: Reading "/home/afdal/Laboratorium/PROJECT/extensionadminaksent/tailwind.config.js"
2026-03-01T11:05:44.028024Z  INFO tailwindcss_oxide::scanner: Reading "/home/afdal/Laboratorium/PROJECT/extensionadminaksent/public/manifest.json"
2026-03-01T11:05:44.028064Z  INFO tailwindcss_oxide::scanner: Reading "/home/afdal/Laboratorium/PROJECT/extensionadminaksent/.browserslistrc"
2026-03-01T11:05:44.028076Z  INFO tailwindcss_oxide::scanner: Reading "/home/afdal/Laboratorium/PROJECT/extensionadminaksent/ionic.starter.json"
2026-03-01T11:05:44.028108Z  INFO tailwindcss_oxide::scanner: Reading "/home/afdal/Laboratorium/PROJECT/extensionadminaksent/scripts/modify-typeorm.cjs"
2026-03-01T11:05:44.028115Z  INFO tailwindcss_oxide::scanner: Reading "/home/afdal/Laboratorium/PROJECT/extensionadminaksent/eslint.config.js"
2026-03-01T11:05:44.028141Z  INFO tailwindcss_oxide::scanner: Reading "/home/afdal/Laboratorium/PROJECT/extensionadminaksent/ionic.config.json"
2026-03-01T11:05:44.028142Z  INFO tailwindcss_oxide::scanner: Reading "/home/afdal/Laboratorium/PROJECT/extensionadminaksent/cypress/fixtures/example.json"
2026-03-01T11:05:44.028171Z  INFO tailwindcss_oxide::scanner: Reading "/home/afdal/Laboratorium/PROJECT/extensionadminaksent/cypress/e2e/test.cy.ts"
2026-03-01T11:05:44.028195Z  INFO tailwindcss_oxide::scanner: Reading "/home/afdal/Laboratorium/PROJECT/extensionadminaksent/cypress/support/e2e.ts"
2026-03-01T11:05:44.028217Z  INFO tailwindcss_oxide::scanner: Reading "/home/afdal/Laboratorium/PROJECT/extensionadminaksent/cypress/support/commands.ts"
2026-03-01T11:05:44.028247Z  INFO tailwindcss_oxide::scanner: Reading "/home/afdal/Laboratorium/PROJECT/extensionadminaksent/.vscode/extensions.json"
2026-03-01T11:05:44.028276Z  INFO tailwindcss_oxide::scanner: Reading "/home/afdal/Laboratorium/PROJECT/extensionadminaksent/src/databases/utilities.ts"
2026-03-01T11:05:44.028288Z  INFO tailwindcss_oxide::scanner: Reading "/home/afdal/Laboratorium/PROJECT/extensionadminaksent/tsconfig.json"
2026-03-01T11:05:44.028309Z  INFO tailwindcss_oxide::scanner: Reading "/home/afdal/Laboratorium/PROJECT/extensionadminaksent/src/types/customer.ts"
2026-03-01T11:05:44.028336Z  INFO tailwindcss_oxide::scanner: Reading "/home/afdal/Laboratorium/PROJECT/extensionadminaksent/sample.md"
2026-03-01T11:05:44.028344Z  INFO tailwindcss_oxide::scanner: Reading "/home/afdal/Laboratorium/PROJECT/extensionadminaksent/src/pages/Customer/Customer.tsx"
2026-03-01T11:05:44.028390Z  INFO tailwindcss_oxide::scanner: Reading "/home/afdal/Laboratorium/PROJECT/extensionadminaksent/android/gradlew.bat"
2026-03-01T11:05:44.028438Z  INFO tailwindcss_oxide::scanner: Reading "/home/afdal/Laboratorium/PROJECT/extensionadminaksent/src/pages/Customer/Customer.example"
2026-03-01T11:05:44.028510Z  INFO tailwindcss_oxide::scanner: Reading "/home/afdal/Laboratorium/PROJECT/extensionadminaksent/android/variables.gradle"
2026-03-01T11:05:44.028542Z  INFO tailwindcss_oxide::scanner: Reading "/home/afdal/Laboratorium/PROJECT/extensionadminaksent/android/build.gradle"
2026-03-01T11:05:44.028552Z  INFO tailwindcss_oxide::scanner: Reading "/home/afdal/Laboratorium/PROJECT/extensionadminaksent/src/pages/Home/Home.tsx"
2026-03-01T11:05:44.028570Z  INFO tailwindcss_oxide::scanner: Reading "/home/afdal/Laboratorium/PROJECT/extensionadminaksent/android/capacitor.settings.gradle"
2026-03-01T11:05:44.028582Z  INFO tailwindcss_oxide::scanner: Reading "/home/afdal/Laboratorium/PROJECT/extensionadminaksent/src/pages/Validation/ValidationPage.tsx"
2026-03-01T11:05:44.028605Z  INFO tailwindcss_oxide::scanner: Reading "/home/afdal/Laboratorium/PROJECT/extensionadminaksent/android/gradle/wrapper/gradle-wrapper.properties"
2026-03-01T11:05:44.028634Z  INFO tailwindcss_oxide::scanner: Reading "/home/afdal/Laboratorium/PROJECT/extensionadminaksent/android/settings.gradle"
2026-03-01T11:05:44.028684Z  INFO tailwindcss_oxide::scanner: Reading "/home/afdal/Laboratorium/PROJECT/extensionadminaksent/android/app/src/main/AndroidManifest.xml.orig"
2026-03-01T11:05:44.028684Z  INFO tailwindcss_oxide::scanner: Reading "/home/afdal/Laboratorium/PROJECT/extensionadminaksent/src/pages/Unpaid/Unpaid.tsx"
2026-03-01T11:05:44.028728Z  INFO tailwindcss_oxide::scanner: Reading "/home/afdal/Laboratorium/PROJECT/extensionadminaksent/android/app/src/main/res/drawable-v24/ic_launcher_foreground.xml"
2026-03-01T11:05:44.028772Z  INFO tailwindcss_oxide::scanner: Reading "/home/afdal/Laboratorium/PROJECT/extensionadminaksent/android/app/src/main/res/xml/file_paths.xml"
2026-03-01T11:05:44.028877Z  INFO tailwindcss_oxide::scanner: Reading "/home/afdal/Laboratorium/PROJECT/extensionadminaksent/android/app/src/main/res/drawable/ic_launcher_background.xml"
2026-03-01T11:05:44.028988Z  INFO tailwindcss_oxide::scanner: Reading "/home/afdal/Laboratorium/PROJECT/extensionadminaksent/android/app/src/main/res/layout/activity_main.xml"
2026-03-01T11:05:44.029037Z  INFO tailwindcss_oxide::scanner: Reading "/home/afdal/Laboratorium/PROJECT/extensionadminaksent/android/app/src/main/res/mipmap-anydpi-v26/ic_launcher_round.xml"
2026-03-01T11:05:44.029039Z  INFO tailwindcss_oxide::scanner: Reading "/home/afdal/Laboratorium/PROJECT/extensionadminaksent/src/vite-env.d.ts"
2026-03-01T11:05:44.029072Z  INFO tailwindcss_oxide::scanner: Reading "/home/afdal/Laboratorium/PROJECT/extensionadminaksent/android/app/src/main/res/mipmap-anydpi-v26/ic_launcher.xml"
2026-03-01T11:05:44.029078Z  INFO tailwindcss_oxide::scanner: Reading "/home/afdal/Laboratorium/PROJECT/extensionadminaksent/src/App.test.tsx"
2026-03-01T11:05:44.029109Z  INFO tailwindcss_oxide::scanner: Reading "/home/afdal/Laboratorium/PROJECT/extensionadminaksent/android/app/src/main/res/values/strings.xml"
2026-03-01T11:05:44.029112Z  INFO tailwindcss_oxide::scanner: Reading "/home/afdal/Laboratorium/PROJECT/extensionadminaksent/src/setupTests.ts"
2026-03-01T11:05:44.029154Z  INFO tailwindcss_oxide::scanner: Reading "/home/afdal/Laboratorium/PROJECT/extensionadminaksent/android/app/src/main/res/values/ic_launcher_background.xml"
2026-03-01T11:05:44.029160Z  INFO tailwindcss_oxide::scanner: Reading "/home/afdal/Laboratorium/PROJECT/extensionadminaksent/src/databases/migrations/1772192135876-Init.ts"
2026-03-01T11:05:44.029195Z  INFO tailwindcss_oxide::scanner: Reading "/home/afdal/Laboratorium/PROJECT/extensionadminaksent/android/app/src/main/res/values/styles.xml"
2026-03-01T11:05:44.029234Z  INFO tailwindcss_oxide::scanner: Reading "/home/afdal/Laboratorium/PROJECT/extensionadminaksent/src/databases/data-source.cli.ts"
2026-03-01T11:05:44.029245Z  INFO tailwindcss_oxide::scanner: Reading "/home/afdal/Laboratorium/PROJECT/extensionadminaksent/android/app/src/main/java/io/ionic/starter/MainActivity.java"
2026-03-01T11:05:44.029283Z  INFO tailwindcss_oxide::scanner: Reading "/home/afdal/Laboratorium/PROJECT/extensionadminaksent/src/databases/sqlite-params.ts"
2026-03-01T11:05:44.029301Z  INFO tailwindcss_oxide::scanner: Reading "/home/afdal/Laboratorium/PROJECT/extensionadminaksent/android/app/src/main/AndroidManifest.xml"
2026-03-01T11:05:44.029329Z  INFO tailwindcss_oxide::scanner: Reading "/home/afdal/Laboratorium/PROJECT/extensionadminaksent/src/databases/entities/payment-customer.ts"
2026-03-01T11:05:44.029340Z  INFO tailwindcss_oxide::scanner: Reading "/home/afdal/Laboratorium/PROJECT/extensionadminaksent/android/app/src/androidTest/java/com/getcapacitor/myapp/ExampleInstrumentedTest.java"
2026-03-01T11:05:44.029371Z  INFO tailwindcss_oxide::scanner: Reading "/home/afdal/Laboratorium/PROJECT/extensionadminaksent/src/databases/data-source.runtime.ts"
2026-03-01T11:05:44.029393Z  INFO tailwindcss_oxide::scanner: Reading "/home/afdal/Laboratorium/PROJECT/extensionadminaksent/android/app/src/test/java/com/getcapacitor/myapp/ExampleUnitTest.java"
2026-03-01T11:05:44.029479Z  INFO tailwindcss_oxide::scanner: Reading "/home/afdal/Laboratorium/PROJECT/extensionadminaksent/android/app/build.gradle"
2026-03-01T11:05:44.029542Z  INFO tailwindcss_oxide::scanner: Reading "/home/afdal/Laboratorium/PROJECT/extensionadminaksent/android/app/capacitor.build.gradle"
2026-03-01T11:05:44.029665Z  INFO tailwindcss_oxide::scanner: Reading "/home/afdal/Laboratorium/PROJECT/extensionadminaksent/android/gradle.properties"
2026-03-01T11:05:44.029847Z  INFO tailwindcss_oxide::scanner: Reading "/home/afdal/Laboratorium/PROJECT/extensionadminaksent/android/gradlew"
2026-03-01T11:05:44.029970Z  INFO tailwindcss_oxide::scanner: Reading "/home/afdal/Laboratorium/PROJECT/extensionadminaksent/android/app/proguard-rules.pro"
2026-03-01T11:05:44.030086Z  INFO tailwindcss_oxide::scanner: Reading "/home/afdal/Laboratorium/PROJECT/extensionadminaksent/src/components/ExploreContainer.tsx"
2026-03-01T11:05:44.030123Z  INFO tailwindcss_oxide::scanner: Reading "/home/afdal/Laboratorium/PROJECT/extensionadminaksent/src/hook/requests/customer.ts"
2026-03-01T11:05:44.030124Z  INFO tailwindcss_oxide::scanner: Reading "/home/afdal/Laboratorium/PROJECT/extensionadminaksent/src/components/toolbars/HeaderFilterChip.tsx"
2026-03-01T11:05:44.030164Z  INFO tailwindcss_oxide::scanner: Reading "/home/afdal/Laboratorium/PROJECT/extensionadminaksent/src/components/toolbars/TextSearch.tsx"
2026-03-01T11:05:44.030180Z  INFO tailwindcss_oxide::scanner: Reading "/home/afdal/Laboratorium/PROJECT/extensionadminaksent/src/components/customer/DetailCardCustomer.tsx"
2026-03-01T11:05:44.030193Z  INFO tailwindcss_oxide::scanner: Reading "/home/afdal/Laboratorium/PROJECT/extensionadminaksent/src/App.tsx"
2026-03-01T11:05:44.030210Z  INFO tailwindcss_oxide::scanner: Reading "/home/afdal/Laboratorium/PROJECT/extensionadminaksent/src/components/list/DataList.tsx"
2026-03-01T11:05:44.030226Z  INFO tailwindcss_oxide::scanner: Reading "/home/afdal/Laboratorium/PROJECT/extensionadminaksent/src/utils/cookie.ts"
2026-03-01T11:05:44.030241Z  INFO tailwindcss_oxide::scanner: Reading "/home/afdal/Laboratorium/PROJECT/extensionadminaksent/tsconfig.node.json"
2026-03-01T11:05:44.030262Z  INFO tailwindcss_oxide::scanner: Reading "/home/afdal/Laboratorium/PROJECT/extensionadminaksent/src/main.tsx"
2026-03-01T11:05:44.028872Z  INFO tailwindcss_oxide::scanner: Reading "/home/afdal/Laboratorium/PROJECT/extensionadminaksent/src/pages/Payment/Payment.tsx"
2026-03-01T11:05:44.030010Z  INFO tailwindcss_oxide::scanner: Reading "/home/afdal/Laboratorium/PROJECT/extensionadminaksent/vite.config.ts"
2026-03-01T11:05:44.030713Z  INFO extract_candidates:read_all_files: tailwindcss_oxide::scanner: exit
2026-03-01T11:05:44.030738Z  INFO extract_candidates:parse_all_blobs: tailwindcss_oxide::scanner: enter
2026-03-01T11:05:44.030749Z  INFO extract_candidates:parse_all_blobs:extract: tailwindcss_oxide::scanner: enter
2026-03-01T11:05:44.040715Z  INFO extract_candidates:parse_all_blobs:extract: tailwindcss_oxide::scanner: exit
2026-03-01T11:05:44.040783Z  INFO extract_candidates:parse_all_blobs: tailwindcss_oxide::scanner: exit
2026-03-01T11:05:44.040796Z  INFO extract_candidates:read_all_files: tailwindcss_oxide::scanner: enter
2026-03-01T11:05:44.040804Z  INFO extract_candidates:read_all_files: tailwindcss_oxide::scanner: Reading 4 file(s)
2026-03-01T11:05:44.040895Z  INFO tailwindcss_oxide::scanner: Reading "/home/afdal/Laboratorium/PROJECT/extensionadminaksent/src/components/ExploreContainer.css"
2026-03-01T11:05:44.040925Z  INFO tailwindcss_oxide::scanner: Reading "/home/afdal/Laboratorium/PROJECT/extensionadminaksent/src/theme/variables.css"
2026-03-01T11:05:44.040947Z  INFO tailwindcss_oxide::scanner: Reading "/home/afdal/Laboratorium/PROJECT/extensionadminaksent/src/theme/global.css"
2026-03-01T11:05:44.040968Z  INFO tailwindcss_oxide::scanner: Reading "/home/afdal/Laboratorium/PROJECT/extensionadminaksent/src/pages/Home/Home.css"
2026-03-01T11:05:44.041257Z  INFO extract_candidates:read_all_files: tailwindcss_oxide::scanner: exit
2026-03-01T11:05:44.041271Z  INFO extract_candidates:extract_css_variables: tailwindcss_oxide::scanner: enter
2026-03-01T11:05:44.041281Z  INFO extract_candidates:extract_css_variables:extract: tailwindcss_oxide::scanner: enter
2026-03-01T11:05:44.041807Z  INFO extract_candidates:extract_css_variables:extract: tailwindcss_oxide::scanner: exit
2026-03-01T11:05:44.041854Z  INFO extract_candidates:extract_css_variables: tailwindcss_oxide::scanner: exit
2026-03-01T11:05:44.043079Z  INFO extract_candidates: tailwindcss_oxide::scanner: exit
2026-03-01T11:05:44.046606Z  INFO get_files: tailwindcss_oxide::scanner: enter
2026-03-01T11:05:44.046692Z  INFO get_files:scan_sources: tailwindcss_oxide::scanner: enter
2026-03-01T11:05:44.048558Z  INFO get_files:scan_sources: tailwindcss_oxide::scanner: Discovering "/home/afdal/Laboratorium/PROJECT/extensionadminaksent/scripts"
2026-03-01T11:05:44.048927Z  INFO get_files:scan_sources: tailwindcss_oxide::scanner: Discovering "/home/afdal/Laboratorium/PROJECT/extensionadminaksent/cypress"
2026-03-01T11:05:44.049181Z  INFO get_files:scan_sources: tailwindcss_oxide::scanner: Discovering "/home/afdal/Laboratorium/PROJECT/extensionadminaksent/cypress/fixtures"
2026-03-01T11:05:44.049439Z  INFO get_files:scan_sources: tailwindcss_oxide::scanner: Discovering "/home/afdal/Laboratorium/PROJECT/extensionadminaksent/cypress/e2e"
2026-03-01T11:05:44.049663Z  INFO get_files:scan_sources: tailwindcss_oxide::scanner: Discovering "/home/afdal/Laboratorium/PROJECT/extensionadminaksent/cypress/support"
2026-03-01T11:05:44.049932Z  INFO get_files:scan_sources: tailwindcss_oxide::scanner: Discovering "/home/afdal/Laboratorium/PROJECT/extensionadminaksent/.vscode"
2026-03-01T11:05:44.050241Z  INFO get_files:scan_sources: tailwindcss_oxide::scanner: Discovering "/home/afdal/Laboratorium/PROJECT/extensionadminaksent/src"
2026-03-01T11:05:44.050484Z  INFO get_files:scan_sources: tailwindcss_oxide::scanner: Discovering "/home/afdal/Laboratorium/PROJECT/extensionadminaksent/src/hook"
2026-03-01T11:05:44.050680Z  INFO get_files:scan_sources: tailwindcss_oxide::scanner: Discovering "/home/afdal/Laboratorium/PROJECT/extensionadminaksent/src/hook/requests"
2026-03-01T11:05:44.050904Z  INFO get_files:scan_sources: tailwindcss_oxide::scanner: Discovering "/home/afdal/Laboratorium/PROJECT/extensionadminaksent/src/components"
2026-03-01T11:05:44.051083Z  INFO get_files:scan_sources: tailwindcss_oxide::scanner: Discovering "/home/afdal/Laboratorium/PROJECT/extensionadminaksent/src/components/customer"
2026-03-01T11:05:44.051219Z  INFO get_files:scan_sources: tailwindcss_oxide::scanner: Discovering "/home/afdal/Laboratorium/PROJECT/extensionadminaksent/src/components/list"
2026-03-01T11:05:44.051362Z  INFO get_files:scan_sources: tailwindcss_oxide::scanner: Discovering "/home/afdal/Laboratorium/PROJECT/extensionadminaksent/src/components/toolbars"
2026-03-01T11:05:44.051501Z  INFO get_files:scan_sources: tailwindcss_oxide::scanner: Discovering "/home/afdal/Laboratorium/PROJECT/extensionadminaksent/src/theme"
2026-03-01T11:05:44.051661Z  INFO get_files:scan_sources: tailwindcss_oxide::scanner: Discovering "/home/afdal/Laboratorium/PROJECT/extensionadminaksent/src/utils"
2026-03-01T11:05:44.051926Z  INFO get_files:scan_sources: tailwindcss_oxide::scanner: Discovering "/home/afdal/Laboratorium/PROJECT/extensionadminaksent/src/databases"
2026-03-01T11:05:44.052082Z  INFO get_files:scan_sources: tailwindcss_oxide::scanner: Discovering "/home/afdal/Laboratorium/PROJECT/extensionadminaksent/src/databases/migrations"
2026-03-01T11:05:44.052268Z  INFO get_files:scan_sources: tailwindcss_oxide::scanner: Discovering "/home/afdal/Laboratorium/PROJECT/extensionadminaksent/src/databases/entities"
2026-03-01T11:05:44.052537Z  INFO get_files:scan_sources: tailwindcss_oxide::scanner: Discovering "/home/afdal/Laboratorium/PROJECT/extensionadminaksent/src/types"
2026-03-01T11:05:44.052689Z  INFO get_files:scan_sources: tailwindcss_oxide::scanner: Discovering "/home/afdal/Laboratorium/PROJECT/extensionadminaksent/src/pages"
2026-03-01T11:05:44.052820Z  INFO get_files:scan_sources: tailwindcss_oxide::scanner: Discovering "/home/afdal/Laboratorium/PROJECT/extensionadminaksent/src/pages/Customer"
2026-03-01T11:05:44.052945Z  INFO get_files:scan_sources: tailwindcss_oxide::scanner: Discovering "/home/afdal/Laboratorium/PROJECT/extensionadminaksent/src/pages/Home"
2026-03-01T11:05:44.053050Z  INFO get_files:scan_sources: tailwindcss_oxide::scanner: Discovering "/home/afdal/Laboratorium/PROJECT/extensionadminaksent/src/pages/Validation"
2026-03-01T11:05:44.053155Z  INFO get_files:scan_sources: tailwindcss_oxide::scanner: Discovering "/home/afdal/Laboratorium/PROJECT/extensionadminaksent/src/pages/Unpaid"
2026-03-01T11:05:44.053244Z  INFO get_files:scan_sources: tailwindcss_oxide::scanner: Discovering "/home/afdal/Laboratorium/PROJECT/extensionadminaksent/src/pages/Payment"
2026-03-01T11:05:44.053489Z  INFO get_files:scan_sources: tailwindcss_oxide::scanner: Discovering "/home/afdal/Laboratorium/PROJECT/extensionadminaksent/public"
2026-03-01T11:05:44.053582Z  INFO get_files:scan_sources: tailwindcss_oxide::scanner: Discovering "/home/afdal/Laboratorium/PROJECT/extensionadminaksent/public/assets"
2026-03-01T11:05:44.053776Z  INFO get_files:scan_sources: tailwindcss_oxide::scanner: Discovering "/home/afdal/Laboratorium/PROJECT/extensionadminaksent/android"
2026-03-01T11:05:44.054552Z  INFO get_files:scan_sources: tailwindcss_oxide::scanner: Discovering "/home/afdal/Laboratorium/PROJECT/extensionadminaksent/android/.kotlin"
2026-03-01T11:05:44.054631Z  INFO get_files:scan_sources: tailwindcss_oxide::scanner: Discovering "/home/afdal/Laboratorium/PROJECT/extensionadminaksent/android/.kotlin/sessions"
2026-03-01T11:05:44.054875Z  INFO get_files:scan_sources: tailwindcss_oxide::scanner: Discovering "/home/afdal/Laboratorium/PROJECT/extensionadminaksent/android/gradle"
2026-03-01T11:05:44.054950Z  INFO get_files:scan_sources: tailwindcss_oxide::scanner: Discovering "/home/afdal/Laboratorium/PROJECT/extensionadminaksent/android/gradle/wrapper"
2026-03-01T11:05:44.055075Z  INFO get_files:scan_sources: tailwindcss_oxide::scanner: Discovering "/home/afdal/Laboratorium/PROJECT/extensionadminaksent/android/app"
2026-03-01T11:05:44.055234Z  INFO get_files:scan_sources: tailwindcss_oxide::scanner: Discovering "/home/afdal/Laboratorium/PROJECT/extensionadminaksent/android/app/src"
2026-03-01T11:05:44.055324Z  INFO get_files:scan_sources: tailwindcss_oxide::scanner: Discovering "/home/afdal/Laboratorium/PROJECT/extensionadminaksent/android/app/src/main"
2026-03-01T11:05:44.055430Z  INFO get_files:scan_sources: tailwindcss_oxide::scanner: Discovering "/home/afdal/Laboratorium/PROJECT/extensionadminaksent/android/app/src/main/res"
2026-03-01T11:05:44.055516Z  INFO get_files:scan_sources: tailwindcss_oxide::scanner: Discovering "/home/afdal/Laboratorium/PROJECT/extensionadminaksent/android/app/src/main/res/drawable-land-xhdpi"
2026-03-01T11:05:44.055607Z  INFO get_files:scan_sources: tailwindcss_oxide::scanner: Discovering "/home/afdal/Laboratorium/PROJECT/extensionadminaksent/android/app/src/main/res/drawable-land-xxhdpi"
2026-03-01T11:05:44.055695Z  INFO get_files:scan_sources: tailwindcss_oxide::scanner: Discovering "/home/afdal/Laboratorium/PROJECT/extensionadminaksent/android/app/src/main/res/drawable-v24"
2026-03-01T11:05:44.055798Z  INFO get_files:scan_sources: tailwindcss_oxide::scanner: Discovering "/home/afdal/Laboratorium/PROJECT/extensionadminaksent/android/app/src/main/res/drawable-port-xxxhdpi"
2026-03-01T11:05:44.055892Z  INFO get_files:scan_sources: tailwindcss_oxide::scanner: Discovering "/home/afdal/Laboratorium/PROJECT/extensionadminaksent/android/app/src/main/res/drawable-land-xxxhdpi"
2026-03-01T11:05:44.055985Z  INFO get_files:scan_sources: tailwindcss_oxide::scanner: Discovering "/home/afdal/Laboratorium/PROJECT/extensionadminaksent/android/app/src/main/res/drawable-port-xxhdpi"
2026-03-01T11:05:44.056069Z  INFO get_files:scan_sources: tailwindcss_oxide::scanner: Discovering "/home/afdal/Laboratorium/PROJECT/extensionadminaksent/android/app/src/main/res/mipmap-hdpi"
2026-03-01T11:05:44.056163Z  INFO get_files:scan_sources: tailwindcss_oxide::scanner: Discovering "/home/afdal/Laboratorium/PROJECT/extensionadminaksent/android/app/src/main/res/drawable-land-hdpi"
2026-03-01T11:05:44.056248Z  INFO get_files:scan_sources: tailwindcss_oxide::scanner: Discovering "/home/afdal/Laboratorium/PROJECT/extensionadminaksent/android/app/src/main/res/xml"
2026-03-01T11:05:44.056352Z  INFO get_files:scan_sources: tailwindcss_oxide::scanner: Discovering "/home/afdal/Laboratorium/PROJECT/extensionadminaksent/android/app/src/main/res/mipmap-xhdpi"
2026-03-01T11:05:44.056444Z  INFO get_files:scan_sources: tailwindcss_oxide::scanner: Discovering "/home/afdal/Laboratorium/PROJECT/extensionadminaksent/android/app/src/main/res/drawable-land-mdpi"
2026-03-01T11:05:44.056537Z  INFO get_files:scan_sources: tailwindcss_oxide::scanner: Discovering "/home/afdal/Laboratorium/PROJECT/extensionadminaksent/android/app/src/main/res/drawable-port-hdpi"
2026-03-01T11:05:44.056622Z  INFO get_files:scan_sources: tailwindcss_oxide::scanner: Discovering "/home/afdal/Laboratorium/PROJECT/extensionadminaksent/android/app/src/main/res/mipmap-xxhdpi"
2026-03-01T11:05:44.056715Z  INFO get_files:scan_sources: tailwindcss_oxide::scanner: Discovering "/home/afdal/Laboratorium/PROJECT/extensionadminaksent/android/app/src/main/res/mipmap-mdpi"
2026-03-01T11:05:44.056818Z  INFO get_files:scan_sources: tailwindcss_oxide::scanner: Discovering "/home/afdal/Laboratorium/PROJECT/extensionadminaksent/android/app/src/main/res/drawable"
2026-03-01T11:05:44.056927Z  INFO get_files:scan_sources: tailwindcss_oxide::scanner: Discovering "/home/afdal/Laboratorium/PROJECT/extensionadminaksent/android/app/src/main/res/drawable-port-xhdpi"
2026-03-01T11:05:44.057011Z  INFO get_files:scan_sources: tailwindcss_oxide::scanner: Discovering "/home/afdal/Laboratorium/PROJECT/extensionadminaksent/android/app/src/main/res/mipmap-xxxhdpi"
2026-03-01T11:05:44.057096Z  INFO get_files:scan_sources: tailwindcss_oxide::scanner: Discovering "/home/afdal/Laboratorium/PROJECT/extensionadminaksent/android/app/src/main/res/layout"
2026-03-01T11:05:44.057189Z  INFO get_files:scan_sources: tailwindcss_oxide::scanner: Discovering "/home/afdal/Laboratorium/PROJECT/extensionadminaksent/android/app/src/main/res/mipmap-anydpi-v26"
2026-03-01T11:05:44.057304Z  INFO get_files:scan_sources: tailwindcss_oxide::scanner: Discovering "/home/afdal/Laboratorium/PROJECT/extensionadminaksent/android/app/src/main/res/drawable-port-mdpi"
2026-03-01T11:05:44.057381Z  INFO get_files:scan_sources: tailwindcss_oxide::scanner: Discovering "/home/afdal/Laboratorium/PROJECT/extensionadminaksent/android/app/src/main/res/values"
2026-03-01T11:05:44.057516Z  INFO get_files:scan_sources: tailwindcss_oxide::scanner: Discovering "/home/afdal/Laboratorium/PROJECT/extensionadminaksent/android/app/src/main/java"
2026-03-01T11:05:44.057588Z  INFO get_files:scan_sources: tailwindcss_oxide::scanner: Discovering "/home/afdal/Laboratorium/PROJECT/extensionadminaksent/android/app/src/main/java/io"
2026-03-01T11:05:44.057660Z  INFO get_files:scan_sources: tailwindcss_oxide::scanner: Discovering "/home/afdal/Laboratorium/PROJECT/extensionadminaksent/android/app/src/main/java/io/ionic"
2026-03-01T11:05:44.057742Z  INFO get_files:scan_sources: tailwindcss_oxide::scanner: Discovering "/home/afdal/Laboratorium/PROJECT/extensionadminaksent/android/app/src/main/java/io/ionic/starter"
2026-03-01T11:05:44.057877Z  INFO get_files:scan_sources: tailwindcss_oxide::scanner: Discovering "/home/afdal/Laboratorium/PROJECT/extensionadminaksent/android/app/src/main/assets"
2026-03-01T11:05:44.058052Z  INFO get_files:scan_sources: tailwindcss_oxide::scanner: Discovering "/home/afdal/Laboratorium/PROJECT/extensionadminaksent/android/app/src/androidTest"
2026-03-01T11:05:44.058139Z  INFO get_files:scan_sources: tailwindcss_oxide::scanner: Discovering "/home/afdal/Laboratorium/PROJECT/extensionadminaksent/android/app/src/androidTest/java"
2026-03-01T11:05:44.058199Z  INFO get_files:scan_sources: tailwindcss_oxide::scanner: Discovering "/home/afdal/Laboratorium/PROJECT/extensionadminaksent/android/app/src/androidTest/java/com"
2026-03-01T11:05:44.058272Z  INFO get_files:scan_sources: tailwindcss_oxide::scanner: Discovering "/home/afdal/Laboratorium/PROJECT/extensionadminaksent/android/app/src/androidTest/java/com/getcapacitor"
2026-03-01T11:05:44.058351Z  INFO get_files:scan_sources: tailwindcss_oxide::scanner: Discovering "/home/afdal/Laboratorium/PROJECT/extensionadminaksent/android/app/src/androidTest/java/com/getcapacitor/myapp"
2026-03-01T11:05:44.058517Z  INFO get_files:scan_sources: tailwindcss_oxide::scanner: Discovering "/home/afdal/Laboratorium/PROJECT/extensionadminaksent/android/app/src/test"
2026-03-01T11:05:44.058585Z  INFO get_files:scan_sources: tailwindcss_oxide::scanner: Discovering "/home/afdal/Laboratorium/PROJECT/extensionadminaksent/android/app/src/test/java"
2026-03-01T11:05:44.058646Z  INFO get_files:scan_sources: tailwindcss_oxide::scanner: Discovering "/home/afdal/Laboratorium/PROJECT/extensionadminaksent/android/app/src/test/java/com"
2026-03-01T11:05:44.058696Z  INFO get_files:scan_sources: tailwindcss_oxide::scanner: Discovering "/home/afdal/Laboratorium/PROJECT/extensionadminaksent/android/app/src/test/java/com/getcapacitor"
2026-03-01T11:05:44.058754Z  INFO get_files:scan_sources: tailwindcss_oxide::scanner: Discovering "/home/afdal/Laboratorium/PROJECT/extensionadminaksent/android/app/src/test/java/com/getcapacitor/myapp"
2026-03-01T11:05:44.059186Z  INFO get_files:scan_sources: tailwindcss_oxide::scanner: exit
2026-03-01T11:05:44.059520Z  INFO get_files: tailwindcss_oxide::scanner: exit
2026-03-01T11:05:44.060065Z  INFO get_globs: tailwindcss_oxide::scanner: enter
2026-03-01T11:05:44.060091Z  INFO get_globs:scan_sources: tailwindcss_oxide::scanner: enter
2026-03-01T11:05:44.060724Z  INFO get_globs:scan_sources: tailwindcss_oxide::scanner: Discovering "/home/afdal/Laboratorium/PROJECT/extensionadminaksent/scripts"
2026-03-01T11:05:44.060826Z  INFO get_globs:scan_sources: tailwindcss_oxide::scanner: Discovering "/home/afdal/Laboratorium/PROJECT/extensionadminaksent/cypress"
2026-03-01T11:05:44.060901Z  INFO get_globs:scan_sources: tailwindcss_oxide::scanner: Discovering "/home/afdal/Laboratorium/PROJECT/extensionadminaksent/cypress/fixtures"
2026-03-01T11:05:44.060983Z  INFO get_globs:scan_sources: tailwindcss_oxide::scanner: Discovering "/home/afdal/Laboratorium/PROJECT/extensionadminaksent/cypress/e2e"
2026-03-01T11:05:44.061070Z  INFO get_globs:scan_sources: tailwindcss_oxide::scanner: Discovering "/home/afdal/Laboratorium/PROJECT/extensionadminaksent/cypress/support"
2026-03-01T11:05:44.061175Z  INFO get_globs:scan_sources: tailwindcss_oxide::scanner: Discovering "/home/afdal/Laboratorium/PROJECT/extensionadminaksent/.vscode"
2026-03-01T11:05:44.061303Z  INFO get_globs:scan_sources: tailwindcss_oxide::scanner: Discovering "/home/afdal/Laboratorium/PROJECT/extensionadminaksent/src"
2026-03-01T11:05:44.061369Z  INFO get_globs:scan_sources: tailwindcss_oxide::scanner: Discovering "/home/afdal/Laboratorium/PROJECT/extensionadminaksent/src/hook"
2026-03-01T11:05:44.061429Z  INFO get_globs:scan_sources: tailwindcss_oxide::scanner: Discovering "/home/afdal/Laboratorium/PROJECT/extensionadminaksent/src/hook/requests"
2026-03-01T11:05:44.061508Z  INFO get_globs:scan_sources: tailwindcss_oxide::scanner: Discovering "/home/afdal/Laboratorium/PROJECT/extensionadminaksent/src/components"
2026-03-01T11:05:44.061595Z  INFO get_globs:scan_sources: tailwindcss_oxide::scanner: Discovering "/home/afdal/Laboratorium/PROJECT/extensionadminaksent/src/components/customer"
2026-03-01T11:05:44.061696Z  INFO get_globs:scan_sources: tailwindcss_oxide::scanner: Discovering "/home/afdal/Laboratorium/PROJECT/extensionadminaksent/src/components/list"
2026-03-01T11:05:44.061800Z  INFO get_globs:scan_sources: tailwindcss_oxide::scanner: Discovering "/home/afdal/Laboratorium/PROJECT/extensionadminaksent/src/components/toolbars"
2026-03-01T11:05:44.061926Z  INFO get_globs:scan_sources: tailwindcss_oxide::scanner: Discovering "/home/afdal/Laboratorium/PROJECT/extensionadminaksent/src/theme"
2026-03-01T11:05:44.062097Z  INFO get_globs:scan_sources: tailwindcss_oxide::scanner: Discovering "/home/afdal/Laboratorium/PROJECT/extensionadminaksent/src/utils"
2026-03-01T11:05:44.062350Z  INFO get_globs:scan_sources: tailwindcss_oxide::scanner: Discovering "/home/afdal/Laboratorium/PROJECT/extensionadminaksent/src/databases"
2026-03-01T11:05:44.062567Z  INFO get_globs:scan_sources: tailwindcss_oxide::scanner: Discovering "/home/afdal/Laboratorium/PROJECT/extensionadminaksent/src/databases/migrations"
2026-03-01T11:05:44.062861Z  INFO get_globs:scan_sources: tailwindcss_oxide::scanner: Discovering "/home/afdal/Laboratorium/PROJECT/extensionadminaksent/src/databases/entities"
2026-03-01T11:05:44.063226Z  INFO get_globs:scan_sources: tailwindcss_oxide::scanner: Discovering "/home/afdal/Laboratorium/PROJECT/extensionadminaksent/src/types"
2026-03-01T11:05:44.063519Z  INFO get_globs:scan_sources: tailwindcss_oxide::scanner: Discovering "/home/afdal/Laboratorium/PROJECT/extensionadminaksent/src/pages"
2026-03-01T11:05:44.063615Z  INFO get_globs:scan_sources: tailwindcss_oxide::scanner: Discovering "/home/afdal/Laboratorium/PROJECT/extensionadminaksent/src/pages/Customer"
2026-03-01T11:05:44.063730Z  INFO get_globs:scan_sources: tailwindcss_oxide::scanner: Discovering "/home/afdal/Laboratorium/PROJECT/extensionadminaksent/src/pages/Home"
2026-03-01T11:05:44.063848Z  INFO get_globs:scan_sources: tailwindcss_oxide::scanner: Discovering "/home/afdal/Laboratorium/PROJECT/extensionadminaksent/src/pages/Validation"
2026-03-01T11:05:44.064032Z  INFO get_globs:scan_sources: tailwindcss_oxide::scanner: Discovering "/home/afdal/Laboratorium/PROJECT/extensionadminaksent/src/pages/Unpaid"
2026-03-01T11:05:44.064128Z  INFO get_globs:scan_sources: tailwindcss_oxide::scanner: Discovering "/home/afdal/Laboratorium/PROJECT/extensionadminaksent/src/pages/Payment"
2026-03-01T11:05:44.064382Z  INFO get_globs:scan_sources: tailwindcss_oxide::scanner: Discovering "/home/afdal/Laboratorium/PROJECT/extensionadminaksent/public"
2026-03-01T11:05:44.064490Z  INFO get_globs:scan_sources: tailwindcss_oxide::scanner: Discovering "/home/afdal/Laboratorium/PROJECT/extensionadminaksent/public/assets"
2026-03-01T11:05:44.064691Z  INFO get_globs:scan_sources: tailwindcss_oxide::scanner: Discovering "/home/afdal/Laboratorium/PROJECT/extensionadminaksent/android"
2026-03-01T11:05:44.065932Z  INFO get_globs:scan_sources: tailwindcss_oxide::scanner: Discovering "/home/afdal/Laboratorium/PROJECT/extensionadminaksent/android/.kotlin"
2026-03-01T11:05:44.066086Z  INFO get_globs:scan_sources: tailwindcss_oxide::scanner: Discovering "/home/afdal/Laboratorium/PROJECT/extensionadminaksent/android/.kotlin/sessions"
2026-03-01T11:05:44.066401Z  INFO get_globs:scan_sources: tailwindcss_oxide::scanner: Discovering "/home/afdal/Laboratorium/PROJECT/extensionadminaksent/android/gradle"
2026-03-01T11:05:44.066548Z  INFO get_globs:scan_sources: tailwindcss_oxide::scanner: Discovering "/home/afdal/Laboratorium/PROJECT/extensionadminaksent/android/gradle/wrapper"
2026-03-01T11:05:44.066776Z  INFO get_globs:scan_sources: tailwindcss_oxide::scanner: Discovering "/home/afdal/Laboratorium/PROJECT/extensionadminaksent/android/app"
2026-03-01T11:05:44.066988Z  INFO get_globs:scan_sources: tailwindcss_oxide::scanner: Discovering "/home/afdal/Laboratorium/PROJECT/extensionadminaksent/android/app/src"
2026-03-01T11:05:44.067156Z  INFO get_globs:scan_sources: tailwindcss_oxide::scanner: Discovering "/home/afdal/Laboratorium/PROJECT/extensionadminaksent/android/app/src/main"
2026-03-01T11:05:44.067285Z  INFO get_globs:scan_sources: tailwindcss_oxide::scanner: Discovering "/home/afdal/Laboratorium/PROJECT/extensionadminaksent/android/app/src/main/res"
2026-03-01T11:05:44.067379Z  INFO get_globs:scan_sources: tailwindcss_oxide::scanner: Discovering "/home/afdal/Laboratorium/PROJECT/extensionadminaksent/android/app/src/main/res/drawable-land-xhdpi"
2026-03-01T11:05:44.067477Z  INFO get_globs:scan_sources: tailwindcss_oxide::scanner: Discovering "/home/afdal/Laboratorium/PROJECT/extensionadminaksent/android/app/src/main/res/drawable-land-xxhdpi"
2026-03-01T11:05:44.067594Z  INFO get_globs:scan_sources: tailwindcss_oxide::scanner: Discovering "/home/afdal/Laboratorium/PROJECT/extensionadminaksent/android/app/src/main/res/drawable-v24"
2026-03-01T11:05:44.067729Z  INFO get_globs:scan_sources: tailwindcss_oxide::scanner: Discovering "/home/afdal/Laboratorium/PROJECT/extensionadminaksent/android/app/src/main/res/drawable-port-xxxhdpi"
2026-03-01T11:05:44.067942Z  INFO get_globs:scan_sources: tailwindcss_oxide::scanner: Discovering "/home/afdal/Laboratorium/PROJECT/extensionadminaksent/android/app/src/main/res/drawable-land-xxxhdpi"
2026-03-01T11:05:44.068353Z  INFO get_globs:scan_sources: tailwindcss_oxide::scanner: Discovering "/home/afdal/Laboratorium/PROJECT/extensionadminaksent/android/app/src/main/res/drawable-port-xxhdpi"
2026-03-01T11:05:44.068593Z  INFO get_globs:scan_sources: tailwindcss_oxide::scanner: Discovering "/home/afdal/Laboratorium/PROJECT/extensionadminaksent/android/app/src/main/res/mipmap-hdpi"
2026-03-01T11:05:44.069079Z  INFO get_globs:scan_sources: tailwindcss_oxide::scanner: Discovering "/home/afdal/Laboratorium/PROJECT/extensionadminaksent/android/app/src/main/res/drawable-land-hdpi"
2026-03-01T11:05:44.069418Z  INFO get_globs:scan_sources: tailwindcss_oxide::scanner: Discovering "/home/afdal/Laboratorium/PROJECT/extensionadminaksent/android/app/src/main/res/xml"
2026-03-01T11:05:44.069652Z  INFO get_globs:scan_sources: tailwindcss_oxide::scanner: Discovering "/home/afdal/Laboratorium/PROJECT/extensionadminaksent/android/app/src/main/res/mipmap-xhdpi"
2026-03-01T11:05:44.069877Z  INFO get_globs:scan_sources: tailwindcss_oxide::scanner: Discovering "/home/afdal/Laboratorium/PROJECT/extensionadminaksent/android/app/src/main/res/drawable-land-mdpi"
2026-03-01T11:05:44.070071Z  INFO get_globs:scan_sources: tailwindcss_oxide::scanner: Discovering "/home/afdal/Laboratorium/PROJECT/extensionadminaksent/android/app/src/main/res/drawable-port-hdpi"
2026-03-01T11:05:44.070251Z  INFO get_globs:scan_sources: tailwindcss_oxide::scanner: Discovering "/home/afdal/Laboratorium/PROJECT/extensionadminaksent/android/app/src/main/res/mipmap-xxhdpi"
2026-03-01T11:05:44.070449Z  INFO get_globs:scan_sources: tailwindcss_oxide::scanner: Discovering "/home/afdal/Laboratorium/PROJECT/extensionadminaksent/android/app/src/main/res/mipmap-mdpi"
2026-03-01T11:05:44.070662Z  INFO get_globs:scan_sources: tailwindcss_oxide::scanner: Discovering "/home/afdal/Laboratorium/PROJECT/extensionadminaksent/android/app/src/main/res/drawable"
2026-03-01T11:05:44.070876Z  INFO get_globs:scan_sources: tailwindcss_oxide::scanner: Discovering "/home/afdal/Laboratorium/PROJECT/extensionadminaksent/android/app/src/main/res/drawable-port-xhdpi"
2026-03-01T11:05:44.071064Z  INFO get_globs:scan_sources: tailwindcss_oxide::scanner: Discovering "/home/afdal/Laboratorium/PROJECT/extensionadminaksent/android/app/src/main/res/mipmap-xxxhdpi"
2026-03-01T11:05:44.071262Z  INFO get_globs:scan_sources: tailwindcss_oxide::scanner: Discovering "/home/afdal/Laboratorium/PROJECT/extensionadminaksent/android/app/src/main/res/layout"
2026-03-01T11:05:44.071457Z  INFO get_globs:scan_sources: tailwindcss_oxide::scanner: Discovering "/home/afdal/Laboratorium/PROJECT/extensionadminaksent/android/app/src/main/res/mipmap-anydpi-v26"
2026-03-01T11:05:44.071680Z  INFO get_globs:scan_sources: tailwindcss_oxide::scanner: Discovering "/home/afdal/Laboratorium/PROJECT/extensionadminaksent/android/app/src/main/res/drawable-port-mdpi"
2026-03-01T11:05:44.071873Z  INFO get_globs:scan_sources: tailwindcss_oxide::scanner: Discovering "/home/afdal/Laboratorium/PROJECT/extensionadminaksent/android/app/src/main/res/values"
2026-03-01T11:05:44.072140Z  INFO get_globs:scan_sources: tailwindcss_oxide::scanner: Discovering "/home/afdal/Laboratorium/PROJECT/extensionadminaksent/android/app/src/main/java"
2026-03-01T11:05:44.072314Z  INFO get_globs:scan_sources: tailwindcss_oxide::scanner: Discovering "/home/afdal/Laboratorium/PROJECT/extensionadminaksent/android/app/src/main/java/io"
2026-03-01T11:05:44.072484Z  INFO get_globs:scan_sources: tailwindcss_oxide::scanner: Discovering "/home/afdal/Laboratorium/PROJECT/extensionadminaksent/android/app/src/main/java/io/ionic"
2026-03-01T11:05:44.072572Z  INFO get_globs:scan_sources: tailwindcss_oxide::scanner: Discovering "/home/afdal/Laboratorium/PROJECT/extensionadminaksent/android/app/src/main/java/io/ionic/starter"
2026-03-01T11:05:44.072686Z  INFO get_globs:scan_sources: tailwindcss_oxide::scanner: Discovering "/home/afdal/Laboratorium/PROJECT/extensionadminaksent/android/app/src/main/assets"
2026-03-01T11:05:44.072856Z  INFO get_globs:scan_sources: tailwindcss_oxide::scanner: Discovering "/home/afdal/Laboratorium/PROJECT/extensionadminaksent/android/app/src/androidTest"
2026-03-01T11:05:44.072940Z  INFO get_globs:scan_sources: tailwindcss_oxide::scanner: Discovering "/home/afdal/Laboratorium/PROJECT/extensionadminaksent/android/app/src/androidTest/java"
2026-03-01T11:05:44.073006Z  INFO get_globs:scan_sources: tailwindcss_oxide::scanner: Discovering "/home/afdal/Laboratorium/PROJECT/extensionadminaksent/android/app/src/androidTest/java/com"
2026-03-01T11:05:44.073079Z  INFO get_globs:scan_sources: tailwindcss_oxide::scanner: Discovering "/home/afdal/Laboratorium/PROJECT/extensionadminaksent/android/app/src/androidTest/java/com/getcapacitor"
2026-03-01T11:05:44.073163Z  INFO get_globs:scan_sources: tailwindcss_oxide::scanner: Discovering "/home/afdal/Laboratorium/PROJECT/extensionadminaksent/android/app/src/androidTest/java/com/getcapacitor/myapp"
2026-03-01T11:05:44.073284Z  INFO get_globs:scan_sources: tailwindcss_oxide::scanner: Discovering "/home/afdal/Laboratorium/PROJECT/extensionadminaksent/android/app/src/test"
2026-03-01T11:05:44.073353Z  INFO get_globs:scan_sources: tailwindcss_oxide::scanner: Discovering "/home/afdal/Laboratorium/PROJECT/extensionadminaksent/android/app/src/test/java"
2026-03-01T11:05:44.073418Z  INFO get_globs:scan_sources: tailwindcss_oxide::scanner: Discovering "/home/afdal/Laboratorium/PROJECT/extensionadminaksent/android/app/src/test/java/com"
2026-03-01T11:05:44.073487Z  INFO get_globs:scan_sources: tailwindcss_oxide::scanner: Discovering "/home/afdal/Laboratorium/PROJECT/extensionadminaksent/android/app/src/test/java/com/getcapacitor"
2026-03-01T11:05:44.073554Z  INFO get_globs:scan_sources: tailwindcss_oxide::scanner: Discovering "/home/afdal/Laboratorium/PROJECT/extensionadminaksent/android/app/src/test/java/com/getcapacitor/myapp"
2026-03-01T11:05:44.074147Z  INFO get_globs:scan_sources: tailwindcss_oxide::scanner: exit
2026-03-01T11:05:44.107429Z  INFO get_globs: tailwindcss_oxide::scanner: exit
2026-03-01T11:05:44.259682Z  INFO tailwindcss_oxide::scanner: Provided sources:
2026-03-01T11:05:44.259731Z  INFO tailwindcss_oxide::scanner: Source: PublicSourceEntry { base: "/home/afdal/Laboratorium/PROJECT/extensionadminaksent", pattern: "**/*", negated: false }
2026-03-01T11:05:44.259774Z  INFO tailwindcss_oxide::scanner: Optimized sources:
2026-03-01T11:05:44.259781Z  INFO tailwindcss_oxide::scanner: Source: Auto { base: "/home/afdal/Laboratorium/PROJECT/extensionadminaksent" }
2026-03-01T11:05:44.272700Z  INFO tailwindcss_oxide::scanner: Provided sources:
2026-03-01T11:05:44.272804Z  INFO tailwindcss_oxide::scanner: Source: PublicSourceEntry { base: "/home/afdal/Laboratorium/PROJECT/extensionadminaksent", pattern: "**/*", negated: false }
2026-03-01T11:05:44.272876Z  INFO tailwindcss_oxide::scanner: Optimized sources:
2026-03-01T11:05:44.272883Z  INFO tailwindcss_oxide::scanner: Source: Auto { base: "/home/afdal/Laboratorium/PROJECT/extensionadminaksent" }
2026-03-01T11:05:44.280672Z  INFO tailwindcss_oxide::scanner: Provided sources:
2026-03-01T11:05:44.280779Z  INFO tailwindcss_oxide::scanner: Source: PublicSourceEntry { base: "/home/afdal/Laboratorium/PROJECT/extensionadminaksent", pattern: "**/*", negated: false }
2026-03-01T11:05:44.280894Z  INFO tailwindcss_oxide::scanner: Optimized sources:
2026-03-01T11:05:44.280927Z  INFO tailwindcss_oxide::scanner: Source: Auto { base: "/home/afdal/Laboratorium/PROJECT/extensionadminaksent" }
2026-03-01T11:05:44.288322Z  INFO tailwindcss_oxide::scanner: Provided sources:
2026-03-01T11:05:44.288367Z  INFO tailwindcss_oxide::scanner: Source: PublicSourceEntry { base: "/home/afdal/Laboratorium/PROJECT/extensionadminaksent", pattern: "**/*", negated: false }
2026-03-01T11:05:44.288417Z  INFO tailwindcss_oxide::scanner: Optimized sources:
2026-03-01T11:05:44.288424Z  INFO tailwindcss_oxide::scanner: Source: Auto { base: "/home/afdal/Laboratorium/PROJECT/extensionadminaksent" }
2026-03-01T11:05:44.295324Z  INFO tailwindcss_oxide::scanner: Provided sources:
2026-03-01T11:05:44.295389Z  INFO tailwindcss_oxide::scanner: Source: PublicSourceEntry { base: "/home/afdal/Laboratorium/PROJECT/extensionadminaksent", pattern: "**/*", negated: false }
2026-03-01T11:05:44.295456Z  INFO tailwindcss_oxide::scanner: Optimized sources:
2026-03-01T11:05:44.295465Z  INFO tailwindcss_oxide::scanner: Source: Auto { base: "/home/afdal/Laboratorium/PROJECT/extensionadminaksent" }
2026-03-01T11:05:44.305446Z  INFO tailwindcss_oxide::scanner: Provided sources:
2026-03-01T11:05:44.305496Z  INFO tailwindcss_oxide::scanner: Source: PublicSourceEntry { base: "/home/afdal/Laboratorium/PROJECT/extensionadminaksent", pattern: "**/*", negated: false }
2026-03-01T11:05:44.305552Z  INFO tailwindcss_oxide::scanner: Optimized sources:
2026-03-01T11:05:44.305562Z  INFO tailwindcss_oxide::scanner: Source: Auto { base: "/home/afdal/Laboratorium/PROJECT/extensionadminaksent" }
2026-03-01T11:05:44.313056Z  INFO tailwindcss_oxide::scanner: Provided sources:
2026-03-01T11:05:44.313110Z  INFO tailwindcss_oxide::scanner: Source: PublicSourceEntry { base: "/home/afdal/Laboratorium/PROJECT/extensionadminaksent", pattern: "**/*", negated: false }
2026-03-01T11:05:44.313166Z  INFO tailwindcss_oxide::scanner: Optimized sources:
2026-03-01T11:05:44.313174Z  INFO tailwindcss_oxide::scanner: Source: Auto { base: "/home/afdal/Laboratorium/PROJECT/extensionadminaksent" }
2026-03-01T11:05:44.330655Z  INFO tailwindcss_oxide::scanner: Provided sources:
2026-03-01T11:05:44.330733Z  INFO tailwindcss_oxide::scanner: Source: PublicSourceEntry { base: "/home/afdal/Laboratorium/PROJECT/extensionadminaksent", pattern: "**/*", negated: false }
2026-03-01T11:05:44.330869Z  INFO tailwindcss_oxide::scanner: Optimized sources:
2026-03-01T11:05:44.330907Z  INFO tailwindcss_oxide::scanner: Source: Auto { base: "/home/afdal/Laboratorium/PROJECT/extensionadminaksent" }
2026-03-01T11:05:44.339677Z  INFO tailwindcss_oxide::scanner: Provided sources:
2026-03-01T11:05:44.339720Z  INFO tailwindcss_oxide::scanner: Source: PublicSourceEntry { base: "/home/afdal/Laboratorium/PROJECT/extensionadminaksent", pattern: "**/*", negated: false }
2026-03-01T11:05:44.339761Z  INFO tailwindcss_oxide::scanner: Optimized sources:
2026-03-01T11:05:44.339768Z  INFO tailwindcss_oxide::scanner: Source: Auto { base: "/home/afdal/Laboratorium/PROJECT/extensionadminaksent" }
2026-03-01T11:05:44.344309Z  INFO tailwindcss_oxide::scanner: Provided sources:
2026-03-01T11:05:44.344349Z  INFO tailwindcss_oxide::scanner: Source: PublicSourceEntry { base: "/home/afdal/Laboratorium/PROJECT/extensionadminaksent", pattern: "**/*", negated: false }
2026-03-01T11:05:44.344395Z  INFO tailwindcss_oxide::scanner: Optimized sources:
2026-03-01T11:05:44.344402Z  INFO tailwindcss_oxide::scanner: Source: Auto { base: "/home/afdal/Laboratorium/PROJECT/extensionadminaksent" }
2026-03-01T11:05:44.362787Z  INFO tailwindcss_oxide::scanner: Provided sources:
2026-03-01T11:05:44.362877Z  INFO tailwindcss_oxide::scanner: Source: PublicSourceEntry { base: "/home/afdal/Laboratorium/PROJECT/extensionadminaksent", pattern: "**/*", negated: false }
2026-03-01T11:05:44.362935Z  INFO tailwindcss_oxide::scanner: Optimized sources:
2026-03-01T11:05:44.362944Z  INFO tailwindcss_oxide::scanner: Source: Auto { base: "/home/afdal/Laboratorium/PROJECT/extensionadminaksent" }
2026-03-01T11:06:57.223768Z  INFO scan_sources: tailwindcss_oxide::scanner: enter
2026-03-01T11:06:57.225127Z  INFO scan_sources: tailwindcss_oxide::scanner: Discovering "/home/afdal/Laboratorium/PROJECT/extensionadminaksent/scripts"
2026-03-01T11:06:57.225268Z  INFO scan_sources: tailwindcss_oxide::scanner: Discovering "/home/afdal/Laboratorium/PROJECT/extensionadminaksent/cypress"
2026-03-01T11:06:57.225372Z  INFO scan_sources: tailwindcss_oxide::scanner: Discovering "/home/afdal/Laboratorium/PROJECT/extensionadminaksent/cypress/fixtures"
2026-03-01T11:06:57.225477Z  INFO scan_sources: tailwindcss_oxide::scanner: Discovering "/home/afdal/Laboratorium/PROJECT/extensionadminaksent/cypress/e2e"
2026-03-01T11:06:57.225595Z  INFO scan_sources: tailwindcss_oxide::scanner: Discovering "/home/afdal/Laboratorium/PROJECT/extensionadminaksent/cypress/support"
2026-03-01T11:06:57.225754Z  INFO scan_sources: tailwindcss_oxide::scanner: Discovering "/home/afdal/Laboratorium/PROJECT/extensionadminaksent/.vscode"
2026-03-01T11:06:57.225951Z  INFO scan_sources: tailwindcss_oxide::scanner: Discovering "/home/afdal/Laboratorium/PROJECT/extensionadminaksent/src"
2026-03-01T11:06:57.226048Z  INFO scan_sources: tailwindcss_oxide::scanner: Discovering "/home/afdal/Laboratorium/PROJECT/extensionadminaksent/src/hook"
2026-03-01T11:06:57.226137Z  INFO scan_sources: tailwindcss_oxide::scanner: Discovering "/home/afdal/Laboratorium/PROJECT/extensionadminaksent/src/hook/requests"
2026-03-01T11:06:57.226236Z  INFO scan_sources: tailwindcss_oxide::scanner: Discovering "/home/afdal/Laboratorium/PROJECT/extensionadminaksent/src/components"
2026-03-01T11:06:57.226310Z  INFO scan_sources: tailwindcss_oxide::scanner: Discovering "/home/afdal/Laboratorium/PROJECT/extensionadminaksent/src/components/customer"
2026-03-01T11:06:57.226367Z  INFO scan_sources: tailwindcss_oxide::scanner: Discovering "/home/afdal/Laboratorium/PROJECT/extensionadminaksent/src/components/customer/DetailCardCustomer.tsx"
2026-03-01T11:06:57.226441Z  INFO scan_sources: tailwindcss_oxide::scanner: Discovering "/home/afdal/Laboratorium/PROJECT/extensionadminaksent/src/components/list"
2026-03-01T11:06:57.226559Z  INFO scan_sources: tailwindcss_oxide::scanner: Discovering "/home/afdal/Laboratorium/PROJECT/extensionadminaksent/src/components/toolbars"
2026-03-01T11:06:57.226688Z  INFO scan_sources: tailwindcss_oxide::scanner: Discovering "/home/afdal/Laboratorium/PROJECT/extensionadminaksent/src/theme"
2026-03-01T11:06:57.226848Z  INFO scan_sources: tailwindcss_oxide::scanner: Discovering "/home/afdal/Laboratorium/PROJECT/extensionadminaksent/src/utils"
2026-03-01T11:06:57.227022Z  INFO scan_sources: tailwindcss_oxide::scanner: Discovering "/home/afdal/Laboratorium/PROJECT/extensionadminaksent/src/databases"
2026-03-01T11:06:57.227107Z  INFO scan_sources: tailwindcss_oxide::scanner: Discovering "/home/afdal/Laboratorium/PROJECT/extensionadminaksent/src/databases/migrations"
2026-03-01T11:06:57.227233Z  INFO scan_sources: tailwindcss_oxide::scanner: Discovering "/home/afdal/Laboratorium/PROJECT/extensionadminaksent/src/databases/entities"
2026-03-01T11:06:57.227364Z  INFO scan_sources: tailwindcss_oxide::scanner: Discovering "/home/afdal/Laboratorium/PROJECT/extensionadminaksent/src/types"
2026-03-01T11:06:57.227453Z  INFO scan_sources: tailwindcss_oxide::scanner: Discovering "/home/afdal/Laboratorium/PROJECT/extensionadminaksent/src/pages"
2026-03-01T11:06:57.227531Z  INFO scan_sources: tailwindcss_oxide::scanner: Discovering "/home/afdal/Laboratorium/PROJECT/extensionadminaksent/src/pages/Customer"
2026-03-01T11:06:57.227660Z  INFO scan_sources: tailwindcss_oxide::scanner: Discovering "/home/afdal/Laboratorium/PROJECT/extensionadminaksent/src/pages/Home"
2026-03-01T11:06:57.227784Z  INFO scan_sources: tailwindcss_oxide::scanner: Discovering "/home/afdal/Laboratorium/PROJECT/extensionadminaksent/src/pages/Validation"
2026-03-01T11:06:57.227907Z  INFO scan_sources: tailwindcss_oxide::scanner: Discovering "/home/afdal/Laboratorium/PROJECT/extensionadminaksent/src/pages/Unpaid"
2026-03-01T11:06:57.228020Z  INFO scan_sources: tailwindcss_oxide::scanner: Discovering "/home/afdal/Laboratorium/PROJECT/extensionadminaksent/src/pages/Payment"
2026-03-01T11:06:57.228323Z  INFO scan_sources: tailwindcss_oxide::scanner: Discovering "/home/afdal/Laboratorium/PROJECT/extensionadminaksent/public"
2026-03-01T11:06:57.228417Z  INFO scan_sources: tailwindcss_oxide::scanner: Discovering "/home/afdal/Laboratorium/PROJECT/extensionadminaksent/public/assets"
2026-03-01T11:06:57.228631Z  INFO scan_sources: tailwindcss_oxide::scanner: Discovering "/home/afdal/Laboratorium/PROJECT/extensionadminaksent/android"
2026-03-01T11:06:57.229148Z  INFO scan_sources: tailwindcss_oxide::scanner: Discovering "/home/afdal/Laboratorium/PROJECT/extensionadminaksent/android/.kotlin"
2026-03-01T11:06:57.229258Z  INFO scan_sources: tailwindcss_oxide::scanner: Discovering "/home/afdal/Laboratorium/PROJECT/extensionadminaksent/android/.kotlin/sessions"
2026-03-01T11:06:57.229523Z  INFO scan_sources: tailwindcss_oxide::scanner: Discovering "/home/afdal/Laboratorium/PROJECT/extensionadminaksent/android/gradle"
2026-03-01T11:06:57.229598Z  INFO scan_sources: tailwindcss_oxide::scanner: Discovering "/home/afdal/Laboratorium/PROJECT/extensionadminaksent/android/gradle/wrapper"
2026-03-01T11:06:57.229717Z  INFO scan_sources: tailwindcss_oxide::scanner: Discovering "/home/afdal/Laboratorium/PROJECT/extensionadminaksent/android/app"
2026-03-01T11:06:57.229903Z  INFO scan_sources: tailwindcss_oxide::scanner: Discovering "/home/afdal/Laboratorium/PROJECT/extensionadminaksent/android/app/src"
2026-03-01T11:06:57.229996Z  INFO scan_sources: tailwindcss_oxide::scanner: Discovering "/home/afdal/Laboratorium/PROJECT/extensionadminaksent/android/app/src/main"
2026-03-01T11:06:57.230092Z  INFO scan_sources: tailwindcss_oxide::scanner: Discovering "/home/afdal/Laboratorium/PROJECT/extensionadminaksent/android/app/src/main/res"
2026-03-01T11:06:57.230174Z  INFO scan_sources: tailwindcss_oxide::scanner: Discovering "/home/afdal/Laboratorium/PROJECT/extensionadminaksent/android/app/src/main/res/drawable-land-xhdpi"
2026-03-01T11:06:57.230257Z  INFO scan_sources: tailwindcss_oxide::scanner: Discovering "/home/afdal/Laboratorium/PROJECT/extensionadminaksent/android/app/src/main/res/drawable-land-xxhdpi"
2026-03-01T11:06:57.230341Z  INFO scan_sources: tailwindcss_oxide::scanner: Discovering "/home/afdal/Laboratorium/PROJECT/extensionadminaksent/android/app/src/main/res/drawable-v24"
2026-03-01T11:06:57.230439Z  INFO scan_sources: tailwindcss_oxide::scanner: Discovering "/home/afdal/Laboratorium/PROJECT/extensionadminaksent/android/app/src/main/res/drawable-port-xxxhdpi"
2026-03-01T11:06:57.230526Z  INFO scan_sources: tailwindcss_oxide::scanner: Discovering "/home/afdal/Laboratorium/PROJECT/extensionadminaksent/android/app/src/main/res/drawable-land-xxxhdpi"
2026-03-01T11:06:57.230607Z  INFO scan_sources: tailwindcss_oxide::scanner: Discovering "/home/afdal/Laboratorium/PROJECT/extensionadminaksent/android/app/src/main/res/drawable-port-xxhdpi"
2026-03-01T11:06:57.230683Z  INFO scan_sources: tailwindcss_oxide::scanner: Discovering "/home/afdal/Laboratorium/PROJECT/extensionadminaksent/android/app/src/main/res/mipmap-hdpi"
2026-03-01T11:06:57.230772Z  INFO scan_sources: tailwindcss_oxide::scanner: Discovering "/home/afdal/Laboratorium/PROJECT/extensionadminaksent/android/app/src/main/res/drawable-land-hdpi"
2026-03-01T11:06:57.230874Z  INFO scan_sources: tailwindcss_oxide::scanner: Discovering "/home/afdal/Laboratorium/PROJECT/extensionadminaksent/android/app/src/main/res/xml"
2026-03-01T11:06:57.230997Z  INFO scan_sources: tailwindcss_oxide::scanner: Discovering "/home/afdal/Laboratorium/PROJECT/extensionadminaksent/android/app/src/main/res/mipmap-xhdpi"
2026-03-01T11:06:57.231101Z  INFO scan_sources: tailwindcss_oxide::scanner: Discovering "/home/afdal/Laboratorium/PROJECT/extensionadminaksent/android/app/src/main/res/drawable-land-mdpi"
2026-03-01T11:06:57.231208Z  INFO scan_sources: tailwindcss_oxide::scanner: Discovering "/home/afdal/Laboratorium/PROJECT/extensionadminaksent/android/app/src/main/res/drawable-port-hdpi"
2026-03-01T11:06:57.231299Z  INFO scan_sources: tailwindcss_oxide::scanner: Discovering "/home/afdal/Laboratorium/PROJECT/extensionadminaksent/android/app/src/main/res/mipmap-xxhdpi"
2026-03-01T11:06:57.231398Z  INFO scan_sources: tailwindcss_oxide::scanner: Discovering "/home/afdal/Laboratorium/PROJECT/extensionadminaksent/android/app/src/main/res/mipmap-mdpi"
2026-03-01T11:06:57.231493Z  INFO scan_sources: tailwindcss_oxide::scanner: Discovering "/home/afdal/Laboratorium/PROJECT/extensionadminaksent/android/app/src/main/res/drawable"
2026-03-01T11:06:57.231600Z  INFO scan_sources: tailwindcss_oxide::scanner: Discovering "/home/afdal/Laboratorium/PROJECT/extensionadminaksent/android/app/src/main/res/drawable-port-xhdpi"
2026-03-01T11:06:57.231712Z  INFO scan_sources: tailwindcss_oxide::scanner: Discovering "/home/afdal/Laboratorium/PROJECT/extensionadminaksent/android/app/src/main/res/mipmap-xxxhdpi"
2026-03-01T11:06:57.231855Z  INFO scan_sources: tailwindcss_oxide::scanner: Discovering "/home/afdal/Laboratorium/PROJECT/extensionadminaksent/android/app/src/main/res/layout"
2026-03-01T11:06:57.231971Z  INFO scan_sources: tailwindcss_oxide::scanner: Discovering "/home/afdal/Laboratorium/PROJECT/extensionadminaksent/android/app/src/main/res/mipmap-anydpi-v26"
2026-03-01T11:06:57.232138Z  INFO scan_sources: tailwindcss_oxide::scanner: Discovering "/home/afdal/Laboratorium/PROJECT/extensionadminaksent/android/app/src/main/res/drawable-port-mdpi"
2026-03-01T11:06:57.232259Z  INFO scan_sources: tailwindcss_oxide::scanner: Discovering "/home/afdal/Laboratorium/PROJECT/extensionadminaksent/android/app/src/main/res/values"
2026-03-01T11:06:57.232433Z  INFO scan_sources: tailwindcss_oxide::scanner: Discovering "/home/afdal/Laboratorium/PROJECT/extensionadminaksent/android/app/src/main/java"
2026-03-01T11:06:57.232551Z  INFO scan_sources: tailwindcss_oxide::scanner: Discovering "/home/afdal/Laboratorium/PROJECT/extensionadminaksent/android/app/src/main/java/io"
2026-03-01T11:06:57.232704Z  INFO scan_sources: tailwindcss_oxide::scanner: Discovering "/home/afdal/Laboratorium/PROJECT/extensionadminaksent/android/app/src/main/java/io/ionic"
2026-03-01T11:06:57.232979Z  INFO scan_sources: tailwindcss_oxide::scanner: Discovering "/home/afdal/Laboratorium/PROJECT/extensionadminaksent/android/app/src/main/java/io/ionic/starter"
2026-03-01T11:06:57.233517Z  INFO scan_sources: tailwindcss_oxide::scanner: Discovering "/home/afdal/Laboratorium/PROJECT/extensionadminaksent/android/app/src/main/assets"
2026-03-01T11:06:57.233970Z  INFO scan_sources: tailwindcss_oxide::scanner: Discovering "/home/afdal/Laboratorium/PROJECT/extensionadminaksent/android/app/src/androidTest"
2026-03-01T11:06:57.234078Z  INFO scan_sources: tailwindcss_oxide::scanner: Discovering "/home/afdal/Laboratorium/PROJECT/extensionadminaksent/android/app/src/androidTest/java"
2026-03-01T11:06:57.234152Z  INFO scan_sources: tailwindcss_oxide::scanner: Discovering "/home/afdal/Laboratorium/PROJECT/extensionadminaksent/android/app/src/androidTest/java/com"
2026-03-01T11:06:57.234239Z  INFO scan_sources: tailwindcss_oxide::scanner: Discovering "/home/afdal/Laboratorium/PROJECT/extensionadminaksent/android/app/src/androidTest/java/com/getcapacitor"
2026-03-01T11:06:57.234319Z  INFO scan_sources: tailwindcss_oxide::scanner: Discovering "/home/afdal/Laboratorium/PROJECT/extensionadminaksent/android/app/src/androidTest/java/com/getcapacitor/myapp"
2026-03-01T11:06:57.234445Z  INFO scan_sources: tailwindcss_oxide::scanner: Discovering "/home/afdal/Laboratorium/PROJECT/extensionadminaksent/android/app/src/test"
2026-03-01T11:06:57.234511Z  INFO scan_sources: tailwindcss_oxide::scanner: Discovering "/home/afdal/Laboratorium/PROJECT/extensionadminaksent/android/app/src/test/java"
2026-03-01T11:06:57.234574Z  INFO scan_sources: tailwindcss_oxide::scanner: Discovering "/home/afdal/Laboratorium/PROJECT/extensionadminaksent/android/app/src/test/java/com"
2026-03-01T11:06:57.234642Z  INFO scan_sources: tailwindcss_oxide::scanner: Discovering "/home/afdal/Laboratorium/PROJECT/extensionadminaksent/android/app/src/test/java/com/getcapacitor"
2026-03-01T11:06:57.234709Z  INFO scan_sources: tailwindcss_oxide::scanner: Discovering "/home/afdal/Laboratorium/PROJECT/extensionadminaksent/android/app/src/test/java/com/getcapacitor/myapp"
2026-03-01T11:06:57.235332Z  INFO scan_sources: tailwindcss_oxide::scanner: exit
2026-03-01T11:06:57.235362Z  INFO extract_candidates: tailwindcss_oxide::scanner: enter
2026-03-01T11:06:57.235371Z  INFO extract_candidates:read_all_files: tailwindcss_oxide::scanner: enter
2026-03-01T11:06:57.235379Z  INFO extract_candidates:read_all_files: tailwindcss_oxide::scanner: Reading 1 file(s)
2026-03-01T11:06:57.235460Z  INFO extract_candidates:read_all_files: tailwindcss_oxide::scanner: Reading "/home/afdal/Laboratorium/PROJECT/extensionadminaksent/src/components/customer/DetailCardCustomer.tsx"
2026-03-01T11:06:57.235492Z  INFO extract_candidates:read_all_files: tailwindcss_oxide::scanner: exit
2026-03-01T11:06:57.235502Z  INFO extract_candidates:parse_all_blobs: tailwindcss_oxide::scanner: enter
2026-03-01T11:06:57.235510Z  INFO extract_candidates:parse_all_blobs:extract: tailwindcss_oxide::scanner: enter
2026-03-01T11:06:57.236979Z  INFO extract_candidates:parse_all_blobs:extract: tailwindcss_oxide::scanner: exit
2026-03-01T11:06:57.237188Z  INFO extract_candidates:parse_all_blobs: tailwindcss_oxide::scanner: exit
2026-03-01T11:06:57.237802Z  INFO extract_candidates: tailwindcss_oxide::scanner: exit
2026-03-01T11:06:57.245688Z  INFO get_files: tailwindcss_oxide::scanner: enter
2026-03-01T11:06:57.245761Z  INFO get_files:scan_sources: tailwindcss_oxide::scanner: enter
2026-03-01T11:06:57.246760Z  INFO get_files:scan_sources: tailwindcss_oxide::scanner: Discovering "/home/afdal/Laboratorium/PROJECT/extensionadminaksent/scripts"
2026-03-01T11:06:57.246969Z  INFO get_files:scan_sources: tailwindcss_oxide::scanner: Discovering "/home/afdal/Laboratorium/PROJECT/extensionadminaksent/cypress"
2026-03-01T11:06:57.247048Z  INFO get_files:scan_sources: tailwindcss_oxide::scanner: Discovering "/home/afdal/Laboratorium/PROJECT/extensionadminaksent/cypress/fixtures"
2026-03-01T11:06:57.247148Z  INFO get_files:scan_sources: tailwindcss_oxide::scanner: Discovering "/home/afdal/Laboratorium/PROJECT/extensionadminaksent/cypress/e2e"
2026-03-01T11:06:57.247295Z  INFO get_files:scan_sources: tailwindcss_oxide::scanner: Discovering "/home/afdal/Laboratorium/PROJECT/extensionadminaksent/cypress/support"
2026-03-01T11:06:57.247585Z  INFO get_files:scan_sources: tailwindcss_oxide::scanner: Discovering "/home/afdal/Laboratorium/PROJECT/extensionadminaksent/.vscode"
2026-03-01T11:06:57.248393Z  INFO get_files:scan_sources: tailwindcss_oxide::scanner: Discovering "/home/afdal/Laboratorium/PROJECT/extensionadminaksent/src"
2026-03-01T11:06:57.248648Z  INFO get_files:scan_sources: tailwindcss_oxide::scanner: Discovering "/home/afdal/Laboratorium/PROJECT/extensionadminaksent/src/hook"
2026-03-01T11:06:57.248739Z  INFO get_files:scan_sources: tailwindcss_oxide::scanner: Discovering "/home/afdal/Laboratorium/PROJECT/extensionadminaksent/src/hook/requests"
2026-03-01T11:06:57.248888Z  INFO get_files:scan_sources: tailwindcss_oxide::scanner: Discovering "/home/afdal/Laboratorium/PROJECT/extensionadminaksent/src/components"
2026-03-01T11:06:57.248988Z  INFO get_files:scan_sources: tailwindcss_oxide::scanner: Discovering "/home/afdal/Laboratorium/PROJECT/extensionadminaksent/src/components/customer"
2026-03-01T11:06:57.249081Z  INFO get_files:scan_sources: tailwindcss_oxide::scanner: Discovering "/home/afdal/Laboratorium/PROJECT/extensionadminaksent/src/components/list"
2026-03-01T11:06:57.249181Z  INFO get_files:scan_sources: tailwindcss_oxide::scanner: Discovering "/home/afdal/Laboratorium/PROJECT/extensionadminaksent/src/components/toolbars"
2026-03-01T11:06:57.249298Z  INFO get_files:scan_sources: tailwindcss_oxide::scanner: Discovering "/home/afdal/Laboratorium/PROJECT/extensionadminaksent/src/theme"
2026-03-01T11:06:57.249416Z  INFO get_files:scan_sources: tailwindcss_oxide::scanner: Discovering "/home/afdal/Laboratorium/PROJECT/extensionadminaksent/src/utils"
2026-03-01T11:06:57.249553Z  INFO get_files:scan_sources: tailwindcss_oxide::scanner: Discovering "/home/afdal/Laboratorium/PROJECT/extensionadminaksent/src/databases"
2026-03-01T11:06:57.249636Z  INFO get_files:scan_sources: tailwindcss_oxide::scanner: Discovering "/home/afdal/Laboratorium/PROJECT/extensionadminaksent/src/databases/migrations"
2026-03-01T11:06:57.249753Z  INFO get_files:scan_sources: tailwindcss_oxide::scanner: Discovering "/home/afdal/Laboratorium/PROJECT/extensionadminaksent/src/databases/entities"
2026-03-01T11:06:57.249908Z  INFO get_files:scan_sources: tailwindcss_oxide::scanner: Discovering "/home/afdal/Laboratorium/PROJECT/extensionadminaksent/src/types"
2026-03-01T11:06:57.250002Z  INFO get_files:scan_sources: tailwindcss_oxide::scanner: Discovering "/home/afdal/Laboratorium/PROJECT/extensionadminaksent/src/pages"
2026-03-01T11:06:57.250124Z  INFO get_files:scan_sources: tailwindcss_oxide::scanner: Discovering "/home/afdal/Laboratorium/PROJECT/extensionadminaksent/src/pages/Customer"
2026-03-01T11:06:57.250427Z  INFO get_files:scan_sources: tailwindcss_oxide::scanner: Discovering "/home/afdal/Laboratorium/PROJECT/extensionadminaksent/src/pages/Home"
2026-03-01T11:06:57.250719Z  INFO get_files:scan_sources: tailwindcss_oxide::scanner: Discovering "/home/afdal/Laboratorium/PROJECT/extensionadminaksent/src/pages/Validation"
2026-03-01T11:06:57.250940Z  INFO get_files:scan_sources: tailwindcss_oxide::scanner: Discovering "/home/afdal/Laboratorium/PROJECT/extensionadminaksent/src/pages/Unpaid"
2026-03-01T11:06:57.251047Z  INFO get_files:scan_sources: tailwindcss_oxide::scanner: Discovering "/home/afdal/Laboratorium/PROJECT/extensionadminaksent/src/pages/Payment"
2026-03-01T11:06:57.251318Z  INFO get_files:scan_sources: tailwindcss_oxide::scanner: Discovering "/home/afdal/Laboratorium/PROJECT/extensionadminaksent/public"
2026-03-01T11:06:57.251411Z  INFO get_files:scan_sources: tailwindcss_oxide::scanner: Discovering "/home/afdal/Laboratorium/PROJECT/extensionadminaksent/public/assets"
2026-03-01T11:06:57.251635Z  INFO get_files:scan_sources: tailwindcss_oxide::scanner: Discovering "/home/afdal/Laboratorium/PROJECT/extensionadminaksent/android"
2026-03-01T11:06:57.255401Z  INFO get_files:scan_sources: tailwindcss_oxide::scanner: Discovering "/home/afdal/Laboratorium/PROJECT/extensionadminaksent/android/.kotlin"
2026-03-01T11:06:57.255648Z  INFO get_files:scan_sources: tailwindcss_oxide::scanner: Discovering "/home/afdal/Laboratorium/PROJECT/extensionadminaksent/android/.kotlin/sessions"
2026-03-01T11:06:57.256391Z  INFO get_files:scan_sources: tailwindcss_oxide::scanner: Discovering "/home/afdal/Laboratorium/PROJECT/extensionadminaksent/android/gradle"
2026-03-01T11:06:57.256524Z  INFO get_files:scan_sources: tailwindcss_oxide::scanner: Discovering "/home/afdal/Laboratorium/PROJECT/extensionadminaksent/android/gradle/wrapper"
2026-03-01T11:06:57.256660Z  INFO get_files:scan_sources: tailwindcss_oxide::scanner: Discovering "/home/afdal/Laboratorium/PROJECT/extensionadminaksent/android/app"
2026-03-01T11:06:57.256856Z  INFO get_files:scan_sources: tailwindcss_oxide::scanner: Discovering "/home/afdal/Laboratorium/PROJECT/extensionadminaksent/android/app/src"
2026-03-01T11:06:57.256960Z  INFO get_files:scan_sources: tailwindcss_oxide::scanner: Discovering "/home/afdal/Laboratorium/PROJECT/extensionadminaksent/android/app/src/main"
2026-03-01T11:06:57.259310Z  INFO get_files:scan_sources: tailwindcss_oxide::scanner: Discovering "/home/afdal/Laboratorium/PROJECT/extensionadminaksent/android/app/src/main/res"
2026-03-01T11:06:57.259805Z  INFO get_files:scan_sources: tailwindcss_oxide::scanner: Discovering "/home/afdal/Laboratorium/PROJECT/extensionadminaksent/android/app/src/main/res/drawable-land-xhdpi"
2026-03-01T11:06:57.261100Z  INFO get_files:scan_sources: tailwindcss_oxide::scanner: Discovering "/home/afdal/Laboratorium/PROJECT/extensionadminaksent/android/app/src/main/res/drawable-land-xxhdpi"
2026-03-01T11:06:57.263326Z  INFO get_files:scan_sources: tailwindcss_oxide::scanner: Discovering "/home/afdal/Laboratorium/PROJECT/extensionadminaksent/android/app/src/main/res/drawable-v24"
2026-03-01T11:06:57.263646Z  INFO get_files:scan_sources: tailwindcss_oxide::scanner: Discovering "/home/afdal/Laboratorium/PROJECT/extensionadminaksent/android/app/src/main/res/drawable-port-xxxhdpi"
2026-03-01T11:06:57.266187Z  INFO get_files:scan_sources: tailwindcss_oxide::scanner: Discovering "/home/afdal/Laboratorium/PROJECT/extensionadminaksent/android/app/src/main/res/drawable-land-xxxhdpi"
2026-03-01T11:06:57.266309Z  INFO get_files:scan_sources: tailwindcss_oxide::scanner: Discovering "/home/afdal/Laboratorium/PROJECT/extensionadminaksent/android/app/src/main/res/drawable-port-xxhdpi"
2026-03-01T11:06:57.266399Z  INFO get_files:scan_sources: tailwindcss_oxide::scanner: Discovering "/home/afdal/Laboratorium/PROJECT/extensionadminaksent/android/app/src/main/res/mipmap-hdpi"
2026-03-01T11:06:57.266508Z  INFO get_files:scan_sources: tailwindcss_oxide::scanner: Discovering "/home/afdal/Laboratorium/PROJECT/extensionadminaksent/android/app/src/main/res/drawable-land-hdpi"
2026-03-01T11:06:57.266597Z  INFO get_files:scan_sources: tailwindcss_oxide::scanner: Discovering "/home/afdal/Laboratorium/PROJECT/extensionadminaksent/android/app/src/main/res/xml"
2026-03-01T11:06:57.266708Z  INFO get_files:scan_sources: tailwindcss_oxide::scanner: Discovering "/home/afdal/Laboratorium/PROJECT/extensionadminaksent/android/app/src/main/res/mipmap-xhdpi"
2026-03-01T11:06:57.266804Z  INFO get_files:scan_sources: tailwindcss_oxide::scanner: Discovering "/home/afdal/Laboratorium/PROJECT/extensionadminaksent/android/app/src/main/res/drawable-land-mdpi"
2026-03-01T11:06:57.266916Z  INFO get_files:scan_sources: tailwindcss_oxide::scanner: Discovering "/home/afdal/Laboratorium/PROJECT/extensionadminaksent/android/app/src/main/res/drawable-port-hdpi"
2026-03-01T11:06:57.266999Z  INFO get_files:scan_sources: tailwindcss_oxide::scanner: Discovering "/home/afdal/Laboratorium/PROJECT/extensionadminaksent/android/app/src/main/res/mipmap-xxhdpi"
2026-03-01T11:06:57.267093Z  INFO get_files:scan_sources: tailwindcss_oxide::scanner: Discovering "/home/afdal/Laboratorium/PROJECT/extensionadminaksent/android/app/src/main/res/mipmap-mdpi"
2026-03-01T11:06:57.267185Z  INFO get_files:scan_sources: tailwindcss_oxide::scanner: Discovering "/home/afdal/Laboratorium/PROJECT/extensionadminaksent/android/app/src/main/res/drawable"
2026-03-01T11:06:57.267289Z  INFO get_files:scan_sources: tailwindcss_oxide::scanner: Discovering "/home/afdal/Laboratorium/PROJECT/extensionadminaksent/android/app/src/main/res/drawable-port-xhdpi"
2026-03-01T11:06:57.267370Z  INFO get_files:scan_sources: tailwindcss_oxide::scanner: Discovering "/home/afdal/Laboratorium/PROJECT/extensionadminaksent/android/app/src/main/res/mipmap-xxxhdpi"
2026-03-01T11:06:57.267463Z  INFO get_files:scan_sources: tailwindcss_oxide::scanner: Discovering "/home/afdal/Laboratorium/PROJECT/extensionadminaksent/android/app/src/main/res/layout"
2026-03-01T11:06:57.267581Z  INFO get_files:scan_sources: tailwindcss_oxide::scanner: Discovering "/home/afdal/Laboratorium/PROJECT/extensionadminaksent/android/app/src/main/res/mipmap-anydpi-v26"
2026-03-01T11:06:57.267719Z  INFO get_files:scan_sources: tailwindcss_oxide::scanner: Discovering "/home/afdal/Laboratorium/PROJECT/extensionadminaksent/android/app/src/main/res/drawable-port-mdpi"
2026-03-01T11:06:57.267838Z  INFO get_files:scan_sources: tailwindcss_oxide::scanner: Discovering "/home/afdal/Laboratorium/PROJECT/extensionadminaksent/android/app/src/main/res/values"
2026-03-01T11:06:57.268323Z  INFO get_files:scan_sources: tailwindcss_oxide::scanner: Discovering "/home/afdal/Laboratorium/PROJECT/extensionadminaksent/android/app/src/main/java"
2026-03-01T11:06:57.268533Z  INFO get_files:scan_sources: tailwindcss_oxide::scanner: Discovering "/home/afdal/Laboratorium/PROJECT/extensionadminaksent/android/app/src/main/java/io"
2026-03-01T11:06:57.268614Z  INFO get_files:scan_sources: tailwindcss_oxide::scanner: Discovering "/home/afdal/Laboratorium/PROJECT/extensionadminaksent/android/app/src/main/java/io/ionic"
2026-03-01T11:06:57.268697Z  INFO get_files:scan_sources: tailwindcss_oxide::scanner: Discovering "/home/afdal/Laboratorium/PROJECT/extensionadminaksent/android/app/src/main/java/io/ionic/starter"
2026-03-01T11:06:57.268838Z  INFO get_files:scan_sources: tailwindcss_oxide::scanner: Discovering "/home/afdal/Laboratorium/PROJECT/extensionadminaksent/android/app/src/main/assets"
2026-03-01T11:06:57.269014Z  INFO get_files:scan_sources: tailwindcss_oxide::scanner: Discovering "/home/afdal/Laboratorium/PROJECT/extensionadminaksent/android/app/src/androidTest"
2026-03-01T11:06:57.269270Z  INFO get_files:scan_sources: tailwindcss_oxide::scanner: Discovering "/home/afdal/Laboratorium/PROJECT/extensionadminaksent/android/app/src/androidTest/java"
2026-03-01T11:06:57.269473Z  INFO get_files:scan_sources: tailwindcss_oxide::scanner: Discovering "/home/afdal/Laboratorium/PROJECT/extensionadminaksent/android/app/src/androidTest/java/com"
2026-03-01T11:06:57.269637Z  INFO get_files:scan_sources: tailwindcss_oxide::scanner: Discovering "/home/afdal/Laboratorium/PROJECT/extensionadminaksent/android/app/src/androidTest/java/com/getcapacitor"
2026-03-01T11:06:57.269792Z  INFO get_files:scan_sources: tailwindcss_oxide::scanner: Discovering "/home/afdal/Laboratorium/PROJECT/extensionadminaksent/android/app/src/androidTest/java/com/getcapacitor/myapp"
2026-03-01T11:06:57.270038Z  INFO get_files:scan_sources: tailwindcss_oxide::scanner: Discovering "/home/afdal/Laboratorium/PROJECT/extensionadminaksent/android/app/src/test"
2026-03-01T11:06:57.270208Z  INFO get_files:scan_sources: tailwindcss_oxide::scanner: Discovering "/home/afdal/Laboratorium/PROJECT/extensionadminaksent/android/app/src/test/java"
2026-03-01T11:06:57.270365Z  INFO get_files:scan_sources: tailwindcss_oxide::scanner: Discovering "/home/afdal/Laboratorium/PROJECT/extensionadminaksent/android/app/src/test/java/com"
2026-03-01T11:06:57.270519Z  INFO get_files:scan_sources: tailwindcss_oxide::scanner: Discovering "/home/afdal/Laboratorium/PROJECT/extensionadminaksent/android/app/src/test/java/com/getcapacitor"
2026-03-01T11:06:57.270669Z  INFO get_files:scan_sources: tailwindcss_oxide::scanner: Discovering "/home/afdal/Laboratorium/PROJECT/extensionadminaksent/android/app/src/test/java/com/getcapacitor/myapp"
2026-03-01T11:06:57.272747Z  INFO get_files:scan_sources: tailwindcss_oxide::scanner: exit
2026-03-01T11:06:57.275370Z  INFO get_files: tailwindcss_oxide::scanner: exit
2026-03-01T11:06:57.276041Z  INFO get_globs: tailwindcss_oxide::scanner: enter
2026-03-01T11:06:57.276246Z  INFO get_globs: tailwindcss_oxide::scanner: exit
2026-03-01T11:07:01.034326Z  INFO scan_sources: tailwindcss_oxide::scanner: enter
2026-03-01T11:07:01.035409Z  INFO scan_sources: tailwindcss_oxide::scanner: Discovering "/home/afdal/Laboratorium/PROJECT/extensionadminaksent/scripts"
2026-03-01T11:07:01.035577Z  INFO scan_sources: tailwindcss_oxide::scanner: Discovering "/home/afdal/Laboratorium/PROJECT/extensionadminaksent/cypress"
2026-03-01T11:07:01.035658Z  INFO scan_sources: tailwindcss_oxide::scanner: Discovering "/home/afdal/Laboratorium/PROJECT/extensionadminaksent/cypress/fixtures"
2026-03-01T11:07:01.035767Z  INFO scan_sources: tailwindcss_oxide::scanner: Discovering "/home/afdal/Laboratorium/PROJECT/extensionadminaksent/cypress/e2e"
2026-03-01T11:07:01.035903Z  INFO scan_sources: tailwindcss_oxide::scanner: Discovering "/home/afdal/Laboratorium/PROJECT/extensionadminaksent/cypress/support"
2026-03-01T11:07:01.036043Z  INFO scan_sources: tailwindcss_oxide::scanner: Discovering "/home/afdal/Laboratorium/PROJECT/extensionadminaksent/.vscode"
2026-03-01T11:07:01.036206Z  INFO scan_sources: tailwindcss_oxide::scanner: Discovering "/home/afdal/Laboratorium/PROJECT/extensionadminaksent/src"
2026-03-01T11:07:01.036301Z  INFO scan_sources: tailwindcss_oxide::scanner: Discovering "/home/afdal/Laboratorium/PROJECT/extensionadminaksent/src/hook"
2026-03-01T11:07:01.036381Z  INFO scan_sources: tailwindcss_oxide::scanner: Discovering "/home/afdal/Laboratorium/PROJECT/extensionadminaksent/src/hook/requests"
2026-03-01T11:07:01.036503Z  INFO scan_sources: tailwindcss_oxide::scanner: Discovering "/home/afdal/Laboratorium/PROJECT/extensionadminaksent/src/components"
2026-03-01T11:07:01.036614Z  INFO scan_sources: tailwindcss_oxide::scanner: Discovering "/home/afdal/Laboratorium/PROJECT/extensionadminaksent/src/components/customer"
2026-03-01T11:07:01.036734Z  INFO scan_sources: tailwindcss_oxide::scanner: Discovering "/home/afdal/Laboratorium/PROJECT/extensionadminaksent/src/components/list"
2026-03-01T11:07:01.040731Z  INFO scan_sources: tailwindcss_oxide::scanner: Discovering "/home/afdal/Laboratorium/PROJECT/extensionadminaksent/src/components/toolbars"
2026-03-01T11:07:01.041228Z  INFO scan_sources: tailwindcss_oxide::scanner: Discovering "/home/afdal/Laboratorium/PROJECT/extensionadminaksent/src/theme"
2026-03-01T11:07:01.041445Z  INFO scan_sources: tailwindcss_oxide::scanner: Discovering "/home/afdal/Laboratorium/PROJECT/extensionadminaksent/src/utils"
2026-03-01T11:07:01.041606Z  INFO scan_sources: tailwindcss_oxide::scanner: Discovering "/home/afdal/Laboratorium/PROJECT/extensionadminaksent/src/databases"
2026-03-01T11:07:01.041694Z  INFO scan_sources: tailwindcss_oxide::scanner: Discovering "/home/afdal/Laboratorium/PROJECT/extensionadminaksent/src/databases/migrations"
2026-03-01T11:07:01.041847Z  INFO scan_sources: tailwindcss_oxide::scanner: Discovering "/home/afdal/Laboratorium/PROJECT/extensionadminaksent/src/databases/entities"
2026-03-01T11:07:01.042009Z  INFO scan_sources: tailwindcss_oxide::scanner: Discovering "/home/afdal/Laboratorium/PROJECT/extensionadminaksent/src/types"
2026-03-01T11:07:01.042109Z  INFO scan_sources: tailwindcss_oxide::scanner: Discovering "/home/afdal/Laboratorium/PROJECT/extensionadminaksent/src/pages"
2026-03-01T11:07:01.042177Z  INFO scan_sources: tailwindcss_oxide::scanner: Discovering "/home/afdal/Laboratorium/PROJECT/extensionadminaksent/src/pages/Customer"
2026-03-01T11:07:01.042258Z  INFO scan_sources: tailwindcss_oxide::scanner: Discovering "/home/afdal/Laboratorium/PROJECT/extensionadminaksent/src/pages/Customer/Customer.tsx"
2026-03-01T11:07:01.042328Z  INFO scan_sources: tailwindcss_oxide::scanner: Discovering "/home/afdal/Laboratorium/PROJECT/extensionadminaksent/src/pages/Home"
2026-03-01T11:07:01.042433Z  INFO scan_sources: tailwindcss_oxide::scanner: Discovering "/home/afdal/Laboratorium/PROJECT/extensionadminaksent/src/pages/Validation"
2026-03-01T11:07:01.042526Z  INFO scan_sources: tailwindcss_oxide::scanner: Discovering "/home/afdal/Laboratorium/PROJECT/extensionadminaksent/src/pages/Unpaid"
2026-03-01T11:07:01.042618Z  INFO scan_sources: tailwindcss_oxide::scanner: Discovering "/home/afdal/Laboratorium/PROJECT/extensionadminaksent/src/pages/Payment"
2026-03-01T11:07:01.042946Z  INFO scan_sources: tailwindcss_oxide::scanner: Discovering "/home/afdal/Laboratorium/PROJECT/extensionadminaksent/public"
2026-03-01T11:07:01.043070Z  INFO scan_sources: tailwindcss_oxide::scanner: Discovering "/home/afdal/Laboratorium/PROJECT/extensionadminaksent/public/assets"
2026-03-01T11:07:01.043295Z  INFO scan_sources: tailwindcss_oxide::scanner: Discovering "/home/afdal/Laboratorium/PROJECT/extensionadminaksent/android"
2026-03-01T11:07:01.043759Z  INFO scan_sources: tailwindcss_oxide::scanner: Discovering "/home/afdal/Laboratorium/PROJECT/extensionadminaksent/android/.kotlin"
2026-03-01T11:07:01.046934Z  INFO scan_sources: tailwindcss_oxide::scanner: Discovering "/home/afdal/Laboratorium/PROJECT/extensionadminaksent/android/.kotlin/sessions"
2026-03-01T11:07:01.048364Z  INFO scan_sources: tailwindcss_oxide::scanner: Discovering "/home/afdal/Laboratorium/PROJECT/extensionadminaksent/android/gradle"
2026-03-01T11:07:01.048532Z  INFO scan_sources: tailwindcss_oxide::scanner: Discovering "/home/afdal/Laboratorium/PROJECT/extensionadminaksent/android/gradle/wrapper"
2026-03-01T11:07:01.048683Z  INFO scan_sources: tailwindcss_oxide::scanner: Discovering "/home/afdal/Laboratorium/PROJECT/extensionadminaksent/android/app"
2026-03-01T11:07:01.049010Z  INFO scan_sources: tailwindcss_oxide::scanner: Discovering "/home/afdal/Laboratorium/PROJECT/extensionadminaksent/android/app/src"
2026-03-01T11:07:01.049165Z  INFO scan_sources: tailwindcss_oxide::scanner: Discovering "/home/afdal/Laboratorium/PROJECT/extensionadminaksent/android/app/src/main"
2026-03-01T11:07:01.049341Z  INFO scan_sources: tailwindcss_oxide::scanner: Discovering "/home/afdal/Laboratorium/PROJECT/extensionadminaksent/android/app/src/main/res"
2026-03-01T11:07:01.049494Z  INFO scan_sources: tailwindcss_oxide::scanner: Discovering "/home/afdal/Laboratorium/PROJECT/extensionadminaksent/android/app/src/main/res/drawable-land-xhdpi"
2026-03-01T11:07:01.049674Z  INFO scan_sources: tailwindcss_oxide::scanner: Discovering "/home/afdal/Laboratorium/PROJECT/extensionadminaksent/android/app/src/main/res/drawable-land-xxhdpi"
2026-03-01T11:07:01.049853Z  INFO scan_sources: tailwindcss_oxide::scanner: Discovering "/home/afdal/Laboratorium/PROJECT/extensionadminaksent/android/app/src/main/res/drawable-v24"
2026-03-01T11:07:01.049991Z  INFO scan_sources: tailwindcss_oxide::scanner: Discovering "/home/afdal/Laboratorium/PROJECT/extensionadminaksent/android/app/src/main/res/drawable-port-xxxhdpi"
2026-03-01T11:07:01.050105Z  INFO scan_sources: tailwindcss_oxide::scanner: Discovering "/home/afdal/Laboratorium/PROJECT/extensionadminaksent/android/app/src/main/res/drawable-land-xxxhdpi"
2026-03-01T11:07:01.050212Z  INFO scan_sources: tailwindcss_oxide::scanner: Discovering "/home/afdal/Laboratorium/PROJECT/extensionadminaksent/android/app/src/main/res/drawable-port-xxhdpi"
2026-03-01T11:07:01.050321Z  INFO scan_sources: tailwindcss_oxide::scanner: Discovering "/home/afdal/Laboratorium/PROJECT/extensionadminaksent/android/app/src/main/res/mipmap-hdpi"
2026-03-01T11:07:01.050483Z  INFO scan_sources: tailwindcss_oxide::scanner: Discovering "/home/afdal/Laboratorium/PROJECT/extensionadminaksent/android/app/src/main/res/drawable-land-hdpi"
2026-03-01T11:07:01.050630Z  INFO scan_sources: tailwindcss_oxide::scanner: Discovering "/home/afdal/Laboratorium/PROJECT/extensionadminaksent/android/app/src/main/res/xml"
2026-03-01T11:07:01.050923Z  INFO scan_sources: tailwindcss_oxide::scanner: Discovering "/home/afdal/Laboratorium/PROJECT/extensionadminaksent/android/app/src/main/res/mipmap-xhdpi"
2026-03-01T11:07:01.051055Z  INFO scan_sources: tailwindcss_oxide::scanner: Discovering "/home/afdal/Laboratorium/PROJECT/extensionadminaksent/android/app/src/main/res/drawable-land-mdpi"
2026-03-01T11:07:01.051148Z  INFO scan_sources: tailwindcss_oxide::scanner: Discovering "/home/afdal/Laboratorium/PROJECT/extensionadminaksent/android/app/src/main/res/drawable-port-hdpi"
2026-03-01T11:07:01.051243Z  INFO scan_sources: tailwindcss_oxide::scanner: Discovering "/home/afdal/Laboratorium/PROJECT/extensionadminaksent/android/app/src/main/res/mipmap-xxhdpi"
2026-03-01T11:07:01.051348Z  INFO scan_sources: tailwindcss_oxide::scanner: Discovering "/home/afdal/Laboratorium/PROJECT/extensionadminaksent/android/app/src/main/res/mipmap-mdpi"
2026-03-01T11:07:01.051442Z  INFO scan_sources: tailwindcss_oxide::scanner: Discovering "/home/afdal/Laboratorium/PROJECT/extensionadminaksent/android/app/src/main/res/drawable"
2026-03-01T11:07:01.051534Z  INFO scan_sources: tailwindcss_oxide::scanner: Discovering "/home/afdal/Laboratorium/PROJECT/extensionadminaksent/android/app/src/main/res/drawable-port-xhdpi"
2026-03-01T11:07:01.051616Z  INFO scan_sources: tailwindcss_oxide::scanner: Discovering "/home/afdal/Laboratorium/PROJECT/extensionadminaksent/android/app/src/main/res/mipmap-xxxhdpi"
2026-03-01T11:07:01.051703Z  INFO scan_sources: tailwindcss_oxide::scanner: Discovering "/home/afdal/Laboratorium/PROJECT/extensionadminaksent/android/app/src/main/res/layout"
2026-03-01T11:07:01.051793Z  INFO scan_sources: tailwindcss_oxide::scanner: Discovering "/home/afdal/Laboratorium/PROJECT/extensionadminaksent/android/app/src/main/res/mipmap-anydpi-v26"
2026-03-01T11:07:01.051912Z  INFO scan_sources: tailwindcss_oxide::scanner: Discovering "/home/afdal/Laboratorium/PROJECT/extensionadminaksent/android/app/src/main/res/drawable-port-mdpi"
2026-03-01T11:07:01.051996Z  INFO scan_sources: tailwindcss_oxide::scanner: Discovering "/home/afdal/Laboratorium/PROJECT/extensionadminaksent/android/app/src/main/res/values"
2026-03-01T11:07:01.052132Z  INFO scan_sources: tailwindcss_oxide::scanner: Discovering "/home/afdal/Laboratorium/PROJECT/extensionadminaksent/android/app/src/main/java"
2026-03-01T11:07:01.052199Z  INFO scan_sources: tailwindcss_oxide::scanner: Discovering "/home/afdal/Laboratorium/PROJECT/extensionadminaksent/android/app/src/main/java/io"
2026-03-01T11:07:01.052267Z  INFO scan_sources: tailwindcss_oxide::scanner: Discovering "/home/afdal/Laboratorium/PROJECT/extensionadminaksent/android/app/src/main/java/io/ionic"
2026-03-01T11:07:01.052355Z  INFO scan_sources: tailwindcss_oxide::scanner: Discovering "/home/afdal/Laboratorium/PROJECT/extensionadminaksent/android/app/src/main/java/io/ionic/starter"
2026-03-01T11:07:01.052472Z  INFO scan_sources: tailwindcss_oxide::scanner: Discovering "/home/afdal/Laboratorium/PROJECT/extensionadminaksent/android/app/src/main/assets"
2026-03-01T11:07:01.052635Z  INFO scan_sources: tailwindcss_oxide::scanner: Discovering "/home/afdal/Laboratorium/PROJECT/extensionadminaksent/android/app/src/androidTest"
2026-03-01T11:07:01.052700Z  INFO scan_sources: tailwindcss_oxide::scanner: Discovering "/home/afdal/Laboratorium/PROJECT/extensionadminaksent/android/app/src/androidTest/java"
2026-03-01T11:07:01.052765Z  INFO scan_sources: tailwindcss_oxide::scanner: Discovering "/home/afdal/Laboratorium/PROJECT/extensionadminaksent/android/app/src/androidTest/java/com"
2026-03-01T11:07:01.052900Z  INFO scan_sources: tailwindcss_oxide::scanner: Discovering "/home/afdal/Laboratorium/PROJECT/extensionadminaksent/android/app/src/androidTest/java/com/getcapacitor"
2026-03-01T11:07:01.052990Z  INFO scan_sources: tailwindcss_oxide::scanner: Discovering "/home/afdal/Laboratorium/PROJECT/extensionadminaksent/android/app/src/androidTest/java/com/getcapacitor/myapp"
2026-03-01T11:07:01.053123Z  INFO scan_sources: tailwindcss_oxide::scanner: Discovering "/home/afdal/Laboratorium/PROJECT/extensionadminaksent/android/app/src/test"
2026-03-01T11:07:01.053189Z  INFO scan_sources: tailwindcss_oxide::scanner: Discovering "/home/afdal/Laboratorium/PROJECT/extensionadminaksent/android/app/src/test/java"
2026-03-01T11:07:01.053253Z  INFO scan_sources: tailwindcss_oxide::scanner: Discovering "/home/afdal/Laboratorium/PROJECT/extensionadminaksent/android/app/src/test/java/com"
2026-03-01T11:07:01.053319Z  INFO scan_sources: tailwindcss_oxide::scanner: Discovering "/home/afdal/Laboratorium/PROJECT/extensionadminaksent/android/app/src/test/java/com/getcapacitor"
2026-03-01T11:07:01.053384Z  INFO scan_sources: tailwindcss_oxide::scanner: Discovering "/home/afdal/Laboratorium/PROJECT/extensionadminaksent/android/app/src/test/java/com/getcapacitor/myapp"
2026-03-01T11:07:01.053943Z  INFO scan_sources: tailwindcss_oxide::scanner: exit
2026-03-01T11:07:01.053974Z  INFO extract_candidates: tailwindcss_oxide::scanner: enter
2026-03-01T11:07:01.053983Z  INFO extract_candidates:read_all_files: tailwindcss_oxide::scanner: enter
2026-03-01T11:07:01.053991Z  INFO extract_candidates:read_all_files: tailwindcss_oxide::scanner: Reading 1 file(s)
2026-03-01T11:07:01.054059Z  INFO extract_candidates:read_all_files: tailwindcss_oxide::scanner: Reading "/home/afdal/Laboratorium/PROJECT/extensionadminaksent/src/pages/Customer/Customer.tsx"
2026-03-01T11:07:01.054073Z  INFO extract_candidates:read_all_files: tailwindcss_oxide::scanner: exit
2026-03-01T11:07:01.054083Z  INFO extract_candidates:parse_all_blobs: tailwindcss_oxide::scanner: enter
2026-03-01T11:07:01.054091Z  INFO extract_candidates:parse_all_blobs:extract: tailwindcss_oxide::scanner: enter
2026-03-01T11:07:01.055673Z  INFO extract_candidates:parse_all_blobs:extract: tailwindcss_oxide::scanner: exit
2026-03-01T11:07:01.056640Z  INFO extract_candidates:parse_all_blobs: tailwindcss_oxide::scanner: exit
2026-03-01T11:07:01.057325Z  INFO extract_candidates: tailwindcss_oxide::scanner: exit
2026-03-01T11:07:01.059789Z  INFO get_files: tailwindcss_oxide::scanner: enter
2026-03-01T11:07:01.059863Z  INFO get_files:scan_sources: tailwindcss_oxide::scanner: enter
2026-03-01T11:07:01.060828Z  INFO get_files:scan_sources: tailwindcss_oxide::scanner: Discovering "/home/afdal/Laboratorium/PROJECT/extensionadminaksent/scripts"
2026-03-01T11:07:01.060969Z  INFO get_files:scan_sources: tailwindcss_oxide::scanner: Discovering "/home/afdal/Laboratorium/PROJECT/extensionadminaksent/cypress"
2026-03-01T11:07:01.061050Z  INFO get_files:scan_sources: tailwindcss_oxide::scanner: Discovering "/home/afdal/Laboratorium/PROJECT/extensionadminaksent/cypress/fixtures"
2026-03-01T11:07:01.061162Z  INFO get_files:scan_sources: tailwindcss_oxide::scanner: Discovering "/home/afdal/Laboratorium/PROJECT/extensionadminaksent/cypress/e2e"
2026-03-01T11:07:01.061285Z  INFO get_files:scan_sources: tailwindcss_oxide::scanner: Discovering "/home/afdal/Laboratorium/PROJECT/extensionadminaksent/cypress/support"
2026-03-01T11:07:01.061417Z  INFO get_files:scan_sources: tailwindcss_oxide::scanner: Discovering "/home/afdal/Laboratorium/PROJECT/extensionadminaksent/.vscode"
2026-03-01T11:07:01.061821Z  INFO get_files:scan_sources: tailwindcss_oxide::scanner: Discovering "/home/afdal/Laboratorium/PROJECT/extensionadminaksent/src"
2026-03-01T11:07:01.062060Z  INFO get_files:scan_sources: tailwindcss_oxide::scanner: Discovering "/home/afdal/Laboratorium/PROJECT/extensionadminaksent/src/hook"
2026-03-01T11:07:01.062255Z  INFO get_files:scan_sources: tailwindcss_oxide::scanner: Discovering "/home/afdal/Laboratorium/PROJECT/extensionadminaksent/src/hook/requests"
2026-03-01T11:07:01.062515Z  INFO get_files:scan_sources: tailwindcss_oxide::scanner: Discovering "/home/afdal/Laboratorium/PROJECT/extensionadminaksent/src/components"
2026-03-01T11:07:01.062823Z  INFO get_files:scan_sources: tailwindcss_oxide::scanner: Discovering "/home/afdal/Laboratorium/PROJECT/extensionadminaksent/src/components/customer"
2026-03-01T11:07:01.063067Z  INFO get_files:scan_sources: tailwindcss_oxide::scanner: Discovering "/home/afdal/Laboratorium/PROJECT/extensionadminaksent/src/components/list"
2026-03-01T11:07:01.063306Z  INFO get_files:scan_sources: tailwindcss_oxide::scanner: Discovering "/home/afdal/Laboratorium/PROJECT/extensionadminaksent/src/components/toolbars"
2026-03-01T11:07:01.063557Z  INFO get_files:scan_sources: tailwindcss_oxide::scanner: Discovering "/home/afdal/Laboratorium/PROJECT/extensionadminaksent/src/theme"
2026-03-01T11:07:01.063839Z  INFO get_files:scan_sources: tailwindcss_oxide::scanner: Discovering "/home/afdal/Laboratorium/PROJECT/extensionadminaksent/src/utils"
2026-03-01T11:07:01.064159Z  INFO get_files:scan_sources: tailwindcss_oxide::scanner: Discovering "/home/afdal/Laboratorium/PROJECT/extensionadminaksent/src/databases"
2026-03-01T11:07:01.064390Z  INFO get_files:scan_sources: tailwindcss_oxide::scanner: Discovering "/home/afdal/Laboratorium/PROJECT/extensionadminaksent/src/databases/migrations"
2026-03-01T11:07:01.064642Z  INFO get_files:scan_sources: tailwindcss_oxide::scanner: Discovering "/home/afdal/Laboratorium/PROJECT/extensionadminaksent/src/databases/entities"
2026-03-01T11:07:01.064951Z  INFO get_files:scan_sources: tailwindcss_oxide::scanner: Discovering "/home/afdal/Laboratorium/PROJECT/extensionadminaksent/src/types"
2026-03-01T11:07:01.065208Z  INFO get_files:scan_sources: tailwindcss_oxide::scanner: Discovering "/home/afdal/Laboratorium/PROJECT/extensionadminaksent/src/pages"
2026-03-01T11:07:01.065420Z  INFO get_files:scan_sources: tailwindcss_oxide::scanner: Discovering "/home/afdal/Laboratorium/PROJECT/extensionadminaksent/src/pages/Customer"
2026-03-01T11:07:01.065684Z  INFO get_files:scan_sources: tailwindcss_oxide::scanner: Discovering "/home/afdal/Laboratorium/PROJECT/extensionadminaksent/src/pages/Home"
2026-03-01T11:07:01.065830Z  INFO get_files:scan_sources: tailwindcss_oxide::scanner: Discovering "/home/afdal/Laboratorium/PROJECT/extensionadminaksent/src/pages/Validation"
2026-03-01T11:07:01.065944Z  INFO get_files:scan_sources: tailwindcss_oxide::scanner: Discovering "/home/afdal/Laboratorium/PROJECT/extensionadminaksent/src/pages/Unpaid"
2026-03-01T11:07:01.066049Z  INFO get_files:scan_sources: tailwindcss_oxide::scanner: Discovering "/home/afdal/Laboratorium/PROJECT/extensionadminaksent/src/pages/Payment"
2026-03-01T11:07:01.066333Z  INFO get_files:scan_sources: tailwindcss_oxide::scanner: Discovering "/home/afdal/Laboratorium/PROJECT/extensionadminaksent/public"
2026-03-01T11:07:01.066429Z  INFO get_files:scan_sources: tailwindcss_oxide::scanner: Discovering "/home/afdal/Laboratorium/PROJECT/extensionadminaksent/public/assets"
2026-03-01T11:07:01.066651Z  INFO get_files:scan_sources: tailwindcss_oxide::scanner: Discovering "/home/afdal/Laboratorium/PROJECT/extensionadminaksent/android"
2026-03-01T11:07:01.067296Z  INFO get_files:scan_sources: tailwindcss_oxide::scanner: Discovering "/home/afdal/Laboratorium/PROJECT/extensionadminaksent/android/.kotlin"
2026-03-01T11:07:01.067564Z  INFO get_files:scan_sources: tailwindcss_oxide::scanner: Discovering "/home/afdal/Laboratorium/PROJECT/extensionadminaksent/android/.kotlin/sessions"
2026-03-01T11:07:01.067969Z  INFO get_files:scan_sources: tailwindcss_oxide::scanner: Discovering "/home/afdal/Laboratorium/PROJECT/extensionadminaksent/android/gradle"
2026-03-01T11:07:01.068194Z  INFO get_files:scan_sources: tailwindcss_oxide::scanner: Discovering "/home/afdal/Laboratorium/PROJECT/extensionadminaksent/android/gradle/wrapper"
2026-03-01T11:07:01.068461Z  INFO get_files:scan_sources: tailwindcss_oxide::scanner: Discovering "/home/afdal/Laboratorium/PROJECT/extensionadminaksent/android/app"
2026-03-01T11:07:01.068820Z  INFO get_files:scan_sources: tailwindcss_oxide::scanner: Discovering "/home/afdal/Laboratorium/PROJECT/extensionadminaksent/android/app/src"
2026-03-01T11:07:01.069072Z  INFO get_files:scan_sources: tailwindcss_oxide::scanner: Discovering "/home/afdal/Laboratorium/PROJECT/extensionadminaksent/android/app/src/main"
2026-03-01T11:07:01.069313Z  INFO get_files:scan_sources: tailwindcss_oxide::scanner: Discovering "/home/afdal/Laboratorium/PROJECT/extensionadminaksent/android/app/src/main/res"
2026-03-01T11:07:01.069531Z  INFO get_files:scan_sources: tailwindcss_oxide::scanner: Discovering "/home/afdal/Laboratorium/PROJECT/extensionadminaksent/android/app/src/main/res/drawable-land-xhdpi"
2026-03-01T11:07:01.069650Z  INFO get_files:scan_sources: tailwindcss_oxide::scanner: Discovering "/home/afdal/Laboratorium/PROJECT/extensionadminaksent/android/app/src/main/res/drawable-land-xxhdpi"
2026-03-01T11:07:01.069751Z  INFO get_files:scan_sources: tailwindcss_oxide::scanner: Discovering "/home/afdal/Laboratorium/PROJECT/extensionadminaksent/android/app/src/main/res/drawable-v24"
2026-03-01T11:07:01.069878Z  INFO get_files:scan_sources: tailwindcss_oxide::scanner: Discovering "/home/afdal/Laboratorium/PROJECT/extensionadminaksent/android/app/src/main/res/drawable-port-xxxhdpi"
2026-03-01T11:07:01.069978Z  INFO get_files:scan_sources: tailwindcss_oxide::scanner: Discovering "/home/afdal/Laboratorium/PROJECT/extensionadminaksent/android/app/src/main/res/drawable-land-xxxhdpi"
2026-03-01T11:07:01.070065Z  INFO get_files:scan_sources: tailwindcss_oxide::scanner: Discovering "/home/afdal/Laboratorium/PROJECT/extensionadminaksent/android/app/src/main/res/drawable-port-xxhdpi"
2026-03-01T11:07:01.070164Z  INFO get_files:scan_sources: tailwindcss_oxide::scanner: Discovering "/home/afdal/Laboratorium/PROJECT/extensionadminaksent/android/app/src/main/res/mipmap-hdpi"
2026-03-01T11:07:01.070269Z  INFO get_files:scan_sources: tailwindcss_oxide::scanner: Discovering "/home/afdal/Laboratorium/PROJECT/extensionadminaksent/android/app/src/main/res/drawable-land-hdpi"
2026-03-01T11:07:01.070367Z  INFO get_files:scan_sources: tailwindcss_oxide::scanner: Discovering "/home/afdal/Laboratorium/PROJECT/extensionadminaksent/android/app/src/main/res/xml"
2026-03-01T11:07:01.070480Z  INFO get_files:scan_sources: tailwindcss_oxide::scanner: Discovering "/home/afdal/Laboratorium/PROJECT/extensionadminaksent/android/app/src/main/res/mipmap-xhdpi"
2026-03-01T11:07:01.070591Z  INFO get_files:scan_sources: tailwindcss_oxide::scanner: Discovering "/home/afdal/Laboratorium/PROJECT/extensionadminaksent/android/app/src/main/res/drawable-land-mdpi"
2026-03-01T11:07:01.070689Z  INFO get_files:scan_sources: tailwindcss_oxide::scanner: Discovering "/home/afdal/Laboratorium/PROJECT/extensionadminaksent/android/app/src/main/res/drawable-port-hdpi"
2026-03-01T11:07:01.070789Z  INFO get_files:scan_sources: tailwindcss_oxide::scanner: Discovering "/home/afdal/Laboratorium/PROJECT/extensionadminaksent/android/app/src/main/res/mipmap-xxhdpi"
2026-03-01T11:07:01.071082Z  INFO get_files:scan_sources: tailwindcss_oxide::scanner: Discovering "/home/afdal/Laboratorium/PROJECT/extensionadminaksent/android/app/src/main/res/mipmap-mdpi"
2026-03-01T11:07:01.071379Z  INFO get_files:scan_sources: tailwindcss_oxide::scanner: Discovering "/home/afdal/Laboratorium/PROJECT/extensionadminaksent/android/app/src/main/res/drawable"
2026-03-01T11:07:01.071668Z  INFO get_files:scan_sources: tailwindcss_oxide::scanner: Discovering "/home/afdal/Laboratorium/PROJECT/extensionadminaksent/android/app/src/main/res/drawable-port-xhdpi"
2026-03-01T11:07:01.072023Z  INFO get_files:scan_sources: tailwindcss_oxide::scanner: Discovering "/home/afdal/Laboratorium/PROJECT/extensionadminaksent/android/app/src/main/res/mipmap-xxxhdpi"
2026-03-01T11:07:01.072343Z  INFO get_files:scan_sources: tailwindcss_oxide::scanner: Discovering "/home/afdal/Laboratorium/PROJECT/extensionadminaksent/android/app/src/main/res/layout"
2026-03-01T11:07:01.072651Z  INFO get_files:scan_sources: tailwindcss_oxide::scanner: Discovering "/home/afdal/Laboratorium/PROJECT/extensionadminaksent/android/app/src/main/res/mipmap-anydpi-v26"
2026-03-01T11:07:01.072923Z  INFO get_files:scan_sources: tailwindcss_oxide::scanner: Discovering "/home/afdal/Laboratorium/PROJECT/extensionadminaksent/android/app/src/main/res/drawable-port-mdpi"
2026-03-01T11:07:01.073157Z  INFO get_files:scan_sources: tailwindcss_oxide::scanner: Discovering "/home/afdal/Laboratorium/PROJECT/extensionadminaksent/android/app/src/main/res/values"
2026-03-01T11:07:01.073438Z  INFO get_files:scan_sources: tailwindcss_oxide::scanner: Discovering "/home/afdal/Laboratorium/PROJECT/extensionadminaksent/android/app/src/main/java"
2026-03-01T11:07:01.073642Z  INFO get_files:scan_sources: tailwindcss_oxide::scanner: Discovering "/home/afdal/Laboratorium/PROJECT/extensionadminaksent/android/app/src/main/java/io"
2026-03-01T11:07:01.073738Z  INFO get_files:scan_sources: tailwindcss_oxide::scanner: Discovering "/home/afdal/Laboratorium/PROJECT/extensionadminaksent/android/app/src/main/java/io/ionic"
2026-03-01T11:07:01.073836Z  INFO get_files:scan_sources: tailwindcss_oxide::scanner: Discovering "/home/afdal/Laboratorium/PROJECT/extensionadminaksent/android/app/src/main/java/io/ionic/starter"
2026-03-01T11:07:01.073962Z  INFO get_files:scan_sources: tailwindcss_oxide::scanner: Discovering "/home/afdal/Laboratorium/PROJECT/extensionadminaksent/android/app/src/main/assets"
2026-03-01T11:07:01.074119Z  INFO get_files:scan_sources: tailwindcss_oxide::scanner: Discovering "/home/afdal/Laboratorium/PROJECT/extensionadminaksent/android/app/src/androidTest"
2026-03-01T11:07:01.074192Z  INFO get_files:scan_sources: tailwindcss_oxide::scanner: Discovering "/home/afdal/Laboratorium/PROJECT/extensionadminaksent/android/app/src/androidTest/java"
2026-03-01T11:07:01.074258Z  INFO get_files:scan_sources: tailwindcss_oxide::scanner: Discovering "/home/afdal/Laboratorium/PROJECT/extensionadminaksent/android/app/src/androidTest/java/com"
2026-03-01T11:07:01.074327Z  INFO get_files:scan_sources: tailwindcss_oxide::scanner: Discovering "/home/afdal/Laboratorium/PROJECT/extensionadminaksent/android/app/src/androidTest/java/com/getcapacitor"
2026-03-01T11:07:01.074398Z  INFO get_files:scan_sources: tailwindcss_oxide::scanner: Discovering "/home/afdal/Laboratorium/PROJECT/extensionadminaksent/android/app/src/androidTest/java/com/getcapacitor/myapp"
2026-03-01T11:07:01.074518Z  INFO get_files:scan_sources: tailwindcss_oxide::scanner: Discovering "/home/afdal/Laboratorium/PROJECT/extensionadminaksent/android/app/src/test"
2026-03-01T11:07:01.074585Z  INFO get_files:scan_sources: tailwindcss_oxide::scanner: Discovering "/home/afdal/Laboratorium/PROJECT/extensionadminaksent/android/app/src/test/java"
2026-03-01T11:07:01.074653Z  INFO get_files:scan_sources: tailwindcss_oxide::scanner: Discovering "/home/afdal/Laboratorium/PROJECT/extensionadminaksent/android/app/src/test/java/com"
2026-03-01T11:07:01.074722Z  INFO get_files:scan_sources: tailwindcss_oxide::scanner: Discovering "/home/afdal/Laboratorium/PROJECT/extensionadminaksent/android/app/src/test/java/com/getcapacitor"
2026-03-01T11:07:01.074941Z  INFO get_files:scan_sources: tailwindcss_oxide::scanner: Discovering "/home/afdal/Laboratorium/PROJECT/extensionadminaksent/android/app/src/test/java/com/getcapacitor/myapp"
2026-03-01T11:07:01.075633Z  INFO get_files:scan_sources: tailwindcss_oxide::scanner: exit
2026-03-01T11:07:01.075920Z  INFO get_files: tailwindcss_oxide::scanner: exit
2026-03-01T11:07:01.076473Z  INFO get_globs: tailwindcss_oxide::scanner: enter
2026-03-01T11:07:01.076664Z  INFO get_globs: tailwindcss_oxide::scanner: exit
2026-03-01T11:09:40.228260Z  INFO scan_sources: tailwindcss_oxide::scanner: enter
2026-03-01T11:09:40.229732Z  INFO scan_sources: tailwindcss_oxide::scanner: Discovering "/home/afdal/Laboratorium/PROJECT/extensionadminaksent/scripts"
2026-03-01T11:09:40.229956Z  INFO scan_sources: tailwindcss_oxide::scanner: Discovering "/home/afdal/Laboratorium/PROJECT/extensionadminaksent/cypress"
2026-03-01T11:09:40.230060Z  INFO scan_sources: tailwindcss_oxide::scanner: Discovering "/home/afdal/Laboratorium/PROJECT/extensionadminaksent/cypress/fixtures"
2026-03-01T11:09:40.230180Z  INFO scan_sources: tailwindcss_oxide::scanner: Discovering "/home/afdal/Laboratorium/PROJECT/extensionadminaksent/cypress/e2e"
2026-03-01T11:09:40.230302Z  INFO scan_sources: tailwindcss_oxide::scanner: Discovering "/home/afdal/Laboratorium/PROJECT/extensionadminaksent/cypress/support"
2026-03-01T11:09:40.230438Z  INFO scan_sources: tailwindcss_oxide::scanner: Discovering "/home/afdal/Laboratorium/PROJECT/extensionadminaksent/.vscode"
2026-03-01T11:09:40.230625Z  INFO scan_sources: tailwindcss_oxide::scanner: Discovering "/home/afdal/Laboratorium/PROJECT/extensionadminaksent/src"
2026-03-01T11:09:40.230734Z  INFO scan_sources: tailwindcss_oxide::scanner: Discovering "/home/afdal/Laboratorium/PROJECT/extensionadminaksent/src/hook"
2026-03-01T11:09:40.230832Z  INFO scan_sources: tailwindcss_oxide::scanner: Discovering "/home/afdal/Laboratorium/PROJECT/extensionadminaksent/src/hook/requests"
2026-03-01T11:09:40.230934Z  INFO scan_sources: tailwindcss_oxide::scanner: Discovering "/home/afdal/Laboratorium/PROJECT/extensionadminaksent/src/components"
2026-03-01T11:09:40.231018Z  INFO scan_sources: tailwindcss_oxide::scanner: Discovering "/home/afdal/Laboratorium/PROJECT/extensionadminaksent/src/components/customer"
2026-03-01T11:09:40.231106Z  INFO scan_sources: tailwindcss_oxide::scanner: Discovering "/home/afdal/Laboratorium/PROJECT/extensionadminaksent/src/components/list"
2026-03-01T11:09:40.231203Z  INFO scan_sources: tailwindcss_oxide::scanner: Discovering "/home/afdal/Laboratorium/PROJECT/extensionadminaksent/src/components/toolbars"
2026-03-01T11:09:40.231261Z  INFO scan_sources: tailwindcss_oxide::scanner: Discovering "/home/afdal/Laboratorium/PROJECT/extensionadminaksent/src/components/toolbars/HeaderFilterChip.tsx"
2026-03-01T11:09:40.231326Z  INFO scan_sources: tailwindcss_oxide::scanner: Discovering "/home/afdal/Laboratorium/PROJECT/extensionadminaksent/src/theme"
2026-03-01T11:09:40.231447Z  INFO scan_sources: tailwindcss_oxide::scanner: Discovering "/home/afdal/Laboratorium/PROJECT/extensionadminaksent/src/utils"
2026-03-01T11:09:40.231760Z  INFO scan_sources: tailwindcss_oxide::scanner: Discovering "/home/afdal/Laboratorium/PROJECT/extensionadminaksent/src/databases"
2026-03-01T11:09:40.231900Z  INFO scan_sources: tailwindcss_oxide::scanner: Discovering "/home/afdal/Laboratorium/PROJECT/extensionadminaksent/src/databases/migrations"
2026-03-01T11:09:40.232051Z  INFO scan_sources: tailwindcss_oxide::scanner: Discovering "/home/afdal/Laboratorium/PROJECT/extensionadminaksent/src/databases/entities"
2026-03-01T11:09:40.232209Z  INFO scan_sources: tailwindcss_oxide::scanner: Discovering "/home/afdal/Laboratorium/PROJECT/extensionadminaksent/src/types"
2026-03-01T11:09:40.232308Z  INFO scan_sources: tailwindcss_oxide::scanner: Discovering "/home/afdal/Laboratorium/PROJECT/extensionadminaksent/src/pages"
2026-03-01T11:09:40.232392Z  INFO scan_sources: tailwindcss_oxide::scanner: Discovering "/home/afdal/Laboratorium/PROJECT/extensionadminaksent/src/pages/Customer"
2026-03-01T11:09:40.232535Z  INFO scan_sources: tailwindcss_oxide::scanner: Discovering "/home/afdal/Laboratorium/PROJECT/extensionadminaksent/src/pages/Home"
2026-03-01T11:09:40.232645Z  INFO scan_sources: tailwindcss_oxide::scanner: Discovering "/home/afdal/Laboratorium/PROJECT/extensionadminaksent/src/pages/Validation"
2026-03-01T11:09:40.232727Z  INFO scan_sources: tailwindcss_oxide::scanner: Discovering "/home/afdal/Laboratorium/PROJECT/extensionadminaksent/src/pages/Unpaid"
2026-03-01T11:09:40.232805Z  INFO scan_sources: tailwindcss_oxide::scanner: Discovering "/home/afdal/Laboratorium/PROJECT/extensionadminaksent/src/pages/Payment"
2026-03-01T11:09:40.233077Z  INFO scan_sources: tailwindcss_oxide::scanner: Discovering "/home/afdal/Laboratorium/PROJECT/extensionadminaksent/public"
2026-03-01T11:09:40.233166Z  INFO scan_sources: tailwindcss_oxide::scanner: Discovering "/home/afdal/Laboratorium/PROJECT/extensionadminaksent/public/assets"
2026-03-01T11:09:40.233370Z  INFO scan_sources: tailwindcss_oxide::scanner: Discovering "/home/afdal/Laboratorium/PROJECT/extensionadminaksent/android"
2026-03-01T11:09:40.233867Z  INFO scan_sources: tailwindcss_oxide::scanner: Discovering "/home/afdal/Laboratorium/PROJECT/extensionadminaksent/android/.kotlin"
2026-03-01T11:09:40.233973Z  INFO scan_sources: tailwindcss_oxide::scanner: Discovering "/home/afdal/Laboratorium/PROJECT/extensionadminaksent/android/.kotlin/sessions"
2026-03-01T11:09:40.234213Z  INFO scan_sources: tailwindcss_oxide::scanner: Discovering "/home/afdal/Laboratorium/PROJECT/extensionadminaksent/android/gradle"
2026-03-01T11:09:40.234291Z  INFO scan_sources: tailwindcss_oxide::scanner: Discovering "/home/afdal/Laboratorium/PROJECT/extensionadminaksent/android/gradle/wrapper"
2026-03-01T11:09:40.234420Z  INFO scan_sources: tailwindcss_oxide::scanner: Discovering "/home/afdal/Laboratorium/PROJECT/extensionadminaksent/android/app"
2026-03-01T11:09:40.238546Z  INFO scan_sources: tailwindcss_oxide::scanner: Discovering "/home/afdal/Laboratorium/PROJECT/extensionadminaksent/android/app/src"
2026-03-01T11:09:40.240932Z  INFO scan_sources: tailwindcss_oxide::scanner: Discovering "/home/afdal/Laboratorium/PROJECT/extensionadminaksent/android/app/src/main"
2026-03-01T11:09:40.241098Z  INFO scan_sources: tailwindcss_oxide::scanner: Discovering "/home/afdal/Laboratorium/PROJECT/extensionadminaksent/android/app/src/main/res"
2026-03-01T11:09:40.241191Z  INFO scan_sources: tailwindcss_oxide::scanner: Discovering "/home/afdal/Laboratorium/PROJECT/extensionadminaksent/android/app/src/main/res/drawable-land-xhdpi"
2026-03-01T11:09:40.241289Z  INFO scan_sources: tailwindcss_oxide::scanner: Discovering "/home/afdal/Laboratorium/PROJECT/extensionadminaksent/android/app/src/main/res/drawable-land-xxhdpi"
2026-03-01T11:09:40.241383Z  INFO scan_sources: tailwindcss_oxide::scanner: Discovering "/home/afdal/Laboratorium/PROJECT/extensionadminaksent/android/app/src/main/res/drawable-v24"
2026-03-01T11:09:40.241495Z  INFO scan_sources: tailwindcss_oxide::scanner: Discovering "/home/afdal/Laboratorium/PROJECT/extensionadminaksent/android/app/src/main/res/drawable-port-xxxhdpi"
2026-03-01T11:09:40.241588Z  INFO scan_sources: tailwindcss_oxide::scanner: Discovering "/home/afdal/Laboratorium/PROJECT/extensionadminaksent/android/app/src/main/res/drawable-land-xxxhdpi"
2026-03-01T11:09:40.241679Z  INFO scan_sources: tailwindcss_oxide::scanner: Discovering "/home/afdal/Laboratorium/PROJECT/extensionadminaksent/android/app/src/main/res/drawable-port-xxhdpi"
2026-03-01T11:09:40.241768Z  INFO scan_sources: tailwindcss_oxide::scanner: Discovering "/home/afdal/Laboratorium/PROJECT/extensionadminaksent/android/app/src/main/res/mipmap-hdpi"
2026-03-01T11:09:40.241882Z  INFO scan_sources: tailwindcss_oxide::scanner: Discovering "/home/afdal/Laboratorium/PROJECT/extensionadminaksent/android/app/src/main/res/drawable-land-hdpi"
2026-03-01T11:09:40.241987Z  INFO scan_sources: tailwindcss_oxide::scanner: Discovering "/home/afdal/Laboratorium/PROJECT/extensionadminaksent/android/app/src/main/res/xml"
2026-03-01T11:09:40.242119Z  INFO scan_sources: tailwindcss_oxide::scanner: Discovering "/home/afdal/Laboratorium/PROJECT/extensionadminaksent/android/app/src/main/res/mipmap-xhdpi"
2026-03-01T11:09:40.242228Z  INFO scan_sources: tailwindcss_oxide::scanner: Discovering "/home/afdal/Laboratorium/PROJECT/extensionadminaksent/android/app/src/main/res/drawable-land-mdpi"
2026-03-01T11:09:40.242340Z  INFO scan_sources: tailwindcss_oxide::scanner: Discovering "/home/afdal/Laboratorium/PROJECT/extensionadminaksent/android/app/src/main/res/drawable-port-hdpi"
2026-03-01T11:09:40.242444Z  INFO scan_sources: tailwindcss_oxide::scanner: Discovering "/home/afdal/Laboratorium/PROJECT/extensionadminaksent/android/app/src/main/res/mipmap-xxhdpi"
2026-03-01T11:09:40.242556Z  INFO scan_sources: tailwindcss_oxide::scanner: Discovering "/home/afdal/Laboratorium/PROJECT/extensionadminaksent/android/app/src/main/res/mipmap-mdpi"
2026-03-01T11:09:40.242683Z  INFO scan_sources: tailwindcss_oxide::scanner: Discovering "/home/afdal/Laboratorium/PROJECT/extensionadminaksent/android/app/src/main/res/drawable"
2026-03-01T11:09:40.242846Z  INFO scan_sources: tailwindcss_oxide::scanner: Discovering "/home/afdal/Laboratorium/PROJECT/extensionadminaksent/android/app/src/main/res/drawable-port-xhdpi"
2026-03-01T11:09:40.242947Z  INFO scan_sources: tailwindcss_oxide::scanner: Discovering "/home/afdal/Laboratorium/PROJECT/extensionadminaksent/android/app/src/main/res/mipmap-xxxhdpi"
2026-03-01T11:09:40.243037Z  INFO scan_sources: tailwindcss_oxide::scanner: Discovering "/home/afdal/Laboratorium/PROJECT/extensionadminaksent/android/app/src/main/res/layout"
2026-03-01T11:09:40.243133Z  INFO scan_sources: tailwindcss_oxide::scanner: Discovering "/home/afdal/Laboratorium/PROJECT/extensionadminaksent/android/app/src/main/res/mipmap-anydpi-v26"
2026-03-01T11:09:40.243246Z  INFO scan_sources: tailwindcss_oxide::scanner: Discovering "/home/afdal/Laboratorium/PROJECT/extensionadminaksent/android/app/src/main/res/drawable-port-mdpi"
2026-03-01T11:09:40.243327Z  INFO scan_sources: tailwindcss_oxide::scanner: Discovering "/home/afdal/Laboratorium/PROJECT/extensionadminaksent/android/app/src/main/res/values"
2026-03-01T11:09:40.243498Z  INFO scan_sources: tailwindcss_oxide::scanner: Discovering "/home/afdal/Laboratorium/PROJECT/extensionadminaksent/android/app/src/main/java"
2026-03-01T11:09:40.243568Z  INFO scan_sources: tailwindcss_oxide::scanner: Discovering "/home/afdal/Laboratorium/PROJECT/extensionadminaksent/android/app/src/main/java/io"
2026-03-01T11:09:40.243635Z  INFO scan_sources: tailwindcss_oxide::scanner: Discovering "/home/afdal/Laboratorium/PROJECT/extensionadminaksent/android/app/src/main/java/io/ionic"
2026-03-01T11:09:40.243722Z  INFO scan_sources: tailwindcss_oxide::scanner: Discovering "/home/afdal/Laboratorium/PROJECT/extensionadminaksent/android/app/src/main/java/io/ionic/starter"
2026-03-01T11:09:40.243875Z  INFO scan_sources: tailwindcss_oxide::scanner: Discovering "/home/afdal/Laboratorium/PROJECT/extensionadminaksent/android/app/src/main/assets"
2026-03-01T11:09:40.244219Z  INFO scan_sources: tailwindcss_oxide::scanner: Discovering "/home/afdal/Laboratorium/PROJECT/extensionadminaksent/android/app/src/androidTest"
2026-03-01T11:09:40.244333Z  INFO scan_sources: tailwindcss_oxide::scanner: Discovering "/home/afdal/Laboratorium/PROJECT/extensionadminaksent/android/app/src/androidTest/java"
2026-03-01T11:09:40.244427Z  INFO scan_sources: tailwindcss_oxide::scanner: Discovering "/home/afdal/Laboratorium/PROJECT/extensionadminaksent/android/app/src/androidTest/java/com"
2026-03-01T11:09:40.244521Z  INFO scan_sources: tailwindcss_oxide::scanner: Discovering "/home/afdal/Laboratorium/PROJECT/extensionadminaksent/android/app/src/androidTest/java/com/getcapacitor"
2026-03-01T11:09:40.244643Z  INFO scan_sources: tailwindcss_oxide::scanner: Discovering "/home/afdal/Laboratorium/PROJECT/extensionadminaksent/android/app/src/androidTest/java/com/getcapacitor/myapp"
2026-03-01T11:09:40.244847Z  INFO scan_sources: tailwindcss_oxide::scanner: Discovering "/home/afdal/Laboratorium/PROJECT/extensionadminaksent/android/app/src/test"
2026-03-01T11:09:40.244969Z  INFO scan_sources: tailwindcss_oxide::scanner: Discovering "/home/afdal/Laboratorium/PROJECT/extensionadminaksent/android/app/src/test/java"
2026-03-01T11:09:40.245086Z  INFO scan_sources: tailwindcss_oxide::scanner: Discovering "/home/afdal/Laboratorium/PROJECT/extensionadminaksent/android/app/src/test/java/com"
2026-03-01T11:09:40.245166Z  INFO scan_sources: tailwindcss_oxide::scanner: Discovering "/home/afdal/Laboratorium/PROJECT/extensionadminaksent/android/app/src/test/java/com/getcapacitor"
2026-03-01T11:09:40.245240Z  INFO scan_sources: tailwindcss_oxide::scanner: Discovering "/home/afdal/Laboratorium/PROJECT/extensionadminaksent/android/app/src/test/java/com/getcapacitor/myapp"
2026-03-01T11:09:40.245857Z  INFO scan_sources: tailwindcss_oxide::scanner: exit
2026-03-01T11:09:40.245893Z  INFO extract_candidates: tailwindcss_oxide::scanner: enter
2026-03-01T11:09:40.245905Z  INFO extract_candidates:read_all_files: tailwindcss_oxide::scanner: enter
2026-03-01T11:09:40.245915Z  INFO extract_candidates:read_all_files: tailwindcss_oxide::scanner: Reading 1 file(s)
2026-03-01T11:09:40.246004Z  INFO extract_candidates:read_all_files: tailwindcss_oxide::scanner: Reading "/home/afdal/Laboratorium/PROJECT/extensionadminaksent/src/components/toolbars/HeaderFilterChip.tsx"
2026-03-01T11:09:40.246028Z  INFO extract_candidates:read_all_files: tailwindcss_oxide::scanner: exit
2026-03-01T11:09:40.246039Z  INFO extract_candidates:parse_all_blobs: tailwindcss_oxide::scanner: enter
2026-03-01T11:09:40.246048Z  INFO extract_candidates:parse_all_blobs:extract: tailwindcss_oxide::scanner: enter
2026-03-01T11:09:40.246409Z  INFO extract_candidates:parse_all_blobs:extract: tailwindcss_oxide::scanner: exit
2026-03-01T11:09:40.246433Z  INFO extract_candidates:parse_all_blobs: tailwindcss_oxide::scanner: exit
2026-03-01T11:09:40.246589Z  INFO extract_candidates: tailwindcss_oxide::scanner: exit
2026-03-01T11:09:40.249765Z  INFO get_files: tailwindcss_oxide::scanner: enter
2026-03-01T11:09:40.249818Z  INFO get_files:scan_sources: tailwindcss_oxide::scanner: enter
2026-03-01T11:09:40.251205Z  INFO get_files:scan_sources: tailwindcss_oxide::scanner: Discovering "/home/afdal/Laboratorium/PROJECT/extensionadminaksent/scripts"
2026-03-01T11:09:40.251356Z  INFO get_files:scan_sources: tailwindcss_oxide::scanner: Discovering "/home/afdal/Laboratorium/PROJECT/extensionadminaksent/cypress"
2026-03-01T11:09:40.251442Z  INFO get_files:scan_sources: tailwindcss_oxide::scanner: Discovering "/home/afdal/Laboratorium/PROJECT/extensionadminaksent/cypress/fixtures"
2026-03-01T11:09:40.251543Z  INFO get_files:scan_sources: tailwindcss_oxide::scanner: Discovering "/home/afdal/Laboratorium/PROJECT/extensionadminaksent/cypress/e2e"
2026-03-01T11:09:40.251656Z  INFO get_files:scan_sources: tailwindcss_oxide::scanner: Discovering "/home/afdal/Laboratorium/PROJECT/extensionadminaksent/cypress/support"
2026-03-01T11:09:40.252240Z  INFO get_files:scan_sources: tailwindcss_oxide::scanner: Discovering "/home/afdal/Laboratorium/PROJECT/extensionadminaksent/.vscode"
2026-03-01T11:09:40.252728Z  INFO get_files:scan_sources: tailwindcss_oxide::scanner: Discovering "/home/afdal/Laboratorium/PROJECT/extensionadminaksent/src"
2026-03-01T11:09:40.253042Z  INFO get_files:scan_sources: tailwindcss_oxide::scanner: Discovering "/home/afdal/Laboratorium/PROJECT/extensionadminaksent/src/hook"
2026-03-01T11:09:40.253311Z  INFO get_files:scan_sources: tailwindcss_oxide::scanner: Discovering "/home/afdal/Laboratorium/PROJECT/extensionadminaksent/src/hook/requests"
2026-03-01T11:09:40.253440Z  INFO get_files:scan_sources: tailwindcss_oxide::scanner: Discovering "/home/afdal/Laboratorium/PROJECT/extensionadminaksent/src/components"
2026-03-01T11:09:40.253539Z  INFO get_files:scan_sources: tailwindcss_oxide::scanner: Discovering "/home/afdal/Laboratorium/PROJECT/extensionadminaksent/src/components/customer"
2026-03-01T11:09:40.253648Z  INFO get_files:scan_sources: tailwindcss_oxide::scanner: Discovering "/home/afdal/Laboratorium/PROJECT/extensionadminaksent/src/components/list"
2026-03-01T11:09:40.253785Z  INFO get_files:scan_sources: tailwindcss_oxide::scanner: Discovering "/home/afdal/Laboratorium/PROJECT/extensionadminaksent/src/components/toolbars"
2026-03-01T11:09:40.253908Z  INFO get_files:scan_sources: tailwindcss_oxide::scanner: Discovering "/home/afdal/Laboratorium/PROJECT/extensionadminaksent/src/theme"
2026-03-01T11:09:40.254036Z  INFO get_files:scan_sources: tailwindcss_oxide::scanner: Discovering "/home/afdal/Laboratorium/PROJECT/extensionadminaksent/src/utils"
2026-03-01T11:09:40.254175Z  INFO get_files:scan_sources: tailwindcss_oxide::scanner: Discovering "/home/afdal/Laboratorium/PROJECT/extensionadminaksent/src/databases"
2026-03-01T11:09:40.254254Z  INFO get_files:scan_sources: tailwindcss_oxide::scanner: Discovering "/home/afdal/Laboratorium/PROJECT/extensionadminaksent/src/databases/migrations"
2026-03-01T11:09:40.254422Z  INFO get_files:scan_sources: tailwindcss_oxide::scanner: Discovering "/home/afdal/Laboratorium/PROJECT/extensionadminaksent/src/databases/entities"
2026-03-01T11:09:40.254569Z  INFO get_files:scan_sources: tailwindcss_oxide::scanner: Discovering "/home/afdal/Laboratorium/PROJECT/extensionadminaksent/src/types"
2026-03-01T11:09:40.254653Z  INFO get_files:scan_sources: tailwindcss_oxide::scanner: Discovering "/home/afdal/Laboratorium/PROJECT/extensionadminaksent/src/pages"
2026-03-01T11:09:40.254783Z  INFO get_files:scan_sources: tailwindcss_oxide::scanner: Discovering "/home/afdal/Laboratorium/PROJECT/extensionadminaksent/src/pages/Customer"
2026-03-01T11:09:40.254903Z  INFO get_files:scan_sources: tailwindcss_oxide::scanner: Discovering "/home/afdal/Laboratorium/PROJECT/extensionadminaksent/src/pages/Home"
2026-03-01T11:09:40.255019Z  INFO get_files:scan_sources: tailwindcss_oxide::scanner: Discovering "/home/afdal/Laboratorium/PROJECT/extensionadminaksent/src/pages/Validation"
2026-03-01T11:09:40.255104Z  INFO get_files:scan_sources: tailwindcss_oxide::scanner: Discovering "/home/afdal/Laboratorium/PROJECT/extensionadminaksent/src/pages/Unpaid"
2026-03-01T11:09:40.255186Z  INFO get_files:scan_sources: tailwindcss_oxide::scanner: Discovering "/home/afdal/Laboratorium/PROJECT/extensionadminaksent/src/pages/Payment"
2026-03-01T11:09:40.255444Z  INFO get_files:scan_sources: tailwindcss_oxide::scanner: Discovering "/home/afdal/Laboratorium/PROJECT/extensionadminaksent/public"
2026-03-01T11:09:40.255545Z  INFO get_files:scan_sources: tailwindcss_oxide::scanner: Discovering "/home/afdal/Laboratorium/PROJECT/extensionadminaksent/public/assets"
2026-03-01T11:09:40.255763Z  INFO get_files:scan_sources: tailwindcss_oxide::scanner: Discovering "/home/afdal/Laboratorium/PROJECT/extensionadminaksent/android"
2026-03-01T11:09:40.256352Z  INFO get_files:scan_sources: tailwindcss_oxide::scanner: Discovering "/home/afdal/Laboratorium/PROJECT/extensionadminaksent/android/.kotlin"
2026-03-01T11:09:40.256466Z  INFO get_files:scan_sources: tailwindcss_oxide::scanner: Discovering "/home/afdal/Laboratorium/PROJECT/extensionadminaksent/android/.kotlin/sessions"
2026-03-01T11:09:40.256705Z  INFO get_files:scan_sources: tailwindcss_oxide::scanner: Discovering "/home/afdal/Laboratorium/PROJECT/extensionadminaksent/android/gradle"
2026-03-01T11:09:40.256790Z  INFO get_files:scan_sources: tailwindcss_oxide::scanner: Discovering "/home/afdal/Laboratorium/PROJECT/extensionadminaksent/android/gradle/wrapper"
2026-03-01T11:09:40.256935Z  INFO get_files:scan_sources: tailwindcss_oxide::scanner: Discovering "/home/afdal/Laboratorium/PROJECT/extensionadminaksent/android/app"
2026-03-01T11:09:40.257156Z  INFO get_files:scan_sources: tailwindcss_oxide::scanner: Discovering "/home/afdal/Laboratorium/PROJECT/extensionadminaksent/android/app/src"
2026-03-01T11:09:40.257273Z  INFO get_files:scan_sources: tailwindcss_oxide::scanner: Discovering "/home/afdal/Laboratorium/PROJECT/extensionadminaksent/android/app/src/main"
2026-03-01T11:09:40.257387Z  INFO get_files:scan_sources: tailwindcss_oxide::scanner: Discovering "/home/afdal/Laboratorium/PROJECT/extensionadminaksent/android/app/src/main/res"
2026-03-01T11:09:40.257497Z  INFO get_files:scan_sources: tailwindcss_oxide::scanner: Discovering "/home/afdal/Laboratorium/PROJECT/extensionadminaksent/android/app/src/main/res/drawable-land-xhdpi"
2026-03-01T11:09:40.257598Z  INFO get_files:scan_sources: tailwindcss_oxide::scanner: Discovering "/home/afdal/Laboratorium/PROJECT/extensionadminaksent/android/app/src/main/res/drawable-land-xxhdpi"
2026-03-01T11:09:40.257696Z  INFO get_files:scan_sources: tailwindcss_oxide::scanner: Discovering "/home/afdal/Laboratorium/PROJECT/extensionadminaksent/android/app/src/main/res/drawable-v24"
2026-03-01T11:09:40.257831Z  INFO get_files:scan_sources: tailwindcss_oxide::scanner: Discovering "/home/afdal/Laboratorium/PROJECT/extensionadminaksent/android/app/src/main/res/drawable-port-xxxhdpi"
2026-03-01T11:09:40.257931Z  INFO get_files:scan_sources: tailwindcss_oxide::scanner: Discovering "/home/afdal/Laboratorium/PROJECT/extensionadminaksent/android/app/src/main/res/drawable-land-xxxhdpi"
2026-03-01T11:09:40.258016Z  INFO get_files:scan_sources: tailwindcss_oxide::scanner: Discovering "/home/afdal/Laboratorium/PROJECT/extensionadminaksent/android/app/src/main/res/drawable-port-xxhdpi"
2026-03-01T11:09:40.258115Z  INFO get_files:scan_sources: tailwindcss_oxide::scanner: Discovering "/home/afdal/Laboratorium/PROJECT/extensionadminaksent/android/app/src/main/res/mipmap-hdpi"
2026-03-01T11:09:40.258217Z  INFO get_files:scan_sources: tailwindcss_oxide::scanner: Discovering "/home/afdal/Laboratorium/PROJECT/extensionadminaksent/android/app/src/main/res/drawable-land-hdpi"
2026-03-01T11:09:40.258317Z  INFO get_files:scan_sources: tailwindcss_oxide::scanner: Discovering "/home/afdal/Laboratorium/PROJECT/extensionadminaksent/android/app/src/main/res/xml"
2026-03-01T11:09:40.258440Z  INFO get_files:scan_sources: tailwindcss_oxide::scanner: Discovering "/home/afdal/Laboratorium/PROJECT/extensionadminaksent/android/app/src/main/res/mipmap-xhdpi"
2026-03-01T11:09:40.258549Z  INFO get_files:scan_sources: tailwindcss_oxide::scanner: Discovering "/home/afdal/Laboratorium/PROJECT/extensionadminaksent/android/app/src/main/res/drawable-land-mdpi"
2026-03-01T11:09:40.258643Z  INFO get_files:scan_sources: tailwindcss_oxide::scanner: Discovering "/home/afdal/Laboratorium/PROJECT/extensionadminaksent/android/app/src/main/res/drawable-port-hdpi"
2026-03-01T11:09:40.258734Z  INFO get_files:scan_sources: tailwindcss_oxide::scanner: Discovering "/home/afdal/Laboratorium/PROJECT/extensionadminaksent/android/app/src/main/res/mipmap-xxhdpi"
2026-03-01T11:09:40.258959Z  INFO get_files:scan_sources: tailwindcss_oxide::scanner: Discovering "/home/afdal/Laboratorium/PROJECT/extensionadminaksent/android/app/src/main/res/mipmap-mdpi"
2026-03-01T11:09:40.259091Z  INFO get_files:scan_sources: tailwindcss_oxide::scanner: Discovering "/home/afdal/Laboratorium/PROJECT/extensionadminaksent/android/app/src/main/res/drawable"
2026-03-01T11:09:40.259209Z  INFO get_files:scan_sources: tailwindcss_oxide::scanner: Discovering "/home/afdal/Laboratorium/PROJECT/extensionadminaksent/android/app/src/main/res/drawable-port-xhdpi"
2026-03-01T11:09:40.259308Z  INFO get_files:scan_sources: tailwindcss_oxide::scanner: Discovering "/home/afdal/Laboratorium/PROJECT/extensionadminaksent/android/app/src/main/res/mipmap-xxxhdpi"
2026-03-01T11:09:40.259419Z  INFO get_files:scan_sources: tailwindcss_oxide::scanner: Discovering "/home/afdal/Laboratorium/PROJECT/extensionadminaksent/android/app/src/main/res/layout"
2026-03-01T11:09:40.259573Z  INFO get_files:scan_sources: tailwindcss_oxide::scanner: Discovering "/home/afdal/Laboratorium/PROJECT/extensionadminaksent/android/app/src/main/res/mipmap-anydpi-v26"
2026-03-01T11:09:40.259731Z  INFO get_files:scan_sources: tailwindcss_oxide::scanner: Discovering "/home/afdal/Laboratorium/PROJECT/extensionadminaksent/android/app/src/main/res/drawable-port-mdpi"
2026-03-01T11:09:40.259849Z  INFO get_files:scan_sources: tailwindcss_oxide::scanner: Discovering "/home/afdal/Laboratorium/PROJECT/extensionadminaksent/android/app/src/main/res/values"
2026-03-01T11:09:40.260152Z  INFO get_files:scan_sources: tailwindcss_oxide::scanner: Discovering "/home/afdal/Laboratorium/PROJECT/extensionadminaksent/android/app/src/main/java"
2026-03-01T11:09:40.260298Z  INFO get_files:scan_sources: tailwindcss_oxide::scanner: Discovering "/home/afdal/Laboratorium/PROJECT/extensionadminaksent/android/app/src/main/java/io"
2026-03-01T11:09:40.260398Z  INFO get_files:scan_sources: tailwindcss_oxide::scanner: Discovering "/home/afdal/Laboratorium/PROJECT/extensionadminaksent/android/app/src/main/java/io/ionic"
2026-03-01T11:09:40.260564Z  INFO get_files:scan_sources: tailwindcss_oxide::scanner: Discovering "/home/afdal/Laboratorium/PROJECT/extensionadminaksent/android/app/src/main/java/io/ionic/starter"
2026-03-01T11:09:40.261112Z  INFO get_files:scan_sources: tailwindcss_oxide::scanner: Discovering "/home/afdal/Laboratorium/PROJECT/extensionadminaksent/android/app/src/main/assets"
2026-03-01T11:09:40.261508Z  INFO get_files:scan_sources: tailwindcss_oxide::scanner: Discovering "/home/afdal/Laboratorium/PROJECT/extensionadminaksent/android/app/src/androidTest"
2026-03-01T11:09:40.261598Z  INFO get_files:scan_sources: tailwindcss_oxide::scanner: Discovering "/home/afdal/Laboratorium/PROJECT/extensionadminaksent/android/app/src/androidTest/java"
2026-03-01T11:09:40.261676Z  INFO get_files:scan_sources: tailwindcss_oxide::scanner: Discovering "/home/afdal/Laboratorium/PROJECT/extensionadminaksent/android/app/src/androidTest/java/com"
2026-03-01T11:09:40.261767Z  INFO get_files:scan_sources: tailwindcss_oxide::scanner: Discovering "/home/afdal/Laboratorium/PROJECT/extensionadminaksent/android/app/src/androidTest/java/com/getcapacitor"
2026-03-01T11:09:40.261873Z  INFO get_files:scan_sources: tailwindcss_oxide::scanner: Discovering "/home/afdal/Laboratorium/PROJECT/extensionadminaksent/android/app/src/androidTest/java/com/getcapacitor/myapp"
2026-03-01T11:09:40.262019Z  INFO get_files:scan_sources: tailwindcss_oxide::scanner: Discovering "/home/afdal/Laboratorium/PROJECT/extensionadminaksent/android/app/src/test"
2026-03-01T11:09:40.262100Z  INFO get_files:scan_sources: tailwindcss_oxide::scanner: Discovering "/home/afdal/Laboratorium/PROJECT/extensionadminaksent/android/app/src/test/java"
2026-03-01T11:09:40.262182Z  INFO get_files:scan_sources: tailwindcss_oxide::scanner: Discovering "/home/afdal/Laboratorium/PROJECT/extensionadminaksent/android/app/src/test/java/com"
2026-03-01T11:09:40.262265Z  INFO get_files:scan_sources: tailwindcss_oxide::scanner: Discovering "/home/afdal/Laboratorium/PROJECT/extensionadminaksent/android/app/src/test/java/com/getcapacitor"
2026-03-01T11:09:40.262348Z  INFO get_files:scan_sources: tailwindcss_oxide::scanner: Discovering "/home/afdal/Laboratorium/PROJECT/extensionadminaksent/android/app/src/test/java/com/getcapacitor/myapp"
2026-03-01T11:09:40.262890Z  INFO get_files:scan_sources: tailwindcss_oxide::scanner: exit
2026-03-01T11:09:40.263296Z  INFO get_files: tailwindcss_oxide::scanner: exit
2026-03-01T11:09:40.263575Z  INFO get_globs: tailwindcss_oxide::scanner: enter
2026-03-01T11:09:40.263611Z  INFO get_globs: tailwindcss_oxide::scanner: exit
2026-03-01T11:09:59.229420Z  INFO scan_sources: tailwindcss_oxide::scanner: enter
2026-03-01T11:09:59.230382Z  INFO scan_sources: tailwindcss_oxide::scanner: Discovering "/home/afdal/Laboratorium/PROJECT/extensionadminaksent/scripts"
2026-03-01T11:09:59.230628Z  INFO scan_sources: tailwindcss_oxide::scanner: Discovering "/home/afdal/Laboratorium/PROJECT/extensionadminaksent/cypress"
2026-03-01T11:09:59.230778Z  INFO scan_sources: tailwindcss_oxide::scanner: Discovering "/home/afdal/Laboratorium/PROJECT/extensionadminaksent/cypress/fixtures"
2026-03-01T11:09:59.230971Z  INFO scan_sources: tailwindcss_oxide::scanner: Discovering "/home/afdal/Laboratorium/PROJECT/extensionadminaksent/cypress/e2e"
2026-03-01T11:09:59.231122Z  INFO scan_sources: tailwindcss_oxide::scanner: Discovering "/home/afdal/Laboratorium/PROJECT/extensionadminaksent/cypress/support"
2026-03-01T11:09:59.231243Z  INFO scan_sources: tailwindcss_oxide::scanner: Discovering "/home/afdal/Laboratorium/PROJECT/extensionadminaksent/.vscode"
2026-03-01T11:09:59.231359Z  INFO scan_sources: tailwindcss_oxide::scanner: Discovering "/home/afdal/Laboratorium/PROJECT/extensionadminaksent/src"
2026-03-01T11:09:59.231420Z  INFO scan_sources: tailwindcss_oxide::scanner: Discovering "/home/afdal/Laboratorium/PROJECT/extensionadminaksent/src/hook"
2026-03-01T11:09:59.231480Z  INFO scan_sources: tailwindcss_oxide::scanner: Discovering "/home/afdal/Laboratorium/PROJECT/extensionadminaksent/src/hook/requests"
2026-03-01T11:09:59.231561Z  INFO scan_sources: tailwindcss_oxide::scanner: Discovering "/home/afdal/Laboratorium/PROJECT/extensionadminaksent/src/components"
2026-03-01T11:09:59.231637Z  INFO scan_sources: tailwindcss_oxide::scanner: Discovering "/home/afdal/Laboratorium/PROJECT/extensionadminaksent/src/components/customer"
2026-03-01T11:09:59.231708Z  INFO scan_sources: tailwindcss_oxide::scanner: Discovering "/home/afdal/Laboratorium/PROJECT/extensionadminaksent/src/components/list"
2026-03-01T11:09:59.231786Z  INFO scan_sources: tailwindcss_oxide::scanner: Discovering "/home/afdal/Laboratorium/PROJECT/extensionadminaksent/src/components/toolbars"
2026-03-01T11:09:59.231887Z  INFO scan_sources: tailwindcss_oxide::scanner: Discovering "/home/afdal/Laboratorium/PROJECT/extensionadminaksent/src/theme"
2026-03-01T11:09:59.232002Z  INFO scan_sources: tailwindcss_oxide::scanner: Discovering "/home/afdal/Laboratorium/PROJECT/extensionadminaksent/src/utils"
2026-03-01T11:09:59.232155Z  INFO scan_sources: tailwindcss_oxide::scanner: Discovering "/home/afdal/Laboratorium/PROJECT/extensionadminaksent/src/databases"
2026-03-01T11:09:59.232228Z  INFO scan_sources: tailwindcss_oxide::scanner: Discovering "/home/afdal/Laboratorium/PROJECT/extensionadminaksent/src/databases/migrations"
2026-03-01T11:09:59.232330Z  INFO scan_sources: tailwindcss_oxide::scanner: Discovering "/home/afdal/Laboratorium/PROJECT/extensionadminaksent/src/databases/entities"
2026-03-01T11:09:59.232641Z  INFO scan_sources: tailwindcss_oxide::scanner: Discovering "/home/afdal/Laboratorium/PROJECT/extensionadminaksent/src/types"
2026-03-01T11:09:59.232833Z  INFO scan_sources: tailwindcss_oxide::scanner: Discovering "/home/afdal/Laboratorium/PROJECT/extensionadminaksent/src/pages"
2026-03-01T11:09:59.233491Z  INFO scan_sources: tailwindcss_oxide::scanner: Discovering "/home/afdal/Laboratorium/PROJECT/extensionadminaksent/src/pages/Customer"
2026-03-01T11:09:59.233829Z  INFO scan_sources: tailwindcss_oxide::scanner: Discovering "/home/afdal/Laboratorium/PROJECT/extensionadminaksent/src/pages/Customer/Customer.tsx"
2026-03-01T11:09:59.234044Z  INFO scan_sources: tailwindcss_oxide::scanner: Discovering "/home/afdal/Laboratorium/PROJECT/extensionadminaksent/src/pages/Home"
2026-03-01T11:09:59.234220Z  INFO scan_sources: tailwindcss_oxide::scanner: Discovering "/home/afdal/Laboratorium/PROJECT/extensionadminaksent/src/pages/Validation"
2026-03-01T11:09:59.234377Z  INFO scan_sources: tailwindcss_oxide::scanner: Discovering "/home/afdal/Laboratorium/PROJECT/extensionadminaksent/src/pages/Unpaid"
2026-03-01T11:09:59.234536Z  INFO scan_sources: tailwindcss_oxide::scanner: Discovering "/home/afdal/Laboratorium/PROJECT/extensionadminaksent/src/pages/Payment"
2026-03-01T11:09:59.234859Z  INFO scan_sources: tailwindcss_oxide::scanner: Discovering "/home/afdal/Laboratorium/PROJECT/extensionadminaksent/public"
2026-03-01T11:09:59.235200Z  INFO scan_sources: tailwindcss_oxide::scanner: Discovering "/home/afdal/Laboratorium/PROJECT/extensionadminaksent/public/assets"
2026-03-01T11:09:59.235587Z  INFO scan_sources: tailwindcss_oxide::scanner: Discovering "/home/afdal/Laboratorium/PROJECT/extensionadminaksent/android"
2026-03-01T11:09:59.237340Z  INFO scan_sources: tailwindcss_oxide::scanner: Discovering "/home/afdal/Laboratorium/PROJECT/extensionadminaksent/android/.kotlin"
2026-03-01T11:09:59.238207Z  INFO scan_sources: tailwindcss_oxide::scanner: Discovering "/home/afdal/Laboratorium/PROJECT/extensionadminaksent/android/.kotlin/sessions"
2026-03-01T11:09:59.238586Z  INFO scan_sources: tailwindcss_oxide::scanner: Discovering "/home/afdal/Laboratorium/PROJECT/extensionadminaksent/android/gradle"
2026-03-01T11:09:59.238793Z  INFO scan_sources: tailwindcss_oxide::scanner: Discovering "/home/afdal/Laboratorium/PROJECT/extensionadminaksent/android/gradle/wrapper"
2026-03-01T11:09:59.239041Z  INFO scan_sources: tailwindcss_oxide::scanner: Discovering "/home/afdal/Laboratorium/PROJECT/extensionadminaksent/android/app"
2026-03-01T11:09:59.239341Z  INFO scan_sources: tailwindcss_oxide::scanner: Discovering "/home/afdal/Laboratorium/PROJECT/extensionadminaksent/android/app/src"
2026-03-01T11:09:59.239634Z  INFO scan_sources: tailwindcss_oxide::scanner: Discovering "/home/afdal/Laboratorium/PROJECT/extensionadminaksent/android/app/src/main"
2026-03-01T11:09:59.240061Z  INFO scan_sources: tailwindcss_oxide::scanner: Discovering "/home/afdal/Laboratorium/PROJECT/extensionadminaksent/android/app/src/main/res"
2026-03-01T11:09:59.240177Z  INFO scan_sources: tailwindcss_oxide::scanner: Discovering "/home/afdal/Laboratorium/PROJECT/extensionadminaksent/android/app/src/main/res/drawable-land-xhdpi"
2026-03-01T11:09:59.240418Z  INFO scan_sources: tailwindcss_oxide::scanner: Discovering "/home/afdal/Laboratorium/PROJECT/extensionadminaksent/android/app/src/main/res/drawable-land-xxhdpi"
2026-03-01T11:09:59.240586Z  INFO scan_sources: tailwindcss_oxide::scanner: Discovering "/home/afdal/Laboratorium/PROJECT/extensionadminaksent/android/app/src/main/res/drawable-v24"
2026-03-01T11:09:59.242439Z  INFO scan_sources: tailwindcss_oxide::scanner: Discovering "/home/afdal/Laboratorium/PROJECT/extensionadminaksent/android/app/src/main/res/drawable-port-xxxhdpi"
2026-03-01T11:09:59.242600Z  INFO scan_sources: tailwindcss_oxide::scanner: Discovering "/home/afdal/Laboratorium/PROJECT/extensionadminaksent/android/app/src/main/res/drawable-land-xxxhdpi"
2026-03-01T11:09:59.242675Z  INFO scan_sources: tailwindcss_oxide::scanner: Discovering "/home/afdal/Laboratorium/PROJECT/extensionadminaksent/android/app/src/main/res/drawable-port-xxhdpi"
2026-03-01T11:09:59.242741Z  INFO scan_sources: tailwindcss_oxide::scanner: Discovering "/home/afdal/Laboratorium/PROJECT/extensionadminaksent/android/app/src/main/res/mipmap-hdpi"
2026-03-01T11:09:59.242852Z  INFO scan_sources: tailwindcss_oxide::scanner: Discovering "/home/afdal/Laboratorium/PROJECT/extensionadminaksent/android/app/src/main/res/drawable-land-hdpi"
2026-03-01T11:09:59.242939Z  INFO scan_sources: tailwindcss_oxide::scanner: Discovering "/home/afdal/Laboratorium/PROJECT/extensionadminaksent/android/app/src/main/res/xml"
2026-03-01T11:09:59.243032Z  INFO scan_sources: tailwindcss_oxide::scanner: Discovering "/home/afdal/Laboratorium/PROJECT/extensionadminaksent/android/app/src/main/res/mipmap-xhdpi"
2026-03-01T11:09:59.243108Z  INFO scan_sources: tailwindcss_oxide::scanner: Discovering "/home/afdal/Laboratorium/PROJECT/extensionadminaksent/android/app/src/main/res/drawable-land-mdpi"
2026-03-01T11:09:59.243178Z  INFO scan_sources: tailwindcss_oxide::scanner: Discovering "/home/afdal/Laboratorium/PROJECT/extensionadminaksent/android/app/src/main/res/drawable-port-hdpi"
2026-03-01T11:09:59.243240Z  INFO scan_sources: tailwindcss_oxide::scanner: Discovering "/home/afdal/Laboratorium/PROJECT/extensionadminaksent/android/app/src/main/res/mipmap-xxhdpi"
2026-03-01T11:09:59.243352Z  INFO scan_sources: tailwindcss_oxide::scanner: Discovering "/home/afdal/Laboratorium/PROJECT/extensionadminaksent/android/app/src/main/res/mipmap-mdpi"
2026-03-01T11:09:59.243481Z  INFO scan_sources: tailwindcss_oxide::scanner: Discovering "/home/afdal/Laboratorium/PROJECT/extensionadminaksent/android/app/src/main/res/drawable"
2026-03-01T11:09:59.243599Z  INFO scan_sources: tailwindcss_oxide::scanner: Discovering "/home/afdal/Laboratorium/PROJECT/extensionadminaksent/android/app/src/main/res/drawable-port-xhdpi"
2026-03-01T11:09:59.243678Z  INFO scan_sources: tailwindcss_oxide::scanner: Discovering "/home/afdal/Laboratorium/PROJECT/extensionadminaksent/android/app/src/main/res/mipmap-xxxhdpi"
2026-03-01T11:09:59.243798Z  INFO scan_sources: tailwindcss_oxide::scanner: Discovering "/home/afdal/Laboratorium/PROJECT/extensionadminaksent/android/app/src/main/res/layout"
2026-03-01T11:09:59.243886Z  INFO scan_sources: tailwindcss_oxide::scanner: Discovering "/home/afdal/Laboratorium/PROJECT/extensionadminaksent/android/app/src/main/res/mipmap-anydpi-v26"
2026-03-01T11:09:59.243979Z  INFO scan_sources: tailwindcss_oxide::scanner: Discovering "/home/afdal/Laboratorium/PROJECT/extensionadminaksent/android/app/src/main/res/drawable-port-mdpi"
2026-03-01T11:09:59.244040Z  INFO scan_sources: tailwindcss_oxide::scanner: Discovering "/home/afdal/Laboratorium/PROJECT/extensionadminaksent/android/app/src/main/res/values"
2026-03-01T11:09:59.244153Z  INFO scan_sources: tailwindcss_oxide::scanner: Discovering "/home/afdal/Laboratorium/PROJECT/extensionadminaksent/android/app/src/main/java"
2026-03-01T11:09:59.244216Z  INFO scan_sources: tailwindcss_oxide::scanner: Discovering "/home/afdal/Laboratorium/PROJECT/extensionadminaksent/android/app/src/main/java/io"
2026-03-01T11:09:59.244273Z  INFO scan_sources: tailwindcss_oxide::scanner: Discovering "/home/afdal/Laboratorium/PROJECT/extensionadminaksent/android/app/src/main/java/io/ionic"
2026-03-01T11:09:59.244336Z  INFO scan_sources: tailwindcss_oxide::scanner: Discovering "/home/afdal/Laboratorium/PROJECT/extensionadminaksent/android/app/src/main/java/io/ionic/starter"
2026-03-01T11:09:59.244430Z  INFO scan_sources: tailwindcss_oxide::scanner: Discovering "/home/afdal/Laboratorium/PROJECT/extensionadminaksent/android/app/src/main/assets"
2026-03-01T11:09:59.244561Z  INFO scan_sources: tailwindcss_oxide::scanner: Discovering "/home/afdal/Laboratorium/PROJECT/extensionadminaksent/android/app/src/androidTest"
2026-03-01T11:09:59.244618Z  INFO scan_sources: tailwindcss_oxide::scanner: Discovering "/home/afdal/Laboratorium/PROJECT/extensionadminaksent/android/app/src/androidTest/java"
2026-03-01T11:09:59.244677Z  INFO scan_sources: tailwindcss_oxide::scanner: Discovering "/home/afdal/Laboratorium/PROJECT/extensionadminaksent/android/app/src/androidTest/java/com"
2026-03-01T11:09:59.244748Z  INFO scan_sources: tailwindcss_oxide::scanner: Discovering "/home/afdal/Laboratorium/PROJECT/extensionadminaksent/android/app/src/androidTest/java/com/getcapacitor"
2026-03-01T11:09:59.244871Z  INFO scan_sources: tailwindcss_oxide::scanner: Discovering "/home/afdal/Laboratorium/PROJECT/extensionadminaksent/android/app/src/androidTest/java/com/getcapacitor/myapp"
2026-03-01T11:09:59.244989Z  INFO scan_sources: tailwindcss_oxide::scanner: Discovering "/home/afdal/Laboratorium/PROJECT/extensionadminaksent/android/app/src/test"
2026-03-01T11:09:59.245047Z  INFO scan_sources: tailwindcss_oxide::scanner: Discovering "/home/afdal/Laboratorium/PROJECT/extensionadminaksent/android/app/src/test/java"
2026-03-01T11:09:59.245106Z  INFO scan_sources: tailwindcss_oxide::scanner: Discovering "/home/afdal/Laboratorium/PROJECT/extensionadminaksent/android/app/src/test/java/com"
2026-03-01T11:09:59.245162Z  INFO scan_sources: tailwindcss_oxide::scanner: Discovering "/home/afdal/Laboratorium/PROJECT/extensionadminaksent/android/app/src/test/java/com/getcapacitor"
2026-03-01T11:09:59.245215Z  INFO scan_sources: tailwindcss_oxide::scanner: Discovering "/home/afdal/Laboratorium/PROJECT/extensionadminaksent/android/app/src/test/java/com/getcapacitor/myapp"
2026-03-01T11:09:59.245683Z  INFO scan_sources: tailwindcss_oxide::scanner: exit
2026-03-01T11:09:59.245703Z  INFO extract_candidates: tailwindcss_oxide::scanner: enter
2026-03-01T11:09:59.245712Z  INFO extract_candidates:read_all_files: tailwindcss_oxide::scanner: enter
2026-03-01T11:09:59.245719Z  INFO extract_candidates:read_all_files: tailwindcss_oxide::scanner: Reading 1 file(s)
2026-03-01T11:09:59.245777Z  INFO extract_candidates:read_all_files: tailwindcss_oxide::scanner: Reading "/home/afdal/Laboratorium/PROJECT/extensionadminaksent/src/pages/Customer/Customer.tsx"
2026-03-01T11:09:59.245801Z  INFO extract_candidates:read_all_files: tailwindcss_oxide::scanner: exit
2026-03-01T11:09:59.245819Z  INFO extract_candidates:parse_all_blobs: tailwindcss_oxide::scanner: enter
2026-03-01T11:09:59.245833Z  INFO extract_candidates:parse_all_blobs:extract: tailwindcss_oxide::scanner: enter
2026-03-01T11:09:59.246605Z  INFO extract_candidates:parse_all_blobs:extract: tailwindcss_oxide::scanner: exit
2026-03-01T11:09:59.246696Z  INFO extract_candidates:parse_all_blobs: tailwindcss_oxide::scanner: exit
2026-03-01T11:09:59.246750Z  INFO extract_candidates: tailwindcss_oxide::scanner: exit
2026-03-01T11:09:59.249664Z  INFO get_files: tailwindcss_oxide::scanner: enter
2026-03-01T11:09:59.249711Z  INFO get_files:scan_sources: tailwindcss_oxide::scanner: enter
2026-03-01T11:09:59.250876Z  INFO get_files:scan_sources: tailwindcss_oxide::scanner: Discovering "/home/afdal/Laboratorium/PROJECT/extensionadminaksent/scripts"
2026-03-01T11:09:59.250998Z  INFO get_files:scan_sources: tailwindcss_oxide::scanner: Discovering "/home/afdal/Laboratorium/PROJECT/extensionadminaksent/cypress"
2026-03-01T11:09:59.251059Z  INFO get_files:scan_sources: tailwindcss_oxide::scanner: Discovering "/home/afdal/Laboratorium/PROJECT/extensionadminaksent/cypress/fixtures"
2026-03-01T11:09:59.251134Z  INFO get_files:scan_sources: tailwindcss_oxide::scanner: Discovering "/home/afdal/Laboratorium/PROJECT/extensionadminaksent/cypress/e2e"
2026-03-01T11:09:59.251208Z  INFO get_files:scan_sources: tailwindcss_oxide::scanner: Discovering "/home/afdal/Laboratorium/PROJECT/extensionadminaksent/cypress/support"
2026-03-01T11:09:59.251310Z  INFO get_files:scan_sources: tailwindcss_oxide::scanner: Discovering "/home/afdal/Laboratorium/PROJECT/extensionadminaksent/.vscode"
2026-03-01T11:09:59.251437Z  INFO get_files:scan_sources: tailwindcss_oxide::scanner: Discovering "/home/afdal/Laboratorium/PROJECT/extensionadminaksent/src"
2026-03-01T11:09:59.251496Z  INFO get_files:scan_sources: tailwindcss_oxide::scanner: Discovering "/home/afdal/Laboratorium/PROJECT/extensionadminaksent/src/hook"
2026-03-01T11:09:59.251547Z  INFO get_files:scan_sources: tailwindcss_oxide::scanner: Discovering "/home/afdal/Laboratorium/PROJECT/extensionadminaksent/src/hook/requests"
2026-03-01T11:09:59.251624Z  INFO get_files:scan_sources: tailwindcss_oxide::scanner: Discovering "/home/afdal/Laboratorium/PROJECT/extensionadminaksent/src/components"
2026-03-01T11:09:59.251768Z  INFO get_files:scan_sources: tailwindcss_oxide::scanner: Discovering "/home/afdal/Laboratorium/PROJECT/extensionadminaksent/src/components/customer"
2026-03-01T11:09:59.251858Z  INFO get_files:scan_sources: tailwindcss_oxide::scanner: Discovering "/home/afdal/Laboratorium/PROJECT/extensionadminaksent/src/components/list"
2026-03-01T11:09:59.252016Z  INFO get_files:scan_sources: tailwindcss_oxide::scanner: Discovering "/home/afdal/Laboratorium/PROJECT/extensionadminaksent/src/components/toolbars"
2026-03-01T11:09:59.252134Z  INFO get_files:scan_sources: tailwindcss_oxide::scanner: Discovering "/home/afdal/Laboratorium/PROJECT/extensionadminaksent/src/theme"
2026-03-01T11:09:59.252319Z  INFO get_files:scan_sources: tailwindcss_oxide::scanner: Discovering "/home/afdal/Laboratorium/PROJECT/extensionadminaksent/src/utils"
2026-03-01T11:09:59.252608Z  INFO get_files:scan_sources: tailwindcss_oxide::scanner: Discovering "/home/afdal/Laboratorium/PROJECT/extensionadminaksent/src/databases"
2026-03-01T11:09:59.252794Z  INFO get_files:scan_sources: tailwindcss_oxide::scanner: Discovering "/home/afdal/Laboratorium/PROJECT/extensionadminaksent/src/databases/migrations"
2026-03-01T11:09:59.253437Z  INFO get_files:scan_sources: tailwindcss_oxide::scanner: Discovering "/home/afdal/Laboratorium/PROJECT/extensionadminaksent/src/databases/entities"
2026-03-01T11:09:59.253736Z  INFO get_files:scan_sources: tailwindcss_oxide::scanner: Discovering "/home/afdal/Laboratorium/PROJECT/extensionadminaksent/src/types"
2026-03-01T11:09:59.253907Z  INFO get_files:scan_sources: tailwindcss_oxide::scanner: Discovering "/home/afdal/Laboratorium/PROJECT/extensionadminaksent/src/pages"
2026-03-01T11:09:59.254087Z  INFO get_files:scan_sources: tailwindcss_oxide::scanner: Discovering "/home/afdal/Laboratorium/PROJECT/extensionadminaksent/src/pages/Customer"
2026-03-01T11:09:59.254285Z  INFO get_files:scan_sources: tailwindcss_oxide::scanner: Discovering "/home/afdal/Laboratorium/PROJECT/extensionadminaksent/src/pages/Home"
2026-03-01T11:09:59.254680Z  INFO get_files:scan_sources: tailwindcss_oxide::scanner: Discovering "/home/afdal/Laboratorium/PROJECT/extensionadminaksent/src/pages/Validation"
2026-03-01T11:09:59.255203Z  INFO get_files:scan_sources: tailwindcss_oxide::scanner: Discovering "/home/afdal/Laboratorium/PROJECT/extensionadminaksent/src/pages/Unpaid"
2026-03-01T11:09:59.255355Z  INFO get_files:scan_sources: tailwindcss_oxide::scanner: Discovering "/home/afdal/Laboratorium/PROJECT/extensionadminaksent/src/pages/Payment"
2026-03-01T11:09:59.255635Z  INFO get_files:scan_sources: tailwindcss_oxide::scanner: Discovering "/home/afdal/Laboratorium/PROJECT/extensionadminaksent/public"
2026-03-01T11:09:59.255734Z  INFO get_files:scan_sources: tailwindcss_oxide::scanner: Discovering "/home/afdal/Laboratorium/PROJECT/extensionadminaksent/public/assets"
2026-03-01T11:09:59.255969Z  INFO get_files:scan_sources: tailwindcss_oxide::scanner: Discovering "/home/afdal/Laboratorium/PROJECT/extensionadminaksent/android"
2026-03-01T11:09:59.256408Z  INFO get_files:scan_sources: tailwindcss_oxide::scanner: Discovering "/home/afdal/Laboratorium/PROJECT/extensionadminaksent/android/.kotlin"
2026-03-01T11:09:59.256483Z  INFO get_files:scan_sources: tailwindcss_oxide::scanner: Discovering "/home/afdal/Laboratorium/PROJECT/extensionadminaksent/android/.kotlin/sessions"
2026-03-01T11:09:59.256703Z  INFO get_files:scan_sources: tailwindcss_oxide::scanner: Discovering "/home/afdal/Laboratorium/PROJECT/extensionadminaksent/android/gradle"
2026-03-01T11:09:59.256785Z  INFO get_files:scan_sources: tailwindcss_oxide::scanner: Discovering "/home/afdal/Laboratorium/PROJECT/extensionadminaksent/android/gradle/wrapper"
2026-03-01T11:09:59.256907Z  INFO get_files:scan_sources: tailwindcss_oxide::scanner: Discovering "/home/afdal/Laboratorium/PROJECT/extensionadminaksent/android/app"
2026-03-01T11:09:59.257096Z  INFO get_files:scan_sources: tailwindcss_oxide::scanner: Discovering "/home/afdal/Laboratorium/PROJECT/extensionadminaksent/android/app/src"
2026-03-01T11:09:59.257183Z  INFO get_files:scan_sources: tailwindcss_oxide::scanner: Discovering "/home/afdal/Laboratorium/PROJECT/extensionadminaksent/android/app/src/main"
2026-03-01T11:09:59.257270Z  INFO get_files:scan_sources: tailwindcss_oxide::scanner: Discovering "/home/afdal/Laboratorium/PROJECT/extensionadminaksent/android/app/src/main/res"
2026-03-01T11:09:59.257347Z  INFO get_files:scan_sources: tailwindcss_oxide::scanner: Discovering "/home/afdal/Laboratorium/PROJECT/extensionadminaksent/android/app/src/main/res/drawable-land-xhdpi"
2026-03-01T11:09:59.257437Z  INFO get_files:scan_sources: tailwindcss_oxide::scanner: Discovering "/home/afdal/Laboratorium/PROJECT/extensionadminaksent/android/app/src/main/res/drawable-land-xxhdpi"
2026-03-01T11:09:59.257511Z  INFO get_files:scan_sources: tailwindcss_oxide::scanner: Discovering "/home/afdal/Laboratorium/PROJECT/extensionadminaksent/android/app/src/main/res/drawable-v24"
2026-03-01T11:09:59.257588Z  INFO get_files:scan_sources: tailwindcss_oxide::scanner: Discovering "/home/afdal/Laboratorium/PROJECT/extensionadminaksent/android/app/src/main/res/drawable-port-xxxhdpi"
2026-03-01T11:09:59.257654Z  INFO get_files:scan_sources: tailwindcss_oxide::scanner: Discovering "/home/afdal/Laboratorium/PROJECT/extensionadminaksent/android/app/src/main/res/drawable-land-xxxhdpi"
2026-03-01T11:09:59.257726Z  INFO get_files:scan_sources: tailwindcss_oxide::scanner: Discovering "/home/afdal/Laboratorium/PROJECT/extensionadminaksent/android/app/src/main/res/drawable-port-xxhdpi"
2026-03-01T11:09:59.257790Z  INFO get_files:scan_sources: tailwindcss_oxide::scanner: Discovering "/home/afdal/Laboratorium/PROJECT/extensionadminaksent/android/app/src/main/res/mipmap-hdpi"
2026-03-01T11:09:59.257893Z  INFO get_files:scan_sources: tailwindcss_oxide::scanner: Discovering "/home/afdal/Laboratorium/PROJECT/extensionadminaksent/android/app/src/main/res/drawable-land-hdpi"
2026-03-01T11:09:59.257968Z  INFO get_files:scan_sources: tailwindcss_oxide::scanner: Discovering "/home/afdal/Laboratorium/PROJECT/extensionadminaksent/android/app/src/main/res/xml"
2026-03-01T11:09:59.258051Z  INFO get_files:scan_sources: tailwindcss_oxide::scanner: Discovering "/home/afdal/Laboratorium/PROJECT/extensionadminaksent/android/app/src/main/res/mipmap-xhdpi"
2026-03-01T11:09:59.258124Z  INFO get_files:scan_sources: tailwindcss_oxide::scanner: Discovering "/home/afdal/Laboratorium/PROJECT/extensionadminaksent/android/app/src/main/res/drawable-land-mdpi"
2026-03-01T11:09:59.258189Z  INFO get_files:scan_sources: tailwindcss_oxide::scanner: Discovering "/home/afdal/Laboratorium/PROJECT/extensionadminaksent/android/app/src/main/res/drawable-port-hdpi"
2026-03-01T11:09:59.258359Z  INFO get_files:scan_sources: tailwindcss_oxide::scanner: Discovering "/home/afdal/Laboratorium/PROJECT/extensionadminaksent/android/app/src/main/res/mipmap-xxhdpi"
2026-03-01T11:09:59.258530Z  INFO get_files:scan_sources: tailwindcss_oxide::scanner: Discovering "/home/afdal/Laboratorium/PROJECT/extensionadminaksent/android/app/src/main/res/mipmap-mdpi"
2026-03-01T11:09:59.258695Z  INFO get_files:scan_sources: tailwindcss_oxide::scanner: Discovering "/home/afdal/Laboratorium/PROJECT/extensionadminaksent/android/app/src/main/res/drawable"
2026-03-01T11:09:59.258880Z  INFO get_files:scan_sources: tailwindcss_oxide::scanner: Discovering "/home/afdal/Laboratorium/PROJECT/extensionadminaksent/android/app/src/main/res/drawable-port-xhdpi"
2026-03-01T11:09:59.259055Z  INFO get_files:scan_sources: tailwindcss_oxide::scanner: Discovering "/home/afdal/Laboratorium/PROJECT/extensionadminaksent/android/app/src/main/res/mipmap-xxxhdpi"
2026-03-01T11:09:59.259204Z  INFO get_files:scan_sources: tailwindcss_oxide::scanner: Discovering "/home/afdal/Laboratorium/PROJECT/extensionadminaksent/android/app/src/main/res/layout"
2026-03-01T11:09:59.259352Z  INFO get_files:scan_sources: tailwindcss_oxide::scanner: Discovering "/home/afdal/Laboratorium/PROJECT/extensionadminaksent/android/app/src/main/res/mipmap-anydpi-v26"
2026-03-01T11:09:59.259529Z  INFO get_files:scan_sources: tailwindcss_oxide::scanner: Discovering "/home/afdal/Laboratorium/PROJECT/extensionadminaksent/android/app/src/main/res/drawable-port-mdpi"
2026-03-01T11:09:59.259672Z  INFO get_files:scan_sources: tailwindcss_oxide::scanner: Discovering "/home/afdal/Laboratorium/PROJECT/extensionadminaksent/android/app/src/main/res/values"
2026-03-01T11:09:59.259902Z  INFO get_files:scan_sources: tailwindcss_oxide::scanner: Discovering "/home/afdal/Laboratorium/PROJECT/extensionadminaksent/android/app/src/main/java"
2026-03-01T11:09:59.260099Z  INFO get_files:scan_sources: tailwindcss_oxide::scanner: Discovering "/home/afdal/Laboratorium/PROJECT/extensionadminaksent/android/app/src/main/java/io"
2026-03-01T11:09:59.260295Z  INFO get_files:scan_sources: tailwindcss_oxide::scanner: Discovering "/home/afdal/Laboratorium/PROJECT/extensionadminaksent/android/app/src/main/java/io/ionic"
2026-03-01T11:09:59.260504Z  INFO get_files:scan_sources: tailwindcss_oxide::scanner: Discovering "/home/afdal/Laboratorium/PROJECT/extensionadminaksent/android/app/src/main/java/io/ionic/starter"
2026-03-01T11:09:59.260641Z  INFO get_files:scan_sources: tailwindcss_oxide::scanner: Discovering "/home/afdal/Laboratorium/PROJECT/extensionadminaksent/android/app/src/main/assets"
2026-03-01T11:09:59.260778Z  INFO get_files:scan_sources: tailwindcss_oxide::scanner: Discovering "/home/afdal/Laboratorium/PROJECT/extensionadminaksent/android/app/src/androidTest"
2026-03-01T11:09:59.260872Z  INFO get_files:scan_sources: tailwindcss_oxide::scanner: Discovering "/home/afdal/Laboratorium/PROJECT/extensionadminaksent/android/app/src/androidTest/java"
2026-03-01T11:09:59.260952Z  INFO get_files:scan_sources: tailwindcss_oxide::scanner: Discovering "/home/afdal/Laboratorium/PROJECT/extensionadminaksent/android/app/src/androidTest/java/com"
2026-03-01T11:09:59.261031Z  INFO get_files:scan_sources: tailwindcss_oxide::scanner: Discovering "/home/afdal/Laboratorium/PROJECT/extensionadminaksent/android/app/src/androidTest/java/com/getcapacitor"
2026-03-01T11:09:59.261113Z  INFO get_files:scan_sources: tailwindcss_oxide::scanner: Discovering "/home/afdal/Laboratorium/PROJECT/extensionadminaksent/android/app/src/androidTest/java/com/getcapacitor/myapp"
2026-03-01T11:09:59.261282Z  INFO get_files:scan_sources: tailwindcss_oxide::scanner: Discovering "/home/afdal/Laboratorium/PROJECT/extensionadminaksent/android/app/src/test"
2026-03-01T11:09:59.261362Z  INFO get_files:scan_sources: tailwindcss_oxide::scanner: Discovering "/home/afdal/Laboratorium/PROJECT/extensionadminaksent/android/app/src/test/java"
2026-03-01T11:09:59.261440Z  INFO get_files:scan_sources: tailwindcss_oxide::scanner: Discovering "/home/afdal/Laboratorium/PROJECT/extensionadminaksent/android/app/src/test/java/com"
2026-03-01T11:09:59.261521Z  INFO get_files:scan_sources: tailwindcss_oxide::scanner: Discovering "/home/afdal/Laboratorium/PROJECT/extensionadminaksent/android/app/src/test/java/com/getcapacitor"
2026-03-01T11:09:59.261581Z  INFO get_files:scan_sources: tailwindcss_oxide::scanner: Discovering "/home/afdal/Laboratorium/PROJECT/extensionadminaksent/android/app/src/test/java/com/getcapacitor/myapp"
2026-03-01T11:09:59.262086Z  INFO get_files:scan_sources: tailwindcss_oxide::scanner: exit
2026-03-01T11:09:59.262297Z  INFO get_files: tailwindcss_oxide::scanner: exit
2026-03-01T11:09:59.262528Z  INFO get_globs: tailwindcss_oxide::scanner: enter
2026-03-01T11:09:59.262548Z  INFO get_globs: tailwindcss_oxide::scanner: exit
2026-03-01T11:13:50.377364Z  INFO scan_sources: tailwindcss_oxide::scanner: enter
2026-03-01T11:13:50.378165Z  INFO scan_sources: tailwindcss_oxide::scanner: Discovering "/home/afdal/Laboratorium/PROJECT/extensionadminaksent/scripts"
2026-03-01T11:13:50.378275Z  INFO scan_sources: tailwindcss_oxide::scanner: Discovering "/home/afdal/Laboratorium/PROJECT/extensionadminaksent/cypress"
2026-03-01T11:13:50.378331Z  INFO scan_sources: tailwindcss_oxide::scanner: Discovering "/home/afdal/Laboratorium/PROJECT/extensionadminaksent/cypress/fixtures"
2026-03-01T11:13:50.378404Z  INFO scan_sources: tailwindcss_oxide::scanner: Discovering "/home/afdal/Laboratorium/PROJECT/extensionadminaksent/cypress/e2e"
2026-03-01T11:13:50.378475Z  INFO scan_sources: tailwindcss_oxide::scanner: Discovering "/home/afdal/Laboratorium/PROJECT/extensionadminaksent/cypress/support"
2026-03-01T11:13:50.378564Z  INFO scan_sources: tailwindcss_oxide::scanner: Discovering "/home/afdal/Laboratorium/PROJECT/extensionadminaksent/.vscode"
2026-03-01T11:13:50.378680Z  INFO scan_sources: tailwindcss_oxide::scanner: Discovering "/home/afdal/Laboratorium/PROJECT/extensionadminaksent/src"
2026-03-01T11:13:50.378741Z  INFO scan_sources: tailwindcss_oxide::scanner: Discovering "/home/afdal/Laboratorium/PROJECT/extensionadminaksent/src/hook"
2026-03-01T11:13:50.378793Z  INFO scan_sources: tailwindcss_oxide::scanner: Discovering "/home/afdal/Laboratorium/PROJECT/extensionadminaksent/src/hook/requests"
2026-03-01T11:13:50.378893Z  INFO scan_sources: tailwindcss_oxide::scanner: Discovering "/home/afdal/Laboratorium/PROJECT/extensionadminaksent/src/components"
2026-03-01T11:13:50.378965Z  INFO scan_sources: tailwindcss_oxide::scanner: Discovering "/home/afdal/Laboratorium/PROJECT/extensionadminaksent/src/components/customer"
2026-03-01T11:13:50.379037Z  INFO scan_sources: tailwindcss_oxide::scanner: Discovering "/home/afdal/Laboratorium/PROJECT/extensionadminaksent/src/components/list"
2026-03-01T11:13:50.379120Z  INFO scan_sources: tailwindcss_oxide::scanner: Discovering "/home/afdal/Laboratorium/PROJECT/extensionadminaksent/src/components/toolbars"
2026-03-01T11:13:50.379206Z  INFO scan_sources: tailwindcss_oxide::scanner: Discovering "/home/afdal/Laboratorium/PROJECT/extensionadminaksent/src/theme"
2026-03-01T11:13:50.379318Z  INFO scan_sources: tailwindcss_oxide::scanner: Discovering "/home/afdal/Laboratorium/PROJECT/extensionadminaksent/src/utils"
2026-03-01T11:13:50.379430Z  INFO scan_sources: tailwindcss_oxide::scanner: Discovering "/home/afdal/Laboratorium/PROJECT/extensionadminaksent/src/databases"
2026-03-01T11:13:50.379499Z  INFO scan_sources: tailwindcss_oxide::scanner: Discovering "/home/afdal/Laboratorium/PROJECT/extensionadminaksent/src/databases/migrations"
2026-03-01T11:13:50.379596Z  INFO scan_sources: tailwindcss_oxide::scanner: Discovering "/home/afdal/Laboratorium/PROJECT/extensionadminaksent/src/databases/entities"
2026-03-01T11:13:50.379704Z  INFO scan_sources: tailwindcss_oxide::scanner: Discovering "/home/afdal/Laboratorium/PROJECT/extensionadminaksent/src/types"
2026-03-01T11:13:50.379776Z  INFO scan_sources: tailwindcss_oxide::scanner: Discovering "/home/afdal/Laboratorium/PROJECT/extensionadminaksent/src/pages"
2026-03-01T11:13:50.379837Z  INFO scan_sources: tailwindcss_oxide::scanner: Discovering "/home/afdal/Laboratorium/PROJECT/extensionadminaksent/src/pages/Customer"
2026-03-01T11:13:50.379892Z  INFO scan_sources: tailwindcss_oxide::scanner: Discovering "/home/afdal/Laboratorium/PROJECT/extensionadminaksent/src/pages/Customer/Customer.tsx"
2026-03-01T11:13:50.379943Z  INFO scan_sources: tailwindcss_oxide::scanner: Discovering "/home/afdal/Laboratorium/PROJECT/extensionadminaksent/src/pages/Home"
2026-03-01T11:13:50.380022Z  INFO scan_sources: tailwindcss_oxide::scanner: Discovering "/home/afdal/Laboratorium/PROJECT/extensionadminaksent/src/pages/Validation"
2026-03-01T11:13:50.380091Z  INFO scan_sources: tailwindcss_oxide::scanner: Discovering "/home/afdal/Laboratorium/PROJECT/extensionadminaksent/src/pages/Unpaid"
2026-03-01T11:13:50.380159Z  INFO scan_sources: tailwindcss_oxide::scanner: Discovering "/home/afdal/Laboratorium/PROJECT/extensionadminaksent/src/pages/Payment"
2026-03-01T11:13:50.380396Z  INFO scan_sources: tailwindcss_oxide::scanner: Discovering "/home/afdal/Laboratorium/PROJECT/extensionadminaksent/public"
2026-03-01T11:13:50.380483Z  INFO scan_sources: tailwindcss_oxide::scanner: Discovering "/home/afdal/Laboratorium/PROJECT/extensionadminaksent/public/assets"
2026-03-01T11:13:50.380673Z  INFO scan_sources: tailwindcss_oxide::scanner: Discovering "/home/afdal/Laboratorium/PROJECT/extensionadminaksent/android"
2026-03-01T11:13:50.381225Z  INFO scan_sources: tailwindcss_oxide::scanner: Discovering "/home/afdal/Laboratorium/PROJECT/extensionadminaksent/android/.kotlin"
2026-03-01T11:13:50.381332Z  INFO scan_sources: tailwindcss_oxide::scanner: Discovering "/home/afdal/Laboratorium/PROJECT/extensionadminaksent/android/.kotlin/sessions"
2026-03-01T11:13:50.381542Z  INFO scan_sources: tailwindcss_oxide::scanner: Discovering "/home/afdal/Laboratorium/PROJECT/extensionadminaksent/android/gradle"
2026-03-01T11:13:50.381612Z  INFO scan_sources: tailwindcss_oxide::scanner: Discovering "/home/afdal/Laboratorium/PROJECT/extensionadminaksent/android/gradle/wrapper"
2026-03-01T11:13:50.381718Z  INFO scan_sources: tailwindcss_oxide::scanner: Discovering "/home/afdal/Laboratorium/PROJECT/extensionadminaksent/android/app"
2026-03-01T11:13:50.381892Z  INFO scan_sources: tailwindcss_oxide::scanner: Discovering "/home/afdal/Laboratorium/PROJECT/extensionadminaksent/android/app/src"
2026-03-01T11:13:50.381984Z  INFO scan_sources: tailwindcss_oxide::scanner: Discovering "/home/afdal/Laboratorium/PROJECT/extensionadminaksent/android/app/src/main"
2026-03-01T11:13:50.382077Z  INFO scan_sources: tailwindcss_oxide::scanner: Discovering "/home/afdal/Laboratorium/PROJECT/extensionadminaksent/android/app/src/main/res"
2026-03-01T11:13:50.382151Z  INFO scan_sources: tailwindcss_oxide::scanner: Discovering "/home/afdal/Laboratorium/PROJECT/extensionadminaksent/android/app/src/main/res/drawable-land-xhdpi"
2026-03-01T11:13:50.382232Z  INFO scan_sources: tailwindcss_oxide::scanner: Discovering "/home/afdal/Laboratorium/PROJECT/extensionadminaksent/android/app/src/main/res/drawable-land-xxhdpi"
2026-03-01T11:13:50.382311Z  INFO scan_sources: tailwindcss_oxide::scanner: Discovering "/home/afdal/Laboratorium/PROJECT/extensionadminaksent/android/app/src/main/res/drawable-v24"
2026-03-01T11:13:50.382385Z  INFO scan_sources: tailwindcss_oxide::scanner: Discovering "/home/afdal/Laboratorium/PROJECT/extensionadminaksent/android/app/src/main/res/drawable-port-xxxhdpi"
2026-03-01T11:13:50.382446Z  INFO scan_sources: tailwindcss_oxide::scanner: Discovering "/home/afdal/Laboratorium/PROJECT/extensionadminaksent/android/app/src/main/res/drawable-land-xxxhdpi"
2026-03-01T11:13:50.382504Z  INFO scan_sources: tailwindcss_oxide::scanner: Discovering "/home/afdal/Laboratorium/PROJECT/extensionadminaksent/android/app/src/main/res/drawable-port-xxhdpi"
2026-03-01T11:13:50.382563Z  INFO scan_sources: tailwindcss_oxide::scanner: Discovering "/home/afdal/Laboratorium/PROJECT/extensionadminaksent/android/app/src/main/res/mipmap-hdpi"
2026-03-01T11:13:50.382630Z  INFO scan_sources: tailwindcss_oxide::scanner: Discovering "/home/afdal/Laboratorium/PROJECT/extensionadminaksent/android/app/src/main/res/drawable-land-hdpi"
2026-03-01T11:13:50.382691Z  INFO scan_sources: tailwindcss_oxide::scanner: Discovering "/home/afdal/Laboratorium/PROJECT/extensionadminaksent/android/app/src/main/res/xml"
2026-03-01T11:13:50.382765Z  INFO scan_sources: tailwindcss_oxide::scanner: Discovering "/home/afdal/Laboratorium/PROJECT/extensionadminaksent/android/app/src/main/res/mipmap-xhdpi"
2026-03-01T11:13:50.382844Z  INFO scan_sources: tailwindcss_oxide::scanner: Discovering "/home/afdal/Laboratorium/PROJECT/extensionadminaksent/android/app/src/main/res/drawable-land-mdpi"
2026-03-01T11:13:50.382912Z  INFO scan_sources: tailwindcss_oxide::scanner: Discovering "/home/afdal/Laboratorium/PROJECT/extensionadminaksent/android/app/src/main/res/drawable-port-hdpi"
2026-03-01T11:13:50.382972Z  INFO scan_sources: tailwindcss_oxide::scanner: Discovering "/home/afdal/Laboratorium/PROJECT/extensionadminaksent/android/app/src/main/res/mipmap-xxhdpi"
2026-03-01T11:13:50.383040Z  INFO scan_sources: tailwindcss_oxide::scanner: Discovering "/home/afdal/Laboratorium/PROJECT/extensionadminaksent/android/app/src/main/res/mipmap-mdpi"
2026-03-01T11:13:50.383106Z  INFO scan_sources: tailwindcss_oxide::scanner: Discovering "/home/afdal/Laboratorium/PROJECT/extensionadminaksent/android/app/src/main/res/drawable"
2026-03-01T11:13:50.383179Z  INFO scan_sources: tailwindcss_oxide::scanner: Discovering "/home/afdal/Laboratorium/PROJECT/extensionadminaksent/android/app/src/main/res/drawable-port-xhdpi"
2026-03-01T11:13:50.383238Z  INFO scan_sources: tailwindcss_oxide::scanner: Discovering "/home/afdal/Laboratorium/PROJECT/extensionadminaksent/android/app/src/main/res/mipmap-xxxhdpi"
2026-03-01T11:13:50.383305Z  INFO scan_sources: tailwindcss_oxide::scanner: Discovering "/home/afdal/Laboratorium/PROJECT/extensionadminaksent/android/app/src/main/res/layout"
2026-03-01T11:13:50.383376Z  INFO scan_sources: tailwindcss_oxide::scanner: Discovering "/home/afdal/Laboratorium/PROJECT/extensionadminaksent/android/app/src/main/res/mipmap-anydpi-v26"
2026-03-01T11:13:50.383459Z  INFO scan_sources: tailwindcss_oxide::scanner: Discovering "/home/afdal/Laboratorium/PROJECT/extensionadminaksent/android/app/src/main/res/drawable-port-mdpi"
2026-03-01T11:13:50.383518Z  INFO scan_sources: tailwindcss_oxide::scanner: Discovering "/home/afdal/Laboratorium/PROJECT/extensionadminaksent/android/app/src/main/res/values"
2026-03-01T11:13:50.383619Z  INFO scan_sources: tailwindcss_oxide::scanner: Discovering "/home/afdal/Laboratorium/PROJECT/extensionadminaksent/android/app/src/main/java"
2026-03-01T11:13:50.383679Z  INFO scan_sources: tailwindcss_oxide::scanner: Discovering "/home/afdal/Laboratorium/PROJECT/extensionadminaksent/android/app/src/main/java/io"
2026-03-01T11:13:50.383732Z  INFO scan_sources: tailwindcss_oxide::scanner: Discovering "/home/afdal/Laboratorium/PROJECT/extensionadminaksent/android/app/src/main/java/io/ionic"
2026-03-01T11:13:50.383798Z  INFO scan_sources: tailwindcss_oxide::scanner: Discovering "/home/afdal/Laboratorium/PROJECT/extensionadminaksent/android/app/src/main/java/io/ionic/starter"
2026-03-01T11:13:50.383895Z  INFO scan_sources: tailwindcss_oxide::scanner: Discovering "/home/afdal/Laboratorium/PROJECT/extensionadminaksent/android/app/src/main/assets"
2026-03-01T11:13:50.384018Z  INFO scan_sources: tailwindcss_oxide::scanner: Discovering "/home/afdal/Laboratorium/PROJECT/extensionadminaksent/android/app/src/androidTest"
2026-03-01T11:13:50.384071Z  INFO scan_sources: tailwindcss_oxide::scanner: Discovering "/home/afdal/Laboratorium/PROJECT/extensionadminaksent/android/app/src/androidTest/java"
2026-03-01T11:13:50.384121Z  INFO scan_sources: tailwindcss_oxide::scanner: Discovering "/home/afdal/Laboratorium/PROJECT/extensionadminaksent/android/app/src/androidTest/java/com"
2026-03-01T11:13:50.384177Z  INFO scan_sources: tailwindcss_oxide::scanner: Discovering "/home/afdal/Laboratorium/PROJECT/extensionadminaksent/android/app/src/androidTest/java/com/getcapacitor"
2026-03-01T11:13:50.384232Z  INFO scan_sources: tailwindcss_oxide::scanner: Discovering "/home/afdal/Laboratorium/PROJECT/extensionadminaksent/android/app/src/androidTest/java/com/getcapacitor/myapp"
2026-03-01T11:13:50.384328Z  INFO scan_sources: tailwindcss_oxide::scanner: Discovering "/home/afdal/Laboratorium/PROJECT/extensionadminaksent/android/app/src/test"
2026-03-01T11:13:50.384381Z  INFO scan_sources: tailwindcss_oxide::scanner: Discovering "/home/afdal/Laboratorium/PROJECT/extensionadminaksent/android/app/src/test/java"
2026-03-01T11:13:50.384432Z  INFO scan_sources: tailwindcss_oxide::scanner: Discovering "/home/afdal/Laboratorium/PROJECT/extensionadminaksent/android/app/src/test/java/com"
2026-03-01T11:13:50.384484Z  INFO scan_sources: tailwindcss_oxide::scanner: Discovering "/home/afdal/Laboratorium/PROJECT/extensionadminaksent/android/app/src/test/java/com/getcapacitor"
2026-03-01T11:13:50.384538Z  INFO scan_sources: tailwindcss_oxide::scanner: Discovering "/home/afdal/Laboratorium/PROJECT/extensionadminaksent/android/app/src/test/java/com/getcapacitor/myapp"
2026-03-01T11:13:50.384922Z  INFO scan_sources: tailwindcss_oxide::scanner: exit
2026-03-01T11:13:50.384938Z  INFO extract_candidates: tailwindcss_oxide::scanner: enter
2026-03-01T11:13:50.384947Z  INFO extract_candidates:read_all_files: tailwindcss_oxide::scanner: enter
2026-03-01T11:13:50.384953Z  INFO extract_candidates:read_all_files: tailwindcss_oxide::scanner: Reading 1 file(s)
2026-03-01T11:13:50.385006Z  INFO extract_candidates:read_all_files: tailwindcss_oxide::scanner: Reading "/home/afdal/Laboratorium/PROJECT/extensionadminaksent/src/pages/Customer/Customer.tsx"
2026-03-01T11:13:50.385018Z  INFO extract_candidates:read_all_files: tailwindcss_oxide::scanner: exit
2026-03-01T11:13:50.385026Z  INFO extract_candidates:parse_all_blobs: tailwindcss_oxide::scanner: enter
2026-03-01T11:13:50.385033Z  INFO extract_candidates:parse_all_blobs:extract: tailwindcss_oxide::scanner: enter
2026-03-01T11:13:50.385322Z  INFO extract_candidates:parse_all_blobs:extract: tailwindcss_oxide::scanner: exit
2026-03-01T11:13:50.385342Z  INFO extract_candidates:parse_all_blobs: tailwindcss_oxide::scanner: exit
2026-03-01T11:13:50.385403Z  INFO extract_candidates: tailwindcss_oxide::scanner: exit
2026-03-01T11:13:50.386599Z  INFO get_files: tailwindcss_oxide::scanner: enter
2026-03-01T11:13:50.386615Z  INFO get_files:scan_sources: tailwindcss_oxide::scanner: enter
2026-03-01T11:13:50.387269Z  INFO get_files:scan_sources: tailwindcss_oxide::scanner: Discovering "/home/afdal/Laboratorium/PROJECT/extensionadminaksent/scripts"
2026-03-01T11:13:50.387363Z  INFO get_files:scan_sources: tailwindcss_oxide::scanner: Discovering "/home/afdal/Laboratorium/PROJECT/extensionadminaksent/cypress"
2026-03-01T11:13:50.387421Z  INFO get_files:scan_sources: tailwindcss_oxide::scanner: Discovering "/home/afdal/Laboratorium/PROJECT/extensionadminaksent/cypress/fixtures"
2026-03-01T11:13:50.387489Z  INFO get_files:scan_sources: tailwindcss_oxide::scanner: Discovering "/home/afdal/Laboratorium/PROJECT/extensionadminaksent/cypress/e2e"
2026-03-01T11:13:50.387572Z  INFO get_files:scan_sources: tailwindcss_oxide::scanner: Discovering "/home/afdal/Laboratorium/PROJECT/extensionadminaksent/cypress/support"
2026-03-01T11:13:50.387671Z  INFO get_files:scan_sources: tailwindcss_oxide::scanner: Discovering "/home/afdal/Laboratorium/PROJECT/extensionadminaksent/.vscode"
2026-03-01T11:13:50.387940Z  INFO get_files:scan_sources: tailwindcss_oxide::scanner: Discovering "/home/afdal/Laboratorium/PROJECT/extensionadminaksent/src"
2026-03-01T11:13:50.388063Z  INFO get_files:scan_sources: tailwindcss_oxide::scanner: Discovering "/home/afdal/Laboratorium/PROJECT/extensionadminaksent/src/hook"
2026-03-01T11:13:50.388204Z  INFO get_files:scan_sources: tailwindcss_oxide::scanner: Discovering "/home/afdal/Laboratorium/PROJECT/extensionadminaksent/src/hook/requests"
2026-03-01T11:13:50.388312Z  INFO get_files:scan_sources: tailwindcss_oxide::scanner: Discovering "/home/afdal/Laboratorium/PROJECT/extensionadminaksent/src/components"
2026-03-01T11:13:50.388386Z  INFO get_files:scan_sources: tailwindcss_oxide::scanner: Discovering "/home/afdal/Laboratorium/PROJECT/extensionadminaksent/src/components/customer"
2026-03-01T11:13:50.388455Z  INFO get_files:scan_sources: tailwindcss_oxide::scanner: Discovering "/home/afdal/Laboratorium/PROJECT/extensionadminaksent/src/components/list"
2026-03-01T11:13:50.388531Z  INFO get_files:scan_sources: tailwindcss_oxide::scanner: Discovering "/home/afdal/Laboratorium/PROJECT/extensionadminaksent/src/components/toolbars"
2026-03-01T11:13:50.388617Z  INFO get_files:scan_sources: tailwindcss_oxide::scanner: Discovering "/home/afdal/Laboratorium/PROJECT/extensionadminaksent/src/theme"
2026-03-01T11:13:50.388714Z  INFO get_files:scan_sources: tailwindcss_oxide::scanner: Discovering "/home/afdal/Laboratorium/PROJECT/extensionadminaksent/src/utils"
2026-03-01T11:13:50.388856Z  INFO get_files:scan_sources: tailwindcss_oxide::scanner: Discovering "/home/afdal/Laboratorium/PROJECT/extensionadminaksent/src/databases"
2026-03-01T11:13:50.388933Z  INFO get_files:scan_sources: tailwindcss_oxide::scanner: Discovering "/home/afdal/Laboratorium/PROJECT/extensionadminaksent/src/databases/migrations"
2026-03-01T11:13:50.389034Z  INFO get_files:scan_sources: tailwindcss_oxide::scanner: Discovering "/home/afdal/Laboratorium/PROJECT/extensionadminaksent/src/databases/entities"
2026-03-01T11:13:50.389200Z  INFO get_files:scan_sources: tailwindcss_oxide::scanner: Discovering "/home/afdal/Laboratorium/PROJECT/extensionadminaksent/src/types"
2026-03-01T11:13:50.389262Z  INFO get_files:scan_sources: tailwindcss_oxide::scanner: Discovering "/home/afdal/Laboratorium/PROJECT/extensionadminaksent/src/pages"
2026-03-01T11:13:50.389302Z  INFO get_files:scan_sources: tailwindcss_oxide::scanner: Discovering "/home/afdal/Laboratorium/PROJECT/extensionadminaksent/src/pages/Customer"
2026-03-01T11:13:50.389357Z  INFO get_files:scan_sources: tailwindcss_oxide::scanner: Discovering "/home/afdal/Laboratorium/PROJECT/extensionadminaksent/src/pages/Home"
2026-03-01T11:13:50.389407Z  INFO get_files:scan_sources: tailwindcss_oxide::scanner: Discovering "/home/afdal/Laboratorium/PROJECT/extensionadminaksent/src/pages/Validation"
2026-03-01T11:13:50.389452Z  INFO get_files:scan_sources: tailwindcss_oxide::scanner: Discovering "/home/afdal/Laboratorium/PROJECT/extensionadminaksent/src/pages/Unpaid"
2026-03-01T11:13:50.389495Z  INFO get_files:scan_sources: tailwindcss_oxide::scanner: Discovering "/home/afdal/Laboratorium/PROJECT/extensionadminaksent/src/pages/Payment"
2026-03-01T11:13:50.389628Z  INFO get_files:scan_sources: tailwindcss_oxide::scanner: Discovering "/home/afdal/Laboratorium/PROJECT/extensionadminaksent/public"
2026-03-01T11:13:50.389674Z  INFO get_files:scan_sources: tailwindcss_oxide::scanner: Discovering "/home/afdal/Laboratorium/PROJECT/extensionadminaksent/public/assets"
2026-03-01T11:13:50.389785Z  INFO get_files:scan_sources: tailwindcss_oxide::scanner: Discovering "/home/afdal/Laboratorium/PROJECT/extensionadminaksent/android"
2026-03-01T11:13:50.390032Z  INFO get_files:scan_sources: tailwindcss_oxide::scanner: Discovering "/home/afdal/Laboratorium/PROJECT/extensionadminaksent/android/.kotlin"
2026-03-01T11:13:50.390085Z  INFO get_files:scan_sources: tailwindcss_oxide::scanner: Discovering "/home/afdal/Laboratorium/PROJECT/extensionadminaksent/android/.kotlin/sessions"
2026-03-01T11:13:50.390246Z  INFO get_files:scan_sources: tailwindcss_oxide::scanner: Discovering "/home/afdal/Laboratorium/PROJECT/extensionadminaksent/android/gradle"
2026-03-01T11:13:50.390299Z  INFO get_files:scan_sources: tailwindcss_oxide::scanner: Discovering "/home/afdal/Laboratorium/PROJECT/extensionadminaksent/android/gradle/wrapper"
2026-03-01T11:13:50.390382Z  INFO get_files:scan_sources: tailwindcss_oxide::scanner: Discovering "/home/afdal/Laboratorium/PROJECT/extensionadminaksent/android/app"
2026-03-01T11:13:50.390504Z  INFO get_files:scan_sources: tailwindcss_oxide::scanner: Discovering "/home/afdal/Laboratorium/PROJECT/extensionadminaksent/android/app/src"
2026-03-01T11:13:50.390568Z  INFO get_files:scan_sources: tailwindcss_oxide::scanner: Discovering "/home/afdal/Laboratorium/PROJECT/extensionadminaksent/android/app/src/main"
2026-03-01T11:13:50.390639Z  INFO get_files:scan_sources: tailwindcss_oxide::scanner: Discovering "/home/afdal/Laboratorium/PROJECT/extensionadminaksent/android/app/src/main/res"
2026-03-01T11:13:50.390698Z  INFO get_files:scan_sources: tailwindcss_oxide::scanner: Discovering "/home/afdal/Laboratorium/PROJECT/extensionadminaksent/android/app/src/main/res/drawable-land-xhdpi"
2026-03-01T11:13:50.390760Z  INFO get_files:scan_sources: tailwindcss_oxide::scanner: Discovering "/home/afdal/Laboratorium/PROJECT/extensionadminaksent/android/app/src/main/res/drawable-land-xxhdpi"
2026-03-01T11:13:50.390825Z  INFO get_files:scan_sources: tailwindcss_oxide::scanner: Discovering "/home/afdal/Laboratorium/PROJECT/extensionadminaksent/android/app/src/main/res/drawable-v24"
2026-03-01T11:13:50.390900Z  INFO get_files:scan_sources: tailwindcss_oxide::scanner: Discovering "/home/afdal/Laboratorium/PROJECT/extensionadminaksent/android/app/src/main/res/drawable-port-xxxhdpi"
2026-03-01T11:13:50.390960Z  INFO get_files:scan_sources: tailwindcss_oxide::scanner: Discovering "/home/afdal/Laboratorium/PROJECT/extensionadminaksent/android/app/src/main/res/drawable-land-xxxhdpi"
2026-03-01T11:13:50.391024Z  INFO get_files:scan_sources: tailwindcss_oxide::scanner: Discovering "/home/afdal/Laboratorium/PROJECT/extensionadminaksent/android/app/src/main/res/drawable-port-xxhdpi"
2026-03-01T11:13:50.391092Z  INFO get_files:scan_sources: tailwindcss_oxide::scanner: Discovering "/home/afdal/Laboratorium/PROJECT/extensionadminaksent/android/app/src/main/res/mipmap-hdpi"
2026-03-01T11:13:50.391164Z  INFO get_files:scan_sources: tailwindcss_oxide::scanner: Discovering "/home/afdal/Laboratorium/PROJECT/extensionadminaksent/android/app/src/main/res/drawable-land-hdpi"
2026-03-01T11:13:50.391229Z  INFO get_files:scan_sources: tailwindcss_oxide::scanner: Discovering "/home/afdal/Laboratorium/PROJECT/extensionadminaksent/android/app/src/main/res/xml"
2026-03-01T11:13:50.391306Z  INFO get_files:scan_sources: tailwindcss_oxide::scanner: Discovering "/home/afdal/Laboratorium/PROJECT/extensionadminaksent/android/app/src/main/res/mipmap-xhdpi"
2026-03-01T11:13:50.391376Z  INFO get_files:scan_sources: tailwindcss_oxide::scanner: Discovering "/home/afdal/Laboratorium/PROJECT/extensionadminaksent/android/app/src/main/res/drawable-land-mdpi"
2026-03-01T11:13:50.391439Z  INFO get_files:scan_sources: tailwindcss_oxide::scanner: Discovering "/home/afdal/Laboratorium/PROJECT/extensionadminaksent/android/app/src/main/res/drawable-port-hdpi"
2026-03-01T11:13:50.391504Z  INFO get_files:scan_sources: tailwindcss_oxide::scanner: Discovering "/home/afdal/Laboratorium/PROJECT/extensionadminaksent/android/app/src/main/res/mipmap-xxhdpi"
2026-03-01T11:13:50.391563Z  INFO get_files:scan_sources: tailwindcss_oxide::scanner: Discovering "/home/afdal/Laboratorium/PROJECT/extensionadminaksent/android/app/src/main/res/mipmap-mdpi"
2026-03-01T11:13:50.391631Z  INFO get_files:scan_sources: tailwindcss_oxide::scanner: Discovering "/home/afdal/Laboratorium/PROJECT/extensionadminaksent/android/app/src/main/res/drawable"
2026-03-01T11:13:50.391697Z  INFO get_files:scan_sources: tailwindcss_oxide::scanner: Discovering "/home/afdal/Laboratorium/PROJECT/extensionadminaksent/android/app/src/main/res/drawable-port-xhdpi"
2026-03-01T11:13:50.391752Z  INFO get_files:scan_sources: tailwindcss_oxide::scanner: Discovering "/home/afdal/Laboratorium/PROJECT/extensionadminaksent/android/app/src/main/res/mipmap-xxxhdpi"
2026-03-01T11:13:50.391814Z  INFO get_files:scan_sources: tailwindcss_oxide::scanner: Discovering "/home/afdal/Laboratorium/PROJECT/extensionadminaksent/android/app/src/main/res/layout"
2026-03-01T11:13:50.391880Z  INFO get_files:scan_sources: tailwindcss_oxide::scanner: Discovering "/home/afdal/Laboratorium/PROJECT/extensionadminaksent/android/app/src/main/res/mipmap-anydpi-v26"
2026-03-01T11:13:50.391945Z  INFO get_files:scan_sources: tailwindcss_oxide::scanner: Discovering "/home/afdal/Laboratorium/PROJECT/extensionadminaksent/android/app/src/main/res/drawable-port-mdpi"
2026-03-01T11:13:50.391992Z  INFO get_files:scan_sources: tailwindcss_oxide::scanner: Discovering "/home/afdal/Laboratorium/PROJECT/extensionadminaksent/android/app/src/main/res/values"
2026-03-01T11:13:50.392074Z  INFO get_files:scan_sources: tailwindcss_oxide::scanner: Discovering "/home/afdal/Laboratorium/PROJECT/extensionadminaksent/android/app/src/main/java"
2026-03-01T11:13:50.392116Z  INFO get_files:scan_sources: tailwindcss_oxide::scanner: Discovering "/home/afdal/Laboratorium/PROJECT/extensionadminaksent/android/app/src/main/java/io"
2026-03-01T11:13:50.392158Z  INFO get_files:scan_sources: tailwindcss_oxide::scanner: Discovering "/home/afdal/Laboratorium/PROJECT/extensionadminaksent/android/app/src/main/java/io/ionic"
2026-03-01T11:13:50.392202Z  INFO get_files:scan_sources: tailwindcss_oxide::scanner: Discovering "/home/afdal/Laboratorium/PROJECT/extensionadminaksent/android/app/src/main/java/io/ionic/starter"
2026-03-01T11:13:50.392274Z  INFO get_files:scan_sources: tailwindcss_oxide::scanner: Discovering "/home/afdal/Laboratorium/PROJECT/extensionadminaksent/android/app/src/main/assets"
2026-03-01T11:13:50.392373Z  INFO get_files:scan_sources: tailwindcss_oxide::scanner: Discovering "/home/afdal/Laboratorium/PROJECT/extensionadminaksent/android/app/src/androidTest"
2026-03-01T11:13:50.392414Z  INFO get_files:scan_sources: tailwindcss_oxide::scanner: Discovering "/home/afdal/Laboratorium/PROJECT/extensionadminaksent/android/app/src/androidTest/java"
2026-03-01T11:13:50.392454Z  INFO get_files:scan_sources: tailwindcss_oxide::scanner: Discovering "/home/afdal/Laboratorium/PROJECT/extensionadminaksent/android/app/src/androidTest/java/com"
2026-03-01T11:13:50.392495Z  INFO get_files:scan_sources: tailwindcss_oxide::scanner: Discovering "/home/afdal/Laboratorium/PROJECT/extensionadminaksent/android/app/src/androidTest/java/com/getcapacitor"
2026-03-01T11:13:50.392538Z  INFO get_files:scan_sources: tailwindcss_oxide::scanner: Discovering "/home/afdal/Laboratorium/PROJECT/extensionadminaksent/android/app/src/androidTest/java/com/getcapacitor/myapp"
2026-03-01T11:13:50.392612Z  INFO get_files:scan_sources: tailwindcss_oxide::scanner: Discovering "/home/afdal/Laboratorium/PROJECT/extensionadminaksent/android/app/src/test"
2026-03-01T11:13:50.392653Z  INFO get_files:scan_sources: tailwindcss_oxide::scanner: Discovering "/home/afdal/Laboratorium/PROJECT/extensionadminaksent/android/app/src/test/java"
2026-03-01T11:13:50.392693Z  INFO get_files:scan_sources: tailwindcss_oxide::scanner: Discovering "/home/afdal/Laboratorium/PROJECT/extensionadminaksent/android/app/src/test/java/com"
2026-03-01T11:13:50.392736Z  INFO get_files:scan_sources: tailwindcss_oxide::scanner: Discovering "/home/afdal/Laboratorium/PROJECT/extensionadminaksent/android/app/src/test/java/com/getcapacitor"
2026-03-01T11:13:50.392797Z  INFO get_files:scan_sources: tailwindcss_oxide::scanner: Discovering "/home/afdal/Laboratorium/PROJECT/extensionadminaksent/android/app/src/test/java/com/getcapacitor/myapp"
2026-03-01T11:13:50.393196Z  INFO get_files:scan_sources: tailwindcss_oxide::scanner: exit
2026-03-01T11:13:50.393433Z  INFO get_files: tailwindcss_oxide::scanner: exit
2026-03-01T11:13:50.393630Z  INFO get_globs: tailwindcss_oxide::scanner: enter
2026-03-01T11:13:50.393644Z  INFO get_globs: tailwindcss_oxide::scanner: exit
2026-03-01T11:14:08.230641Z  INFO scan_sources: tailwindcss_oxide::scanner: enter
2026-03-01T11:14:08.232407Z  INFO scan_sources: tailwindcss_oxide::scanner: Discovering "/home/afdal/Laboratorium/PROJECT/extensionadminaksent/scripts"
2026-03-01T11:14:08.232728Z  INFO scan_sources: tailwindcss_oxide::scanner: Discovering "/home/afdal/Laboratorium/PROJECT/extensionadminaksent/cypress"
2026-03-01T11:14:08.233221Z  INFO scan_sources: tailwindcss_oxide::scanner: Discovering "/home/afdal/Laboratorium/PROJECT/extensionadminaksent/cypress/fixtures"
2026-03-01T11:14:08.233690Z  INFO scan_sources: tailwindcss_oxide::scanner: Discovering "/home/afdal/Laboratorium/PROJECT/extensionadminaksent/cypress/e2e"
2026-03-01T11:14:08.233937Z  INFO scan_sources: tailwindcss_oxide::scanner: Discovering "/home/afdal/Laboratorium/PROJECT/extensionadminaksent/cypress/support"
2026-03-01T11:14:08.234146Z  INFO scan_sources: tailwindcss_oxide::scanner: Discovering "/home/afdal/Laboratorium/PROJECT/extensionadminaksent/.vscode"
2026-03-01T11:14:08.234375Z  INFO scan_sources: tailwindcss_oxide::scanner: Discovering "/home/afdal/Laboratorium/PROJECT/extensionadminaksent/src"
2026-03-01T11:14:08.234525Z  INFO scan_sources: tailwindcss_oxide::scanner: Discovering "/home/afdal/Laboratorium/PROJECT/extensionadminaksent/src/hook"
2026-03-01T11:14:08.234579Z  INFO scan_sources: tailwindcss_oxide::scanner: Discovering "/home/afdal/Laboratorium/PROJECT/extensionadminaksent/src/hook/requests"
2026-03-01T11:14:08.234658Z  INFO scan_sources: tailwindcss_oxide::scanner: Discovering "/home/afdal/Laboratorium/PROJECT/extensionadminaksent/src/components"
2026-03-01T11:14:08.234733Z  INFO scan_sources: tailwindcss_oxide::scanner: Discovering "/home/afdal/Laboratorium/PROJECT/extensionadminaksent/src/components/customer"
2026-03-01T11:14:08.234805Z  INFO scan_sources: tailwindcss_oxide::scanner: Discovering "/home/afdal/Laboratorium/PROJECT/extensionadminaksent/src/components/list"
2026-03-01T11:14:08.235216Z  INFO scan_sources: tailwindcss_oxide::scanner: Discovering "/home/afdal/Laboratorium/PROJECT/extensionadminaksent/src/components/toolbars"
2026-03-01T11:14:08.235510Z  INFO scan_sources: tailwindcss_oxide::scanner: Discovering "/home/afdal/Laboratorium/PROJECT/extensionadminaksent/src/theme"
2026-03-01T11:14:08.235796Z  INFO scan_sources: tailwindcss_oxide::scanner: Discovering "/home/afdal/Laboratorium/PROJECT/extensionadminaksent/src/utils"
2026-03-01T11:14:08.236115Z  INFO scan_sources: tailwindcss_oxide::scanner: Discovering "/home/afdal/Laboratorium/PROJECT/extensionadminaksent/src/databases"
2026-03-01T11:14:08.236749Z  INFO scan_sources: tailwindcss_oxide::scanner: Discovering "/home/afdal/Laboratorium/PROJECT/extensionadminaksent/src/databases/migrations"
2026-03-01T11:14:08.236947Z  INFO scan_sources: tailwindcss_oxide::scanner: Discovering "/home/afdal/Laboratorium/PROJECT/extensionadminaksent/src/databases/entities"
2026-03-01T11:14:08.237135Z  INFO scan_sources: tailwindcss_oxide::scanner: Discovering "/home/afdal/Laboratorium/PROJECT/extensionadminaksent/src/types"
2026-03-01T11:14:08.237280Z  INFO scan_sources: tailwindcss_oxide::scanner: Discovering "/home/afdal/Laboratorium/PROJECT/extensionadminaksent/src/pages"
2026-03-01T11:14:08.237406Z  INFO scan_sources: tailwindcss_oxide::scanner: Discovering "/home/afdal/Laboratorium/PROJECT/extensionadminaksent/src/pages/Customer"
2026-03-01T11:14:08.237553Z  INFO scan_sources: tailwindcss_oxide::scanner: Discovering "/home/afdal/Laboratorium/PROJECT/extensionadminaksent/src/pages/Customer/Customer.tsx"
2026-03-01T11:14:08.237638Z  INFO scan_sources: tailwindcss_oxide::scanner: Discovering "/home/afdal/Laboratorium/PROJECT/extensionadminaksent/src/pages/Home"
2026-03-01T11:14:08.237729Z  INFO scan_sources: tailwindcss_oxide::scanner: Discovering "/home/afdal/Laboratorium/PROJECT/extensionadminaksent/src/pages/Validation"
2026-03-01T11:14:08.237818Z  INFO scan_sources: tailwindcss_oxide::scanner: Discovering "/home/afdal/Laboratorium/PROJECT/extensionadminaksent/src/pages/Unpaid"
2026-03-01T11:14:08.237912Z  INFO scan_sources: tailwindcss_oxide::scanner: Discovering "/home/afdal/Laboratorium/PROJECT/extensionadminaksent/src/pages/Payment"
2026-03-01T11:14:08.238143Z  INFO scan_sources: tailwindcss_oxide::scanner: Discovering "/home/afdal/Laboratorium/PROJECT/extensionadminaksent/public"
2026-03-01T11:14:08.238227Z  INFO scan_sources: tailwindcss_oxide::scanner: Discovering "/home/afdal/Laboratorium/PROJECT/extensionadminaksent/public/assets"
2026-03-01T11:14:08.238412Z  INFO scan_sources: tailwindcss_oxide::scanner: Discovering "/home/afdal/Laboratorium/PROJECT/extensionadminaksent/android"
2026-03-01T11:14:08.238789Z  INFO scan_sources: tailwindcss_oxide::scanner: Discovering "/home/afdal/Laboratorium/PROJECT/extensionadminaksent/android/.kotlin"
2026-03-01T11:14:08.238895Z  INFO scan_sources: tailwindcss_oxide::scanner: Discovering "/home/afdal/Laboratorium/PROJECT/extensionadminaksent/android/.kotlin/sessions"
2026-03-01T11:14:08.239105Z  INFO scan_sources: tailwindcss_oxide::scanner: Discovering "/home/afdal/Laboratorium/PROJECT/extensionadminaksent/android/gradle"
2026-03-01T11:14:08.239172Z  INFO scan_sources: tailwindcss_oxide::scanner: Discovering "/home/afdal/Laboratorium/PROJECT/extensionadminaksent/android/gradle/wrapper"
2026-03-01T11:14:08.239273Z  INFO scan_sources: tailwindcss_oxide::scanner: Discovering "/home/afdal/Laboratorium/PROJECT/extensionadminaksent/android/app"
2026-03-01T11:14:08.239436Z  INFO scan_sources: tailwindcss_oxide::scanner: Discovering "/home/afdal/Laboratorium/PROJECT/extensionadminaksent/android/app/src"
2026-03-01T11:14:08.239519Z  INFO scan_sources: tailwindcss_oxide::scanner: Discovering "/home/afdal/Laboratorium/PROJECT/extensionadminaksent/android/app/src/main"
2026-03-01T11:14:08.239597Z  INFO scan_sources: tailwindcss_oxide::scanner: Discovering "/home/afdal/Laboratorium/PROJECT/extensionadminaksent/android/app/src/main/res"
2026-03-01T11:14:08.239664Z  INFO scan_sources: tailwindcss_oxide::scanner: Discovering "/home/afdal/Laboratorium/PROJECT/extensionadminaksent/android/app/src/main/res/drawable-land-xhdpi"
2026-03-01T11:14:08.239790Z  INFO scan_sources: tailwindcss_oxide::scanner: Discovering "/home/afdal/Laboratorium/PROJECT/extensionadminaksent/android/app/src/main/res/drawable-land-xxhdpi"
2026-03-01T11:14:08.239884Z  INFO scan_sources: tailwindcss_oxide::scanner: Discovering "/home/afdal/Laboratorium/PROJECT/extensionadminaksent/android/app/src/main/res/drawable-v24"
2026-03-01T11:14:08.239983Z  INFO scan_sources: tailwindcss_oxide::scanner: Discovering "/home/afdal/Laboratorium/PROJECT/extensionadminaksent/android/app/src/main/res/drawable-port-xxxhdpi"
2026-03-01T11:14:08.240053Z  INFO scan_sources: tailwindcss_oxide::scanner: Discovering "/home/afdal/Laboratorium/PROJECT/extensionadminaksent/android/app/src/main/res/drawable-land-xxxhdpi"
2026-03-01T11:14:08.240133Z  INFO scan_sources: tailwindcss_oxide::scanner: Discovering "/home/afdal/Laboratorium/PROJECT/extensionadminaksent/android/app/src/main/res/drawable-port-xxhdpi"
2026-03-01T11:14:08.240207Z  INFO scan_sources: tailwindcss_oxide::scanner: Discovering "/home/afdal/Laboratorium/PROJECT/extensionadminaksent/android/app/src/main/res/mipmap-hdpi"
2026-03-01T11:14:08.240281Z  INFO scan_sources: tailwindcss_oxide::scanner: Discovering "/home/afdal/Laboratorium/PROJECT/extensionadminaksent/android/app/src/main/res/drawable-land-hdpi"
2026-03-01T11:14:08.240352Z  INFO scan_sources: tailwindcss_oxide::scanner: Discovering "/home/afdal/Laboratorium/PROJECT/extensionadminaksent/android/app/src/main/res/xml"
2026-03-01T11:14:08.240450Z  INFO scan_sources: tailwindcss_oxide::scanner: Discovering "/home/afdal/Laboratorium/PROJECT/extensionadminaksent/android/app/src/main/res/mipmap-xhdpi"
2026-03-01T11:14:08.240529Z  INFO scan_sources: tailwindcss_oxide::scanner: Discovering "/home/afdal/Laboratorium/PROJECT/extensionadminaksent/android/app/src/main/res/drawable-land-mdpi"
2026-03-01T11:14:08.240596Z  INFO scan_sources: tailwindcss_oxide::scanner: Discovering "/home/afdal/Laboratorium/PROJECT/extensionadminaksent/android/app/src/main/res/drawable-port-hdpi"
2026-03-01T11:14:08.240662Z  INFO scan_sources: tailwindcss_oxide::scanner: Discovering "/home/afdal/Laboratorium/PROJECT/extensionadminaksent/android/app/src/main/res/mipmap-xxhdpi"
2026-03-01T11:14:08.240730Z  INFO scan_sources: tailwindcss_oxide::scanner: Discovering "/home/afdal/Laboratorium/PROJECT/extensionadminaksent/android/app/src/main/res/mipmap-mdpi"
2026-03-01T11:14:08.240798Z  INFO scan_sources: tailwindcss_oxide::scanner: Discovering "/home/afdal/Laboratorium/PROJECT/extensionadminaksent/android/app/src/main/res/drawable"
2026-03-01T11:14:08.240887Z  INFO scan_sources: tailwindcss_oxide::scanner: Discovering "/home/afdal/Laboratorium/PROJECT/extensionadminaksent/android/app/src/main/res/drawable-port-xhdpi"
2026-03-01T11:14:08.240954Z  INFO scan_sources: tailwindcss_oxide::scanner: Discovering "/home/afdal/Laboratorium/PROJECT/extensionadminaksent/android/app/src/main/res/mipmap-xxxhdpi"
2026-03-01T11:14:08.241018Z  INFO scan_sources: tailwindcss_oxide::scanner: Discovering "/home/afdal/Laboratorium/PROJECT/extensionadminaksent/android/app/src/main/res/layout"
2026-03-01T11:14:08.241087Z  INFO scan_sources: tailwindcss_oxide::scanner: Discovering "/home/afdal/Laboratorium/PROJECT/extensionadminaksent/android/app/src/main/res/mipmap-anydpi-v26"
2026-03-01T11:14:08.241170Z  INFO scan_sources: tailwindcss_oxide::scanner: Discovering "/home/afdal/Laboratorium/PROJECT/extensionadminaksent/android/app/src/main/res/drawable-port-mdpi"
2026-03-01T11:14:08.241313Z  INFO scan_sources: tailwindcss_oxide::scanner: Discovering "/home/afdal/Laboratorium/PROJECT/extensionadminaksent/android/app/src/main/res/values"
2026-03-01T11:14:08.241436Z  INFO scan_sources: tailwindcss_oxide::scanner: Discovering "/home/afdal/Laboratorium/PROJECT/extensionadminaksent/android/app/src/main/java"
2026-03-01T11:14:08.241508Z  INFO scan_sources: tailwindcss_oxide::scanner: Discovering "/home/afdal/Laboratorium/PROJECT/extensionadminaksent/android/app/src/main/java/io"
2026-03-01T11:14:08.241574Z  INFO scan_sources: tailwindcss_oxide::scanner: Discovering "/home/afdal/Laboratorium/PROJECT/extensionadminaksent/android/app/src/main/java/io/ionic"
2026-03-01T11:14:08.241646Z  INFO scan_sources: tailwindcss_oxide::scanner: Discovering "/home/afdal/Laboratorium/PROJECT/extensionadminaksent/android/app/src/main/java/io/ionic/starter"
2026-03-01T11:14:08.241880Z  INFO scan_sources: tailwindcss_oxide::scanner: Discovering "/home/afdal/Laboratorium/PROJECT/extensionadminaksent/android/app/src/main/assets"
2026-03-01T11:14:08.242082Z  INFO scan_sources: tailwindcss_oxide::scanner: Discovering "/home/afdal/Laboratorium/PROJECT/extensionadminaksent/android/app/src/androidTest"
2026-03-01T11:14:08.242247Z  INFO scan_sources: tailwindcss_oxide::scanner: Discovering "/home/afdal/Laboratorium/PROJECT/extensionadminaksent/android/app/src/androidTest/java"
2026-03-01T11:14:08.242432Z  INFO scan_sources: tailwindcss_oxide::scanner: Discovering "/home/afdal/Laboratorium/PROJECT/extensionadminaksent/android/app/src/androidTest/java/com"
2026-03-01T11:14:08.242633Z  INFO scan_sources: tailwindcss_oxide::scanner: Discovering "/home/afdal/Laboratorium/PROJECT/extensionadminaksent/android/app/src/androidTest/java/com/getcapacitor"
2026-03-01T11:14:08.242990Z  INFO scan_sources: tailwindcss_oxide::scanner: Discovering "/home/afdal/Laboratorium/PROJECT/extensionadminaksent/android/app/src/androidTest/java/com/getcapacitor/myapp"
2026-03-01T11:14:08.243479Z  INFO scan_sources: tailwindcss_oxide::scanner: Discovering "/home/afdal/Laboratorium/PROJECT/extensionadminaksent/android/app/src/test"
2026-03-01T11:14:08.243595Z  INFO scan_sources: tailwindcss_oxide::scanner: Discovering "/home/afdal/Laboratorium/PROJECT/extensionadminaksent/android/app/src/test/java"
2026-03-01T11:14:08.243654Z  INFO scan_sources: tailwindcss_oxide::scanner: Discovering "/home/afdal/Laboratorium/PROJECT/extensionadminaksent/android/app/src/test/java/com"
2026-03-01T11:14:08.243727Z  INFO scan_sources: tailwindcss_oxide::scanner: Discovering "/home/afdal/Laboratorium/PROJECT/extensionadminaksent/android/app/src/test/java/com/getcapacitor"
2026-03-01T11:14:08.243790Z  INFO scan_sources: tailwindcss_oxide::scanner: Discovering "/home/afdal/Laboratorium/PROJECT/extensionadminaksent/android/app/src/test/java/com/getcapacitor/myapp"
2026-03-01T11:14:08.244497Z  INFO scan_sources: tailwindcss_oxide::scanner: exit
2026-03-01T11:14:08.244539Z  INFO extract_candidates: tailwindcss_oxide::scanner: enter
2026-03-01T11:14:08.244549Z  INFO extract_candidates:read_all_files: tailwindcss_oxide::scanner: enter
2026-03-01T11:14:08.244557Z  INFO extract_candidates:read_all_files: tailwindcss_oxide::scanner: Reading 1 file(s)
2026-03-01T11:14:08.244645Z  INFO extract_candidates:read_all_files: tailwindcss_oxide::scanner: Reading "/home/afdal/Laboratorium/PROJECT/extensionadminaksent/src/pages/Customer/Customer.tsx"
2026-03-01T11:14:08.244665Z  INFO extract_candidates:read_all_files: tailwindcss_oxide::scanner: exit
2026-03-01T11:14:08.244674Z  INFO extract_candidates:parse_all_blobs: tailwindcss_oxide::scanner: enter
2026-03-01T11:14:08.244682Z  INFO extract_candidates:parse_all_blobs:extract: tailwindcss_oxide::scanner: enter
2026-03-01T11:14:08.244933Z  INFO extract_candidates:parse_all_blobs:extract: tailwindcss_oxide::scanner: exit
2026-03-01T11:14:08.244952Z  INFO extract_candidates:parse_all_blobs: tailwindcss_oxide::scanner: exit
2026-03-01T11:14:08.245043Z  INFO extract_candidates: tailwindcss_oxide::scanner: exit
2026-03-01T11:14:08.247902Z  INFO get_files: tailwindcss_oxide::scanner: enter
2026-03-01T11:14:08.247958Z  INFO get_files:scan_sources: tailwindcss_oxide::scanner: enter
2026-03-01T11:14:08.248930Z  INFO get_files:scan_sources: tailwindcss_oxide::scanner: Discovering "/home/afdal/Laboratorium/PROJECT/extensionadminaksent/scripts"
2026-03-01T11:14:08.249067Z  INFO get_files:scan_sources: tailwindcss_oxide::scanner: Discovering "/home/afdal/Laboratorium/PROJECT/extensionadminaksent/cypress"
2026-03-01T11:14:08.249158Z  INFO get_files:scan_sources: tailwindcss_oxide::scanner: Discovering "/home/afdal/Laboratorium/PROJECT/extensionadminaksent/cypress/fixtures"
2026-03-01T11:14:08.249257Z  INFO get_files:scan_sources: tailwindcss_oxide::scanner: Discovering "/home/afdal/Laboratorium/PROJECT/extensionadminaksent/cypress/e2e"
2026-03-01T11:14:08.249339Z  INFO get_files:scan_sources: tailwindcss_oxide::scanner: Discovering "/home/afdal/Laboratorium/PROJECT/extensionadminaksent/cypress/support"
2026-03-01T11:14:08.249449Z  INFO get_files:scan_sources: tailwindcss_oxide::scanner: Discovering "/home/afdal/Laboratorium/PROJECT/extensionadminaksent/.vscode"
2026-03-01T11:14:08.249587Z  INFO get_files:scan_sources: tailwindcss_oxide::scanner: Discovering "/home/afdal/Laboratorium/PROJECT/extensionadminaksent/src"
2026-03-01T11:14:08.249653Z  INFO get_files:scan_sources: tailwindcss_oxide::scanner: Discovering "/home/afdal/Laboratorium/PROJECT/extensionadminaksent/src/hook"
2026-03-01T11:14:08.249715Z  INFO get_files:scan_sources: tailwindcss_oxide::scanner: Discovering "/home/afdal/Laboratorium/PROJECT/extensionadminaksent/src/hook/requests"
2026-03-01T11:14:08.249791Z  INFO get_files:scan_sources: tailwindcss_oxide::scanner: Discovering "/home/afdal/Laboratorium/PROJECT/extensionadminaksent/src/components"
2026-03-01T11:14:08.249865Z  INFO get_files:scan_sources: tailwindcss_oxide::scanner: Discovering "/home/afdal/Laboratorium/PROJECT/extensionadminaksent/src/components/customer"
2026-03-01T11:14:08.249939Z  INFO get_files:scan_sources: tailwindcss_oxide::scanner: Discovering "/home/afdal/Laboratorium/PROJECT/extensionadminaksent/src/components/list"
2026-03-01T11:14:08.250036Z  INFO get_files:scan_sources: tailwindcss_oxide::scanner: Discovering "/home/afdal/Laboratorium/PROJECT/extensionadminaksent/src/components/toolbars"
2026-03-01T11:14:08.250119Z  INFO get_files:scan_sources: tailwindcss_oxide::scanner: Discovering "/home/afdal/Laboratorium/PROJECT/extensionadminaksent/src/theme"
2026-03-01T11:14:08.250211Z  INFO get_files:scan_sources: tailwindcss_oxide::scanner: Discovering "/home/afdal/Laboratorium/PROJECT/extensionadminaksent/src/utils"
2026-03-01T11:14:08.250340Z  INFO get_files:scan_sources: tailwindcss_oxide::scanner: Discovering "/home/afdal/Laboratorium/PROJECT/extensionadminaksent/src/databases"
2026-03-01T11:14:08.250416Z  INFO get_files:scan_sources: tailwindcss_oxide::scanner: Discovering "/home/afdal/Laboratorium/PROJECT/extensionadminaksent/src/databases/migrations"
2026-03-01T11:14:08.250538Z  INFO get_files:scan_sources: tailwindcss_oxide::scanner: Discovering "/home/afdal/Laboratorium/PROJECT/extensionadminaksent/src/databases/entities"
2026-03-01T11:14:08.250658Z  INFO get_files:scan_sources: tailwindcss_oxide::scanner: Discovering "/home/afdal/Laboratorium/PROJECT/extensionadminaksent/src/types"
2026-03-01T11:14:08.250736Z  INFO get_files:scan_sources: tailwindcss_oxide::scanner: Discovering "/home/afdal/Laboratorium/PROJECT/extensionadminaksent/src/pages"
2026-03-01T11:14:08.250796Z  INFO get_files:scan_sources: tailwindcss_oxide::scanner: Discovering "/home/afdal/Laboratorium/PROJECT/extensionadminaksent/src/pages/Customer"
2026-03-01T11:14:08.250896Z  INFO get_files:scan_sources: tailwindcss_oxide::scanner: Discovering "/home/afdal/Laboratorium/PROJECT/extensionadminaksent/src/pages/Home"
2026-03-01T11:14:08.250981Z  INFO get_files:scan_sources: tailwindcss_oxide::scanner: Discovering "/home/afdal/Laboratorium/PROJECT/extensionadminaksent/src/pages/Validation"
2026-03-01T11:14:08.251046Z  INFO get_files:scan_sources: tailwindcss_oxide::scanner: Discovering "/home/afdal/Laboratorium/PROJECT/extensionadminaksent/src/pages/Unpaid"
2026-03-01T11:14:08.251119Z  INFO get_files:scan_sources: tailwindcss_oxide::scanner: Discovering "/home/afdal/Laboratorium/PROJECT/extensionadminaksent/src/pages/Payment"
2026-03-01T11:14:08.251356Z  INFO get_files:scan_sources: tailwindcss_oxide::scanner: Discovering "/home/afdal/Laboratorium/PROJECT/extensionadminaksent/public"
2026-03-01T11:14:08.251456Z  INFO get_files:scan_sources: tailwindcss_oxide::scanner: Discovering "/home/afdal/Laboratorium/PROJECT/extensionadminaksent/public/assets"
2026-03-01T11:14:08.251699Z  INFO get_files:scan_sources: tailwindcss_oxide::scanner: Discovering "/home/afdal/Laboratorium/PROJECT/extensionadminaksent/android"
2026-03-01T11:14:08.252662Z  INFO get_files:scan_sources: tailwindcss_oxide::scanner: Discovering "/home/afdal/Laboratorium/PROJECT/extensionadminaksent/android/.kotlin"
2026-03-01T11:14:08.252763Z  INFO get_files:scan_sources: tailwindcss_oxide::scanner: Discovering "/home/afdal/Laboratorium/PROJECT/extensionadminaksent/android/.kotlin/sessions"
2026-03-01T11:14:08.252999Z  INFO get_files:scan_sources: tailwindcss_oxide::scanner: Discovering "/home/afdal/Laboratorium/PROJECT/extensionadminaksent/android/gradle"
2026-03-01T11:14:08.253078Z  INFO get_files:scan_sources: tailwindcss_oxide::scanner: Discovering "/home/afdal/Laboratorium/PROJECT/extensionadminaksent/android/gradle/wrapper"
2026-03-01T11:14:08.253191Z  INFO get_files:scan_sources: tailwindcss_oxide::scanner: Discovering "/home/afdal/Laboratorium/PROJECT/extensionadminaksent/android/app"
2026-03-01T11:14:08.253371Z  INFO get_files:scan_sources: tailwindcss_oxide::scanner: Discovering "/home/afdal/Laboratorium/PROJECT/extensionadminaksent/android/app/src"
2026-03-01T11:14:08.253455Z  INFO get_files:scan_sources: tailwindcss_oxide::scanner: Discovering "/home/afdal/Laboratorium/PROJECT/extensionadminaksent/android/app/src/main"
2026-03-01T11:14:08.253552Z  INFO get_files:scan_sources: tailwindcss_oxide::scanner: Discovering "/home/afdal/Laboratorium/PROJECT/extensionadminaksent/android/app/src/main/res"
2026-03-01T11:14:08.253644Z  INFO get_files:scan_sources: tailwindcss_oxide::scanner: Discovering "/home/afdal/Laboratorium/PROJECT/extensionadminaksent/android/app/src/main/res/drawable-land-xhdpi"
2026-03-01T11:14:08.253728Z  INFO get_files:scan_sources: tailwindcss_oxide::scanner: Discovering "/home/afdal/Laboratorium/PROJECT/extensionadminaksent/android/app/src/main/res/drawable-land-xxhdpi"
2026-03-01T11:14:08.253804Z  INFO get_files:scan_sources: tailwindcss_oxide::scanner: Discovering "/home/afdal/Laboratorium/PROJECT/extensionadminaksent/android/app/src/main/res/drawable-v24"
2026-03-01T11:14:08.253919Z  INFO get_files:scan_sources: tailwindcss_oxide::scanner: Discovering "/home/afdal/Laboratorium/PROJECT/extensionadminaksent/android/app/src/main/res/drawable-port-xxxhdpi"
2026-03-01T11:14:08.253994Z  INFO get_files:scan_sources: tailwindcss_oxide::scanner: Discovering "/home/afdal/Laboratorium/PROJECT/extensionadminaksent/android/app/src/main/res/drawable-land-xxxhdpi"
2026-03-01T11:14:08.254063Z  INFO get_files:scan_sources: tailwindcss_oxide::scanner: Discovering "/home/afdal/Laboratorium/PROJECT/extensionadminaksent/android/app/src/main/res/drawable-port-xxhdpi"
2026-03-01T11:14:08.254135Z  INFO get_files:scan_sources: tailwindcss_oxide::scanner: Discovering "/home/afdal/Laboratorium/PROJECT/extensionadminaksent/android/app/src/main/res/mipmap-hdpi"
2026-03-01T11:14:08.254213Z  INFO get_files:scan_sources: tailwindcss_oxide::scanner: Discovering "/home/afdal/Laboratorium/PROJECT/extensionadminaksent/android/app/src/main/res/drawable-land-hdpi"
2026-03-01T11:14:08.254362Z  INFO get_files:scan_sources: tailwindcss_oxide::scanner: Discovering "/home/afdal/Laboratorium/PROJECT/extensionadminaksent/android/app/src/main/res/xml"
2026-03-01T11:14:08.254446Z  INFO get_files:scan_sources: tailwindcss_oxide::scanner: Discovering "/home/afdal/Laboratorium/PROJECT/extensionadminaksent/android/app/src/main/res/mipmap-xhdpi"
2026-03-01T11:14:08.254524Z  INFO get_files:scan_sources: tailwindcss_oxide::scanner: Discovering "/home/afdal/Laboratorium/PROJECT/extensionadminaksent/android/app/src/main/res/drawable-land-mdpi"
2026-03-01T11:14:08.254594Z  INFO get_files:scan_sources: tailwindcss_oxide::scanner: Discovering "/home/afdal/Laboratorium/PROJECT/extensionadminaksent/android/app/src/main/res/drawable-port-hdpi"
2026-03-01T11:14:08.254661Z  INFO get_files:scan_sources: tailwindcss_oxide::scanner: Discovering "/home/afdal/Laboratorium/PROJECT/extensionadminaksent/android/app/src/main/res/mipmap-xxhdpi"
2026-03-01T11:14:08.254738Z  INFO get_files:scan_sources: tailwindcss_oxide::scanner: Discovering "/home/afdal/Laboratorium/PROJECT/extensionadminaksent/android/app/src/main/res/mipmap-mdpi"
2026-03-01T11:14:08.254819Z  INFO get_files:scan_sources: tailwindcss_oxide::scanner: Discovering "/home/afdal/Laboratorium/PROJECT/extensionadminaksent/android/app/src/main/res/drawable"
2026-03-01T11:14:08.254904Z  INFO get_files:scan_sources: tailwindcss_oxide::scanner: Discovering "/home/afdal/Laboratorium/PROJECT/extensionadminaksent/android/app/src/main/res/drawable-port-xhdpi"
2026-03-01T11:14:08.254973Z  INFO get_files:scan_sources: tailwindcss_oxide::scanner: Discovering "/home/afdal/Laboratorium/PROJECT/extensionadminaksent/android/app/src/main/res/mipmap-xxxhdpi"
2026-03-01T11:14:08.255052Z  INFO get_files:scan_sources: tailwindcss_oxide::scanner: Discovering "/home/afdal/Laboratorium/PROJECT/extensionadminaksent/android/app/src/main/res/layout"
2026-03-01T11:14:08.255133Z  INFO get_files:scan_sources: tailwindcss_oxide::scanner: Discovering "/home/afdal/Laboratorium/PROJECT/extensionadminaksent/android/app/src/main/res/mipmap-anydpi-v26"
2026-03-01T11:14:08.255220Z  INFO get_files:scan_sources: tailwindcss_oxide::scanner: Discovering "/home/afdal/Laboratorium/PROJECT/extensionadminaksent/android/app/src/main/res/drawable-port-mdpi"
2026-03-01T11:14:08.255282Z  INFO get_files:scan_sources: tailwindcss_oxide::scanner: Discovering "/home/afdal/Laboratorium/PROJECT/extensionadminaksent/android/app/src/main/res/values"
2026-03-01T11:14:08.255418Z  INFO get_files:scan_sources: tailwindcss_oxide::scanner: Discovering "/home/afdal/Laboratorium/PROJECT/extensionadminaksent/android/app/src/main/java"
2026-03-01T11:14:08.255485Z  INFO get_files:scan_sources: tailwindcss_oxide::scanner: Discovering "/home/afdal/Laboratorium/PROJECT/extensionadminaksent/android/app/src/main/java/io"
2026-03-01T11:14:08.255559Z  INFO get_files:scan_sources: tailwindcss_oxide::scanner: Discovering "/home/afdal/Laboratorium/PROJECT/extensionadminaksent/android/app/src/main/java/io/ionic"
2026-03-01T11:14:08.255624Z  INFO get_files:scan_sources: tailwindcss_oxide::scanner: Discovering "/home/afdal/Laboratorium/PROJECT/extensionadminaksent/android/app/src/main/java/io/ionic/starter"
2026-03-01T11:14:08.255729Z  INFO get_files:scan_sources: tailwindcss_oxide::scanner: Discovering "/home/afdal/Laboratorium/PROJECT/extensionadminaksent/android/app/src/main/assets"
2026-03-01T11:14:08.255883Z  INFO get_files:scan_sources: tailwindcss_oxide::scanner: Discovering "/home/afdal/Laboratorium/PROJECT/extensionadminaksent/android/app/src/androidTest"
2026-03-01T11:14:08.255960Z  INFO get_files:scan_sources: tailwindcss_oxide::scanner: Discovering "/home/afdal/Laboratorium/PROJECT/extensionadminaksent/android/app/src/androidTest/java"
2026-03-01T11:14:08.256164Z  INFO get_files:scan_sources: tailwindcss_oxide::scanner: Discovering "/home/afdal/Laboratorium/PROJECT/extensionadminaksent/android/app/src/androidTest/java/com"
2026-03-01T11:14:08.256234Z  INFO get_files:scan_sources: tailwindcss_oxide::scanner: Discovering "/home/afdal/Laboratorium/PROJECT/extensionadminaksent/android/app/src/androidTest/java/com/getcapacitor"
2026-03-01T11:14:08.256292Z  INFO get_files:scan_sources: tailwindcss_oxide::scanner: Discovering "/home/afdal/Laboratorium/PROJECT/extensionadminaksent/android/app/src/androidTest/java/com/getcapacitor/myapp"
2026-03-01T11:14:08.256421Z  INFO get_files:scan_sources: tailwindcss_oxide::scanner: Discovering "/home/afdal/Laboratorium/PROJECT/extensionadminaksent/android/app/src/test"
2026-03-01T11:14:08.256491Z  INFO get_files:scan_sources: tailwindcss_oxide::scanner: Discovering "/home/afdal/Laboratorium/PROJECT/extensionadminaksent/android/app/src/test/java"
2026-03-01T11:14:08.256557Z  INFO get_files:scan_sources: tailwindcss_oxide::scanner: Discovering "/home/afdal/Laboratorium/PROJECT/extensionadminaksent/android/app/src/test/java/com"
2026-03-01T11:14:08.256627Z  INFO get_files:scan_sources: tailwindcss_oxide::scanner: Discovering "/home/afdal/Laboratorium/PROJECT/extensionadminaksent/android/app/src/test/java/com/getcapacitor"
2026-03-01T11:14:08.256687Z  INFO get_files:scan_sources: tailwindcss_oxide::scanner: Discovering "/home/afdal/Laboratorium/PROJECT/extensionadminaksent/android/app/src/test/java/com/getcapacitor/myapp"
2026-03-01T11:14:08.257226Z  INFO get_files:scan_sources: tailwindcss_oxide::scanner: exit
2026-03-01T11:14:08.257834Z  INFO get_files: tailwindcss_oxide::scanner: exit
2026-03-01T11:14:08.258179Z  INFO get_globs: tailwindcss_oxide::scanner: enter
2026-03-01T11:14:08.258214Z  INFO get_globs: tailwindcss_oxide::scanner: exit
2026-03-01T11:15:03.490068Z  INFO scan_sources: tailwindcss_oxide::scanner: enter
2026-03-01T11:15:03.491194Z  INFO scan_sources: tailwindcss_oxide::scanner: Discovering "/home/afdal/Laboratorium/PROJECT/extensionadminaksent/scripts"
2026-03-01T11:15:03.491300Z  INFO scan_sources: tailwindcss_oxide::scanner: Discovering "/home/afdal/Laboratorium/PROJECT/extensionadminaksent/cypress"
2026-03-01T11:15:03.491362Z  INFO scan_sources: tailwindcss_oxide::scanner: Discovering "/home/afdal/Laboratorium/PROJECT/extensionadminaksent/cypress/fixtures"
2026-03-01T11:15:03.491439Z  INFO scan_sources: tailwindcss_oxide::scanner: Discovering "/home/afdal/Laboratorium/PROJECT/extensionadminaksent/cypress/e2e"
2026-03-01T11:15:03.491522Z  INFO scan_sources: tailwindcss_oxide::scanner: Discovering "/home/afdal/Laboratorium/PROJECT/extensionadminaksent/cypress/support"
2026-03-01T11:15:03.491625Z  INFO scan_sources: tailwindcss_oxide::scanner: Discovering "/home/afdal/Laboratorium/PROJECT/extensionadminaksent/.vscode"
2026-03-01T11:15:03.491742Z  INFO scan_sources: tailwindcss_oxide::scanner: Discovering "/home/afdal/Laboratorium/PROJECT/extensionadminaksent/src"
2026-03-01T11:15:03.491803Z  INFO scan_sources: tailwindcss_oxide::scanner: Discovering "/home/afdal/Laboratorium/PROJECT/extensionadminaksent/src/hook"
2026-03-01T11:15:03.491872Z  INFO scan_sources: tailwindcss_oxide::scanner: Discovering "/home/afdal/Laboratorium/PROJECT/extensionadminaksent/src/hook/requests"
2026-03-01T11:15:03.491926Z  INFO scan_sources: tailwindcss_oxide::scanner: Discovering "/home/afdal/Laboratorium/PROJECT/extensionadminaksent/src/hook/requests/customer.ts"
2026-03-01T11:15:03.491978Z  INFO scan_sources: tailwindcss_oxide::scanner: Discovering "/home/afdal/Laboratorium/PROJECT/extensionadminaksent/src/components"
2026-03-01T11:15:03.492050Z  INFO scan_sources: tailwindcss_oxide::scanner: Discovering "/home/afdal/Laboratorium/PROJECT/extensionadminaksent/src/components/customer"
2026-03-01T11:15:03.492126Z  INFO scan_sources: tailwindcss_oxide::scanner: Discovering "/home/afdal/Laboratorium/PROJECT/extensionadminaksent/src/components/list"
2026-03-01T11:15:03.492213Z  INFO scan_sources: tailwindcss_oxide::scanner: Discovering "/home/afdal/Laboratorium/PROJECT/extensionadminaksent/src/components/toolbars"
2026-03-01T11:15:03.492302Z  INFO scan_sources: tailwindcss_oxide::scanner: Discovering "/home/afdal/Laboratorium/PROJECT/extensionadminaksent/src/theme"
2026-03-01T11:15:03.492403Z  INFO scan_sources: tailwindcss_oxide::scanner: Discovering "/home/afdal/Laboratorium/PROJECT/extensionadminaksent/src/utils"
2026-03-01T11:15:03.492534Z  INFO scan_sources: tailwindcss_oxide::scanner: Discovering "/home/afdal/Laboratorium/PROJECT/extensionadminaksent/src/databases"
2026-03-01T11:15:03.492610Z  INFO scan_sources: tailwindcss_oxide::scanner: Discovering "/home/afdal/Laboratorium/PROJECT/extensionadminaksent/src/databases/migrations"
2026-03-01T11:15:03.492704Z  INFO scan_sources: tailwindcss_oxide::scanner: Discovering "/home/afdal/Laboratorium/PROJECT/extensionadminaksent/src/databases/entities"
2026-03-01T11:15:03.494260Z  INFO scan_sources: tailwindcss_oxide::scanner: Discovering "/home/afdal/Laboratorium/PROJECT/extensionadminaksent/src/types"
2026-03-01T11:15:03.494400Z  INFO scan_sources: tailwindcss_oxide::scanner: Discovering "/home/afdal/Laboratorium/PROJECT/extensionadminaksent/src/pages"
2026-03-01T11:15:03.494464Z  INFO scan_sources: tailwindcss_oxide::scanner: Discovering "/home/afdal/Laboratorium/PROJECT/extensionadminaksent/src/pages/Customer"
2026-03-01T11:15:03.494524Z  INFO scan_sources: tailwindcss_oxide::scanner: Discovering "/home/afdal/Laboratorium/PROJECT/extensionadminaksent/src/pages/Customer/Customer.tsx"
2026-03-01T11:15:03.494581Z  INFO scan_sources: tailwindcss_oxide::scanner: Discovering "/home/afdal/Laboratorium/PROJECT/extensionadminaksent/src/pages/Home"
2026-03-01T11:15:03.494662Z  INFO scan_sources: tailwindcss_oxide::scanner: Discovering "/home/afdal/Laboratorium/PROJECT/extensionadminaksent/src/pages/Validation"
2026-03-01T11:15:03.494731Z  INFO scan_sources: tailwindcss_oxide::scanner: Discovering "/home/afdal/Laboratorium/PROJECT/extensionadminaksent/src/pages/Unpaid"
2026-03-01T11:15:03.494799Z  INFO scan_sources: tailwindcss_oxide::scanner: Discovering "/home/afdal/Laboratorium/PROJECT/extensionadminaksent/src/pages/Payment"
2026-03-01T11:15:03.495043Z  INFO scan_sources: tailwindcss_oxide::scanner: Discovering "/home/afdal/Laboratorium/PROJECT/extensionadminaksent/public"
2026-03-01T11:15:03.495139Z  INFO scan_sources: tailwindcss_oxide::scanner: Discovering "/home/afdal/Laboratorium/PROJECT/extensionadminaksent/public/assets"
2026-03-01T11:15:03.495912Z  INFO scan_sources: tailwindcss_oxide::scanner: Discovering "/home/afdal/Laboratorium/PROJECT/extensionadminaksent/android"
2026-03-01T11:15:03.496603Z  INFO scan_sources: tailwindcss_oxide::scanner: Discovering "/home/afdal/Laboratorium/PROJECT/extensionadminaksent/android/.kotlin"
2026-03-01T11:15:03.496975Z  INFO scan_sources: tailwindcss_oxide::scanner: Discovering "/home/afdal/Laboratorium/PROJECT/extensionadminaksent/android/.kotlin/sessions"
2026-03-01T11:15:03.497442Z  INFO scan_sources: tailwindcss_oxide::scanner: Discovering "/home/afdal/Laboratorium/PROJECT/extensionadminaksent/android/gradle"
2026-03-01T11:15:03.497794Z  INFO scan_sources: tailwindcss_oxide::scanner: Discovering "/home/afdal/Laboratorium/PROJECT/extensionadminaksent/android/gradle/wrapper"
2026-03-01T11:15:03.498004Z  INFO scan_sources: tailwindcss_oxide::scanner: Discovering "/home/afdal/Laboratorium/PROJECT/extensionadminaksent/android/app"
2026-03-01T11:15:03.498184Z  INFO scan_sources: tailwindcss_oxide::scanner: Discovering "/home/afdal/Laboratorium/PROJECT/extensionadminaksent/android/app/src"
2026-03-01T11:15:03.498282Z  INFO scan_sources: tailwindcss_oxide::scanner: Discovering "/home/afdal/Laboratorium/PROJECT/extensionadminaksent/android/app/src/main"
2026-03-01T11:15:03.498375Z  INFO scan_sources: tailwindcss_oxide::scanner: Discovering "/home/afdal/Laboratorium/PROJECT/extensionadminaksent/android/app/src/main/res"
2026-03-01T11:15:03.498451Z  INFO scan_sources: tailwindcss_oxide::scanner: Discovering "/home/afdal/Laboratorium/PROJECT/extensionadminaksent/android/app/src/main/res/drawable-land-xhdpi"
2026-03-01T11:15:03.498535Z  INFO scan_sources: tailwindcss_oxide::scanner: Discovering "/home/afdal/Laboratorium/PROJECT/extensionadminaksent/android/app/src/main/res/drawable-land-xxhdpi"
2026-03-01T11:15:03.498615Z  INFO scan_sources: tailwindcss_oxide::scanner: Discovering "/home/afdal/Laboratorium/PROJECT/extensionadminaksent/android/app/src/main/res/drawable-v24"
2026-03-01T11:15:03.498715Z  INFO scan_sources: tailwindcss_oxide::scanner: Discovering "/home/afdal/Laboratorium/PROJECT/extensionadminaksent/android/app/src/main/res/drawable-port-xxxhdpi"
2026-03-01T11:15:03.498790Z  INFO scan_sources: tailwindcss_oxide::scanner: Discovering "/home/afdal/Laboratorium/PROJECT/extensionadminaksent/android/app/src/main/res/drawable-land-xxxhdpi"
2026-03-01T11:15:03.498880Z  INFO scan_sources: tailwindcss_oxide::scanner: Discovering "/home/afdal/Laboratorium/PROJECT/extensionadminaksent/android/app/src/main/res/drawable-port-xxhdpi"
2026-03-01T11:15:03.498962Z  INFO scan_sources: tailwindcss_oxide::scanner: Discovering "/home/afdal/Laboratorium/PROJECT/extensionadminaksent/android/app/src/main/res/mipmap-hdpi"
2026-03-01T11:15:03.499045Z  INFO scan_sources: tailwindcss_oxide::scanner: Discovering "/home/afdal/Laboratorium/PROJECT/extensionadminaksent/android/app/src/main/res/drawable-land-hdpi"
2026-03-01T11:15:03.499129Z  INFO scan_sources: tailwindcss_oxide::scanner: Discovering "/home/afdal/Laboratorium/PROJECT/extensionadminaksent/android/app/src/main/res/xml"
2026-03-01T11:15:03.499223Z  INFO scan_sources: tailwindcss_oxide::scanner: Discovering "/home/afdal/Laboratorium/PROJECT/extensionadminaksent/android/app/src/main/res/mipmap-xhdpi"
2026-03-01T11:15:03.499305Z  INFO scan_sources: tailwindcss_oxide::scanner: Discovering "/home/afdal/Laboratorium/PROJECT/extensionadminaksent/android/app/src/main/res/drawable-land-mdpi"
2026-03-01T11:15:03.499380Z  INFO scan_sources: tailwindcss_oxide::scanner: Discovering "/home/afdal/Laboratorium/PROJECT/extensionadminaksent/android/app/src/main/res/drawable-port-hdpi"
2026-03-01T11:15:03.499453Z  INFO scan_sources: tailwindcss_oxide::scanner: Discovering "/home/afdal/Laboratorium/PROJECT/extensionadminaksent/android/app/src/main/res/mipmap-xxhdpi"
2026-03-01T11:15:03.499535Z  INFO scan_sources: tailwindcss_oxide::scanner: Discovering "/home/afdal/Laboratorium/PROJECT/extensionadminaksent/android/app/src/main/res/mipmap-mdpi"
2026-03-01T11:15:03.499623Z  INFO scan_sources: tailwindcss_oxide::scanner: Discovering "/home/afdal/Laboratorium/PROJECT/extensionadminaksent/android/app/src/main/res/drawable"
2026-03-01T11:15:03.499715Z  INFO scan_sources: tailwindcss_oxide::scanner: Discovering "/home/afdal/Laboratorium/PROJECT/extensionadminaksent/android/app/src/main/res/drawable-port-xhdpi"
2026-03-01T11:15:03.499802Z  INFO scan_sources: tailwindcss_oxide::scanner: Discovering "/home/afdal/Laboratorium/PROJECT/extensionadminaksent/android/app/src/main/res/mipmap-xxxhdpi"
2026-03-01T11:15:03.499897Z  INFO scan_sources: tailwindcss_oxide::scanner: Discovering "/home/afdal/Laboratorium/PROJECT/extensionadminaksent/android/app/src/main/res/layout"
2026-03-01T11:15:03.499973Z  INFO scan_sources: tailwindcss_oxide::scanner: Discovering "/home/afdal/Laboratorium/PROJECT/extensionadminaksent/android/app/src/main/res/mipmap-anydpi-v26"
2026-03-01T11:15:03.500063Z  INFO scan_sources: tailwindcss_oxide::scanner: Discovering "/home/afdal/Laboratorium/PROJECT/extensionadminaksent/android/app/src/main/res/drawable-port-mdpi"
2026-03-01T11:15:03.500125Z  INFO scan_sources: tailwindcss_oxide::scanner: Discovering "/home/afdal/Laboratorium/PROJECT/extensionadminaksent/android/app/src/main/res/values"
2026-03-01T11:15:03.500240Z  INFO scan_sources: tailwindcss_oxide::scanner: Discovering "/home/afdal/Laboratorium/PROJECT/extensionadminaksent/android/app/src/main/java"
2026-03-01T11:15:03.500296Z  INFO scan_sources: tailwindcss_oxide::scanner: Discovering "/home/afdal/Laboratorium/PROJECT/extensionadminaksent/android/app/src/main/java/io"
2026-03-01T11:15:03.501736Z  INFO scan_sources: tailwindcss_oxide::scanner: Discovering "/home/afdal/Laboratorium/PROJECT/extensionadminaksent/android/app/src/main/java/io/ionic"
2026-03-01T11:15:03.502062Z  INFO scan_sources: tailwindcss_oxide::scanner: Discovering "/home/afdal/Laboratorium/PROJECT/extensionadminaksent/android/app/src/main/java/io/ionic/starter"
2026-03-01T11:15:03.502181Z  INFO scan_sources: tailwindcss_oxide::scanner: Discovering "/home/afdal/Laboratorium/PROJECT/extensionadminaksent/android/app/src/main/assets"
2026-03-01T11:15:03.502320Z  INFO scan_sources: tailwindcss_oxide::scanner: Discovering "/home/afdal/Laboratorium/PROJECT/extensionadminaksent/android/app/src/androidTest"
2026-03-01T11:15:03.502376Z  INFO scan_sources: tailwindcss_oxide::scanner: Discovering "/home/afdal/Laboratorium/PROJECT/extensionadminaksent/android/app/src/androidTest/java"
2026-03-01T11:15:03.502431Z  INFO scan_sources: tailwindcss_oxide::scanner: Discovering "/home/afdal/Laboratorium/PROJECT/extensionadminaksent/android/app/src/androidTest/java/com"
2026-03-01T11:15:03.502488Z  INFO scan_sources: tailwindcss_oxide::scanner: Discovering "/home/afdal/Laboratorium/PROJECT/extensionadminaksent/android/app/src/androidTest/java/com/getcapacitor"
2026-03-01T11:15:03.502543Z  INFO scan_sources: tailwindcss_oxide::scanner: Discovering "/home/afdal/Laboratorium/PROJECT/extensionadminaksent/android/app/src/androidTest/java/com/getcapacitor/myapp"
2026-03-01T11:15:03.502640Z  INFO scan_sources: tailwindcss_oxide::scanner: Discovering "/home/afdal/Laboratorium/PROJECT/extensionadminaksent/android/app/src/test"
2026-03-01T11:15:03.502695Z  INFO scan_sources: tailwindcss_oxide::scanner: Discovering "/home/afdal/Laboratorium/PROJECT/extensionadminaksent/android/app/src/test/java"
2026-03-01T11:15:03.502749Z  INFO scan_sources: tailwindcss_oxide::scanner: Discovering "/home/afdal/Laboratorium/PROJECT/extensionadminaksent/android/app/src/test/java/com"
2026-03-01T11:15:03.502803Z  INFO scan_sources: tailwindcss_oxide::scanner: Discovering "/home/afdal/Laboratorium/PROJECT/extensionadminaksent/android/app/src/test/java/com/getcapacitor"
2026-03-01T11:15:03.502884Z  INFO scan_sources: tailwindcss_oxide::scanner: Discovering "/home/afdal/Laboratorium/PROJECT/extensionadminaksent/android/app/src/test/java/com/getcapacitor/myapp"
2026-03-01T11:15:03.503359Z  INFO scan_sources: tailwindcss_oxide::scanner: exit
2026-03-01T11:15:03.503374Z  INFO extract_candidates: tailwindcss_oxide::scanner: enter
2026-03-01T11:15:03.503382Z  INFO extract_candidates:read_all_files: tailwindcss_oxide::scanner: enter
2026-03-01T11:15:03.503388Z  INFO extract_candidates:read_all_files: tailwindcss_oxide::scanner: Reading 2 file(s)
2026-03-01T11:15:03.505908Z  INFO tailwindcss_oxide::scanner: Reading "/home/afdal/Laboratorium/PROJECT/extensionadminaksent/src/hook/requests/customer.ts"
2026-03-01T11:15:03.506030Z  INFO tailwindcss_oxide::scanner: Reading "/home/afdal/Laboratorium/PROJECT/extensionadminaksent/src/pages/Customer/Customer.tsx"
2026-03-01T11:15:03.508044Z  INFO extract_candidates:read_all_files: tailwindcss_oxide::scanner: exit
2026-03-01T11:15:03.508248Z  INFO extract_candidates:parse_all_blobs: tailwindcss_oxide::scanner: enter
2026-03-01T11:15:03.508344Z  INFO extract_candidates:parse_all_blobs:extract: tailwindcss_oxide::scanner: enter
2026-03-01T11:15:03.511988Z  INFO extract_candidates:parse_all_blobs:extract: tailwindcss_oxide::scanner: exit
2026-03-01T11:15:03.512050Z  INFO extract_candidates:parse_all_blobs: tailwindcss_oxide::scanner: exit
2026-03-01T11:15:03.512503Z  INFO extract_candidates: tailwindcss_oxide::scanner: exit
2026-03-01T11:15:03.514646Z  INFO get_files: tailwindcss_oxide::scanner: enter
2026-03-01T11:15:03.514698Z  INFO get_files:scan_sources: tailwindcss_oxide::scanner: enter
2026-03-01T11:15:03.516389Z  INFO get_files:scan_sources: tailwindcss_oxide::scanner: Discovering "/home/afdal/Laboratorium/PROJECT/extensionadminaksent/scripts"
2026-03-01T11:15:03.516684Z  INFO get_files:scan_sources: tailwindcss_oxide::scanner: Discovering "/home/afdal/Laboratorium/PROJECT/extensionadminaksent/cypress"
2026-03-01T11:15:03.516907Z  INFO get_files:scan_sources: tailwindcss_oxide::scanner: Discovering "/home/afdal/Laboratorium/PROJECT/extensionadminaksent/cypress/fixtures"
2026-03-01T11:15:03.517154Z  INFO get_files:scan_sources: tailwindcss_oxide::scanner: Discovering "/home/afdal/Laboratorium/PROJECT/extensionadminaksent/cypress/e2e"
2026-03-01T11:15:03.517425Z  INFO get_files:scan_sources: tailwindcss_oxide::scanner: Discovering "/home/afdal/Laboratorium/PROJECT/extensionadminaksent/cypress/support"
2026-03-01T11:15:03.517549Z  INFO get_files:scan_sources: tailwindcss_oxide::scanner: Discovering "/home/afdal/Laboratorium/PROJECT/extensionadminaksent/.vscode"
2026-03-01T11:15:03.517702Z  INFO get_files:scan_sources: tailwindcss_oxide::scanner: Discovering "/home/afdal/Laboratorium/PROJECT/extensionadminaksent/src"
2026-03-01T11:15:03.517778Z  INFO get_files:scan_sources: tailwindcss_oxide::scanner: Discovering "/home/afdal/Laboratorium/PROJECT/extensionadminaksent/src/hook"
2026-03-01T11:15:03.517850Z  INFO get_files:scan_sources: tailwindcss_oxide::scanner: Discovering "/home/afdal/Laboratorium/PROJECT/extensionadminaksent/src/hook/requests"
2026-03-01T11:15:03.517957Z  INFO get_files:scan_sources: tailwindcss_oxide::scanner: Discovering "/home/afdal/Laboratorium/PROJECT/extensionadminaksent/src/components"
2026-03-01T11:15:03.518048Z  INFO get_files:scan_sources: tailwindcss_oxide::scanner: Discovering "/home/afdal/Laboratorium/PROJECT/extensionadminaksent/src/components/customer"
2026-03-01T11:15:03.518124Z  INFO get_files:scan_sources: tailwindcss_oxide::scanner: Discovering "/home/afdal/Laboratorium/PROJECT/extensionadminaksent/src/components/list"
2026-03-01T11:15:03.518204Z  INFO get_files:scan_sources: tailwindcss_oxide::scanner: Discovering "/home/afdal/Laboratorium/PROJECT/extensionadminaksent/src/components/toolbars"
2026-03-01T11:15:03.518289Z  INFO get_files:scan_sources: tailwindcss_oxide::scanner: Discovering "/home/afdal/Laboratorium/PROJECT/extensionadminaksent/src/theme"
2026-03-01T11:15:03.518386Z  INFO get_files:scan_sources: tailwindcss_oxide::scanner: Discovering "/home/afdal/Laboratorium/PROJECT/extensionadminaksent/src/utils"
2026-03-01T11:15:03.518505Z  INFO get_files:scan_sources: tailwindcss_oxide::scanner: Discovering "/home/afdal/Laboratorium/PROJECT/extensionadminaksent/src/databases"
2026-03-01T11:15:03.518571Z  INFO get_files:scan_sources: tailwindcss_oxide::scanner: Discovering "/home/afdal/Laboratorium/PROJECT/extensionadminaksent/src/databases/migrations"
2026-03-01T11:15:03.518665Z  INFO get_files:scan_sources: tailwindcss_oxide::scanner: Discovering "/home/afdal/Laboratorium/PROJECT/extensionadminaksent/src/databases/entities"
2026-03-01T11:15:03.518784Z  INFO get_files:scan_sources: tailwindcss_oxide::scanner: Discovering "/home/afdal/Laboratorium/PROJECT/extensionadminaksent/src/types"
2026-03-01T11:15:03.519018Z  INFO get_files:scan_sources: tailwindcss_oxide::scanner: Discovering "/home/afdal/Laboratorium/PROJECT/extensionadminaksent/src/pages"
2026-03-01T11:15:03.519209Z  INFO get_files:scan_sources: tailwindcss_oxide::scanner: Discovering "/home/afdal/Laboratorium/PROJECT/extensionadminaksent/src/pages/Customer"
2026-03-01T11:15:03.519440Z  INFO get_files:scan_sources: tailwindcss_oxide::scanner: Discovering "/home/afdal/Laboratorium/PROJECT/extensionadminaksent/src/pages/Home"
2026-03-01T11:15:03.519645Z  INFO get_files:scan_sources: tailwindcss_oxide::scanner: Discovering "/home/afdal/Laboratorium/PROJECT/extensionadminaksent/src/pages/Validation"
2026-03-01T11:15:03.519712Z  INFO get_files:scan_sources: tailwindcss_oxide::scanner: Discovering "/home/afdal/Laboratorium/PROJECT/extensionadminaksent/src/pages/Unpaid"
2026-03-01T11:15:03.519777Z  INFO get_files:scan_sources: tailwindcss_oxide::scanner: Discovering "/home/afdal/Laboratorium/PROJECT/extensionadminaksent/src/pages/Payment"
2026-03-01T11:15:03.520004Z  INFO get_files:scan_sources: tailwindcss_oxide::scanner: Discovering "/home/afdal/Laboratorium/PROJECT/extensionadminaksent/public"
2026-03-01T11:15:03.520080Z  INFO get_files:scan_sources: tailwindcss_oxide::scanner: Discovering "/home/afdal/Laboratorium/PROJECT/extensionadminaksent/public/assets"
2026-03-01T11:15:03.520252Z  INFO get_files:scan_sources: tailwindcss_oxide::scanner: Discovering "/home/afdal/Laboratorium/PROJECT/extensionadminaksent/android"
2026-03-01T11:15:03.520845Z  INFO get_files:scan_sources: tailwindcss_oxide::scanner: Discovering "/home/afdal/Laboratorium/PROJECT/extensionadminaksent/android/.kotlin"
2026-03-01T11:15:03.520927Z  INFO get_files:scan_sources: tailwindcss_oxide::scanner: Discovering "/home/afdal/Laboratorium/PROJECT/extensionadminaksent/android/.kotlin/sessions"
2026-03-01T11:15:03.521129Z  INFO get_files:scan_sources: tailwindcss_oxide::scanner: Discovering "/home/afdal/Laboratorium/PROJECT/extensionadminaksent/android/gradle"
2026-03-01T11:15:03.521205Z  INFO get_files:scan_sources: tailwindcss_oxide::scanner: Discovering "/home/afdal/Laboratorium/PROJECT/extensionadminaksent/android/gradle/wrapper"
2026-03-01T11:15:03.521316Z  INFO get_files:scan_sources: tailwindcss_oxide::scanner: Discovering "/home/afdal/Laboratorium/PROJECT/extensionadminaksent/android/app"
2026-03-01T11:15:03.521481Z  INFO get_files:scan_sources: tailwindcss_oxide::scanner: Discovering "/home/afdal/Laboratorium/PROJECT/extensionadminaksent/android/app/src"
2026-03-01T11:15:03.521570Z  INFO get_files:scan_sources: tailwindcss_oxide::scanner: Discovering "/home/afdal/Laboratorium/PROJECT/extensionadminaksent/android/app/src/main"
2026-03-01T11:15:03.521675Z  INFO get_files:scan_sources: tailwindcss_oxide::scanner: Discovering "/home/afdal/Laboratorium/PROJECT/extensionadminaksent/android/app/src/main/res"
2026-03-01T11:15:03.521762Z  INFO get_files:scan_sources: tailwindcss_oxide::scanner: Discovering "/home/afdal/Laboratorium/PROJECT/extensionadminaksent/android/app/src/main/res/drawable-land-xhdpi"
2026-03-01T11:15:03.522014Z  INFO get_files:scan_sources: tailwindcss_oxide::scanner: Discovering "/home/afdal/Laboratorium/PROJECT/extensionadminaksent/android/app/src/main/res/drawable-land-xxhdpi"
2026-03-01T11:15:03.522250Z  INFO get_files:scan_sources: tailwindcss_oxide::scanner: Discovering "/home/afdal/Laboratorium/PROJECT/extensionadminaksent/android/app/src/main/res/drawable-v24"
2026-03-01T11:15:03.522480Z  INFO get_files:scan_sources: tailwindcss_oxide::scanner: Discovering "/home/afdal/Laboratorium/PROJECT/extensionadminaksent/android/app/src/main/res/drawable-port-xxxhdpi"
2026-03-01T11:15:03.522567Z  INFO get_files:scan_sources: tailwindcss_oxide::scanner: Discovering "/home/afdal/Laboratorium/PROJECT/extensionadminaksent/android/app/src/main/res/drawable-land-xxxhdpi"
2026-03-01T11:15:03.522662Z  INFO get_files:scan_sources: tailwindcss_oxide::scanner: Discovering "/home/afdal/Laboratorium/PROJECT/extensionadminaksent/android/app/src/main/res/drawable-port-xxhdpi"
2026-03-01T11:15:03.522744Z  INFO get_files:scan_sources: tailwindcss_oxide::scanner: Discovering "/home/afdal/Laboratorium/PROJECT/extensionadminaksent/android/app/src/main/res/mipmap-hdpi"
2026-03-01T11:15:03.522847Z  INFO get_files:scan_sources: tailwindcss_oxide::scanner: Discovering "/home/afdal/Laboratorium/PROJECT/extensionadminaksent/android/app/src/main/res/drawable-land-hdpi"
2026-03-01T11:15:03.522938Z  INFO get_files:scan_sources: tailwindcss_oxide::scanner: Discovering "/home/afdal/Laboratorium/PROJECT/extensionadminaksent/android/app/src/main/res/xml"
2026-03-01T11:15:03.523041Z  INFO get_files:scan_sources: tailwindcss_oxide::scanner: Discovering "/home/afdal/Laboratorium/PROJECT/extensionadminaksent/android/app/src/main/res/mipmap-xhdpi"
2026-03-01T11:15:03.523133Z  INFO get_files:scan_sources: tailwindcss_oxide::scanner: Discovering "/home/afdal/Laboratorium/PROJECT/extensionadminaksent/android/app/src/main/res/drawable-land-mdpi"
2026-03-01T11:15:03.523214Z  INFO get_files:scan_sources: tailwindcss_oxide::scanner: Discovering "/home/afdal/Laboratorium/PROJECT/extensionadminaksent/android/app/src/main/res/drawable-port-hdpi"
2026-03-01T11:15:03.523298Z  INFO get_files:scan_sources: tailwindcss_oxide::scanner: Discovering "/home/afdal/Laboratorium/PROJECT/extensionadminaksent/android/app/src/main/res/mipmap-xxhdpi"
2026-03-01T11:15:03.523389Z  INFO get_files:scan_sources: tailwindcss_oxide::scanner: Discovering "/home/afdal/Laboratorium/PROJECT/extensionadminaksent/android/app/src/main/res/mipmap-mdpi"
2026-03-01T11:15:03.523484Z  INFO get_files:scan_sources: tailwindcss_oxide::scanner: Discovering "/home/afdal/Laboratorium/PROJECT/extensionadminaksent/android/app/src/main/res/drawable"
2026-03-01T11:15:03.523584Z  INFO get_files:scan_sources: tailwindcss_oxide::scanner: Discovering "/home/afdal/Laboratorium/PROJECT/extensionadminaksent/android/app/src/main/res/drawable-port-xhdpi"
2026-03-01T11:15:03.523666Z  INFO get_files:scan_sources: tailwindcss_oxide::scanner: Discovering "/home/afdal/Laboratorium/PROJECT/extensionadminaksent/android/app/src/main/res/mipmap-xxxhdpi"
2026-03-01T11:15:03.523759Z  INFO get_files:scan_sources: tailwindcss_oxide::scanner: Discovering "/home/afdal/Laboratorium/PROJECT/extensionadminaksent/android/app/src/main/res/layout"
2026-03-01T11:15:03.523867Z  INFO get_files:scan_sources: tailwindcss_oxide::scanner: Discovering "/home/afdal/Laboratorium/PROJECT/extensionadminaksent/android/app/src/main/res/mipmap-anydpi-v26"
2026-03-01T11:15:03.523985Z  INFO get_files:scan_sources: tailwindcss_oxide::scanner: Discovering "/home/afdal/Laboratorium/PROJECT/extensionadminaksent/android/app/src/main/res/drawable-port-mdpi"
2026-03-01T11:15:03.524068Z  INFO get_files:scan_sources: tailwindcss_oxide::scanner: Discovering "/home/afdal/Laboratorium/PROJECT/extensionadminaksent/android/app/src/main/res/values"
2026-03-01T11:15:03.524205Z  INFO get_files:scan_sources: tailwindcss_oxide::scanner: Discovering "/home/afdal/Laboratorium/PROJECT/extensionadminaksent/android/app/src/main/java"
2026-03-01T11:15:03.524274Z  INFO get_files:scan_sources: tailwindcss_oxide::scanner: Discovering "/home/afdal/Laboratorium/PROJECT/extensionadminaksent/android/app/src/main/java/io"
2026-03-01T11:15:03.524349Z  INFO get_files:scan_sources: tailwindcss_oxide::scanner: Discovering "/home/afdal/Laboratorium/PROJECT/extensionadminaksent/android/app/src/main/java/io/ionic"
2026-03-01T11:15:03.524432Z  INFO get_files:scan_sources: tailwindcss_oxide::scanner: Discovering "/home/afdal/Laboratorium/PROJECT/extensionadminaksent/android/app/src/main/java/io/ionic/starter"
2026-03-01T11:15:03.524551Z  INFO get_files:scan_sources: tailwindcss_oxide::scanner: Discovering "/home/afdal/Laboratorium/PROJECT/extensionadminaksent/android/app/src/main/assets"
2026-03-01T11:15:03.524703Z  INFO get_files:scan_sources: tailwindcss_oxide::scanner: Discovering "/home/afdal/Laboratorium/PROJECT/extensionadminaksent/android/app/src/androidTest"
2026-03-01T11:15:03.524786Z  INFO get_files:scan_sources: tailwindcss_oxide::scanner: Discovering "/home/afdal/Laboratorium/PROJECT/extensionadminaksent/android/app/src/androidTest/java"
2026-03-01T11:15:03.525019Z  INFO get_files:scan_sources: tailwindcss_oxide::scanner: Discovering "/home/afdal/Laboratorium/PROJECT/extensionadminaksent/android/app/src/androidTest/java/com"
2026-03-01T11:15:03.526044Z  INFO get_files:scan_sources: tailwindcss_oxide::scanner: Discovering "/home/afdal/Laboratorium/PROJECT/extensionadminaksent/android/app/src/androidTest/java/com/getcapacitor"
2026-03-01T11:15:03.526312Z  INFO get_files:scan_sources: tailwindcss_oxide::scanner: Discovering "/home/afdal/Laboratorium/PROJECT/extensionadminaksent/android/app/src/androidTest/java/com/getcapacitor/myapp"
2026-03-01T11:15:03.526607Z  INFO get_files:scan_sources: tailwindcss_oxide::scanner: Discovering "/home/afdal/Laboratorium/PROJECT/extensionadminaksent/android/app/src/test"
2026-03-01T11:15:03.527175Z  INFO get_files:scan_sources: tailwindcss_oxide::scanner: Discovering "/home/afdal/Laboratorium/PROJECT/extensionadminaksent/android/app/src/test/java"
2026-03-01T11:15:03.527259Z  INFO get_files:scan_sources: tailwindcss_oxide::scanner: Discovering "/home/afdal/Laboratorium/PROJECT/extensionadminaksent/android/app/src/test/java/com"
2026-03-01T11:15:03.527328Z  INFO get_files:scan_sources: tailwindcss_oxide::scanner: Discovering "/home/afdal/Laboratorium/PROJECT/extensionadminaksent/android/app/src/test/java/com/getcapacitor"
2026-03-01T11:15:03.527398Z  INFO get_files:scan_sources: tailwindcss_oxide::scanner: Discovering "/home/afdal/Laboratorium/PROJECT/extensionadminaksent/android/app/src/test/java/com/getcapacitor/myapp"
2026-03-01T11:15:03.527933Z  INFO get_files:scan_sources: tailwindcss_oxide::scanner: exit
2026-03-01T11:15:03.528486Z  INFO get_files: tailwindcss_oxide::scanner: exit
2026-03-01T11:15:03.528866Z  INFO get_globs: tailwindcss_oxide::scanner: enter
2026-03-01T11:15:03.529038Z  INFO get_globs: tailwindcss_oxide::scanner: exit
2026-03-01T11:19:44.035486Z  INFO scan_sources: tailwindcss_oxide::scanner: enter
2026-03-01T11:19:44.036535Z  INFO scan_sources: tailwindcss_oxide::scanner: Discovering "/home/afdal/Laboratorium/PROJECT/extensionadminaksent/scripts"
2026-03-01T11:19:44.037595Z  INFO scan_sources: tailwindcss_oxide::scanner: Discovering "/home/afdal/Laboratorium/PROJECT/extensionadminaksent/cypress"
2026-03-01T11:19:44.037704Z  INFO scan_sources: tailwindcss_oxide::scanner: Discovering "/home/afdal/Laboratorium/PROJECT/extensionadminaksent/cypress/fixtures"
2026-03-01T11:19:44.037801Z  INFO scan_sources: tailwindcss_oxide::scanner: Discovering "/home/afdal/Laboratorium/PROJECT/extensionadminaksent/cypress/e2e"
2026-03-01T11:19:44.037923Z  INFO scan_sources: tailwindcss_oxide::scanner: Discovering "/home/afdal/Laboratorium/PROJECT/extensionadminaksent/cypress/support"
2026-03-01T11:19:44.038058Z  INFO scan_sources: tailwindcss_oxide::scanner: Discovering "/home/afdal/Laboratorium/PROJECT/extensionadminaksent/.vscode"
2026-03-01T11:19:44.038236Z  INFO scan_sources: tailwindcss_oxide::scanner: Discovering "/home/afdal/Laboratorium/PROJECT/extensionadminaksent/src"
2026-03-01T11:19:44.038317Z  INFO scan_sources: tailwindcss_oxide::scanner: Discovering "/home/afdal/Laboratorium/PROJECT/extensionadminaksent/src/hook"
2026-03-01T11:19:44.038389Z  INFO scan_sources: tailwindcss_oxide::scanner: Discovering "/home/afdal/Laboratorium/PROJECT/extensionadminaksent/src/hook/requests"
2026-03-01T11:19:44.038452Z  INFO scan_sources: tailwindcss_oxide::scanner: Discovering "/home/afdal/Laboratorium/PROJECT/extensionadminaksent/src/hook/requests/customer.ts"
2026-03-01T11:19:44.038501Z  INFO scan_sources: tailwindcss_oxide::scanner: Discovering "/home/afdal/Laboratorium/PROJECT/extensionadminaksent/src/components"
2026-03-01T11:19:44.038581Z  INFO scan_sources: tailwindcss_oxide::scanner: Discovering "/home/afdal/Laboratorium/PROJECT/extensionadminaksent/src/components/customer"
2026-03-01T11:19:44.038688Z  INFO scan_sources: tailwindcss_oxide::scanner: Discovering "/home/afdal/Laboratorium/PROJECT/extensionadminaksent/src/components/list"
2026-03-01T11:19:44.038783Z  INFO scan_sources: tailwindcss_oxide::scanner: Discovering "/home/afdal/Laboratorium/PROJECT/extensionadminaksent/src/components/toolbars"
2026-03-01T11:19:44.042440Z  INFO scan_sources: tailwindcss_oxide::scanner: Discovering "/home/afdal/Laboratorium/PROJECT/extensionadminaksent/src/theme"
2026-03-01T11:19:44.042616Z  INFO scan_sources: tailwindcss_oxide::scanner: Discovering "/home/afdal/Laboratorium/PROJECT/extensionadminaksent/src/utils"
2026-03-01T11:19:44.042766Z  INFO scan_sources: tailwindcss_oxide::scanner: Discovering "/home/afdal/Laboratorium/PROJECT/extensionadminaksent/src/databases"
2026-03-01T11:19:44.042859Z  INFO scan_sources: tailwindcss_oxide::scanner: Discovering "/home/afdal/Laboratorium/PROJECT/extensionadminaksent/src/databases/migrations"
2026-03-01T11:19:44.042993Z  INFO scan_sources: tailwindcss_oxide::scanner: Discovering "/home/afdal/Laboratorium/PROJECT/extensionadminaksent/src/databases/entities"
2026-03-01T11:19:44.043129Z  INFO scan_sources: tailwindcss_oxide::scanner: Discovering "/home/afdal/Laboratorium/PROJECT/extensionadminaksent/src/types"
2026-03-01T11:19:44.043214Z  INFO scan_sources: tailwindcss_oxide::scanner: Discovering "/home/afdal/Laboratorium/PROJECT/extensionadminaksent/src/pages"
2026-03-01T11:19:44.043279Z  INFO scan_sources: tailwindcss_oxide::scanner: Discovering "/home/afdal/Laboratorium/PROJECT/extensionadminaksent/src/pages/Customer"
2026-03-01T11:19:44.043387Z  INFO scan_sources: tailwindcss_oxide::scanner: Discovering "/home/afdal/Laboratorium/PROJECT/extensionadminaksent/src/pages/Home"
2026-03-01T11:19:44.043485Z  INFO scan_sources: tailwindcss_oxide::scanner: Discovering "/home/afdal/Laboratorium/PROJECT/extensionadminaksent/src/pages/Validation"
2026-03-01T11:19:44.043571Z  INFO scan_sources: tailwindcss_oxide::scanner: Discovering "/home/afdal/Laboratorium/PROJECT/extensionadminaksent/src/pages/Unpaid"
2026-03-01T11:19:44.043658Z  INFO scan_sources: tailwindcss_oxide::scanner: Discovering "/home/afdal/Laboratorium/PROJECT/extensionadminaksent/src/pages/Payment"
2026-03-01T11:19:44.043936Z  INFO scan_sources: tailwindcss_oxide::scanner: Discovering "/home/afdal/Laboratorium/PROJECT/extensionadminaksent/public"
2026-03-01T11:19:44.044041Z  INFO scan_sources: tailwindcss_oxide::scanner: Discovering "/home/afdal/Laboratorium/PROJECT/extensionadminaksent/public/assets"
2026-03-01T11:19:44.044266Z  INFO scan_sources: tailwindcss_oxide::scanner: Discovering "/home/afdal/Laboratorium/PROJECT/extensionadminaksent/android"
2026-03-01T11:19:44.044674Z  INFO scan_sources: tailwindcss_oxide::scanner: Discovering "/home/afdal/Laboratorium/PROJECT/extensionadminaksent/android/.kotlin"
2026-03-01T11:19:44.044753Z  INFO scan_sources: tailwindcss_oxide::scanner: Discovering "/home/afdal/Laboratorium/PROJECT/extensionadminaksent/android/.kotlin/sessions"
2026-03-01T11:19:44.045708Z  INFO scan_sources: tailwindcss_oxide::scanner: Discovering "/home/afdal/Laboratorium/PROJECT/extensionadminaksent/android/gradle"
2026-03-01T11:19:44.046104Z  INFO scan_sources: tailwindcss_oxide::scanner: Discovering "/home/afdal/Laboratorium/PROJECT/extensionadminaksent/android/gradle/wrapper"
2026-03-01T11:19:44.046484Z  INFO scan_sources: tailwindcss_oxide::scanner: Discovering "/home/afdal/Laboratorium/PROJECT/extensionadminaksent/android/app"
2026-03-01T11:19:44.046924Z  INFO scan_sources: tailwindcss_oxide::scanner: Discovering "/home/afdal/Laboratorium/PROJECT/extensionadminaksent/android/app/src"
2026-03-01T11:19:44.047352Z  INFO scan_sources: tailwindcss_oxide::scanner: Discovering "/home/afdal/Laboratorium/PROJECT/extensionadminaksent/android/app/src/main"
2026-03-01T11:19:44.047713Z  INFO scan_sources: tailwindcss_oxide::scanner: Discovering "/home/afdal/Laboratorium/PROJECT/extensionadminaksent/android/app/src/main/res"
2026-03-01T11:19:44.048069Z  INFO scan_sources: tailwindcss_oxide::scanner: Discovering "/home/afdal/Laboratorium/PROJECT/extensionadminaksent/android/app/src/main/res/drawable-land-xhdpi"
2026-03-01T11:19:44.048429Z  INFO scan_sources: tailwindcss_oxide::scanner: Discovering "/home/afdal/Laboratorium/PROJECT/extensionadminaksent/android/app/src/main/res/drawable-land-xxhdpi"
2026-03-01T11:19:44.048738Z  INFO scan_sources: tailwindcss_oxide::scanner: Discovering "/home/afdal/Laboratorium/PROJECT/extensionadminaksent/android/app/src/main/res/drawable-v24"
2026-03-01T11:19:44.049069Z  INFO scan_sources: tailwindcss_oxide::scanner: Discovering "/home/afdal/Laboratorium/PROJECT/extensionadminaksent/android/app/src/main/res/drawable-port-xxxhdpi"
2026-03-01T11:19:44.049421Z  INFO scan_sources: tailwindcss_oxide::scanner: Discovering "/home/afdal/Laboratorium/PROJECT/extensionadminaksent/android/app/src/main/res/drawable-land-xxxhdpi"
2026-03-01T11:19:44.049855Z  INFO scan_sources: tailwindcss_oxide::scanner: Discovering "/home/afdal/Laboratorium/PROJECT/extensionadminaksent/android/app/src/main/res/drawable-port-xxhdpi"
2026-03-01T11:19:44.050174Z  INFO scan_sources: tailwindcss_oxide::scanner: Discovering "/home/afdal/Laboratorium/PROJECT/extensionadminaksent/android/app/src/main/res/mipmap-hdpi"
2026-03-01T11:19:44.051103Z  INFO scan_sources: tailwindcss_oxide::scanner: Discovering "/home/afdal/Laboratorium/PROJECT/extensionadminaksent/android/app/src/main/res/drawable-land-hdpi"
2026-03-01T11:19:44.051231Z  INFO scan_sources: tailwindcss_oxide::scanner: Discovering "/home/afdal/Laboratorium/PROJECT/extensionadminaksent/android/app/src/main/res/xml"
2026-03-01T11:19:44.051334Z  INFO scan_sources: tailwindcss_oxide::scanner: Discovering "/home/afdal/Laboratorium/PROJECT/extensionadminaksent/android/app/src/main/res/mipmap-xhdpi"
2026-03-01T11:19:44.051436Z  INFO scan_sources: tailwindcss_oxide::scanner: Discovering "/home/afdal/Laboratorium/PROJECT/extensionadminaksent/android/app/src/main/res/drawable-land-mdpi"
2026-03-01T11:19:44.051524Z  INFO scan_sources: tailwindcss_oxide::scanner: Discovering "/home/afdal/Laboratorium/PROJECT/extensionadminaksent/android/app/src/main/res/drawable-port-hdpi"
2026-03-01T11:19:44.051610Z  INFO scan_sources: tailwindcss_oxide::scanner: Discovering "/home/afdal/Laboratorium/PROJECT/extensionadminaksent/android/app/src/main/res/mipmap-xxhdpi"
2026-03-01T11:19:44.051702Z  INFO scan_sources: tailwindcss_oxide::scanner: Discovering "/home/afdal/Laboratorium/PROJECT/extensionadminaksent/android/app/src/main/res/mipmap-mdpi"
2026-03-01T11:19:44.051793Z  INFO scan_sources: tailwindcss_oxide::scanner: Discovering "/home/afdal/Laboratorium/PROJECT/extensionadminaksent/android/app/src/main/res/drawable"
2026-03-01T11:19:44.051937Z  INFO scan_sources: tailwindcss_oxide::scanner: Discovering "/home/afdal/Laboratorium/PROJECT/extensionadminaksent/android/app/src/main/res/drawable-port-xhdpi"
2026-03-01T11:19:44.052034Z  INFO scan_sources: tailwindcss_oxide::scanner: Discovering "/home/afdal/Laboratorium/PROJECT/extensionadminaksent/android/app/src/main/res/mipmap-xxxhdpi"
2026-03-01T11:19:44.052126Z  INFO scan_sources: tailwindcss_oxide::scanner: Discovering "/home/afdal/Laboratorium/PROJECT/extensionadminaksent/android/app/src/main/res/layout"
2026-03-01T11:19:44.052222Z  INFO scan_sources: tailwindcss_oxide::scanner: Discovering "/home/afdal/Laboratorium/PROJECT/extensionadminaksent/android/app/src/main/res/mipmap-anydpi-v26"
2026-03-01T11:19:44.052337Z  INFO scan_sources: tailwindcss_oxide::scanner: Discovering "/home/afdal/Laboratorium/PROJECT/extensionadminaksent/android/app/src/main/res/drawable-port-mdpi"
2026-03-01T11:19:44.052420Z  INFO scan_sources: tailwindcss_oxide::scanner: Discovering "/home/afdal/Laboratorium/PROJECT/extensionadminaksent/android/app/src/main/res/values"
2026-03-01T11:19:44.052569Z  INFO scan_sources: tailwindcss_oxide::scanner: Discovering "/home/afdal/Laboratorium/PROJECT/extensionadminaksent/android/app/src/main/java"
2026-03-01T11:19:44.052646Z  INFO scan_sources: tailwindcss_oxide::scanner: Discovering "/home/afdal/Laboratorium/PROJECT/extensionadminaksent/android/app/src/main/java/io"
2026-03-01T11:19:44.052751Z  INFO scan_sources: tailwindcss_oxide::scanner: Discovering "/home/afdal/Laboratorium/PROJECT/extensionadminaksent/android/app/src/main/java/io/ionic"
2026-03-01T11:19:44.052841Z  INFO scan_sources: tailwindcss_oxide::scanner: Discovering "/home/afdal/Laboratorium/PROJECT/extensionadminaksent/android/app/src/main/java/io/ionic/starter"
2026-03-01T11:19:44.052992Z  INFO scan_sources: tailwindcss_oxide::scanner: Discovering "/home/afdal/Laboratorium/PROJECT/extensionadminaksent/android/app/src/main/assets"
2026-03-01T11:19:44.053189Z  INFO scan_sources: tailwindcss_oxide::scanner: Discovering "/home/afdal/Laboratorium/PROJECT/extensionadminaksent/android/app/src/androidTest"
2026-03-01T11:19:44.053260Z  INFO scan_sources: tailwindcss_oxide::scanner: Discovering "/home/afdal/Laboratorium/PROJECT/extensionadminaksent/android/app/src/androidTest/java"
2026-03-01T11:19:44.053323Z  INFO scan_sources: tailwindcss_oxide::scanner: Discovering "/home/afdal/Laboratorium/PROJECT/extensionadminaksent/android/app/src/androidTest/java/com"
2026-03-01T11:19:44.053392Z  INFO scan_sources: tailwindcss_oxide::scanner: Discovering "/home/afdal/Laboratorium/PROJECT/extensionadminaksent/android/app/src/androidTest/java/com/getcapacitor"
2026-03-01T11:19:44.053461Z  INFO scan_sources: tailwindcss_oxide::scanner: Discovering "/home/afdal/Laboratorium/PROJECT/extensionadminaksent/android/app/src/androidTest/java/com/getcapacitor/myapp"
2026-03-01T11:19:44.053591Z  INFO scan_sources: tailwindcss_oxide::scanner: Discovering "/home/afdal/Laboratorium/PROJECT/extensionadminaksent/android/app/src/test"
2026-03-01T11:19:44.053670Z  INFO scan_sources: tailwindcss_oxide::scanner: Discovering "/home/afdal/Laboratorium/PROJECT/extensionadminaksent/android/app/src/test/java"
2026-03-01T11:19:44.053738Z  INFO scan_sources: tailwindcss_oxide::scanner: Discovering "/home/afdal/Laboratorium/PROJECT/extensionadminaksent/android/app/src/test/java/com"
2026-03-01T11:19:44.054028Z  INFO scan_sources: tailwindcss_oxide::scanner: Discovering "/home/afdal/Laboratorium/PROJECT/extensionadminaksent/android/app/src/test/java/com/getcapacitor"
2026-03-01T11:19:44.054275Z  INFO scan_sources: tailwindcss_oxide::scanner: Discovering "/home/afdal/Laboratorium/PROJECT/extensionadminaksent/android/app/src/test/java/com/getcapacitor/myapp"
2026-03-01T11:19:44.055062Z  INFO scan_sources: tailwindcss_oxide::scanner: exit
2026-03-01T11:19:44.055272Z  INFO extract_candidates: tailwindcss_oxide::scanner: enter
2026-03-01T11:19:44.055420Z  INFO extract_candidates:read_all_files: tailwindcss_oxide::scanner: enter
2026-03-01T11:19:44.055564Z  INFO extract_candidates:read_all_files: tailwindcss_oxide::scanner: Reading 1 file(s)
2026-03-01T11:19:44.055787Z  INFO extract_candidates:read_all_files: tailwindcss_oxide::scanner: Reading "/home/afdal/Laboratorium/PROJECT/extensionadminaksent/src/hook/requests/customer.ts"
2026-03-01T11:19:44.056020Z  INFO extract_candidates:read_all_files: tailwindcss_oxide::scanner: exit
2026-03-01T11:19:44.056240Z  INFO extract_candidates:parse_all_blobs: tailwindcss_oxide::scanner: enter
2026-03-01T11:19:44.056421Z  INFO extract_candidates:parse_all_blobs:extract: tailwindcss_oxide::scanner: enter
2026-03-01T11:19:44.057868Z  INFO extract_candidates:parse_all_blobs:extract: tailwindcss_oxide::scanner: exit
2026-03-01T11:19:44.058374Z  INFO extract_candidates:parse_all_blobs: tailwindcss_oxide::scanner: exit
2026-03-01T11:19:44.060926Z  INFO extract_candidates: tailwindcss_oxide::scanner: exit
2026-03-01T11:19:44.066894Z  INFO get_files: tailwindcss_oxide::scanner: enter
2026-03-01T11:19:44.067484Z  INFO get_files:scan_sources: tailwindcss_oxide::scanner: enter
2026-03-01T11:19:44.068512Z  INFO get_files:scan_sources: tailwindcss_oxide::scanner: Discovering "/home/afdal/Laboratorium/PROJECT/extensionadminaksent/scripts"
2026-03-01T11:19:44.068647Z  INFO get_files:scan_sources: tailwindcss_oxide::scanner: Discovering "/home/afdal/Laboratorium/PROJECT/extensionadminaksent/cypress"
2026-03-01T11:19:44.068734Z  INFO get_files:scan_sources: tailwindcss_oxide::scanner: Discovering "/home/afdal/Laboratorium/PROJECT/extensionadminaksent/cypress/fixtures"
2026-03-01T11:19:44.070405Z  INFO get_files:scan_sources: tailwindcss_oxide::scanner: Discovering "/home/afdal/Laboratorium/PROJECT/extensionadminaksent/cypress/e2e"
2026-03-01T11:19:44.071067Z  INFO get_files:scan_sources: tailwindcss_oxide::scanner: Discovering "/home/afdal/Laboratorium/PROJECT/extensionadminaksent/cypress/support"
2026-03-01T11:19:44.071505Z  INFO get_files:scan_sources: tailwindcss_oxide::scanner: Discovering "/home/afdal/Laboratorium/PROJECT/extensionadminaksent/.vscode"
2026-03-01T11:19:44.071886Z  INFO get_files:scan_sources: tailwindcss_oxide::scanner: Discovering "/home/afdal/Laboratorium/PROJECT/extensionadminaksent/src"
2026-03-01T11:19:44.072120Z  INFO get_files:scan_sources: tailwindcss_oxide::scanner: Discovering "/home/afdal/Laboratorium/PROJECT/extensionadminaksent/src/hook"
2026-03-01T11:19:44.072302Z  INFO get_files:scan_sources: tailwindcss_oxide::scanner: Discovering "/home/afdal/Laboratorium/PROJECT/extensionadminaksent/src/hook/requests"
2026-03-01T11:19:44.072610Z  INFO get_files:scan_sources: tailwindcss_oxide::scanner: Discovering "/home/afdal/Laboratorium/PROJECT/extensionadminaksent/src/components"
2026-03-01T11:19:44.072792Z  INFO get_files:scan_sources: tailwindcss_oxide::scanner: Discovering "/home/afdal/Laboratorium/PROJECT/extensionadminaksent/src/components/customer"
2026-03-01T11:19:44.073661Z  INFO get_files:scan_sources: tailwindcss_oxide::scanner: Discovering "/home/afdal/Laboratorium/PROJECT/extensionadminaksent/src/components/list"
2026-03-01T11:19:44.074103Z  INFO get_files:scan_sources: tailwindcss_oxide::scanner: Discovering "/home/afdal/Laboratorium/PROJECT/extensionadminaksent/src/components/toolbars"
2026-03-01T11:19:44.074450Z  INFO get_files:scan_sources: tailwindcss_oxide::scanner: Discovering "/home/afdal/Laboratorium/PROJECT/extensionadminaksent/src/theme"
2026-03-01T11:19:44.074721Z  INFO get_files:scan_sources: tailwindcss_oxide::scanner: Discovering "/home/afdal/Laboratorium/PROJECT/extensionadminaksent/src/utils"
2026-03-01T11:19:44.075109Z  INFO get_files:scan_sources: tailwindcss_oxide::scanner: Discovering "/home/afdal/Laboratorium/PROJECT/extensionadminaksent/src/databases"
2026-03-01T11:19:44.075363Z  INFO get_files:scan_sources: tailwindcss_oxide::scanner: Discovering "/home/afdal/Laboratorium/PROJECT/extensionadminaksent/src/databases/migrations"
2026-03-01T11:19:44.075598Z  INFO get_files:scan_sources: tailwindcss_oxide::scanner: Discovering "/home/afdal/Laboratorium/PROJECT/extensionadminaksent/src/databases/entities"
2026-03-01T11:19:44.075894Z  INFO get_files:scan_sources: tailwindcss_oxide::scanner: Discovering "/home/afdal/Laboratorium/PROJECT/extensionadminaksent/src/types"
2026-03-01T11:19:44.076127Z  INFO get_files:scan_sources: tailwindcss_oxide::scanner: Discovering "/home/afdal/Laboratorium/PROJECT/extensionadminaksent/src/pages"
2026-03-01T11:19:44.076421Z  INFO get_files:scan_sources: tailwindcss_oxide::scanner: Discovering "/home/afdal/Laboratorium/PROJECT/extensionadminaksent/src/pages/Customer"
2026-03-01T11:19:44.076740Z  INFO get_files:scan_sources: tailwindcss_oxide::scanner: Discovering "/home/afdal/Laboratorium/PROJECT/extensionadminaksent/src/pages/Home"
2026-03-01T11:19:44.076861Z  INFO get_files:scan_sources: tailwindcss_oxide::scanner: Discovering "/home/afdal/Laboratorium/PROJECT/extensionadminaksent/src/pages/Validation"
2026-03-01T11:19:44.076961Z  INFO get_files:scan_sources: tailwindcss_oxide::scanner: Discovering "/home/afdal/Laboratorium/PROJECT/extensionadminaksent/src/pages/Unpaid"
2026-03-01T11:19:44.077046Z  INFO get_files:scan_sources: tailwindcss_oxide::scanner: Discovering "/home/afdal/Laboratorium/PROJECT/extensionadminaksent/src/pages/Payment"
2026-03-01T11:19:44.077310Z  INFO get_files:scan_sources: tailwindcss_oxide::scanner: Discovering "/home/afdal/Laboratorium/PROJECT/extensionadminaksent/public"
2026-03-01T11:19:44.077419Z  INFO get_files:scan_sources: tailwindcss_oxide::scanner: Discovering "/home/afdal/Laboratorium/PROJECT/extensionadminaksent/public/assets"
2026-03-01T11:19:44.077634Z  INFO get_files:scan_sources: tailwindcss_oxide::scanner: Discovering "/home/afdal/Laboratorium/PROJECT/extensionadminaksent/android"
2026-03-01T11:19:44.078191Z  INFO get_files:scan_sources: tailwindcss_oxide::scanner: Discovering "/home/afdal/Laboratorium/PROJECT/extensionadminaksent/android/.kotlin"
2026-03-01T11:19:44.078434Z  INFO get_files:scan_sources: tailwindcss_oxide::scanner: Discovering "/home/afdal/Laboratorium/PROJECT/extensionadminaksent/android/.kotlin/sessions"
2026-03-01T11:19:44.078787Z  INFO get_files:scan_sources: tailwindcss_oxide::scanner: Discovering "/home/afdal/Laboratorium/PROJECT/extensionadminaksent/android/gradle"
2026-03-01T11:19:44.079002Z  INFO get_files:scan_sources: tailwindcss_oxide::scanner: Discovering "/home/afdal/Laboratorium/PROJECT/extensionadminaksent/android/gradle/wrapper"
2026-03-01T11:19:44.079229Z  INFO get_files:scan_sources: tailwindcss_oxide::scanner: Discovering "/home/afdal/Laboratorium/PROJECT/extensionadminaksent/android/app"
2026-03-01T11:19:44.079529Z  INFO get_files:scan_sources: tailwindcss_oxide::scanner: Discovering "/home/afdal/Laboratorium/PROJECT/extensionadminaksent/android/app/src"
2026-03-01T11:19:44.079858Z  INFO get_files:scan_sources: tailwindcss_oxide::scanner: Discovering "/home/afdal/Laboratorium/PROJECT/extensionadminaksent/android/app/src/main"
2026-03-01T11:19:44.079986Z  INFO get_files:scan_sources: tailwindcss_oxide::scanner: Discovering "/home/afdal/Laboratorium/PROJECT/extensionadminaksent/android/app/src/main/res"
2026-03-01T11:19:44.080074Z  INFO get_files:scan_sources: tailwindcss_oxide::scanner: Discovering "/home/afdal/Laboratorium/PROJECT/extensionadminaksent/android/app/src/main/res/drawable-land-xhdpi"
2026-03-01T11:19:44.080164Z  INFO get_files:scan_sources: tailwindcss_oxide::scanner: Discovering "/home/afdal/Laboratorium/PROJECT/extensionadminaksent/android/app/src/main/res/drawable-land-xxhdpi"
2026-03-01T11:19:44.080249Z  INFO get_files:scan_sources: tailwindcss_oxide::scanner: Discovering "/home/afdal/Laboratorium/PROJECT/extensionadminaksent/android/app/src/main/res/drawable-v24"
2026-03-01T11:19:44.080352Z  INFO get_files:scan_sources: tailwindcss_oxide::scanner: Discovering "/home/afdal/Laboratorium/PROJECT/extensionadminaksent/android/app/src/main/res/drawable-port-xxxhdpi"
2026-03-01T11:19:44.080434Z  INFO get_files:scan_sources: tailwindcss_oxide::scanner: Discovering "/home/afdal/Laboratorium/PROJECT/extensionadminaksent/android/app/src/main/res/drawable-land-xxxhdpi"
2026-03-01T11:19:44.080518Z  INFO get_files:scan_sources: tailwindcss_oxide::scanner: Discovering "/home/afdal/Laboratorium/PROJECT/extensionadminaksent/android/app/src/main/res/drawable-port-xxhdpi"
2026-03-01T11:19:44.080601Z  INFO get_files:scan_sources: tailwindcss_oxide::scanner: Discovering "/home/afdal/Laboratorium/PROJECT/extensionadminaksent/android/app/src/main/res/mipmap-hdpi"
2026-03-01T11:19:44.080695Z  INFO get_files:scan_sources: tailwindcss_oxide::scanner: Discovering "/home/afdal/Laboratorium/PROJECT/extensionadminaksent/android/app/src/main/res/drawable-land-hdpi"
2026-03-01T11:19:44.081037Z  INFO get_files:scan_sources: tailwindcss_oxide::scanner: Discovering "/home/afdal/Laboratorium/PROJECT/extensionadminaksent/android/app/src/main/res/xml"
2026-03-01T11:19:44.081251Z  INFO get_files:scan_sources: tailwindcss_oxide::scanner: Discovering "/home/afdal/Laboratorium/PROJECT/extensionadminaksent/android/app/src/main/res/mipmap-xhdpi"
2026-03-01T11:19:44.081446Z  INFO get_files:scan_sources: tailwindcss_oxide::scanner: Discovering "/home/afdal/Laboratorium/PROJECT/extensionadminaksent/android/app/src/main/res/drawable-land-mdpi"
2026-03-01T11:19:44.081627Z  INFO get_files:scan_sources: tailwindcss_oxide::scanner: Discovering "/home/afdal/Laboratorium/PROJECT/extensionadminaksent/android/app/src/main/res/drawable-port-hdpi"
2026-03-01T11:19:44.081839Z  INFO get_files:scan_sources: tailwindcss_oxide::scanner: Discovering "/home/afdal/Laboratorium/PROJECT/extensionadminaksent/android/app/src/main/res/mipmap-xxhdpi"
2026-03-01T11:19:44.082043Z  INFO get_files:scan_sources: tailwindcss_oxide::scanner: Discovering "/home/afdal/Laboratorium/PROJECT/extensionadminaksent/android/app/src/main/res/mipmap-mdpi"
2026-03-01T11:19:44.082237Z  INFO get_files:scan_sources: tailwindcss_oxide::scanner: Discovering "/home/afdal/Laboratorium/PROJECT/extensionadminaksent/android/app/src/main/res/drawable"
2026-03-01T11:19:44.082438Z  INFO get_files:scan_sources: tailwindcss_oxide::scanner: Discovering "/home/afdal/Laboratorium/PROJECT/extensionadminaksent/android/app/src/main/res/drawable-port-xhdpi"
2026-03-01T11:19:44.082615Z  INFO get_files:scan_sources: tailwindcss_oxide::scanner: Discovering "/home/afdal/Laboratorium/PROJECT/extensionadminaksent/android/app/src/main/res/mipmap-xxxhdpi"
2026-03-01T11:19:44.082800Z  INFO get_files:scan_sources: tailwindcss_oxide::scanner: Discovering "/home/afdal/Laboratorium/PROJECT/extensionadminaksent/android/app/src/main/res/layout"
2026-03-01T11:19:44.083008Z  INFO get_files:scan_sources: tailwindcss_oxide::scanner: Discovering "/home/afdal/Laboratorium/PROJECT/extensionadminaksent/android/app/src/main/res/mipmap-anydpi-v26"
2026-03-01T11:19:44.083457Z  INFO get_files:scan_sources: tailwindcss_oxide::scanner: Discovering "/home/afdal/Laboratorium/PROJECT/extensionadminaksent/android/app/src/main/res/drawable-port-mdpi"
2026-03-01T11:19:44.083823Z  INFO get_files:scan_sources: tailwindcss_oxide::scanner: Discovering "/home/afdal/Laboratorium/PROJECT/extensionadminaksent/android/app/src/main/res/values"
2026-03-01T11:19:44.084086Z  INFO get_files:scan_sources: tailwindcss_oxide::scanner: Discovering "/home/afdal/Laboratorium/PROJECT/extensionadminaksent/android/app/src/main/java"
2026-03-01T11:19:44.086127Z  INFO get_files:scan_sources: tailwindcss_oxide::scanner: Discovering "/home/afdal/Laboratorium/PROJECT/extensionadminaksent/android/app/src/main/java/io"
2026-03-01T11:19:44.086483Z  INFO get_files:scan_sources: tailwindcss_oxide::scanner: Discovering "/home/afdal/Laboratorium/PROJECT/extensionadminaksent/android/app/src/main/java/io/ionic"
2026-03-01T11:19:44.086628Z  INFO get_files:scan_sources: tailwindcss_oxide::scanner: Discovering "/home/afdal/Laboratorium/PROJECT/extensionadminaksent/android/app/src/main/java/io/ionic/starter"
2026-03-01T11:19:44.087096Z  INFO get_files:scan_sources: tailwindcss_oxide::scanner: Discovering "/home/afdal/Laboratorium/PROJECT/extensionadminaksent/android/app/src/main/assets"
2026-03-01T11:19:44.087283Z  INFO get_files:scan_sources: tailwindcss_oxide::scanner: Discovering "/home/afdal/Laboratorium/PROJECT/extensionadminaksent/android/app/src/androidTest"
2026-03-01T11:19:44.087341Z  INFO get_files:scan_sources: tailwindcss_oxide::scanner: Discovering "/home/afdal/Laboratorium/PROJECT/extensionadminaksent/android/app/src/androidTest/java"
2026-03-01T11:19:44.087393Z  INFO get_files:scan_sources: tailwindcss_oxide::scanner: Discovering "/home/afdal/Laboratorium/PROJECT/extensionadminaksent/android/app/src/androidTest/java/com"
2026-03-01T11:19:44.087455Z  INFO get_files:scan_sources: tailwindcss_oxide::scanner: Discovering "/home/afdal/Laboratorium/PROJECT/extensionadminaksent/android/app/src/androidTest/java/com/getcapacitor"
2026-03-01T11:19:44.087509Z  INFO get_files:scan_sources: tailwindcss_oxide::scanner: Discovering "/home/afdal/Laboratorium/PROJECT/extensionadminaksent/android/app/src/androidTest/java/com/getcapacitor/myapp"
2026-03-01T11:19:44.087602Z  INFO get_files:scan_sources: tailwindcss_oxide::scanner: Discovering "/home/afdal/Laboratorium/PROJECT/extensionadminaksent/android/app/src/test"
2026-03-01T11:19:44.087656Z  INFO get_files:scan_sources: tailwindcss_oxide::scanner: Discovering "/home/afdal/Laboratorium/PROJECT/extensionadminaksent/android/app/src/test/java"
2026-03-01T11:19:44.087706Z  INFO get_files:scan_sources: tailwindcss_oxide::scanner: Discovering "/home/afdal/Laboratorium/PROJECT/extensionadminaksent/android/app/src/test/java/com"
2026-03-01T11:19:44.087769Z  INFO get_files:scan_sources: tailwindcss_oxide::scanner: Discovering "/home/afdal/Laboratorium/PROJECT/extensionadminaksent/android/app/src/test/java/com/getcapacitor"
2026-03-01T11:19:44.087836Z  INFO get_files:scan_sources: tailwindcss_oxide::scanner: Discovering "/home/afdal/Laboratorium/PROJECT/extensionadminaksent/android/app/src/test/java/com/getcapacitor/myapp"
2026-03-01T11:19:44.088391Z  INFO get_files:scan_sources: tailwindcss_oxide::scanner: exit
2026-03-01T11:19:44.088532Z  INFO get_files: tailwindcss_oxide::scanner: exit
2026-03-01T11:19:44.088825Z  INFO get_globs: tailwindcss_oxide::scanner: enter
2026-03-01T11:19:44.088849Z  INFO get_globs: tailwindcss_oxide::scanner: exit
2026-03-01T11:19:50.381601Z  INFO scan_sources: tailwindcss_oxide::scanner: enter
2026-03-01T11:19:50.382467Z  INFO scan_sources: tailwindcss_oxide::scanner: Discovering "/home/afdal/Laboratorium/PROJECT/extensionadminaksent/scripts"
2026-03-01T11:19:50.382568Z  INFO scan_sources: tailwindcss_oxide::scanner: Discovering "/home/afdal/Laboratorium/PROJECT/extensionadminaksent/cypress"
2026-03-01T11:19:50.382624Z  INFO scan_sources: tailwindcss_oxide::scanner: Discovering "/home/afdal/Laboratorium/PROJECT/extensionadminaksent/cypress/fixtures"
2026-03-01T11:19:50.382687Z  INFO scan_sources: tailwindcss_oxide::scanner: Discovering "/home/afdal/Laboratorium/PROJECT/extensionadminaksent/cypress/e2e"
2026-03-01T11:19:50.382770Z  INFO scan_sources: tailwindcss_oxide::scanner: Discovering "/home/afdal/Laboratorium/PROJECT/extensionadminaksent/cypress/support"
2026-03-01T11:19:50.382976Z  INFO scan_sources: tailwindcss_oxide::scanner: Discovering "/home/afdal/Laboratorium/PROJECT/extensionadminaksent/.vscode"
2026-03-01T11:19:50.383098Z  INFO scan_sources: tailwindcss_oxide::scanner: Discovering "/home/afdal/Laboratorium/PROJECT/extensionadminaksent/src"
2026-03-01T11:19:50.383153Z  INFO scan_sources: tailwindcss_oxide::scanner: Discovering "/home/afdal/Laboratorium/PROJECT/extensionadminaksent/src/hook"
2026-03-01T11:19:50.383208Z  INFO scan_sources: tailwindcss_oxide::scanner: Discovering "/home/afdal/Laboratorium/PROJECT/extensionadminaksent/src/hook/requests"
2026-03-01T11:19:50.383257Z  INFO scan_sources: tailwindcss_oxide::scanner: Discovering "/home/afdal/Laboratorium/PROJECT/extensionadminaksent/src/hook/requests/customer.ts"
2026-03-01T11:19:50.387073Z  INFO scan_sources: tailwindcss_oxide::scanner: Discovering "/home/afdal/Laboratorium/PROJECT/extensionadminaksent/src/components"
2026-03-01T11:19:50.388203Z  INFO scan_sources: tailwindcss_oxide::scanner: Discovering "/home/afdal/Laboratorium/PROJECT/extensionadminaksent/src/components/customer"
2026-03-01T11:19:50.390951Z  INFO scan_sources: tailwindcss_oxide::scanner: Discovering "/home/afdal/Laboratorium/PROJECT/extensionadminaksent/src/components/list"
2026-03-01T11:19:50.395110Z  INFO scan_sources: tailwindcss_oxide::scanner: Discovering "/home/afdal/Laboratorium/PROJECT/extensionadminaksent/src/components/toolbars"
2026-03-01T11:19:50.395229Z  INFO scan_sources: tailwindcss_oxide::scanner: Discovering "/home/afdal/Laboratorium/PROJECT/extensionadminaksent/src/theme"
2026-03-01T11:19:50.395337Z  INFO scan_sources: tailwindcss_oxide::scanner: Discovering "/home/afdal/Laboratorium/PROJECT/extensionadminaksent/src/utils"
2026-03-01T11:19:50.395448Z  INFO scan_sources: tailwindcss_oxide::scanner: Discovering "/home/afdal/Laboratorium/PROJECT/extensionadminaksent/src/databases"
2026-03-01T11:19:50.395512Z  INFO scan_sources: tailwindcss_oxide::scanner: Discovering "/home/afdal/Laboratorium/PROJECT/extensionadminaksent/src/databases/migrations"
2026-03-01T11:19:50.395604Z  INFO scan_sources: tailwindcss_oxide::scanner: Discovering "/home/afdal/Laboratorium/PROJECT/extensionadminaksent/src/databases/entities"
2026-03-01T11:19:50.395709Z  INFO scan_sources: tailwindcss_oxide::scanner: Discovering "/home/afdal/Laboratorium/PROJECT/extensionadminaksent/src/types"
2026-03-01T11:19:50.395777Z  INFO scan_sources: tailwindcss_oxide::scanner: Discovering "/home/afdal/Laboratorium/PROJECT/extensionadminaksent/src/pages"
2026-03-01T11:19:50.395854Z  INFO scan_sources: tailwindcss_oxide::scanner: Discovering "/home/afdal/Laboratorium/PROJECT/extensionadminaksent/src/pages/Customer"
2026-03-01T11:19:50.395943Z  INFO scan_sources: tailwindcss_oxide::scanner: Discovering "/home/afdal/Laboratorium/PROJECT/extensionadminaksent/src/pages/Home"
2026-03-01T11:19:50.396023Z  INFO scan_sources: tailwindcss_oxide::scanner: Discovering "/home/afdal/Laboratorium/PROJECT/extensionadminaksent/src/pages/Validation"
2026-03-01T11:19:50.396088Z  INFO scan_sources: tailwindcss_oxide::scanner: Discovering "/home/afdal/Laboratorium/PROJECT/extensionadminaksent/src/pages/Unpaid"
2026-03-01T11:19:50.396151Z  INFO scan_sources: tailwindcss_oxide::scanner: Discovering "/home/afdal/Laboratorium/PROJECT/extensionadminaksent/src/pages/Payment"
2026-03-01T11:19:50.396361Z  INFO scan_sources: tailwindcss_oxide::scanner: Discovering "/home/afdal/Laboratorium/PROJECT/extensionadminaksent/public"
2026-03-01T11:19:50.396434Z  INFO scan_sources: tailwindcss_oxide::scanner: Discovering "/home/afdal/Laboratorium/PROJECT/extensionadminaksent/public/assets"
2026-03-01T11:19:50.396596Z  INFO scan_sources: tailwindcss_oxide::scanner: Discovering "/home/afdal/Laboratorium/PROJECT/extensionadminaksent/android"
2026-03-01T11:19:50.396940Z  INFO scan_sources: tailwindcss_oxide::scanner: Discovering "/home/afdal/Laboratorium/PROJECT/extensionadminaksent/android/.kotlin"
2026-03-01T11:19:50.397002Z  INFO scan_sources: tailwindcss_oxide::scanner: Discovering "/home/afdal/Laboratorium/PROJECT/extensionadminaksent/android/.kotlin/sessions"
2026-03-01T11:19:50.397196Z  INFO scan_sources: tailwindcss_oxide::scanner: Discovering "/home/afdal/Laboratorium/PROJECT/extensionadminaksent/android/gradle"
2026-03-01T11:19:50.397248Z  INFO scan_sources: tailwindcss_oxide::scanner: Discovering "/home/afdal/Laboratorium/PROJECT/extensionadminaksent/android/gradle/wrapper"
2026-03-01T11:19:50.397336Z  INFO scan_sources: tailwindcss_oxide::scanner: Discovering "/home/afdal/Laboratorium/PROJECT/extensionadminaksent/android/app"
2026-03-01T11:19:50.397474Z  INFO scan_sources: tailwindcss_oxide::scanner: Discovering "/home/afdal/Laboratorium/PROJECT/extensionadminaksent/android/app/src"
2026-03-01T11:19:50.397543Z  INFO scan_sources: tailwindcss_oxide::scanner: Discovering "/home/afdal/Laboratorium/PROJECT/extensionadminaksent/android/app/src/main"
2026-03-01T11:19:50.397624Z  INFO scan_sources: tailwindcss_oxide::scanner: Discovering "/home/afdal/Laboratorium/PROJECT/extensionadminaksent/android/app/src/main/res"
2026-03-01T11:19:50.397691Z  INFO scan_sources: tailwindcss_oxide::scanner: Discovering "/home/afdal/Laboratorium/PROJECT/extensionadminaksent/android/app/src/main/res/drawable-land-xhdpi"
2026-03-01T11:19:50.397760Z  INFO scan_sources: tailwindcss_oxide::scanner: Discovering "/home/afdal/Laboratorium/PROJECT/extensionadminaksent/android/app/src/main/res/drawable-land-xxhdpi"
2026-03-01T11:19:50.406901Z  INFO scan_sources: tailwindcss_oxide::scanner: Discovering "/home/afdal/Laboratorium/PROJECT/extensionadminaksent/android/app/src/main/res/drawable-v24"
2026-03-01T11:19:50.407056Z  INFO scan_sources: tailwindcss_oxide::scanner: Discovering "/home/afdal/Laboratorium/PROJECT/extensionadminaksent/android/app/src/main/res/drawable-port-xxxhdpi"
2026-03-01T11:19:50.407123Z  INFO scan_sources: tailwindcss_oxide::scanner: Discovering "/home/afdal/Laboratorium/PROJECT/extensionadminaksent/android/app/src/main/res/drawable-land-xxxhdpi"
2026-03-01T11:19:50.407184Z  INFO scan_sources: tailwindcss_oxide::scanner: Discovering "/home/afdal/Laboratorium/PROJECT/extensionadminaksent/android/app/src/main/res/drawable-port-xxhdpi"
2026-03-01T11:19:50.407242Z  INFO scan_sources: tailwindcss_oxide::scanner: Discovering "/home/afdal/Laboratorium/PROJECT/extensionadminaksent/android/app/src/main/res/mipmap-hdpi"
2026-03-01T11:19:50.407308Z  INFO scan_sources: tailwindcss_oxide::scanner: Discovering "/home/afdal/Laboratorium/PROJECT/extensionadminaksent/android/app/src/main/res/drawable-land-hdpi"
2026-03-01T11:19:50.407384Z  INFO scan_sources: tailwindcss_oxide::scanner: Discovering "/home/afdal/Laboratorium/PROJECT/extensionadminaksent/android/app/src/main/res/xml"
2026-03-01T11:19:50.407474Z  INFO scan_sources: tailwindcss_oxide::scanner: Discovering "/home/afdal/Laboratorium/PROJECT/extensionadminaksent/android/app/src/main/res/mipmap-xhdpi"
2026-03-01T11:19:50.407543Z  INFO scan_sources: tailwindcss_oxide::scanner: Discovering "/home/afdal/Laboratorium/PROJECT/extensionadminaksent/android/app/src/main/res/drawable-land-mdpi"
2026-03-01T11:19:50.407604Z  INFO scan_sources: tailwindcss_oxide::scanner: Discovering "/home/afdal/Laboratorium/PROJECT/extensionadminaksent/android/app/src/main/res/drawable-port-hdpi"
2026-03-01T11:19:50.407663Z  INFO scan_sources: tailwindcss_oxide::scanner: Discovering "/home/afdal/Laboratorium/PROJECT/extensionadminaksent/android/app/src/main/res/mipmap-xxhdpi"
2026-03-01T11:19:50.407737Z  INFO scan_sources: tailwindcss_oxide::scanner: Discovering "/home/afdal/Laboratorium/PROJECT/extensionadminaksent/android/app/src/main/res/mipmap-mdpi"
2026-03-01T11:19:50.407807Z  INFO scan_sources: tailwindcss_oxide::scanner: Discovering "/home/afdal/Laboratorium/PROJECT/extensionadminaksent/android/app/src/main/res/drawable"
2026-03-01T11:19:50.407908Z  INFO scan_sources: tailwindcss_oxide::scanner: Discovering "/home/afdal/Laboratorium/PROJECT/extensionadminaksent/android/app/src/main/res/drawable-port-xhdpi"
2026-03-01T11:19:50.407972Z  INFO scan_sources: tailwindcss_oxide::scanner: Discovering "/home/afdal/Laboratorium/PROJECT/extensionadminaksent/android/app/src/main/res/mipmap-xxxhdpi"
2026-03-01T11:19:50.408041Z  INFO scan_sources: tailwindcss_oxide::scanner: Discovering "/home/afdal/Laboratorium/PROJECT/extensionadminaksent/android/app/src/main/res/layout"
2026-03-01T11:19:50.408119Z  INFO scan_sources: tailwindcss_oxide::scanner: Discovering "/home/afdal/Laboratorium/PROJECT/extensionadminaksent/android/app/src/main/res/mipmap-anydpi-v26"
2026-03-01T11:19:50.408204Z  INFO scan_sources: tailwindcss_oxide::scanner: Discovering "/home/afdal/Laboratorium/PROJECT/extensionadminaksent/android/app/src/main/res/drawable-port-mdpi"
2026-03-01T11:19:50.408267Z  INFO scan_sources: tailwindcss_oxide::scanner: Discovering "/home/afdal/Laboratorium/PROJECT/extensionadminaksent/android/app/src/main/res/values"
2026-03-01T11:19:50.408391Z  INFO scan_sources: tailwindcss_oxide::scanner: Discovering "/home/afdal/Laboratorium/PROJECT/extensionadminaksent/android/app/src/main/java"
2026-03-01T11:19:50.408447Z  INFO scan_sources: tailwindcss_oxide::scanner: Discovering "/home/afdal/Laboratorium/PROJECT/extensionadminaksent/android/app/src/main/java/io"
2026-03-01T11:19:50.408506Z  INFO scan_sources: tailwindcss_oxide::scanner: Discovering "/home/afdal/Laboratorium/PROJECT/extensionadminaksent/android/app/src/main/java/io/ionic"
2026-03-01T11:19:50.408566Z  INFO scan_sources: tailwindcss_oxide::scanner: Discovering "/home/afdal/Laboratorium/PROJECT/extensionadminaksent/android/app/src/main/java/io/ionic/starter"
2026-03-01T11:19:50.408658Z  INFO scan_sources: tailwindcss_oxide::scanner: Discovering "/home/afdal/Laboratorium/PROJECT/extensionadminaksent/android/app/src/main/assets"
2026-03-01T11:19:50.408786Z  INFO scan_sources: tailwindcss_oxide::scanner: Discovering "/home/afdal/Laboratorium/PROJECT/extensionadminaksent/android/app/src/androidTest"
2026-03-01T11:19:50.408866Z  INFO scan_sources: tailwindcss_oxide::scanner: Discovering "/home/afdal/Laboratorium/PROJECT/extensionadminaksent/android/app/src/androidTest/java"
2026-03-01T11:19:50.408934Z  INFO scan_sources: tailwindcss_oxide::scanner: Discovering "/home/afdal/Laboratorium/PROJECT/extensionadminaksent/android/app/src/androidTest/java/com"
2026-03-01T11:19:50.408989Z  INFO scan_sources: tailwindcss_oxide::scanner: Discovering "/home/afdal/Laboratorium/PROJECT/extensionadminaksent/android/app/src/androidTest/java/com/getcapacitor"
2026-03-01T11:19:50.409061Z  INFO scan_sources: tailwindcss_oxide::scanner: Discovering "/home/afdal/Laboratorium/PROJECT/extensionadminaksent/android/app/src/androidTest/java/com/getcapacitor/myapp"
2026-03-01T11:19:50.409163Z  INFO scan_sources: tailwindcss_oxide::scanner: Discovering "/home/afdal/Laboratorium/PROJECT/extensionadminaksent/android/app/src/test"
2026-03-01T11:19:50.409216Z  INFO scan_sources: tailwindcss_oxide::scanner: Discovering "/home/afdal/Laboratorium/PROJECT/extensionadminaksent/android/app/src/test/java"
2026-03-01T11:19:50.409272Z  INFO scan_sources: tailwindcss_oxide::scanner: Discovering "/home/afdal/Laboratorium/PROJECT/extensionadminaksent/android/app/src/test/java/com"
2026-03-01T11:19:50.409328Z  INFO scan_sources: tailwindcss_oxide::scanner: Discovering "/home/afdal/Laboratorium/PROJECT/extensionadminaksent/android/app/src/test/java/com/getcapacitor"
2026-03-01T11:19:50.409383Z  INFO scan_sources: tailwindcss_oxide::scanner: Discovering "/home/afdal/Laboratorium/PROJECT/extensionadminaksent/android/app/src/test/java/com/getcapacitor/myapp"
2026-03-01T11:19:50.421993Z  INFO scan_sources: tailwindcss_oxide::scanner: exit
2026-03-01T11:19:50.422098Z  INFO extract_candidates: tailwindcss_oxide::scanner: enter
2026-03-01T11:19:50.422114Z  INFO extract_candidates:read_all_files: tailwindcss_oxide::scanner: enter
2026-03-01T11:19:50.422124Z  INFO extract_candidates:read_all_files: tailwindcss_oxide::scanner: Reading 1 file(s)
2026-03-01T11:19:50.422237Z  INFO extract_candidates:read_all_files: tailwindcss_oxide::scanner: Reading "/home/afdal/Laboratorium/PROJECT/extensionadminaksent/src/hook/requests/customer.ts"
2026-03-01T11:19:50.422259Z  INFO extract_candidates:read_all_files: tailwindcss_oxide::scanner: exit
2026-03-01T11:19:50.422269Z  INFO extract_candidates:parse_all_blobs: tailwindcss_oxide::scanner: enter
2026-03-01T11:19:50.422280Z  INFO extract_candidates:parse_all_blobs:extract: tailwindcss_oxide::scanner: enter
2026-03-01T11:19:50.429121Z  INFO extract_candidates:parse_all_blobs:extract: tailwindcss_oxide::scanner: exit
2026-03-01T11:19:50.429432Z  INFO extract_candidates:parse_all_blobs: tailwindcss_oxide::scanner: exit
2026-03-01T11:19:50.429748Z  INFO extract_candidates: tailwindcss_oxide::scanner: exit
2026-03-01T11:19:50.432097Z  INFO get_files: tailwindcss_oxide::scanner: enter
2026-03-01T11:19:50.440836Z  INFO get_files:scan_sources: tailwindcss_oxide::scanner: enter
2026-03-01T11:19:50.441734Z  INFO get_files:scan_sources: tailwindcss_oxide::scanner: Discovering "/home/afdal/Laboratorium/PROJECT/extensionadminaksent/scripts"
2026-03-01T11:19:50.443851Z  INFO get_files:scan_sources: tailwindcss_oxide::scanner: Discovering "/home/afdal/Laboratorium/PROJECT/extensionadminaksent/cypress"
2026-03-01T11:19:50.444118Z  INFO get_files:scan_sources: tailwindcss_oxide::scanner: Discovering "/home/afdal/Laboratorium/PROJECT/extensionadminaksent/cypress/fixtures"
2026-03-01T11:19:50.444344Z  INFO get_files:scan_sources: tailwindcss_oxide::scanner: Discovering "/home/afdal/Laboratorium/PROJECT/extensionadminaksent/cypress/e2e"
2026-03-01T11:19:50.444701Z  INFO get_files:scan_sources: tailwindcss_oxide::scanner: Discovering "/home/afdal/Laboratorium/PROJECT/extensionadminaksent/cypress/support"
2026-03-01T11:19:50.445054Z  INFO get_files:scan_sources: tailwindcss_oxide::scanner: Discovering "/home/afdal/Laboratorium/PROJECT/extensionadminaksent/.vscode"
2026-03-01T11:19:50.450286Z  INFO get_files:scan_sources: tailwindcss_oxide::scanner: Discovering "/home/afdal/Laboratorium/PROJECT/extensionadminaksent/src"
2026-03-01T11:19:50.450519Z  INFO get_files:scan_sources: tailwindcss_oxide::scanner: Discovering "/home/afdal/Laboratorium/PROJECT/extensionadminaksent/src/hook"
2026-03-01T11:19:50.450686Z  INFO get_files:scan_sources: tailwindcss_oxide::scanner: Discovering "/home/afdal/Laboratorium/PROJECT/extensionadminaksent/src/hook/requests"
2026-03-01T11:19:50.451585Z  INFO get_files:scan_sources: tailwindcss_oxide::scanner: Discovering "/home/afdal/Laboratorium/PROJECT/extensionadminaksent/src/components"
2026-03-01T11:19:50.452213Z  INFO get_files:scan_sources: tailwindcss_oxide::scanner: Discovering "/home/afdal/Laboratorium/PROJECT/extensionadminaksent/src/components/customer"
2026-03-01T11:19:50.452493Z  INFO get_files:scan_sources: tailwindcss_oxide::scanner: Discovering "/home/afdal/Laboratorium/PROJECT/extensionadminaksent/src/components/list"
2026-03-01T11:19:50.453974Z  INFO get_files:scan_sources: tailwindcss_oxide::scanner: Discovering "/home/afdal/Laboratorium/PROJECT/extensionadminaksent/src/components/toolbars"
2026-03-01T11:19:50.454987Z  INFO get_files:scan_sources: tailwindcss_oxide::scanner: Discovering "/home/afdal/Laboratorium/PROJECT/extensionadminaksent/src/theme"
2026-03-01T11:19:50.456458Z  INFO get_files:scan_sources: tailwindcss_oxide::scanner: Discovering "/home/afdal/Laboratorium/PROJECT/extensionadminaksent/src/utils"
2026-03-01T11:19:50.456773Z  INFO get_files:scan_sources: tailwindcss_oxide::scanner: Discovering "/home/afdal/Laboratorium/PROJECT/extensionadminaksent/src/databases"
2026-03-01T11:19:50.456942Z  INFO get_files:scan_sources: tailwindcss_oxide::scanner: Discovering "/home/afdal/Laboratorium/PROJECT/extensionadminaksent/src/databases/migrations"
2026-03-01T11:19:50.457144Z  INFO get_files:scan_sources: tailwindcss_oxide::scanner: Discovering "/home/afdal/Laboratorium/PROJECT/extensionadminaksent/src/databases/entities"
2026-03-01T11:19:50.460028Z  INFO get_files:scan_sources: tailwindcss_oxide::scanner: Discovering "/home/afdal/Laboratorium/PROJECT/extensionadminaksent/src/types"
2026-03-01T11:19:50.460155Z  INFO get_files:scan_sources: tailwindcss_oxide::scanner: Discovering "/home/afdal/Laboratorium/PROJECT/extensionadminaksent/src/pages"
2026-03-01T11:19:50.460220Z  INFO get_files:scan_sources: tailwindcss_oxide::scanner: Discovering "/home/afdal/Laboratorium/PROJECT/extensionadminaksent/src/pages/Customer"
2026-03-01T11:19:50.460306Z  INFO get_files:scan_sources: tailwindcss_oxide::scanner: Discovering "/home/afdal/Laboratorium/PROJECT/extensionadminaksent/src/pages/Home"
2026-03-01T11:19:50.460384Z  INFO get_files:scan_sources: tailwindcss_oxide::scanner: Discovering "/home/afdal/Laboratorium/PROJECT/extensionadminaksent/src/pages/Validation"
2026-03-01T11:19:50.460452Z  INFO get_files:scan_sources: tailwindcss_oxide::scanner: Discovering "/home/afdal/Laboratorium/PROJECT/extensionadminaksent/src/pages/Unpaid"
2026-03-01T11:19:50.460517Z  INFO get_files:scan_sources: tailwindcss_oxide::scanner: Discovering "/home/afdal/Laboratorium/PROJECT/extensionadminaksent/src/pages/Payment"
2026-03-01T11:19:50.460731Z  INFO get_files:scan_sources: tailwindcss_oxide::scanner: Discovering "/home/afdal/Laboratorium/PROJECT/extensionadminaksent/public"
2026-03-01T11:19:50.460803Z  INFO get_files:scan_sources: tailwindcss_oxide::scanner: Discovering "/home/afdal/Laboratorium/PROJECT/extensionadminaksent/public/assets"
2026-03-01T11:19:50.460995Z  INFO get_files:scan_sources: tailwindcss_oxide::scanner: Discovering "/home/afdal/Laboratorium/PROJECT/extensionadminaksent/android"
2026-03-01T11:19:50.461406Z  INFO get_files:scan_sources: tailwindcss_oxide::scanner: Discovering "/home/afdal/Laboratorium/PROJECT/extensionadminaksent/android/.kotlin"
2026-03-01T11:19:50.461463Z  INFO get_files:scan_sources: tailwindcss_oxide::scanner: Discovering "/home/afdal/Laboratorium/PROJECT/extensionadminaksent/android/.kotlin/sessions"
2026-03-01T11:19:50.461671Z  INFO get_files:scan_sources: tailwindcss_oxide::scanner: Discovering "/home/afdal/Laboratorium/PROJECT/extensionadminaksent/android/gradle"
2026-03-01T11:19:50.461736Z  INFO get_files:scan_sources: tailwindcss_oxide::scanner: Discovering "/home/afdal/Laboratorium/PROJECT/extensionadminaksent/android/gradle/wrapper"
2026-03-01T11:19:50.471129Z  INFO get_files:scan_sources: tailwindcss_oxide::scanner: Discovering "/home/afdal/Laboratorium/PROJECT/extensionadminaksent/android/app"
2026-03-01T11:19:50.471599Z  INFO get_files:scan_sources: tailwindcss_oxide::scanner: Discovering "/home/afdal/Laboratorium/PROJECT/extensionadminaksent/android/app/src"
2026-03-01T11:19:50.474193Z  INFO get_files:scan_sources: tailwindcss_oxide::scanner: Discovering "/home/afdal/Laboratorium/PROJECT/extensionadminaksent/android/app/src/main"
2026-03-01T11:19:50.477292Z  INFO get_files:scan_sources: tailwindcss_oxide::scanner: Discovering "/home/afdal/Laboratorium/PROJECT/extensionadminaksent/android/app/src/main/res"
2026-03-01T11:19:50.477743Z  INFO get_files:scan_sources: tailwindcss_oxide::scanner: Discovering "/home/afdal/Laboratorium/PROJECT/extensionadminaksent/android/app/src/main/res/drawable-land-xhdpi"
2026-03-01T11:19:50.479592Z  INFO get_files:scan_sources: tailwindcss_oxide::scanner: Discovering "/home/afdal/Laboratorium/PROJECT/extensionadminaksent/android/app/src/main/res/drawable-land-xxhdpi"
2026-03-01T11:19:50.479722Z  INFO get_files:scan_sources: tailwindcss_oxide::scanner: Discovering "/home/afdal/Laboratorium/PROJECT/extensionadminaksent/android/app/src/main/res/drawable-v24"
2026-03-01T11:19:50.479837Z  INFO get_files:scan_sources: tailwindcss_oxide::scanner: Discovering "/home/afdal/Laboratorium/PROJECT/extensionadminaksent/android/app/src/main/res/drawable-port-xxxhdpi"
2026-03-01T11:19:50.479922Z  INFO get_files:scan_sources: tailwindcss_oxide::scanner: Discovering "/home/afdal/Laboratorium/PROJECT/extensionadminaksent/android/app/src/main/res/drawable-land-xxxhdpi"
2026-03-01T11:19:50.479999Z  INFO get_files:scan_sources: tailwindcss_oxide::scanner: Discovering "/home/afdal/Laboratorium/PROJECT/extensionadminaksent/android/app/src/main/res/drawable-port-xxhdpi"
2026-03-01T11:19:50.480082Z  INFO get_files:scan_sources: tailwindcss_oxide::scanner: Discovering "/home/afdal/Laboratorium/PROJECT/extensionadminaksent/android/app/src/main/res/mipmap-hdpi"
2026-03-01T11:19:50.480173Z  INFO get_files:scan_sources: tailwindcss_oxide::scanner: Discovering "/home/afdal/Laboratorium/PROJECT/extensionadminaksent/android/app/src/main/res/drawable-land-hdpi"
2026-03-01T11:19:50.480255Z  INFO get_files:scan_sources: tailwindcss_oxide::scanner: Discovering "/home/afdal/Laboratorium/PROJECT/extensionadminaksent/android/app/src/main/res/xml"
2026-03-01T11:19:50.480356Z  INFO get_files:scan_sources: tailwindcss_oxide::scanner: Discovering "/home/afdal/Laboratorium/PROJECT/extensionadminaksent/android/app/src/main/res/mipmap-xhdpi"
2026-03-01T11:19:50.480449Z  INFO get_files:scan_sources: tailwindcss_oxide::scanner: Discovering "/home/afdal/Laboratorium/PROJECT/extensionadminaksent/android/app/src/main/res/drawable-land-mdpi"
2026-03-01T11:19:50.483412Z  INFO get_files:scan_sources: tailwindcss_oxide::scanner: Discovering "/home/afdal/Laboratorium/PROJECT/extensionadminaksent/android/app/src/main/res/drawable-port-hdpi"
2026-03-01T11:19:50.484006Z  INFO get_files:scan_sources: tailwindcss_oxide::scanner: Discovering "/home/afdal/Laboratorium/PROJECT/extensionadminaksent/android/app/src/main/res/mipmap-xxhdpi"
2026-03-01T11:19:50.489560Z  INFO get_files:scan_sources: tailwindcss_oxide::scanner: Discovering "/home/afdal/Laboratorium/PROJECT/extensionadminaksent/android/app/src/main/res/mipmap-mdpi"
2026-03-01T11:19:50.489709Z  INFO get_files:scan_sources: tailwindcss_oxide::scanner: Discovering "/home/afdal/Laboratorium/PROJECT/extensionadminaksent/android/app/src/main/res/drawable"
2026-03-01T11:19:50.489824Z  INFO get_files:scan_sources: tailwindcss_oxide::scanner: Discovering "/home/afdal/Laboratorium/PROJECT/extensionadminaksent/android/app/src/main/res/drawable-port-xhdpi"
2026-03-01T11:19:50.489910Z  INFO get_files:scan_sources: tailwindcss_oxide::scanner: Discovering "/home/afdal/Laboratorium/PROJECT/extensionadminaksent/android/app/src/main/res/mipmap-xxxhdpi"
2026-03-01T11:19:50.489998Z  INFO get_files:scan_sources: tailwindcss_oxide::scanner: Discovering "/home/afdal/Laboratorium/PROJECT/extensionadminaksent/android/app/src/main/res/layout"
2026-03-01T11:19:50.490087Z  INFO get_files:scan_sources: tailwindcss_oxide::scanner: Discovering "/home/afdal/Laboratorium/PROJECT/extensionadminaksent/android/app/src/main/res/mipmap-anydpi-v26"
2026-03-01T11:19:50.490191Z  INFO get_files:scan_sources: tailwindcss_oxide::scanner: Discovering "/home/afdal/Laboratorium/PROJECT/extensionadminaksent/android/app/src/main/res/drawable-port-mdpi"
2026-03-01T11:19:50.490283Z  INFO get_files:scan_sources: tailwindcss_oxide::scanner: Discovering "/home/afdal/Laboratorium/PROJECT/extensionadminaksent/android/app/src/main/res/values"
2026-03-01T11:19:50.490422Z  INFO get_files:scan_sources: tailwindcss_oxide::scanner: Discovering "/home/afdal/Laboratorium/PROJECT/extensionadminaksent/android/app/src/main/java"
2026-03-01T11:19:50.490488Z  INFO get_files:scan_sources: tailwindcss_oxide::scanner: Discovering "/home/afdal/Laboratorium/PROJECT/extensionadminaksent/android/app/src/main/java/io"
2026-03-01T11:19:50.490555Z  INFO get_files:scan_sources: tailwindcss_oxide::scanner: Discovering "/home/afdal/Laboratorium/PROJECT/extensionadminaksent/android/app/src/main/java/io/ionic"
2026-03-01T11:19:50.490627Z  INFO get_files:scan_sources: tailwindcss_oxide::scanner: Discovering "/home/afdal/Laboratorium/PROJECT/extensionadminaksent/android/app/src/main/java/io/ionic/starter"
2026-03-01T11:19:50.490746Z  INFO get_files:scan_sources: tailwindcss_oxide::scanner: Discovering "/home/afdal/Laboratorium/PROJECT/extensionadminaksent/android/app/src/main/assets"
2026-03-01T11:19:50.490922Z  INFO get_files:scan_sources: tailwindcss_oxide::scanner: Discovering "/home/afdal/Laboratorium/PROJECT/extensionadminaksent/android/app/src/androidTest"
2026-03-01T11:19:50.490998Z  INFO get_files:scan_sources: tailwindcss_oxide::scanner: Discovering "/home/afdal/Laboratorium/PROJECT/extensionadminaksent/android/app/src/androidTest/java"
2026-03-01T11:19:50.491070Z  INFO get_files:scan_sources: tailwindcss_oxide::scanner: Discovering "/home/afdal/Laboratorium/PROJECT/extensionadminaksent/android/app/src/androidTest/java/com"
2026-03-01T11:19:50.491143Z  INFO get_files:scan_sources: tailwindcss_oxide::scanner: Discovering "/home/afdal/Laboratorium/PROJECT/extensionadminaksent/android/app/src/androidTest/java/com/getcapacitor"
2026-03-01T11:19:50.491214Z  INFO get_files:scan_sources: tailwindcss_oxide::scanner: Discovering "/home/afdal/Laboratorium/PROJECT/extensionadminaksent/android/app/src/androidTest/java/com/getcapacitor/myapp"
2026-03-01T11:19:50.491345Z  INFO get_files:scan_sources: tailwindcss_oxide::scanner: Discovering "/home/afdal/Laboratorium/PROJECT/extensionadminaksent/android/app/src/test"
2026-03-01T11:19:50.491415Z  INFO get_files:scan_sources: tailwindcss_oxide::scanner: Discovering "/home/afdal/Laboratorium/PROJECT/extensionadminaksent/android/app/src/test/java"
2026-03-01T11:19:50.491480Z  INFO get_files:scan_sources: tailwindcss_oxide::scanner: Discovering "/home/afdal/Laboratorium/PROJECT/extensionadminaksent/android/app/src/test/java/com"
2026-03-01T11:19:50.491549Z  INFO get_files:scan_sources: tailwindcss_oxide::scanner: Discovering "/home/afdal/Laboratorium/PROJECT/extensionadminaksent/android/app/src/test/java/com/getcapacitor"
2026-03-01T11:19:50.491624Z  INFO get_files:scan_sources: tailwindcss_oxide::scanner: Discovering "/home/afdal/Laboratorium/PROJECT/extensionadminaksent/android/app/src/test/java/com/getcapacitor/myapp"
2026-03-01T11:19:50.502352Z  INFO get_files:scan_sources: tailwindcss_oxide::scanner: exit
2026-03-01T11:19:50.508534Z  INFO get_files: tailwindcss_oxide::scanner: exit
2026-03-01T11:19:50.510021Z  INFO get_globs: tailwindcss_oxide::scanner: enter
2026-03-01T11:19:50.511465Z  INFO get_globs: tailwindcss_oxide::scanner: exit
2026-03-01T11:20:14.188113Z  INFO scan_sources: tailwindcss_oxide::scanner: enter
2026-03-01T11:20:14.190266Z  INFO scan_sources: tailwindcss_oxide::scanner: Discovering "/home/afdal/Laboratorium/PROJECT/extensionadminaksent/scripts"
2026-03-01T11:20:14.190417Z  INFO scan_sources: tailwindcss_oxide::scanner: Discovering "/home/afdal/Laboratorium/PROJECT/extensionadminaksent/cypress"
2026-03-01T11:20:14.190498Z  INFO scan_sources: tailwindcss_oxide::scanner: Discovering "/home/afdal/Laboratorium/PROJECT/extensionadminaksent/cypress/fixtures"
2026-03-01T11:20:14.190601Z  INFO scan_sources: tailwindcss_oxide::scanner: Discovering "/home/afdal/Laboratorium/PROJECT/extensionadminaksent/cypress/e2e"
2026-03-01T11:20:14.190709Z  INFO scan_sources: tailwindcss_oxide::scanner: Discovering "/home/afdal/Laboratorium/PROJECT/extensionadminaksent/cypress/support"
2026-03-01T11:20:14.190834Z  INFO scan_sources: tailwindcss_oxide::scanner: Discovering "/home/afdal/Laboratorium/PROJECT/extensionadminaksent/.vscode"
2026-03-01T11:20:14.191011Z  INFO scan_sources: tailwindcss_oxide::scanner: Discovering "/home/afdal/Laboratorium/PROJECT/extensionadminaksent/src"
2026-03-01T11:20:14.191082Z  INFO scan_sources: tailwindcss_oxide::scanner: Discovering "/home/afdal/Laboratorium/PROJECT/extensionadminaksent/src/hook"
2026-03-01T11:20:14.191150Z  INFO scan_sources: tailwindcss_oxide::scanner: Discovering "/home/afdal/Laboratorium/PROJECT/extensionadminaksent/src/hook/requests"
2026-03-01T11:20:14.191247Z  INFO scan_sources: tailwindcss_oxide::scanner: Discovering "/home/afdal/Laboratorium/PROJECT/extensionadminaksent/src/components"
2026-03-01T11:20:14.191330Z  INFO scan_sources: tailwindcss_oxide::scanner: Discovering "/home/afdal/Laboratorium/PROJECT/extensionadminaksent/src/components/customer"
2026-03-01T11:20:14.191414Z  INFO scan_sources: tailwindcss_oxide::scanner: Discovering "/home/afdal/Laboratorium/PROJECT/extensionadminaksent/src/components/list"
2026-03-01T11:20:14.191510Z  INFO scan_sources: tailwindcss_oxide::scanner: Discovering "/home/afdal/Laboratorium/PROJECT/extensionadminaksent/src/components/toolbars"
2026-03-01T11:20:14.191610Z  INFO scan_sources: tailwindcss_oxide::scanner: Discovering "/home/afdal/Laboratorium/PROJECT/extensionadminaksent/src/theme"
2026-03-01T11:20:14.191725Z  INFO scan_sources: tailwindcss_oxide::scanner: Discovering "/home/afdal/Laboratorium/PROJECT/extensionadminaksent/src/utils"
2026-03-01T11:20:14.193842Z  INFO scan_sources: tailwindcss_oxide::scanner: Discovering "/home/afdal/Laboratorium/PROJECT/extensionadminaksent/src/databases"
2026-03-01T11:20:14.194303Z  INFO scan_sources: tailwindcss_oxide::scanner: Discovering "/home/afdal/Laboratorium/PROJECT/extensionadminaksent/src/databases/migrations"
2026-03-01T11:20:14.194773Z  INFO scan_sources: tailwindcss_oxide::scanner: Discovering "/home/afdal/Laboratorium/PROJECT/extensionadminaksent/src/databases/entities"
2026-03-01T11:20:14.195285Z  INFO scan_sources: tailwindcss_oxide::scanner: Discovering "/home/afdal/Laboratorium/PROJECT/extensionadminaksent/src/types"
2026-03-01T11:20:14.195748Z  INFO scan_sources: tailwindcss_oxide::scanner: Discovering "/home/afdal/Laboratorium/PROJECT/extensionadminaksent/src/pages"
2026-03-01T11:20:14.196177Z  INFO scan_sources: tailwindcss_oxide::scanner: Discovering "/home/afdal/Laboratorium/PROJECT/extensionadminaksent/src/pages/Customer"
2026-03-01T11:20:14.196582Z  INFO scan_sources: tailwindcss_oxide::scanner: Discovering "/home/afdal/Laboratorium/PROJECT/extensionadminaksent/src/pages/Customer/Customer.tsx"
2026-03-01T11:20:14.196972Z  INFO scan_sources: tailwindcss_oxide::scanner: Discovering "/home/afdal/Laboratorium/PROJECT/extensionadminaksent/src/pages/Home"
2026-03-01T11:20:14.197366Z  INFO scan_sources: tailwindcss_oxide::scanner: Discovering "/home/afdal/Laboratorium/PROJECT/extensionadminaksent/src/pages/Validation"
2026-03-01T11:20:14.197741Z  INFO scan_sources: tailwindcss_oxide::scanner: Discovering "/home/afdal/Laboratorium/PROJECT/extensionadminaksent/src/pages/Unpaid"
2026-03-01T11:20:14.198139Z  INFO scan_sources: tailwindcss_oxide::scanner: Discovering "/home/afdal/Laboratorium/PROJECT/extensionadminaksent/src/pages/Payment"
2026-03-01T11:20:14.198692Z  INFO scan_sources: tailwindcss_oxide::scanner: Discovering "/home/afdal/Laboratorium/PROJECT/extensionadminaksent/public"
2026-03-01T11:20:14.199370Z  INFO scan_sources: tailwindcss_oxide::scanner: Discovering "/home/afdal/Laboratorium/PROJECT/extensionadminaksent/public/assets"
2026-03-01T11:20:14.200099Z  INFO scan_sources: tailwindcss_oxide::scanner: Discovering "/home/afdal/Laboratorium/PROJECT/extensionadminaksent/android"
2026-03-01T11:20:14.201852Z  INFO scan_sources: tailwindcss_oxide::scanner: Discovering "/home/afdal/Laboratorium/PROJECT/extensionadminaksent/android/.kotlin"
2026-03-01T11:20:14.202175Z  INFO scan_sources: tailwindcss_oxide::scanner: Discovering "/home/afdal/Laboratorium/PROJECT/extensionadminaksent/android/.kotlin/sessions"
2026-03-01T11:20:14.202421Z  INFO scan_sources: tailwindcss_oxide::scanner: Discovering "/home/afdal/Laboratorium/PROJECT/extensionadminaksent/android/gradle"
2026-03-01T11:20:14.202486Z  INFO scan_sources: tailwindcss_oxide::scanner: Discovering "/home/afdal/Laboratorium/PROJECT/extensionadminaksent/android/gradle/wrapper"
2026-03-01T11:20:14.202607Z  INFO scan_sources: tailwindcss_oxide::scanner: Discovering "/home/afdal/Laboratorium/PROJECT/extensionadminaksent/android/app"
2026-03-01T11:20:14.202796Z  INFO scan_sources: tailwindcss_oxide::scanner: Discovering "/home/afdal/Laboratorium/PROJECT/extensionadminaksent/android/app/src"
2026-03-01T11:20:14.203280Z  INFO scan_sources: tailwindcss_oxide::scanner: Discovering "/home/afdal/Laboratorium/PROJECT/extensionadminaksent/android/app/src/main"
2026-03-01T11:20:14.203880Z  INFO scan_sources: tailwindcss_oxide::scanner: Discovering "/home/afdal/Laboratorium/PROJECT/extensionadminaksent/android/app/src/main/res"
2026-03-01T11:20:14.204713Z  INFO scan_sources: tailwindcss_oxide::scanner: Discovering "/home/afdal/Laboratorium/PROJECT/extensionadminaksent/android/app/src/main/res/drawable-land-xhdpi"
2026-03-01T11:20:14.205230Z  INFO scan_sources: tailwindcss_oxide::scanner: Discovering "/home/afdal/Laboratorium/PROJECT/extensionadminaksent/android/app/src/main/res/drawable-land-xxhdpi"
2026-03-01T11:20:14.205353Z  INFO scan_sources: tailwindcss_oxide::scanner: Discovering "/home/afdal/Laboratorium/PROJECT/extensionadminaksent/android/app/src/main/res/drawable-v24"
2026-03-01T11:20:14.205455Z  INFO scan_sources: tailwindcss_oxide::scanner: Discovering "/home/afdal/Laboratorium/PROJECT/extensionadminaksent/android/app/src/main/res/drawable-port-xxxhdpi"
2026-03-01T11:20:14.205535Z  INFO scan_sources: tailwindcss_oxide::scanner: Discovering "/home/afdal/Laboratorium/PROJECT/extensionadminaksent/android/app/src/main/res/drawable-land-xxxhdpi"
2026-03-01T11:20:14.205611Z  INFO scan_sources: tailwindcss_oxide::scanner: Discovering "/home/afdal/Laboratorium/PROJECT/extensionadminaksent/android/app/src/main/res/drawable-port-xxhdpi"
2026-03-01T11:20:14.205688Z  INFO scan_sources: tailwindcss_oxide::scanner: Discovering "/home/afdal/Laboratorium/PROJECT/extensionadminaksent/android/app/src/main/res/mipmap-hdpi"
2026-03-01T11:20:14.205779Z  INFO scan_sources: tailwindcss_oxide::scanner: Discovering "/home/afdal/Laboratorium/PROJECT/extensionadminaksent/android/app/src/main/res/drawable-land-hdpi"
2026-03-01T11:20:14.205879Z  INFO scan_sources: tailwindcss_oxide::scanner: Discovering "/home/afdal/Laboratorium/PROJECT/extensionadminaksent/android/app/src/main/res/xml"
2026-03-01T11:20:14.205999Z  INFO scan_sources: tailwindcss_oxide::scanner: Discovering "/home/afdal/Laboratorium/PROJECT/extensionadminaksent/android/app/src/main/res/mipmap-xhdpi"
2026-03-01T11:20:14.206111Z  INFO scan_sources: tailwindcss_oxide::scanner: Discovering "/home/afdal/Laboratorium/PROJECT/extensionadminaksent/android/app/src/main/res/drawable-land-mdpi"
2026-03-01T11:20:14.206204Z  INFO scan_sources: tailwindcss_oxide::scanner: Discovering "/home/afdal/Laboratorium/PROJECT/extensionadminaksent/android/app/src/main/res/drawable-port-hdpi"
2026-03-01T11:20:14.206275Z  INFO scan_sources: tailwindcss_oxide::scanner: Discovering "/home/afdal/Laboratorium/PROJECT/extensionadminaksent/android/app/src/main/res/mipmap-xxhdpi"
2026-03-01T11:20:14.206362Z  INFO scan_sources: tailwindcss_oxide::scanner: Discovering "/home/afdal/Laboratorium/PROJECT/extensionadminaksent/android/app/src/main/res/mipmap-mdpi"
2026-03-01T11:20:14.206450Z  INFO scan_sources: tailwindcss_oxide::scanner: Discovering "/home/afdal/Laboratorium/PROJECT/extensionadminaksent/android/app/src/main/res/drawable"
2026-03-01T11:20:14.206557Z  INFO scan_sources: tailwindcss_oxide::scanner: Discovering "/home/afdal/Laboratorium/PROJECT/extensionadminaksent/android/app/src/main/res/drawable-port-xhdpi"
2026-03-01T11:20:14.206639Z  INFO scan_sources: tailwindcss_oxide::scanner: Discovering "/home/afdal/Laboratorium/PROJECT/extensionadminaksent/android/app/src/main/res/mipmap-xxxhdpi"
2026-03-01T11:20:14.206720Z  INFO scan_sources: tailwindcss_oxide::scanner: Discovering "/home/afdal/Laboratorium/PROJECT/extensionadminaksent/android/app/src/main/res/layout"
2026-03-01T11:20:14.206806Z  INFO scan_sources: tailwindcss_oxide::scanner: Discovering "/home/afdal/Laboratorium/PROJECT/extensionadminaksent/android/app/src/main/res/mipmap-anydpi-v26"
2026-03-01T11:20:14.207633Z  INFO scan_sources: tailwindcss_oxide::scanner: Discovering "/home/afdal/Laboratorium/PROJECT/extensionadminaksent/android/app/src/main/res/drawable-port-mdpi"
2026-03-01T11:20:14.208044Z  INFO scan_sources: tailwindcss_oxide::scanner: Discovering "/home/afdal/Laboratorium/PROJECT/extensionadminaksent/android/app/src/main/res/values"
2026-03-01T11:20:14.208472Z  INFO scan_sources: tailwindcss_oxide::scanner: Discovering "/home/afdal/Laboratorium/PROJECT/extensionadminaksent/android/app/src/main/java"
2026-03-01T11:20:14.208836Z  INFO scan_sources: tailwindcss_oxide::scanner: Discovering "/home/afdal/Laboratorium/PROJECT/extensionadminaksent/android/app/src/main/java/io"
2026-03-01T11:20:14.209170Z  INFO scan_sources: tailwindcss_oxide::scanner: Discovering "/home/afdal/Laboratorium/PROJECT/extensionadminaksent/android/app/src/main/java/io/ionic"
2026-03-01T11:20:14.209446Z  INFO scan_sources: tailwindcss_oxide::scanner: Discovering "/home/afdal/Laboratorium/PROJECT/extensionadminaksent/android/app/src/main/java/io/ionic/starter"
2026-03-01T11:20:14.209781Z  INFO scan_sources: tailwindcss_oxide::scanner: Discovering "/home/afdal/Laboratorium/PROJECT/extensionadminaksent/android/app/src/main/assets"
2026-03-01T11:20:14.210161Z  INFO scan_sources: tailwindcss_oxide::scanner: Discovering "/home/afdal/Laboratorium/PROJECT/extensionadminaksent/android/app/src/androidTest"
2026-03-01T11:20:14.210459Z  INFO scan_sources: tailwindcss_oxide::scanner: Discovering "/home/afdal/Laboratorium/PROJECT/extensionadminaksent/android/app/src/androidTest/java"
2026-03-01T11:20:14.210713Z  INFO scan_sources: tailwindcss_oxide::scanner: Discovering "/home/afdal/Laboratorium/PROJECT/extensionadminaksent/android/app/src/androidTest/java/com"
2026-03-01T11:20:14.211050Z  INFO scan_sources: tailwindcss_oxide::scanner: Discovering "/home/afdal/Laboratorium/PROJECT/extensionadminaksent/android/app/src/androidTest/java/com/getcapacitor"
2026-03-01T11:20:14.211253Z  INFO scan_sources: tailwindcss_oxide::scanner: Discovering "/home/afdal/Laboratorium/PROJECT/extensionadminaksent/android/app/src/androidTest/java/com/getcapacitor/myapp"
2026-03-01T11:20:14.211789Z  INFO scan_sources: tailwindcss_oxide::scanner: Discovering "/home/afdal/Laboratorium/PROJECT/extensionadminaksent/android/app/src/test"
2026-03-01T11:20:14.212146Z  INFO scan_sources: tailwindcss_oxide::scanner: Discovering "/home/afdal/Laboratorium/PROJECT/extensionadminaksent/android/app/src/test/java"
2026-03-01T11:20:14.212512Z  INFO scan_sources: tailwindcss_oxide::scanner: Discovering "/home/afdal/Laboratorium/PROJECT/extensionadminaksent/android/app/src/test/java/com"
2026-03-01T11:20:14.212882Z  INFO scan_sources: tailwindcss_oxide::scanner: Discovering "/home/afdal/Laboratorium/PROJECT/extensionadminaksent/android/app/src/test/java/com/getcapacitor"
2026-03-01T11:20:14.213071Z  INFO scan_sources: tailwindcss_oxide::scanner: Discovering "/home/afdal/Laboratorium/PROJECT/extensionadminaksent/android/app/src/test/java/com/getcapacitor/myapp"
2026-03-01T11:20:14.214024Z  INFO scan_sources: tailwindcss_oxide::scanner: exit
2026-03-01T11:20:14.214366Z  INFO extract_candidates: tailwindcss_oxide::scanner: enter
2026-03-01T11:20:14.214646Z  INFO extract_candidates:read_all_files: tailwindcss_oxide::scanner: enter
2026-03-01T11:20:14.214931Z  INFO extract_candidates:read_all_files: tailwindcss_oxide::scanner: Reading 1 file(s)
2026-03-01T11:20:14.215134Z  INFO extract_candidates:read_all_files: tailwindcss_oxide::scanner: Reading "/home/afdal/Laboratorium/PROJECT/extensionadminaksent/src/pages/Customer/Customer.tsx"
2026-03-01T11:20:14.215416Z  INFO extract_candidates:read_all_files: tailwindcss_oxide::scanner: exit
2026-03-01T11:20:14.215516Z  INFO extract_candidates:parse_all_blobs: tailwindcss_oxide::scanner: enter
2026-03-01T11:20:14.215730Z  INFO extract_candidates:parse_all_blobs:extract: tailwindcss_oxide::scanner: enter
2026-03-01T11:20:14.216006Z  INFO extract_candidates:parse_all_blobs:extract: tailwindcss_oxide::scanner: exit
2026-03-01T11:20:14.216121Z  INFO extract_candidates:parse_all_blobs: tailwindcss_oxide::scanner: exit
2026-03-01T11:20:14.216361Z  INFO extract_candidates: tailwindcss_oxide::scanner: exit
2026-03-01T11:20:14.219082Z  INFO get_files: tailwindcss_oxide::scanner: enter
2026-03-01T11:20:14.219508Z  INFO get_files:scan_sources: tailwindcss_oxide::scanner: enter
2026-03-01T11:20:14.220829Z  INFO get_files:scan_sources: tailwindcss_oxide::scanner: Discovering "/home/afdal/Laboratorium/PROJECT/extensionadminaksent/scripts"
2026-03-01T11:20:14.221381Z  INFO get_files:scan_sources: tailwindcss_oxide::scanner: Discovering "/home/afdal/Laboratorium/PROJECT/extensionadminaksent/cypress"
2026-03-01T11:20:14.221479Z  INFO get_files:scan_sources: tailwindcss_oxide::scanner: Discovering "/home/afdal/Laboratorium/PROJECT/extensionadminaksent/cypress/fixtures"
2026-03-01T11:20:14.221572Z  INFO get_files:scan_sources: tailwindcss_oxide::scanner: Discovering "/home/afdal/Laboratorium/PROJECT/extensionadminaksent/cypress/e2e"
2026-03-01T11:20:14.221673Z  INFO get_files:scan_sources: tailwindcss_oxide::scanner: Discovering "/home/afdal/Laboratorium/PROJECT/extensionadminaksent/cypress/support"
2026-03-01T11:20:14.221802Z  INFO get_files:scan_sources: tailwindcss_oxide::scanner: Discovering "/home/afdal/Laboratorium/PROJECT/extensionadminaksent/.vscode"
2026-03-01T11:20:14.221987Z  INFO get_files:scan_sources: tailwindcss_oxide::scanner: Discovering "/home/afdal/Laboratorium/PROJECT/extensionadminaksent/src"
2026-03-01T11:20:14.222061Z  INFO get_files:scan_sources: tailwindcss_oxide::scanner: Discovering "/home/afdal/Laboratorium/PROJECT/extensionadminaksent/src/hook"
2026-03-01T11:20:14.222136Z  INFO get_files:scan_sources: tailwindcss_oxide::scanner: Discovering "/home/afdal/Laboratorium/PROJECT/extensionadminaksent/src/hook/requests"
2026-03-01T11:20:14.222240Z  INFO get_files:scan_sources: tailwindcss_oxide::scanner: Discovering "/home/afdal/Laboratorium/PROJECT/extensionadminaksent/src/components"
2026-03-01T11:20:14.222326Z  INFO get_files:scan_sources: tailwindcss_oxide::scanner: Discovering "/home/afdal/Laboratorium/PROJECT/extensionadminaksent/src/components/customer"
2026-03-01T11:20:14.222429Z  INFO get_files:scan_sources: tailwindcss_oxide::scanner: Discovering "/home/afdal/Laboratorium/PROJECT/extensionadminaksent/src/components/list"
2026-03-01T11:20:14.222534Z  INFO get_files:scan_sources: tailwindcss_oxide::scanner: Discovering "/home/afdal/Laboratorium/PROJECT/extensionadminaksent/src/components/toolbars"
2026-03-01T11:20:14.222639Z  INFO get_files:scan_sources: tailwindcss_oxide::scanner: Discovering "/home/afdal/Laboratorium/PROJECT/extensionadminaksent/src/theme"
2026-03-01T11:20:14.222757Z  INFO get_files:scan_sources: tailwindcss_oxide::scanner: Discovering "/home/afdal/Laboratorium/PROJECT/extensionadminaksent/src/utils"
2026-03-01T11:20:14.223213Z  INFO get_files:scan_sources: tailwindcss_oxide::scanner: Discovering "/home/afdal/Laboratorium/PROJECT/extensionadminaksent/src/databases"
2026-03-01T11:20:14.223533Z  INFO get_files:scan_sources: tailwindcss_oxide::scanner: Discovering "/home/afdal/Laboratorium/PROJECT/extensionadminaksent/src/databases/migrations"
2026-03-01T11:20:14.223885Z  INFO get_files:scan_sources: tailwindcss_oxide::scanner: Discovering "/home/afdal/Laboratorium/PROJECT/extensionadminaksent/src/databases/entities"
2026-03-01T11:20:14.224271Z  INFO get_files:scan_sources: tailwindcss_oxide::scanner: Discovering "/home/afdal/Laboratorium/PROJECT/extensionadminaksent/src/types"
2026-03-01T11:20:14.224566Z  INFO get_files:scan_sources: tailwindcss_oxide::scanner: Discovering "/home/afdal/Laboratorium/PROJECT/extensionadminaksent/src/pages"
2026-03-01T11:20:14.224853Z  INFO get_files:scan_sources: tailwindcss_oxide::scanner: Discovering "/home/afdal/Laboratorium/PROJECT/extensionadminaksent/src/pages/Customer"
2026-03-01T11:20:14.225217Z  INFO get_files:scan_sources: tailwindcss_oxide::scanner: Discovering "/home/afdal/Laboratorium/PROJECT/extensionadminaksent/src/pages/Home"
2026-03-01T11:20:14.225870Z  INFO get_files:scan_sources: tailwindcss_oxide::scanner: Discovering "/home/afdal/Laboratorium/PROJECT/extensionadminaksent/src/pages/Validation"
2026-03-01T11:20:14.226236Z  INFO get_files:scan_sources: tailwindcss_oxide::scanner: Discovering "/home/afdal/Laboratorium/PROJECT/extensionadminaksent/src/pages/Unpaid"
2026-03-01T11:20:14.226588Z  INFO get_files:scan_sources: tailwindcss_oxide::scanner: Discovering "/home/afdal/Laboratorium/PROJECT/extensionadminaksent/src/pages/Payment"
2026-03-01T11:20:14.227135Z  INFO get_files:scan_sources: tailwindcss_oxide::scanner: Discovering "/home/afdal/Laboratorium/PROJECT/extensionadminaksent/public"
2026-03-01T11:20:14.227507Z  INFO get_files:scan_sources: tailwindcss_oxide::scanner: Discovering "/home/afdal/Laboratorium/PROJECT/extensionadminaksent/public/assets"
2026-03-01T11:20:14.228039Z  INFO get_files:scan_sources: tailwindcss_oxide::scanner: Discovering "/home/afdal/Laboratorium/PROJECT/extensionadminaksent/android"
2026-03-01T11:20:14.228702Z  INFO get_files:scan_sources: tailwindcss_oxide::scanner: Discovering "/home/afdal/Laboratorium/PROJECT/extensionadminaksent/android/.kotlin"
2026-03-01T11:20:14.229071Z  INFO get_files:scan_sources: tailwindcss_oxide::scanner: Discovering "/home/afdal/Laboratorium/PROJECT/extensionadminaksent/android/.kotlin/sessions"
2026-03-01T11:20:14.229523Z  INFO get_files:scan_sources: tailwindcss_oxide::scanner: Discovering "/home/afdal/Laboratorium/PROJECT/extensionadminaksent/android/gradle"
2026-03-01T11:20:14.229839Z  INFO get_files:scan_sources: tailwindcss_oxide::scanner: Discovering "/home/afdal/Laboratorium/PROJECT/extensionadminaksent/android/gradle/wrapper"
2026-03-01T11:20:14.230190Z  INFO get_files:scan_sources: tailwindcss_oxide::scanner: Discovering "/home/afdal/Laboratorium/PROJECT/extensionadminaksent/android/app"
2026-03-01T11:20:14.230677Z  INFO get_files:scan_sources: tailwindcss_oxide::scanner: Discovering "/home/afdal/Laboratorium/PROJECT/extensionadminaksent/android/app/src"
2026-03-01T11:20:14.231135Z  INFO get_files:scan_sources: tailwindcss_oxide::scanner: Discovering "/home/afdal/Laboratorium/PROJECT/extensionadminaksent/android/app/src/main"
2026-03-01T11:20:14.231538Z  INFO get_files:scan_sources: tailwindcss_oxide::scanner: Discovering "/home/afdal/Laboratorium/PROJECT/extensionadminaksent/android/app/src/main/res"
2026-03-01T11:20:14.231929Z  INFO get_files:scan_sources: tailwindcss_oxide::scanner: Discovering "/home/afdal/Laboratorium/PROJECT/extensionadminaksent/android/app/src/main/res/drawable-land-xhdpi"
2026-03-01T11:20:14.232284Z  INFO get_files:scan_sources: tailwindcss_oxide::scanner: Discovering "/home/afdal/Laboratorium/PROJECT/extensionadminaksent/android/app/src/main/res/drawable-land-xxhdpi"
2026-03-01T11:20:14.232594Z  INFO get_files:scan_sources: tailwindcss_oxide::scanner: Discovering "/home/afdal/Laboratorium/PROJECT/extensionadminaksent/android/app/src/main/res/drawable-v24"
2026-03-01T11:20:14.232705Z  INFO get_files:scan_sources: tailwindcss_oxide::scanner: Discovering "/home/afdal/Laboratorium/PROJECT/extensionadminaksent/android/app/src/main/res/drawable-port-xxxhdpi"
2026-03-01T11:20:14.232785Z  INFO get_files:scan_sources: tailwindcss_oxide::scanner: Discovering "/home/afdal/Laboratorium/PROJECT/extensionadminaksent/android/app/src/main/res/drawable-land-xxxhdpi"
2026-03-01T11:20:14.233246Z  INFO get_files:scan_sources: tailwindcss_oxide::scanner: Discovering "/home/afdal/Laboratorium/PROJECT/extensionadminaksent/android/app/src/main/res/drawable-port-xxhdpi"
2026-03-01T11:20:14.233575Z  INFO get_files:scan_sources: tailwindcss_oxide::scanner: Discovering "/home/afdal/Laboratorium/PROJECT/extensionadminaksent/android/app/src/main/res/mipmap-hdpi"
2026-03-01T11:20:14.233876Z  INFO get_files:scan_sources: tailwindcss_oxide::scanner: Discovering "/home/afdal/Laboratorium/PROJECT/extensionadminaksent/android/app/src/main/res/drawable-land-hdpi"
2026-03-01T11:20:14.234177Z  INFO get_files:scan_sources: tailwindcss_oxide::scanner: Discovering "/home/afdal/Laboratorium/PROJECT/extensionadminaksent/android/app/src/main/res/xml"
2026-03-01T11:20:14.234503Z  INFO get_files:scan_sources: tailwindcss_oxide::scanner: Discovering "/home/afdal/Laboratorium/PROJECT/extensionadminaksent/android/app/src/main/res/mipmap-xhdpi"
2026-03-01T11:20:14.234844Z  INFO get_files:scan_sources: tailwindcss_oxide::scanner: Discovering "/home/afdal/Laboratorium/PROJECT/extensionadminaksent/android/app/src/main/res/drawable-land-mdpi"
2026-03-01T11:20:14.235154Z  INFO get_files:scan_sources: tailwindcss_oxide::scanner: Discovering "/home/afdal/Laboratorium/PROJECT/extensionadminaksent/android/app/src/main/res/drawable-port-hdpi"
2026-03-01T11:20:14.235246Z  INFO get_files:scan_sources: tailwindcss_oxide::scanner: Discovering "/home/afdal/Laboratorium/PROJECT/extensionadminaksent/android/app/src/main/res/mipmap-xxhdpi"
2026-03-01T11:20:14.235335Z  INFO get_files:scan_sources: tailwindcss_oxide::scanner: Discovering "/home/afdal/Laboratorium/PROJECT/extensionadminaksent/android/app/src/main/res/mipmap-mdpi"
2026-03-01T11:20:14.235423Z  INFO get_files:scan_sources: tailwindcss_oxide::scanner: Discovering "/home/afdal/Laboratorium/PROJECT/extensionadminaksent/android/app/src/main/res/drawable"
2026-03-01T11:20:14.235521Z  INFO get_files:scan_sources: tailwindcss_oxide::scanner: Discovering "/home/afdal/Laboratorium/PROJECT/extensionadminaksent/android/app/src/main/res/drawable-port-xhdpi"
2026-03-01T11:20:14.235600Z  INFO get_files:scan_sources: tailwindcss_oxide::scanner: Discovering "/home/afdal/Laboratorium/PROJECT/extensionadminaksent/android/app/src/main/res/mipmap-xxxhdpi"
2026-03-01T11:20:14.235687Z  INFO get_files:scan_sources: tailwindcss_oxide::scanner: Discovering "/home/afdal/Laboratorium/PROJECT/extensionadminaksent/android/app/src/main/res/layout"
2026-03-01T11:20:14.235784Z  INFO get_files:scan_sources: tailwindcss_oxide::scanner: Discovering "/home/afdal/Laboratorium/PROJECT/extensionadminaksent/android/app/src/main/res/mipmap-anydpi-v26"
2026-03-01T11:20:14.235915Z  INFO get_files:scan_sources: tailwindcss_oxide::scanner: Discovering "/home/afdal/Laboratorium/PROJECT/extensionadminaksent/android/app/src/main/res/drawable-port-mdpi"
2026-03-01T11:20:14.236010Z  INFO get_files:scan_sources: tailwindcss_oxide::scanner: Discovering "/home/afdal/Laboratorium/PROJECT/extensionadminaksent/android/app/src/main/res/values"
2026-03-01T11:20:14.236151Z  INFO get_files:scan_sources: tailwindcss_oxide::scanner: Discovering "/home/afdal/Laboratorium/PROJECT/extensionadminaksent/android/app/src/main/java"
2026-03-01T11:20:14.236220Z  INFO get_files:scan_sources: tailwindcss_oxide::scanner: Discovering "/home/afdal/Laboratorium/PROJECT/extensionadminaksent/android/app/src/main/java/io"
2026-03-01T11:20:14.236286Z  INFO get_files:scan_sources: tailwindcss_oxide::scanner: Discovering "/home/afdal/Laboratorium/PROJECT/extensionadminaksent/android/app/src/main/java/io/ionic"
2026-03-01T11:20:14.236370Z  INFO get_files:scan_sources: tailwindcss_oxide::scanner: Discovering "/home/afdal/Laboratorium/PROJECT/extensionadminaksent/android/app/src/main/java/io/ionic/starter"
2026-03-01T11:20:14.236495Z  INFO get_files:scan_sources: tailwindcss_oxide::scanner: Discovering "/home/afdal/Laboratorium/PROJECT/extensionadminaksent/android/app/src/main/assets"
2026-03-01T11:20:14.236650Z  INFO get_files:scan_sources: tailwindcss_oxide::scanner: Discovering "/home/afdal/Laboratorium/PROJECT/extensionadminaksent/android/app/src/androidTest"
2026-03-01T11:20:14.236742Z  INFO get_files:scan_sources: tailwindcss_oxide::scanner: Discovering "/home/afdal/Laboratorium/PROJECT/extensionadminaksent/android/app/src/androidTest/java"
2026-03-01T11:20:14.236828Z  INFO get_files:scan_sources: tailwindcss_oxide::scanner: Discovering "/home/afdal/Laboratorium/PROJECT/extensionadminaksent/android/app/src/androidTest/java/com"
2026-03-01T11:20:14.236918Z  INFO get_files:scan_sources: tailwindcss_oxide::scanner: Discovering "/home/afdal/Laboratorium/PROJECT/extensionadminaksent/android/app/src/androidTest/java/com/getcapacitor"
2026-03-01T11:20:14.237002Z  INFO get_files:scan_sources: tailwindcss_oxide::scanner: Discovering "/home/afdal/Laboratorium/PROJECT/extensionadminaksent/android/app/src/androidTest/java/com/getcapacitor/myapp"
2026-03-01T11:20:14.237141Z  INFO get_files:scan_sources: tailwindcss_oxide::scanner: Discovering "/home/afdal/Laboratorium/PROJECT/extensionadminaksent/android/app/src/test"
2026-03-01T11:20:14.237222Z  INFO get_files:scan_sources: tailwindcss_oxide::scanner: Discovering "/home/afdal/Laboratorium/PROJECT/extensionadminaksent/android/app/src/test/java"
2026-03-01T11:20:14.237301Z  INFO get_files:scan_sources: tailwindcss_oxide::scanner: Discovering "/home/afdal/Laboratorium/PROJECT/extensionadminaksent/android/app/src/test/java/com"
2026-03-01T11:20:14.237383Z  INFO get_files:scan_sources: tailwindcss_oxide::scanner: Discovering "/home/afdal/Laboratorium/PROJECT/extensionadminaksent/android/app/src/test/java/com/getcapacitor"
2026-03-01T11:20:14.237466Z  INFO get_files:scan_sources: tailwindcss_oxide::scanner: Discovering "/home/afdal/Laboratorium/PROJECT/extensionadminaksent/android/app/src/test/java/com/getcapacitor/myapp"
2026-03-01T11:20:14.237989Z  INFO get_files:scan_sources: tailwindcss_oxide::scanner: exit
2026-03-01T11:20:14.238348Z  INFO get_files: tailwindcss_oxide::scanner: exit
2026-03-01T11:20:14.238833Z  INFO get_globs: tailwindcss_oxide::scanner: enter
2026-03-01T11:20:14.238873Z  INFO get_globs: tailwindcss_oxide::scanner: exit
2026-03-01T11:20:33.615133Z  INFO scan_sources: tailwindcss_oxide::scanner: enter
2026-03-01T11:20:33.616642Z  INFO scan_sources: tailwindcss_oxide::scanner: Discovering "/home/afdal/Laboratorium/PROJECT/extensionadminaksent/scripts"
2026-03-01T11:20:33.616815Z  INFO scan_sources: tailwindcss_oxide::scanner: Discovering "/home/afdal/Laboratorium/PROJECT/extensionadminaksent/cypress"
2026-03-01T11:20:33.616904Z  INFO scan_sources: tailwindcss_oxide::scanner: Discovering "/home/afdal/Laboratorium/PROJECT/extensionadminaksent/cypress/fixtures"
2026-03-01T11:20:33.616999Z  INFO scan_sources: tailwindcss_oxide::scanner: Discovering "/home/afdal/Laboratorium/PROJECT/extensionadminaksent/cypress/e2e"
2026-03-01T11:20:33.617098Z  INFO scan_sources: tailwindcss_oxide::scanner: Discovering "/home/afdal/Laboratorium/PROJECT/extensionadminaksent/cypress/support"
2026-03-01T11:20:33.617226Z  INFO scan_sources: tailwindcss_oxide::scanner: Discovering "/home/afdal/Laboratorium/PROJECT/extensionadminaksent/.vscode"
2026-03-01T11:20:33.617388Z  INFO scan_sources: tailwindcss_oxide::scanner: Discovering "/home/afdal/Laboratorium/PROJECT/extensionadminaksent/src"
2026-03-01T11:20:33.617467Z  INFO scan_sources: tailwindcss_oxide::scanner: Discovering "/home/afdal/Laboratorium/PROJECT/extensionadminaksent/src/hook"
2026-03-01T11:20:33.617534Z  INFO scan_sources: tailwindcss_oxide::scanner: Discovering "/home/afdal/Laboratorium/PROJECT/extensionadminaksent/src/hook/requests"
2026-03-01T11:20:33.617634Z  INFO scan_sources: tailwindcss_oxide::scanner: Discovering "/home/afdal/Laboratorium/PROJECT/extensionadminaksent/src/components"
2026-03-01T11:20:33.617722Z  INFO scan_sources: tailwindcss_oxide::scanner: Discovering "/home/afdal/Laboratorium/PROJECT/extensionadminaksent/src/components/customer"
2026-03-01T11:20:33.620764Z  INFO scan_sources: tailwindcss_oxide::scanner: Discovering "/home/afdal/Laboratorium/PROJECT/extensionadminaksent/src/components/list"
2026-03-01T11:20:33.621271Z  INFO scan_sources: tailwindcss_oxide::scanner: Discovering "/home/afdal/Laboratorium/PROJECT/extensionadminaksent/src/components/toolbars"
2026-03-01T11:20:33.621752Z  INFO scan_sources: tailwindcss_oxide::scanner: Discovering "/home/afdal/Laboratorium/PROJECT/extensionadminaksent/src/theme"
2026-03-01T11:20:33.622203Z  INFO scan_sources: tailwindcss_oxide::scanner: Discovering "/home/afdal/Laboratorium/PROJECT/extensionadminaksent/src/utils"
2026-03-01T11:20:33.622636Z  INFO scan_sources: tailwindcss_oxide::scanner: Discovering "/home/afdal/Laboratorium/PROJECT/extensionadminaksent/src/databases"
2026-03-01T11:20:33.623014Z  INFO scan_sources: tailwindcss_oxide::scanner: Discovering "/home/afdal/Laboratorium/PROJECT/extensionadminaksent/src/databases/migrations"
2026-03-01T11:20:33.624961Z  INFO scan_sources: tailwindcss_oxide::scanner: Discovering "/home/afdal/Laboratorium/PROJECT/extensionadminaksent/src/databases/entities"
2026-03-01T11:20:33.625160Z  INFO scan_sources: tailwindcss_oxide::scanner: Discovering "/home/afdal/Laboratorium/PROJECT/extensionadminaksent/src/types"
2026-03-01T11:20:33.625261Z  INFO scan_sources: tailwindcss_oxide::scanner: Discovering "/home/afdal/Laboratorium/PROJECT/extensionadminaksent/src/pages"
2026-03-01T11:20:33.625338Z  INFO scan_sources: tailwindcss_oxide::scanner: Discovering "/home/afdal/Laboratorium/PROJECT/extensionadminaksent/src/pages/Customer"
2026-03-01T11:20:33.625409Z  INFO scan_sources: tailwindcss_oxide::scanner: Discovering "/home/afdal/Laboratorium/PROJECT/extensionadminaksent/src/pages/Customer/Customer.tsx"
2026-03-01T11:20:33.625484Z  INFO scan_sources: tailwindcss_oxide::scanner: Discovering "/home/afdal/Laboratorium/PROJECT/extensionadminaksent/src/pages/Home"
2026-03-01T11:20:33.625599Z  INFO scan_sources: tailwindcss_oxide::scanner: Discovering "/home/afdal/Laboratorium/PROJECT/extensionadminaksent/src/pages/Validation"
2026-03-01T11:20:33.625689Z  INFO scan_sources: tailwindcss_oxide::scanner: Discovering "/home/afdal/Laboratorium/PROJECT/extensionadminaksent/src/pages/Unpaid"
2026-03-01T11:20:33.625764Z  INFO scan_sources: tailwindcss_oxide::scanner: Discovering "/home/afdal/Laboratorium/PROJECT/extensionadminaksent/src/pages/Payment"
2026-03-01T11:20:33.626034Z  INFO scan_sources: tailwindcss_oxide::scanner: Discovering "/home/afdal/Laboratorium/PROJECT/extensionadminaksent/public"
2026-03-01T11:20:33.626134Z  INFO scan_sources: tailwindcss_oxide::scanner: Discovering "/home/afdal/Laboratorium/PROJECT/extensionadminaksent/public/assets"
2026-03-01T11:20:33.626342Z  INFO scan_sources: tailwindcss_oxide::scanner: Discovering "/home/afdal/Laboratorium/PROJECT/extensionadminaksent/android"
2026-03-01T11:20:33.628702Z  INFO scan_sources: tailwindcss_oxide::scanner: Discovering "/home/afdal/Laboratorium/PROJECT/extensionadminaksent/android/.kotlin"
2026-03-01T11:20:33.629536Z  INFO scan_sources: tailwindcss_oxide::scanner: Discovering "/home/afdal/Laboratorium/PROJECT/extensionadminaksent/android/.kotlin/sessions"
2026-03-01T11:20:33.630036Z  INFO scan_sources: tailwindcss_oxide::scanner: Discovering "/home/afdal/Laboratorium/PROJECT/extensionadminaksent/android/gradle"
2026-03-01T11:20:33.630326Z  INFO scan_sources: tailwindcss_oxide::scanner: Discovering "/home/afdal/Laboratorium/PROJECT/extensionadminaksent/android/gradle/wrapper"
2026-03-01T11:20:33.630900Z  INFO scan_sources: tailwindcss_oxide::scanner: Discovering "/home/afdal/Laboratorium/PROJECT/extensionadminaksent/android/app"
2026-03-01T11:20:33.631302Z  INFO scan_sources: tailwindcss_oxide::scanner: Discovering "/home/afdal/Laboratorium/PROJECT/extensionadminaksent/android/app/src"
2026-03-01T11:20:33.631455Z  INFO scan_sources: tailwindcss_oxide::scanner: Discovering "/home/afdal/Laboratorium/PROJECT/extensionadminaksent/android/app/src/main"
2026-03-01T11:20:33.631581Z  INFO scan_sources: tailwindcss_oxide::scanner: Discovering "/home/afdal/Laboratorium/PROJECT/extensionadminaksent/android/app/src/main/res"
2026-03-01T11:20:33.631680Z  INFO scan_sources: tailwindcss_oxide::scanner: Discovering "/home/afdal/Laboratorium/PROJECT/extensionadminaksent/android/app/src/main/res/drawable-land-xhdpi"
2026-03-01T11:20:33.631792Z  INFO scan_sources: tailwindcss_oxide::scanner: Discovering "/home/afdal/Laboratorium/PROJECT/extensionadminaksent/android/app/src/main/res/drawable-land-xxhdpi"
2026-03-01T11:20:33.631900Z  INFO scan_sources: tailwindcss_oxide::scanner: Discovering "/home/afdal/Laboratorium/PROJECT/extensionadminaksent/android/app/src/main/res/drawable-v24"
2026-03-01T11:20:33.632027Z  INFO scan_sources: tailwindcss_oxide::scanner: Discovering "/home/afdal/Laboratorium/PROJECT/extensionadminaksent/android/app/src/main/res/drawable-port-xxxhdpi"
2026-03-01T11:20:33.632124Z  INFO scan_sources: tailwindcss_oxide::scanner: Discovering "/home/afdal/Laboratorium/PROJECT/extensionadminaksent/android/app/src/main/res/drawable-land-xxxhdpi"
2026-03-01T11:20:33.632234Z  INFO scan_sources: tailwindcss_oxide::scanner: Discovering "/home/afdal/Laboratorium/PROJECT/extensionadminaksent/android/app/src/main/res/drawable-port-xxhdpi"
2026-03-01T11:20:33.632318Z  INFO scan_sources: tailwindcss_oxide::scanner: Discovering "/home/afdal/Laboratorium/PROJECT/extensionadminaksent/android/app/src/main/res/mipmap-hdpi"
2026-03-01T11:20:33.632407Z  INFO scan_sources: tailwindcss_oxide::scanner: Discovering "/home/afdal/Laboratorium/PROJECT/extensionadminaksent/android/app/src/main/res/drawable-land-hdpi"
2026-03-01T11:20:33.632504Z  INFO scan_sources: tailwindcss_oxide::scanner: Discovering "/home/afdal/Laboratorium/PROJECT/extensionadminaksent/android/app/src/main/res/xml"
2026-03-01T11:20:33.632611Z  INFO scan_sources: tailwindcss_oxide::scanner: Discovering "/home/afdal/Laboratorium/PROJECT/extensionadminaksent/android/app/src/main/res/mipmap-xhdpi"
2026-03-01T11:20:33.632699Z  INFO scan_sources: tailwindcss_oxide::scanner: Discovering "/home/afdal/Laboratorium/PROJECT/extensionadminaksent/android/app/src/main/res/drawable-land-mdpi"
2026-03-01T11:20:33.632780Z  INFO scan_sources: tailwindcss_oxide::scanner: Discovering "/home/afdal/Laboratorium/PROJECT/extensionadminaksent/android/app/src/main/res/drawable-port-hdpi"
2026-03-01T11:20:33.633558Z  INFO scan_sources: tailwindcss_oxide::scanner: Discovering "/home/afdal/Laboratorium/PROJECT/extensionadminaksent/android/app/src/main/res/mipmap-xxhdpi"
2026-03-01T11:20:33.633687Z  INFO scan_sources: tailwindcss_oxide::scanner: Discovering "/home/afdal/Laboratorium/PROJECT/extensionadminaksent/android/app/src/main/res/mipmap-mdpi"
2026-03-01T11:20:33.633775Z  INFO scan_sources: tailwindcss_oxide::scanner: Discovering "/home/afdal/Laboratorium/PROJECT/extensionadminaksent/android/app/src/main/res/drawable"
2026-03-01T11:20:33.633909Z  INFO scan_sources: tailwindcss_oxide::scanner: Discovering "/home/afdal/Laboratorium/PROJECT/extensionadminaksent/android/app/src/main/res/drawable-port-xhdpi"
2026-03-01T11:20:33.634010Z  INFO scan_sources: tailwindcss_oxide::scanner: Discovering "/home/afdal/Laboratorium/PROJECT/extensionadminaksent/android/app/src/main/res/mipmap-xxxhdpi"
2026-03-01T11:20:33.634117Z  INFO scan_sources: tailwindcss_oxide::scanner: Discovering "/home/afdal/Laboratorium/PROJECT/extensionadminaksent/android/app/src/main/res/layout"
2026-03-01T11:20:33.634230Z  INFO scan_sources: tailwindcss_oxide::scanner: Discovering "/home/afdal/Laboratorium/PROJECT/extensionadminaksent/android/app/src/main/res/mipmap-anydpi-v26"
2026-03-01T11:20:33.634362Z  INFO scan_sources: tailwindcss_oxide::scanner: Discovering "/home/afdal/Laboratorium/PROJECT/extensionadminaksent/android/app/src/main/res/drawable-port-mdpi"
2026-03-01T11:20:33.634445Z  INFO scan_sources: tailwindcss_oxide::scanner: Discovering "/home/afdal/Laboratorium/PROJECT/extensionadminaksent/android/app/src/main/res/values"
2026-03-01T11:20:33.634570Z  INFO scan_sources: tailwindcss_oxide::scanner: Discovering "/home/afdal/Laboratorium/PROJECT/extensionadminaksent/android/app/src/main/java"
2026-03-01T11:20:33.634630Z  INFO scan_sources: tailwindcss_oxide::scanner: Discovering "/home/afdal/Laboratorium/PROJECT/extensionadminaksent/android/app/src/main/java/io"
2026-03-01T11:20:33.634706Z  INFO scan_sources: tailwindcss_oxide::scanner: Discovering "/home/afdal/Laboratorium/PROJECT/extensionadminaksent/android/app/src/main/java/io/ionic"
2026-03-01T11:20:33.634775Z  INFO scan_sources: tailwindcss_oxide::scanner: Discovering "/home/afdal/Laboratorium/PROJECT/extensionadminaksent/android/app/src/main/java/io/ionic/starter"
2026-03-01T11:20:33.634899Z  INFO scan_sources: tailwindcss_oxide::scanner: Discovering "/home/afdal/Laboratorium/PROJECT/extensionadminaksent/android/app/src/main/assets"
2026-03-01T11:20:33.635053Z  INFO scan_sources: tailwindcss_oxide::scanner: Discovering "/home/afdal/Laboratorium/PROJECT/extensionadminaksent/android/app/src/androidTest"
2026-03-01T11:20:33.635120Z  INFO scan_sources: tailwindcss_oxide::scanner: Discovering "/home/afdal/Laboratorium/PROJECT/extensionadminaksent/android/app/src/androidTest/java"
2026-03-01T11:20:33.635180Z  INFO scan_sources: tailwindcss_oxide::scanner: Discovering "/home/afdal/Laboratorium/PROJECT/extensionadminaksent/android/app/src/androidTest/java/com"
2026-03-01T11:20:33.635257Z  INFO scan_sources: tailwindcss_oxide::scanner: Discovering "/home/afdal/Laboratorium/PROJECT/extensionadminaksent/android/app/src/androidTest/java/com/getcapacitor"
2026-03-01T11:20:33.635333Z  INFO scan_sources: tailwindcss_oxide::scanner: Discovering "/home/afdal/Laboratorium/PROJECT/extensionadminaksent/android/app/src/androidTest/java/com/getcapacitor/myapp"
2026-03-01T11:20:33.635452Z  INFO scan_sources: tailwindcss_oxide::scanner: Discovering "/home/afdal/Laboratorium/PROJECT/extensionadminaksent/android/app/src/test"
2026-03-01T11:20:33.635512Z  INFO scan_sources: tailwindcss_oxide::scanner: Discovering "/home/afdal/Laboratorium/PROJECT/extensionadminaksent/android/app/src/test/java"
2026-03-01T11:20:33.635568Z  INFO scan_sources: tailwindcss_oxide::scanner: Discovering "/home/afdal/Laboratorium/PROJECT/extensionadminaksent/android/app/src/test/java/com"
2026-03-01T11:20:33.635627Z  INFO scan_sources: tailwindcss_oxide::scanner: Discovering "/home/afdal/Laboratorium/PROJECT/extensionadminaksent/android/app/src/test/java/com/getcapacitor"
2026-03-01T11:20:33.635686Z  INFO scan_sources: tailwindcss_oxide::scanner: Discovering "/home/afdal/Laboratorium/PROJECT/extensionadminaksent/android/app/src/test/java/com/getcapacitor/myapp"
2026-03-01T11:20:33.636230Z  INFO scan_sources: tailwindcss_oxide::scanner: exit
2026-03-01T11:20:33.636272Z  INFO extract_candidates: tailwindcss_oxide::scanner: enter
2026-03-01T11:20:33.636283Z  INFO extract_candidates:read_all_files: tailwindcss_oxide::scanner: enter
2026-03-01T11:20:33.636292Z  INFO extract_candidates:read_all_files: tailwindcss_oxide::scanner: Reading 1 file(s)
2026-03-01T11:20:33.636395Z  INFO extract_candidates:read_all_files: tailwindcss_oxide::scanner: Reading "/home/afdal/Laboratorium/PROJECT/extensionadminaksent/src/pages/Customer/Customer.tsx"
2026-03-01T11:20:33.636418Z  INFO extract_candidates:read_all_files: tailwindcss_oxide::scanner: exit
2026-03-01T11:20:33.636430Z  INFO extract_candidates:parse_all_blobs: tailwindcss_oxide::scanner: enter
2026-03-01T11:20:33.636437Z  INFO extract_candidates:parse_all_blobs:extract: tailwindcss_oxide::scanner: enter
2026-03-01T11:20:33.637767Z  INFO extract_candidates:parse_all_blobs:extract: tailwindcss_oxide::scanner: exit
2026-03-01T11:20:33.637830Z  INFO extract_candidates:parse_all_blobs: tailwindcss_oxide::scanner: exit
2026-03-01T11:20:33.638000Z  INFO extract_candidates: tailwindcss_oxide::scanner: exit
2026-03-01T11:20:33.640070Z  INFO get_files: tailwindcss_oxide::scanner: enter
2026-03-01T11:20:33.640129Z  INFO get_files:scan_sources: tailwindcss_oxide::scanner: enter
2026-03-01T11:20:33.640942Z  INFO get_files:scan_sources: tailwindcss_oxide::scanner: Discovering "/home/afdal/Laboratorium/PROJECT/extensionadminaksent/scripts"
2026-03-01T11:20:33.641056Z  INFO get_files:scan_sources: tailwindcss_oxide::scanner: Discovering "/home/afdal/Laboratorium/PROJECT/extensionadminaksent/cypress"
2026-03-01T11:20:33.641129Z  INFO get_files:scan_sources: tailwindcss_oxide::scanner: Discovering "/home/afdal/Laboratorium/PROJECT/extensionadminaksent/cypress/fixtures"
2026-03-01T11:20:33.641202Z  INFO get_files:scan_sources: tailwindcss_oxide::scanner: Discovering "/home/afdal/Laboratorium/PROJECT/extensionadminaksent/cypress/e2e"
2026-03-01T11:20:33.641286Z  INFO get_files:scan_sources: tailwindcss_oxide::scanner: Discovering "/home/afdal/Laboratorium/PROJECT/extensionadminaksent/cypress/support"
2026-03-01T11:20:33.641395Z  INFO get_files:scan_sources: tailwindcss_oxide::scanner: Discovering "/home/afdal/Laboratorium/PROJECT/extensionadminaksent/.vscode"
2026-03-01T11:20:33.641542Z  INFO get_files:scan_sources: tailwindcss_oxide::scanner: Discovering "/home/afdal/Laboratorium/PROJECT/extensionadminaksent/src"
2026-03-01T11:20:33.641615Z  INFO get_files:scan_sources: tailwindcss_oxide::scanner: Discovering "/home/afdal/Laboratorium/PROJECT/extensionadminaksent/src/hook"
2026-03-01T11:20:33.641681Z  INFO get_files:scan_sources: tailwindcss_oxide::scanner: Discovering "/home/afdal/Laboratorium/PROJECT/extensionadminaksent/src/hook/requests"
2026-03-01T11:20:33.641768Z  INFO get_files:scan_sources: tailwindcss_oxide::scanner: Discovering "/home/afdal/Laboratorium/PROJECT/extensionadminaksent/src/components"
2026-03-01T11:20:33.641859Z  INFO get_files:scan_sources: tailwindcss_oxide::scanner: Discovering "/home/afdal/Laboratorium/PROJECT/extensionadminaksent/src/components/customer"
2026-03-01T11:20:33.641939Z  INFO get_files:scan_sources: tailwindcss_oxide::scanner: Discovering "/home/afdal/Laboratorium/PROJECT/extensionadminaksent/src/components/list"
2026-03-01T11:20:33.642020Z  INFO get_files:scan_sources: tailwindcss_oxide::scanner: Discovering "/home/afdal/Laboratorium/PROJECT/extensionadminaksent/src/components/toolbars"
2026-03-01T11:20:33.642111Z  INFO get_files:scan_sources: tailwindcss_oxide::scanner: Discovering "/home/afdal/Laboratorium/PROJECT/extensionadminaksent/src/theme"
2026-03-01T11:20:33.642215Z  INFO get_files:scan_sources: tailwindcss_oxide::scanner: Discovering "/home/afdal/Laboratorium/PROJECT/extensionadminaksent/src/utils"
2026-03-01T11:20:33.642342Z  INFO get_files:scan_sources: tailwindcss_oxide::scanner: Discovering "/home/afdal/Laboratorium/PROJECT/extensionadminaksent/src/databases"
2026-03-01T11:20:33.642412Z  INFO get_files:scan_sources: tailwindcss_oxide::scanner: Discovering "/home/afdal/Laboratorium/PROJECT/extensionadminaksent/src/databases/migrations"
2026-03-01T11:20:33.642513Z  INFO get_files:scan_sources: tailwindcss_oxide::scanner: Discovering "/home/afdal/Laboratorium/PROJECT/extensionadminaksent/src/databases/entities"
2026-03-01T11:20:33.642627Z  INFO get_files:scan_sources: tailwindcss_oxide::scanner: Discovering "/home/afdal/Laboratorium/PROJECT/extensionadminaksent/src/types"
2026-03-01T11:20:33.642700Z  INFO get_files:scan_sources: tailwindcss_oxide::scanner: Discovering "/home/afdal/Laboratorium/PROJECT/extensionadminaksent/src/pages"
2026-03-01T11:20:33.642755Z  INFO get_files:scan_sources: tailwindcss_oxide::scanner: Discovering "/home/afdal/Laboratorium/PROJECT/extensionadminaksent/src/pages/Customer"
2026-03-01T11:20:33.642860Z  INFO get_files:scan_sources: tailwindcss_oxide::scanner: Discovering "/home/afdal/Laboratorium/PROJECT/extensionadminaksent/src/pages/Home"
2026-03-01T11:20:33.642951Z  INFO get_files:scan_sources: tailwindcss_oxide::scanner: Discovering "/home/afdal/Laboratorium/PROJECT/extensionadminaksent/src/pages/Validation"
2026-03-01T11:20:33.643026Z  INFO get_files:scan_sources: tailwindcss_oxide::scanner: Discovering "/home/afdal/Laboratorium/PROJECT/extensionadminaksent/src/pages/Unpaid"
2026-03-01T11:20:33.643097Z  INFO get_files:scan_sources: tailwindcss_oxide::scanner: Discovering "/home/afdal/Laboratorium/PROJECT/extensionadminaksent/src/pages/Payment"
2026-03-01T11:20:33.643349Z  INFO get_files:scan_sources: tailwindcss_oxide::scanner: Discovering "/home/afdal/Laboratorium/PROJECT/extensionadminaksent/public"
2026-03-01T11:20:33.643435Z  INFO get_files:scan_sources: tailwindcss_oxide::scanner: Discovering "/home/afdal/Laboratorium/PROJECT/extensionadminaksent/public/assets"
2026-03-01T11:20:33.643644Z  INFO get_files:scan_sources: tailwindcss_oxide::scanner: Discovering "/home/afdal/Laboratorium/PROJECT/extensionadminaksent/android"
2026-03-01T11:20:33.644183Z  INFO get_files:scan_sources: tailwindcss_oxide::scanner: Discovering "/home/afdal/Laboratorium/PROJECT/extensionadminaksent/android/.kotlin"
2026-03-01T11:20:33.644428Z  INFO get_files:scan_sources: tailwindcss_oxide::scanner: Discovering "/home/afdal/Laboratorium/PROJECT/extensionadminaksent/android/.kotlin/sessions"
2026-03-01T11:20:33.644782Z  INFO get_files:scan_sources: tailwindcss_oxide::scanner: Discovering "/home/afdal/Laboratorium/PROJECT/extensionadminaksent/android/gradle"
2026-03-01T11:20:33.645041Z  INFO get_files:scan_sources: tailwindcss_oxide::scanner: Discovering "/home/afdal/Laboratorium/PROJECT/extensionadminaksent/android/gradle/wrapper"
2026-03-01T11:20:33.645328Z  INFO get_files:scan_sources: tailwindcss_oxide::scanner: Discovering "/home/afdal/Laboratorium/PROJECT/extensionadminaksent/android/app"
2026-03-01T11:20:33.645678Z  INFO get_files:scan_sources: tailwindcss_oxide::scanner: Discovering "/home/afdal/Laboratorium/PROJECT/extensionadminaksent/android/app/src"
2026-03-01T11:20:33.645972Z  INFO get_files:scan_sources: tailwindcss_oxide::scanner: Discovering "/home/afdal/Laboratorium/PROJECT/extensionadminaksent/android/app/src/main"
2026-03-01T11:20:33.646075Z  INFO get_files:scan_sources: tailwindcss_oxide::scanner: Discovering "/home/afdal/Laboratorium/PROJECT/extensionadminaksent/android/app/src/main/res"
2026-03-01T11:20:33.646160Z  INFO get_files:scan_sources: tailwindcss_oxide::scanner: Discovering "/home/afdal/Laboratorium/PROJECT/extensionadminaksent/android/app/src/main/res/drawable-land-xhdpi"
2026-03-01T11:20:33.646238Z  INFO get_files:scan_sources: tailwindcss_oxide::scanner: Discovering "/home/afdal/Laboratorium/PROJECT/extensionadminaksent/android/app/src/main/res/drawable-land-xxhdpi"
2026-03-01T11:20:33.646306Z  INFO get_files:scan_sources: tailwindcss_oxide::scanner: Discovering "/home/afdal/Laboratorium/PROJECT/extensionadminaksent/android/app/src/main/res/drawable-v24"
2026-03-01T11:20:33.646396Z  INFO get_files:scan_sources: tailwindcss_oxide::scanner: Discovering "/home/afdal/Laboratorium/PROJECT/extensionadminaksent/android/app/src/main/res/drawable-port-xxxhdpi"
2026-03-01T11:20:33.646461Z  INFO get_files:scan_sources: tailwindcss_oxide::scanner: Discovering "/home/afdal/Laboratorium/PROJECT/extensionadminaksent/android/app/src/main/res/drawable-land-xxxhdpi"
2026-03-01T11:20:33.646519Z  INFO get_files:scan_sources: tailwindcss_oxide::scanner: Discovering "/home/afdal/Laboratorium/PROJECT/extensionadminaksent/android/app/src/main/res/drawable-port-xxhdpi"
2026-03-01T11:20:33.646588Z  INFO get_files:scan_sources: tailwindcss_oxide::scanner: Discovering "/home/afdal/Laboratorium/PROJECT/extensionadminaksent/android/app/src/main/res/mipmap-hdpi"
2026-03-01T11:20:33.646660Z  INFO get_files:scan_sources: tailwindcss_oxide::scanner: Discovering "/home/afdal/Laboratorium/PROJECT/extensionadminaksent/android/app/src/main/res/drawable-land-hdpi"
2026-03-01T11:20:33.646728Z  INFO get_files:scan_sources: tailwindcss_oxide::scanner: Discovering "/home/afdal/Laboratorium/PROJECT/extensionadminaksent/android/app/src/main/res/xml"
2026-03-01T11:20:33.646841Z  INFO get_files:scan_sources: tailwindcss_oxide::scanner: Discovering "/home/afdal/Laboratorium/PROJECT/extensionadminaksent/android/app/src/main/res/mipmap-xhdpi"
2026-03-01T11:20:33.646929Z  INFO get_files:scan_sources: tailwindcss_oxide::scanner: Discovering "/home/afdal/Laboratorium/PROJECT/extensionadminaksent/android/app/src/main/res/drawable-land-mdpi"
2026-03-01T11:20:33.647006Z  INFO get_files:scan_sources: tailwindcss_oxide::scanner: Discovering "/home/afdal/Laboratorium/PROJECT/extensionadminaksent/android/app/src/main/res/drawable-port-hdpi"
2026-03-01T11:20:33.647075Z  INFO get_files:scan_sources: tailwindcss_oxide::scanner: Discovering "/home/afdal/Laboratorium/PROJECT/extensionadminaksent/android/app/src/main/res/mipmap-xxhdpi"
2026-03-01T11:20:33.647187Z  INFO get_files:scan_sources: tailwindcss_oxide::scanner: Discovering "/home/afdal/Laboratorium/PROJECT/extensionadminaksent/android/app/src/main/res/mipmap-mdpi"
2026-03-01T11:20:33.647287Z  INFO get_files:scan_sources: tailwindcss_oxide::scanner: Discovering "/home/afdal/Laboratorium/PROJECT/extensionadminaksent/android/app/src/main/res/drawable"
2026-03-01T11:20:33.647388Z  INFO get_files:scan_sources: tailwindcss_oxide::scanner: Discovering "/home/afdal/Laboratorium/PROJECT/extensionadminaksent/android/app/src/main/res/drawable-port-xhdpi"
2026-03-01T11:20:33.647518Z  INFO get_files:scan_sources: tailwindcss_oxide::scanner: Discovering "/home/afdal/Laboratorium/PROJECT/extensionadminaksent/android/app/src/main/res/mipmap-xxxhdpi"
2026-03-01T11:20:33.647596Z  INFO get_files:scan_sources: tailwindcss_oxide::scanner: Discovering "/home/afdal/Laboratorium/PROJECT/extensionadminaksent/android/app/src/main/res/layout"
2026-03-01T11:20:33.647672Z  INFO get_files:scan_sources: tailwindcss_oxide::scanner: Discovering "/home/afdal/Laboratorium/PROJECT/extensionadminaksent/android/app/src/main/res/mipmap-anydpi-v26"
2026-03-01T11:20:33.647773Z  INFO get_files:scan_sources: tailwindcss_oxide::scanner: Discovering "/home/afdal/Laboratorium/PROJECT/extensionadminaksent/android/app/src/main/res/drawable-port-mdpi"
2026-03-01T11:20:33.647863Z  INFO get_files:scan_sources: tailwindcss_oxide::scanner: Discovering "/home/afdal/Laboratorium/PROJECT/extensionadminaksent/android/app/src/main/res/values"
2026-03-01T11:20:33.648012Z  INFO get_files:scan_sources: tailwindcss_oxide::scanner: Discovering "/home/afdal/Laboratorium/PROJECT/extensionadminaksent/android/app/src/main/java"
2026-03-01T11:20:33.648091Z  INFO get_files:scan_sources: tailwindcss_oxide::scanner: Discovering "/home/afdal/Laboratorium/PROJECT/extensionadminaksent/android/app/src/main/java/io"
2026-03-01T11:20:33.648178Z  INFO get_files:scan_sources: tailwindcss_oxide::scanner: Discovering "/home/afdal/Laboratorium/PROJECT/extensionadminaksent/android/app/src/main/java/io/ionic"
2026-03-01T11:20:33.648260Z  INFO get_files:scan_sources: tailwindcss_oxide::scanner: Discovering "/home/afdal/Laboratorium/PROJECT/extensionadminaksent/android/app/src/main/java/io/ionic/starter"
2026-03-01T11:20:33.648394Z  INFO get_files:scan_sources: tailwindcss_oxide::scanner: Discovering "/home/afdal/Laboratorium/PROJECT/extensionadminaksent/android/app/src/main/assets"
2026-03-01T11:20:33.648553Z  INFO get_files:scan_sources: tailwindcss_oxide::scanner: Discovering "/home/afdal/Laboratorium/PROJECT/extensionadminaksent/android/app/src/androidTest"
2026-03-01T11:20:33.648626Z  INFO get_files:scan_sources: tailwindcss_oxide::scanner: Discovering "/home/afdal/Laboratorium/PROJECT/extensionadminaksent/android/app/src/androidTest/java"
2026-03-01T11:20:33.648687Z  INFO get_files:scan_sources: tailwindcss_oxide::scanner: Discovering "/home/afdal/Laboratorium/PROJECT/extensionadminaksent/android/app/src/androidTest/java/com"
2026-03-01T11:20:33.648750Z  INFO get_files:scan_sources: tailwindcss_oxide::scanner: Discovering "/home/afdal/Laboratorium/PROJECT/extensionadminaksent/android/app/src/androidTest/java/com/getcapacitor"
2026-03-01T11:20:33.648821Z  INFO get_files:scan_sources: tailwindcss_oxide::scanner: Discovering "/home/afdal/Laboratorium/PROJECT/extensionadminaksent/android/app/src/androidTest/java/com/getcapacitor/myapp"
2026-03-01T11:20:33.648942Z  INFO get_files:scan_sources: tailwindcss_oxide::scanner: Discovering "/home/afdal/Laboratorium/PROJECT/extensionadminaksent/android/app/src/test"
2026-03-01T11:20:33.649007Z  INFO get_files:scan_sources: tailwindcss_oxide::scanner: Discovering "/home/afdal/Laboratorium/PROJECT/extensionadminaksent/android/app/src/test/java"
2026-03-01T11:20:33.649065Z  INFO get_files:scan_sources: tailwindcss_oxide::scanner: Discovering "/home/afdal/Laboratorium/PROJECT/extensionadminaksent/android/app/src/test/java/com"
2026-03-01T11:20:33.649138Z  INFO get_files:scan_sources: tailwindcss_oxide::scanner: Discovering "/home/afdal/Laboratorium/PROJECT/extensionadminaksent/android/app/src/test/java/com/getcapacitor"
2026-03-01T11:20:33.649192Z  INFO get_files:scan_sources: tailwindcss_oxide::scanner: Discovering "/home/afdal/Laboratorium/PROJECT/extensionadminaksent/android/app/src/test/java/com/getcapacitor/myapp"
2026-03-01T11:20:33.649623Z  INFO get_files:scan_sources: tailwindcss_oxide::scanner: exit
2026-03-01T11:20:33.649731Z  INFO get_files: tailwindcss_oxide::scanner: exit
2026-03-01T11:20:33.649971Z  INFO get_globs: tailwindcss_oxide::scanner: enter
2026-03-01T11:20:33.649997Z  INFO get_globs: tailwindcss_oxide::scanner: exit
2026-03-01T11:23:03.496938Z  INFO scan_sources: tailwindcss_oxide::scanner: enter
2026-03-01T11:23:03.497784Z  INFO scan_sources: tailwindcss_oxide::scanner: Discovering "/home/afdal/Laboratorium/PROJECT/extensionadminaksent/scripts"
2026-03-01T11:23:03.497922Z  INFO scan_sources: tailwindcss_oxide::scanner: Discovering "/home/afdal/Laboratorium/PROJECT/extensionadminaksent/cypress"
2026-03-01T11:23:03.497989Z  INFO scan_sources: tailwindcss_oxide::scanner: Discovering "/home/afdal/Laboratorium/PROJECT/extensionadminaksent/cypress/fixtures"
2026-03-01T11:23:03.498070Z  INFO scan_sources: tailwindcss_oxide::scanner: Discovering "/home/afdal/Laboratorium/PROJECT/extensionadminaksent/cypress/e2e"
2026-03-01T11:23:03.498143Z  INFO scan_sources: tailwindcss_oxide::scanner: Discovering "/home/afdal/Laboratorium/PROJECT/extensionadminaksent/cypress/support"
2026-03-01T11:23:03.498236Z  INFO scan_sources: tailwindcss_oxide::scanner: Discovering "/home/afdal/Laboratorium/PROJECT/extensionadminaksent/.vscode"
2026-03-01T11:23:03.498357Z  INFO scan_sources: tailwindcss_oxide::scanner: Discovering "/home/afdal/Laboratorium/PROJECT/extensionadminaksent/src"
2026-03-01T11:23:03.498414Z  INFO scan_sources: tailwindcss_oxide::scanner: Discovering "/home/afdal/Laboratorium/PROJECT/extensionadminaksent/src/hook"
2026-03-01T11:23:03.498470Z  INFO scan_sources: tailwindcss_oxide::scanner: Discovering "/home/afdal/Laboratorium/PROJECT/extensionadminaksent/src/hook/requests"
2026-03-01T11:23:03.498532Z  INFO scan_sources: tailwindcss_oxide::scanner: Discovering "/home/afdal/Laboratorium/PROJECT/extensionadminaksent/src/hook/requests/customer.ts"
2026-03-01T11:23:03.498582Z  INFO scan_sources: tailwindcss_oxide::scanner: Discovering "/home/afdal/Laboratorium/PROJECT/extensionadminaksent/src/components"
2026-03-01T11:23:03.498654Z  INFO scan_sources: tailwindcss_oxide::scanner: Discovering "/home/afdal/Laboratorium/PROJECT/extensionadminaksent/src/components/customer"
2026-03-01T11:23:03.498728Z  INFO scan_sources: tailwindcss_oxide::scanner: Discovering "/home/afdal/Laboratorium/PROJECT/extensionadminaksent/src/components/list"
2026-03-01T11:23:03.498806Z  INFO scan_sources: tailwindcss_oxide::scanner: Discovering "/home/afdal/Laboratorium/PROJECT/extensionadminaksent/src/components/toolbars"
2026-03-01T11:23:03.498912Z  INFO scan_sources: tailwindcss_oxide::scanner: Discovering "/home/afdal/Laboratorium/PROJECT/extensionadminaksent/src/theme"
2026-03-01T11:23:03.499020Z  INFO scan_sources: tailwindcss_oxide::scanner: Discovering "/home/afdal/Laboratorium/PROJECT/extensionadminaksent/src/utils"
2026-03-01T11:23:03.499155Z  INFO scan_sources: tailwindcss_oxide::scanner: Discovering "/home/afdal/Laboratorium/PROJECT/extensionadminaksent/src/databases"
2026-03-01T11:23:03.499231Z  INFO scan_sources: tailwindcss_oxide::scanner: Discovering "/home/afdal/Laboratorium/PROJECT/extensionadminaksent/src/databases/migrations"
2026-03-01T11:23:03.499329Z  INFO scan_sources: tailwindcss_oxide::scanner: Discovering "/home/afdal/Laboratorium/PROJECT/extensionadminaksent/src/databases/entities"
2026-03-01T11:23:03.499443Z  INFO scan_sources: tailwindcss_oxide::scanner: Discovering "/home/afdal/Laboratorium/PROJECT/extensionadminaksent/src/types"
2026-03-01T11:23:03.499521Z  INFO scan_sources: tailwindcss_oxide::scanner: Discovering "/home/afdal/Laboratorium/PROJECT/extensionadminaksent/src/pages"
2026-03-01T11:23:03.499591Z  INFO scan_sources: tailwindcss_oxide::scanner: Discovering "/home/afdal/Laboratorium/PROJECT/extensionadminaksent/src/pages/Customer"
2026-03-01T11:23:03.499674Z  INFO scan_sources: tailwindcss_oxide::scanner: Discovering "/home/afdal/Laboratorium/PROJECT/extensionadminaksent/src/pages/Home"
2026-03-01T11:23:03.499747Z  INFO scan_sources: tailwindcss_oxide::scanner: Discovering "/home/afdal/Laboratorium/PROJECT/extensionadminaksent/src/pages/Validation"
2026-03-01T11:23:03.500163Z  INFO scan_sources: tailwindcss_oxide::scanner: Discovering "/home/afdal/Laboratorium/PROJECT/extensionadminaksent/src/pages/Unpaid"
2026-03-01T11:23:03.500400Z  INFO scan_sources: tailwindcss_oxide::scanner: Discovering "/home/afdal/Laboratorium/PROJECT/extensionadminaksent/src/pages/Payment"
2026-03-01T11:23:03.500759Z  INFO scan_sources: tailwindcss_oxide::scanner: Discovering "/home/afdal/Laboratorium/PROJECT/extensionadminaksent/public"
2026-03-01T11:23:03.500965Z  INFO scan_sources: tailwindcss_oxide::scanner: Discovering "/home/afdal/Laboratorium/PROJECT/extensionadminaksent/public/assets"
2026-03-01T11:23:03.501245Z  INFO scan_sources: tailwindcss_oxide::scanner: Discovering "/home/afdal/Laboratorium/PROJECT/extensionadminaksent/android"
2026-03-01T11:23:03.501707Z  INFO scan_sources: tailwindcss_oxide::scanner: Discovering "/home/afdal/Laboratorium/PROJECT/extensionadminaksent/android/.kotlin"
2026-03-01T11:23:03.501918Z  INFO scan_sources: tailwindcss_oxide::scanner: Discovering "/home/afdal/Laboratorium/PROJECT/extensionadminaksent/android/.kotlin/sessions"
2026-03-01T11:23:03.502246Z  INFO scan_sources: tailwindcss_oxide::scanner: Discovering "/home/afdal/Laboratorium/PROJECT/extensionadminaksent/android/gradle"
2026-03-01T11:23:03.502431Z  INFO scan_sources: tailwindcss_oxide::scanner: Discovering "/home/afdal/Laboratorium/PROJECT/extensionadminaksent/android/gradle/wrapper"
2026-03-01T11:23:03.503740Z  INFO scan_sources: tailwindcss_oxide::scanner: Discovering "/home/afdal/Laboratorium/PROJECT/extensionadminaksent/android/app"
2026-03-01T11:23:03.503965Z  INFO scan_sources: tailwindcss_oxide::scanner: Discovering "/home/afdal/Laboratorium/PROJECT/extensionadminaksent/android/app/src"
2026-03-01T11:23:03.504058Z  INFO scan_sources: tailwindcss_oxide::scanner: Discovering "/home/afdal/Laboratorium/PROJECT/extensionadminaksent/android/app/src/main"
2026-03-01T11:23:03.504150Z  INFO scan_sources: tailwindcss_oxide::scanner: Discovering "/home/afdal/Laboratorium/PROJECT/extensionadminaksent/android/app/src/main/res"
2026-03-01T11:23:03.504221Z  INFO scan_sources: tailwindcss_oxide::scanner: Discovering "/home/afdal/Laboratorium/PROJECT/extensionadminaksent/android/app/src/main/res/drawable-land-xhdpi"
2026-03-01T11:23:03.504294Z  INFO scan_sources: tailwindcss_oxide::scanner: Discovering "/home/afdal/Laboratorium/PROJECT/extensionadminaksent/android/app/src/main/res/drawable-land-xxhdpi"
2026-03-01T11:23:03.504359Z  INFO scan_sources: tailwindcss_oxide::scanner: Discovering "/home/afdal/Laboratorium/PROJECT/extensionadminaksent/android/app/src/main/res/drawable-v24"
2026-03-01T11:23:03.504437Z  INFO scan_sources: tailwindcss_oxide::scanner: Discovering "/home/afdal/Laboratorium/PROJECT/extensionadminaksent/android/app/src/main/res/drawable-port-xxxhdpi"
2026-03-01T11:23:03.504515Z  INFO scan_sources: tailwindcss_oxide::scanner: Discovering "/home/afdal/Laboratorium/PROJECT/extensionadminaksent/android/app/src/main/res/drawable-land-xxxhdpi"
2026-03-01T11:23:03.504591Z  INFO scan_sources: tailwindcss_oxide::scanner: Discovering "/home/afdal/Laboratorium/PROJECT/extensionadminaksent/android/app/src/main/res/drawable-port-xxhdpi"
2026-03-01T11:23:03.504655Z  INFO scan_sources: tailwindcss_oxide::scanner: Discovering "/home/afdal/Laboratorium/PROJECT/extensionadminaksent/android/app/src/main/res/mipmap-hdpi"
2026-03-01T11:23:03.504739Z  INFO scan_sources: tailwindcss_oxide::scanner: Discovering "/home/afdal/Laboratorium/PROJECT/extensionadminaksent/android/app/src/main/res/drawable-land-hdpi"
2026-03-01T11:23:03.504829Z  INFO scan_sources: tailwindcss_oxide::scanner: Discovering "/home/afdal/Laboratorium/PROJECT/extensionadminaksent/android/app/src/main/res/xml"
2026-03-01T11:23:03.504923Z  INFO scan_sources: tailwindcss_oxide::scanner: Discovering "/home/afdal/Laboratorium/PROJECT/extensionadminaksent/android/app/src/main/res/mipmap-xhdpi"
2026-03-01T11:23:03.505017Z  INFO scan_sources: tailwindcss_oxide::scanner: Discovering "/home/afdal/Laboratorium/PROJECT/extensionadminaksent/android/app/src/main/res/drawable-land-mdpi"
2026-03-01T11:23:03.505090Z  INFO scan_sources: tailwindcss_oxide::scanner: Discovering "/home/afdal/Laboratorium/PROJECT/extensionadminaksent/android/app/src/main/res/drawable-port-hdpi"
2026-03-01T11:23:03.505156Z  INFO scan_sources: tailwindcss_oxide::scanner: Discovering "/home/afdal/Laboratorium/PROJECT/extensionadminaksent/android/app/src/main/res/mipmap-xxhdpi"
2026-03-01T11:23:03.505229Z  INFO scan_sources: tailwindcss_oxide::scanner: Discovering "/home/afdal/Laboratorium/PROJECT/extensionadminaksent/android/app/src/main/res/mipmap-mdpi"
2026-03-01T11:23:03.505300Z  INFO scan_sources: tailwindcss_oxide::scanner: Discovering "/home/afdal/Laboratorium/PROJECT/extensionadminaksent/android/app/src/main/res/drawable"
2026-03-01T11:23:03.505377Z  INFO scan_sources: tailwindcss_oxide::scanner: Discovering "/home/afdal/Laboratorium/PROJECT/extensionadminaksent/android/app/src/main/res/drawable-port-xhdpi"
2026-03-01T11:23:03.505440Z  INFO scan_sources: tailwindcss_oxide::scanner: Discovering "/home/afdal/Laboratorium/PROJECT/extensionadminaksent/android/app/src/main/res/mipmap-xxxhdpi"
2026-03-01T11:23:03.505516Z  INFO scan_sources: tailwindcss_oxide::scanner: Discovering "/home/afdal/Laboratorium/PROJECT/extensionadminaksent/android/app/src/main/res/layout"
2026-03-01T11:23:03.505587Z  INFO scan_sources: tailwindcss_oxide::scanner: Discovering "/home/afdal/Laboratorium/PROJECT/extensionadminaksent/android/app/src/main/res/mipmap-anydpi-v26"
2026-03-01T11:23:03.505686Z  INFO scan_sources: tailwindcss_oxide::scanner: Discovering "/home/afdal/Laboratorium/PROJECT/extensionadminaksent/android/app/src/main/res/drawable-port-mdpi"
2026-03-01T11:23:03.505752Z  INFO scan_sources: tailwindcss_oxide::scanner: Discovering "/home/afdal/Laboratorium/PROJECT/extensionadminaksent/android/app/src/main/res/values"
2026-03-01T11:23:03.505884Z  INFO scan_sources: tailwindcss_oxide::scanner: Discovering "/home/afdal/Laboratorium/PROJECT/extensionadminaksent/android/app/src/main/java"
2026-03-01T11:23:03.505951Z  INFO scan_sources: tailwindcss_oxide::scanner: Discovering "/home/afdal/Laboratorium/PROJECT/extensionadminaksent/android/app/src/main/java/io"
2026-03-01T11:23:03.506011Z  INFO scan_sources: tailwindcss_oxide::scanner: Discovering "/home/afdal/Laboratorium/PROJECT/extensionadminaksent/android/app/src/main/java/io/ionic"
2026-03-01T11:23:03.506071Z  INFO scan_sources: tailwindcss_oxide::scanner: Discovering "/home/afdal/Laboratorium/PROJECT/extensionadminaksent/android/app/src/main/java/io/ionic/starter"
2026-03-01T11:23:03.506170Z  INFO scan_sources: tailwindcss_oxide::scanner: Discovering "/home/afdal/Laboratorium/PROJECT/extensionadminaksent/android/app/src/main/assets"
2026-03-01T11:23:03.506307Z  INFO scan_sources: tailwindcss_oxide::scanner: Discovering "/home/afdal/Laboratorium/PROJECT/extensionadminaksent/android/app/src/androidTest"
2026-03-01T11:23:03.506379Z  INFO scan_sources: tailwindcss_oxide::scanner: Discovering "/home/afdal/Laboratorium/PROJECT/extensionadminaksent/android/app/src/androidTest/java"
2026-03-01T11:23:03.506446Z  INFO scan_sources: tailwindcss_oxide::scanner: Discovering "/home/afdal/Laboratorium/PROJECT/extensionadminaksent/android/app/src/androidTest/java/com"
2026-03-01T11:23:03.506510Z  INFO scan_sources: tailwindcss_oxide::scanner: Discovering "/home/afdal/Laboratorium/PROJECT/extensionadminaksent/android/app/src/androidTest/java/com/getcapacitor"
2026-03-01T11:23:03.506579Z  INFO scan_sources: tailwindcss_oxide::scanner: Discovering "/home/afdal/Laboratorium/PROJECT/extensionadminaksent/android/app/src/androidTest/java/com/getcapacitor/myapp"
2026-03-01T11:23:03.506697Z  INFO scan_sources: tailwindcss_oxide::scanner: Discovering "/home/afdal/Laboratorium/PROJECT/extensionadminaksent/android/app/src/test"
2026-03-01T11:23:03.506766Z  INFO scan_sources: tailwindcss_oxide::scanner: Discovering "/home/afdal/Laboratorium/PROJECT/extensionadminaksent/android/app/src/test/java"
2026-03-01T11:23:03.507004Z  INFO scan_sources: tailwindcss_oxide::scanner: Discovering "/home/afdal/Laboratorium/PROJECT/extensionadminaksent/android/app/src/test/java/com"
2026-03-01T11:23:03.507193Z  INFO scan_sources: tailwindcss_oxide::scanner: Discovering "/home/afdal/Laboratorium/PROJECT/extensionadminaksent/android/app/src/test/java/com/getcapacitor"
2026-03-01T11:23:03.507428Z  INFO scan_sources: tailwindcss_oxide::scanner: Discovering "/home/afdal/Laboratorium/PROJECT/extensionadminaksent/android/app/src/test/java/com/getcapacitor/myapp"
2026-03-01T11:23:03.508154Z  INFO scan_sources: tailwindcss_oxide::scanner: exit
2026-03-01T11:23:03.508331Z  INFO extract_candidates: tailwindcss_oxide::scanner: enter
2026-03-01T11:23:03.508453Z  INFO extract_candidates:read_all_files: tailwindcss_oxide::scanner: enter
2026-03-01T11:23:03.508554Z  INFO extract_candidates:read_all_files: tailwindcss_oxide::scanner: Reading 1 file(s)
2026-03-01T11:23:03.508748Z  INFO extract_candidates:read_all_files: tailwindcss_oxide::scanner: Reading "/home/afdal/Laboratorium/PROJECT/extensionadminaksent/src/hook/requests/customer.ts"
2026-03-01T11:23:03.508877Z  INFO extract_candidates:read_all_files: tailwindcss_oxide::scanner: exit
2026-03-01T11:23:03.508897Z  INFO extract_candidates:parse_all_blobs: tailwindcss_oxide::scanner: enter
2026-03-01T11:23:03.508904Z  INFO extract_candidates:parse_all_blobs:extract: tailwindcss_oxide::scanner: enter
2026-03-01T11:23:03.509842Z  INFO extract_candidates:parse_all_blobs:extract: tailwindcss_oxide::scanner: exit
2026-03-01T11:23:03.509888Z  INFO extract_candidates:parse_all_blobs: tailwindcss_oxide::scanner: exit
2026-03-01T11:23:03.510698Z  INFO extract_candidates: tailwindcss_oxide::scanner: exit
2026-03-01T11:23:03.512521Z  INFO get_files: tailwindcss_oxide::scanner: enter
2026-03-01T11:23:03.512575Z  INFO get_files:scan_sources: tailwindcss_oxide::scanner: enter
2026-03-01T11:23:03.513739Z  INFO get_files:scan_sources: tailwindcss_oxide::scanner: Discovering "/home/afdal/Laboratorium/PROJECT/extensionadminaksent/scripts"
2026-03-01T11:23:03.514031Z  INFO get_files:scan_sources: tailwindcss_oxide::scanner: Discovering "/home/afdal/Laboratorium/PROJECT/extensionadminaksent/cypress"
2026-03-01T11:23:03.514199Z  INFO get_files:scan_sources: tailwindcss_oxide::scanner: Discovering "/home/afdal/Laboratorium/PROJECT/extensionadminaksent/cypress/fixtures"
2026-03-01T11:23:03.514367Z  INFO get_files:scan_sources: tailwindcss_oxide::scanner: Discovering "/home/afdal/Laboratorium/PROJECT/extensionadminaksent/cypress/e2e"
2026-03-01T11:23:03.514529Z  INFO get_files:scan_sources: tailwindcss_oxide::scanner: Discovering "/home/afdal/Laboratorium/PROJECT/extensionadminaksent/cypress/support"
2026-03-01T11:23:03.514725Z  INFO get_files:scan_sources: tailwindcss_oxide::scanner: Discovering "/home/afdal/Laboratorium/PROJECT/extensionadminaksent/.vscode"
2026-03-01T11:23:03.514958Z  INFO get_files:scan_sources: tailwindcss_oxide::scanner: Discovering "/home/afdal/Laboratorium/PROJECT/extensionadminaksent/src"
2026-03-01T11:23:03.515118Z  INFO get_files:scan_sources: tailwindcss_oxide::scanner: Discovering "/home/afdal/Laboratorium/PROJECT/extensionadminaksent/src/hook"
2026-03-01T11:23:03.515269Z  INFO get_files:scan_sources: tailwindcss_oxide::scanner: Discovering "/home/afdal/Laboratorium/PROJECT/extensionadminaksent/src/hook/requests"
2026-03-01T11:23:03.515433Z  INFO get_files:scan_sources: tailwindcss_oxide::scanner: Discovering "/home/afdal/Laboratorium/PROJECT/extensionadminaksent/src/components"
2026-03-01T11:23:03.515597Z  INFO get_files:scan_sources: tailwindcss_oxide::scanner: Discovering "/home/afdal/Laboratorium/PROJECT/extensionadminaksent/src/components/customer"
2026-03-01T11:23:03.515771Z  INFO get_files:scan_sources: tailwindcss_oxide::scanner: Discovering "/home/afdal/Laboratorium/PROJECT/extensionadminaksent/src/components/list"
2026-03-01T11:23:03.515952Z  INFO get_files:scan_sources: tailwindcss_oxide::scanner: Discovering "/home/afdal/Laboratorium/PROJECT/extensionadminaksent/src/components/toolbars"
2026-03-01T11:23:03.516086Z  INFO get_files:scan_sources: tailwindcss_oxide::scanner: Discovering "/home/afdal/Laboratorium/PROJECT/extensionadminaksent/src/theme"
2026-03-01T11:23:03.516191Z  INFO get_files:scan_sources: tailwindcss_oxide::scanner: Discovering "/home/afdal/Laboratorium/PROJECT/extensionadminaksent/src/utils"
2026-03-01T11:23:03.516317Z  INFO get_files:scan_sources: tailwindcss_oxide::scanner: Discovering "/home/afdal/Laboratorium/PROJECT/extensionadminaksent/src/databases"
2026-03-01T11:23:03.516389Z  INFO get_files:scan_sources: tailwindcss_oxide::scanner: Discovering "/home/afdal/Laboratorium/PROJECT/extensionadminaksent/src/databases/migrations"
2026-03-01T11:23:03.516482Z  INFO get_files:scan_sources: tailwindcss_oxide::scanner: Discovering "/home/afdal/Laboratorium/PROJECT/extensionadminaksent/src/databases/entities"
2026-03-01T11:23:03.516597Z  INFO get_files:scan_sources: tailwindcss_oxide::scanner: Discovering "/home/afdal/Laboratorium/PROJECT/extensionadminaksent/src/types"
2026-03-01T11:23:03.516666Z  INFO get_files:scan_sources: tailwindcss_oxide::scanner: Discovering "/home/afdal/Laboratorium/PROJECT/extensionadminaksent/src/pages"
2026-03-01T11:23:03.516719Z  INFO get_files:scan_sources: tailwindcss_oxide::scanner: Discovering "/home/afdal/Laboratorium/PROJECT/extensionadminaksent/src/pages/Customer"
2026-03-01T11:23:03.516805Z  INFO get_files:scan_sources: tailwindcss_oxide::scanner: Discovering "/home/afdal/Laboratorium/PROJECT/extensionadminaksent/src/pages/Home"
2026-03-01T11:23:03.517253Z  INFO get_files:scan_sources: tailwindcss_oxide::scanner: Discovering "/home/afdal/Laboratorium/PROJECT/extensionadminaksent/src/pages/Validation"
2026-03-01T11:23:03.517400Z  INFO get_files:scan_sources: tailwindcss_oxide::scanner: Discovering "/home/afdal/Laboratorium/PROJECT/extensionadminaksent/src/pages/Unpaid"
2026-03-01T11:23:03.517546Z  INFO get_files:scan_sources: tailwindcss_oxide::scanner: Discovering "/home/afdal/Laboratorium/PROJECT/extensionadminaksent/src/pages/Payment"
2026-03-01T11:23:03.518026Z  INFO get_files:scan_sources: tailwindcss_oxide::scanner: Discovering "/home/afdal/Laboratorium/PROJECT/extensionadminaksent/public"
2026-03-01T11:23:03.518251Z  INFO get_files:scan_sources: tailwindcss_oxide::scanner: Discovering "/home/afdal/Laboratorium/PROJECT/extensionadminaksent/public/assets"
2026-03-01T11:23:03.518517Z  INFO get_files:scan_sources: tailwindcss_oxide::scanner: Discovering "/home/afdal/Laboratorium/PROJECT/extensionadminaksent/android"
2026-03-01T11:23:03.518976Z  INFO get_files:scan_sources: tailwindcss_oxide::scanner: Discovering "/home/afdal/Laboratorium/PROJECT/extensionadminaksent/android/.kotlin"
2026-03-01T11:23:03.519169Z  INFO get_files:scan_sources: tailwindcss_oxide::scanner: Discovering "/home/afdal/Laboratorium/PROJECT/extensionadminaksent/android/.kotlin/sessions"
2026-03-01T11:23:03.519468Z  INFO get_files:scan_sources: tailwindcss_oxide::scanner: Discovering "/home/afdal/Laboratorium/PROJECT/extensionadminaksent/android/gradle"
2026-03-01T11:23:03.519589Z  INFO get_files:scan_sources: tailwindcss_oxide::scanner: Discovering "/home/afdal/Laboratorium/PROJECT/extensionadminaksent/android/gradle/wrapper"
2026-03-01T11:23:03.519694Z  INFO get_files:scan_sources: tailwindcss_oxide::scanner: Discovering "/home/afdal/Laboratorium/PROJECT/extensionadminaksent/android/app"
2026-03-01T11:23:03.519846Z  INFO get_files:scan_sources: tailwindcss_oxide::scanner: Discovering "/home/afdal/Laboratorium/PROJECT/extensionadminaksent/android/app/src"
2026-03-01T11:23:03.519934Z  INFO get_files:scan_sources: tailwindcss_oxide::scanner: Discovering "/home/afdal/Laboratorium/PROJECT/extensionadminaksent/android/app/src/main"
2026-03-01T11:23:03.520026Z  INFO get_files:scan_sources: tailwindcss_oxide::scanner: Discovering "/home/afdal/Laboratorium/PROJECT/extensionadminaksent/android/app/src/main/res"
2026-03-01T11:23:03.520093Z  INFO get_files:scan_sources: tailwindcss_oxide::scanner: Discovering "/home/afdal/Laboratorium/PROJECT/extensionadminaksent/android/app/src/main/res/drawable-land-xhdpi"
2026-03-01T11:23:03.520163Z  INFO get_files:scan_sources: tailwindcss_oxide::scanner: Discovering "/home/afdal/Laboratorium/PROJECT/extensionadminaksent/android/app/src/main/res/drawable-land-xxhdpi"
2026-03-01T11:23:03.520227Z  INFO get_files:scan_sources: tailwindcss_oxide::scanner: Discovering "/home/afdal/Laboratorium/PROJECT/extensionadminaksent/android/app/src/main/res/drawable-v24"
2026-03-01T11:23:03.520307Z  INFO get_files:scan_sources: tailwindcss_oxide::scanner: Discovering "/home/afdal/Laboratorium/PROJECT/extensionadminaksent/android/app/src/main/res/drawable-port-xxxhdpi"
2026-03-01T11:23:03.520367Z  INFO get_files:scan_sources: tailwindcss_oxide::scanner: Discovering "/home/afdal/Laboratorium/PROJECT/extensionadminaksent/android/app/src/main/res/drawable-land-xxxhdpi"
2026-03-01T11:23:03.520425Z  INFO get_files:scan_sources: tailwindcss_oxide::scanner: Discovering "/home/afdal/Laboratorium/PROJECT/extensionadminaksent/android/app/src/main/res/drawable-port-xxhdpi"
2026-03-01T11:23:03.520482Z  INFO get_files:scan_sources: tailwindcss_oxide::scanner: Discovering "/home/afdal/Laboratorium/PROJECT/extensionadminaksent/android/app/src/main/res/mipmap-hdpi"
2026-03-01T11:23:03.520546Z  INFO get_files:scan_sources: tailwindcss_oxide::scanner: Discovering "/home/afdal/Laboratorium/PROJECT/extensionadminaksent/android/app/src/main/res/drawable-land-hdpi"
2026-03-01T11:23:03.520607Z  INFO get_files:scan_sources: tailwindcss_oxide::scanner: Discovering "/home/afdal/Laboratorium/PROJECT/extensionadminaksent/android/app/src/main/res/xml"
2026-03-01T11:23:03.520681Z  INFO get_files:scan_sources: tailwindcss_oxide::scanner: Discovering "/home/afdal/Laboratorium/PROJECT/extensionadminaksent/android/app/src/main/res/mipmap-xhdpi"
2026-03-01T11:23:03.520749Z  INFO get_files:scan_sources: tailwindcss_oxide::scanner: Discovering "/home/afdal/Laboratorium/PROJECT/extensionadminaksent/android/app/src/main/res/drawable-land-mdpi"
2026-03-01T11:23:03.520960Z  INFO get_files:scan_sources: tailwindcss_oxide::scanner: Discovering "/home/afdal/Laboratorium/PROJECT/extensionadminaksent/android/app/src/main/res/drawable-port-hdpi"
2026-03-01T11:23:03.521115Z  INFO get_files:scan_sources: tailwindcss_oxide::scanner: Discovering "/home/afdal/Laboratorium/PROJECT/extensionadminaksent/android/app/src/main/res/mipmap-xxhdpi"
2026-03-01T11:23:03.521262Z  INFO get_files:scan_sources: tailwindcss_oxide::scanner: Discovering "/home/afdal/Laboratorium/PROJECT/extensionadminaksent/android/app/src/main/res/mipmap-mdpi"
2026-03-01T11:23:03.521434Z  INFO get_files:scan_sources: tailwindcss_oxide::scanner: Discovering "/home/afdal/Laboratorium/PROJECT/extensionadminaksent/android/app/src/main/res/drawable"
2026-03-01T11:23:03.521598Z  INFO get_files:scan_sources: tailwindcss_oxide::scanner: Discovering "/home/afdal/Laboratorium/PROJECT/extensionadminaksent/android/app/src/main/res/drawable-port-xhdpi"
2026-03-01T11:23:03.521745Z  INFO get_files:scan_sources: tailwindcss_oxide::scanner: Discovering "/home/afdal/Laboratorium/PROJECT/extensionadminaksent/android/app/src/main/res/mipmap-xxxhdpi"
2026-03-01T11:23:03.521908Z  INFO get_files:scan_sources: tailwindcss_oxide::scanner: Discovering "/home/afdal/Laboratorium/PROJECT/extensionadminaksent/android/app/src/main/res/layout"
2026-03-01T11:23:03.522081Z  INFO get_files:scan_sources: tailwindcss_oxide::scanner: Discovering "/home/afdal/Laboratorium/PROJECT/extensionadminaksent/android/app/src/main/res/mipmap-anydpi-v26"
2026-03-01T11:23:03.522254Z  INFO get_files:scan_sources: tailwindcss_oxide::scanner: Discovering "/home/afdal/Laboratorium/PROJECT/extensionadminaksent/android/app/src/main/res/drawable-port-mdpi"
2026-03-01T11:23:03.522422Z  INFO get_files:scan_sources: tailwindcss_oxide::scanner: Discovering "/home/afdal/Laboratorium/PROJECT/extensionadminaksent/android/app/src/main/res/values"
2026-03-01T11:23:03.522622Z  INFO get_files:scan_sources: tailwindcss_oxide::scanner: Discovering "/home/afdal/Laboratorium/PROJECT/extensionadminaksent/android/app/src/main/java"
2026-03-01T11:23:03.522777Z  INFO get_files:scan_sources: tailwindcss_oxide::scanner: Discovering "/home/afdal/Laboratorium/PROJECT/extensionadminaksent/android/app/src/main/java/io"
2026-03-01T11:23:03.522932Z  INFO get_files:scan_sources: tailwindcss_oxide::scanner: Discovering "/home/afdal/Laboratorium/PROJECT/extensionadminaksent/android/app/src/main/java/io/ionic"
2026-03-01T11:23:03.523095Z  INFO get_files:scan_sources: tailwindcss_oxide::scanner: Discovering "/home/afdal/Laboratorium/PROJECT/extensionadminaksent/android/app/src/main/java/io/ionic/starter"
2026-03-01T11:23:03.523327Z  INFO get_files:scan_sources: tailwindcss_oxide::scanner: Discovering "/home/afdal/Laboratorium/PROJECT/extensionadminaksent/android/app/src/main/assets"
2026-03-01T11:23:03.523577Z  INFO get_files:scan_sources: tailwindcss_oxide::scanner: Discovering "/home/afdal/Laboratorium/PROJECT/extensionadminaksent/android/app/src/androidTest"
2026-03-01T11:23:03.523747Z  INFO get_files:scan_sources: tailwindcss_oxide::scanner: Discovering "/home/afdal/Laboratorium/PROJECT/extensionadminaksent/android/app/src/androidTest/java"
2026-03-01T11:23:03.523925Z  INFO get_files:scan_sources: tailwindcss_oxide::scanner: Discovering "/home/afdal/Laboratorium/PROJECT/extensionadminaksent/android/app/src/androidTest/java/com"
2026-03-01T11:23:03.524084Z  INFO get_files:scan_sources: tailwindcss_oxide::scanner: Discovering "/home/afdal/Laboratorium/PROJECT/extensionadminaksent/android/app/src/androidTest/java/com/getcapacitor"
2026-03-01T11:23:03.524226Z  INFO get_files:scan_sources: tailwindcss_oxide::scanner: Discovering "/home/afdal/Laboratorium/PROJECT/extensionadminaksent/android/app/src/androidTest/java/com/getcapacitor/myapp"
2026-03-01T11:23:03.524406Z  INFO get_files:scan_sources: tailwindcss_oxide::scanner: Discovering "/home/afdal/Laboratorium/PROJECT/extensionadminaksent/android/app/src/test"
2026-03-01T11:23:03.524542Z  INFO get_files:scan_sources: tailwindcss_oxide::scanner: Discovering "/home/afdal/Laboratorium/PROJECT/extensionadminaksent/android/app/src/test/java"
2026-03-01T11:23:03.524670Z  INFO get_files:scan_sources: tailwindcss_oxide::scanner: Discovering "/home/afdal/Laboratorium/PROJECT/extensionadminaksent/android/app/src/test/java/com"
2026-03-01T11:23:03.524793Z  INFO get_files:scan_sources: tailwindcss_oxide::scanner: Discovering "/home/afdal/Laboratorium/PROJECT/extensionadminaksent/android/app/src/test/java/com/getcapacitor"
2026-03-01T11:23:03.526279Z  INFO get_files:scan_sources: tailwindcss_oxide::scanner: Discovering "/home/afdal/Laboratorium/PROJECT/extensionadminaksent/android/app/src/test/java/com/getcapacitor/myapp"
2026-03-01T11:23:03.527212Z  INFO get_files:scan_sources: tailwindcss_oxide::scanner: exit
2026-03-01T11:23:03.535021Z  INFO get_files: tailwindcss_oxide::scanner: exit
2026-03-01T11:23:03.535533Z  INFO get_globs: tailwindcss_oxide::scanner: enter
2026-03-01T11:23:03.535600Z  INFO get_globs: tailwindcss_oxide::scanner: exit
2026-03-01T11:40:02.732002Z  INFO scan_sources: tailwindcss_oxide::scanner: enter
2026-03-01T11:40:02.733607Z  INFO scan_sources: tailwindcss_oxide::scanner: Discovering "/home/afdal/Laboratorium/PROJECT/extensionadminaksent/scripts"
2026-03-01T11:40:02.733732Z  INFO scan_sources: tailwindcss_oxide::scanner: Discovering "/home/afdal/Laboratorium/PROJECT/extensionadminaksent/cypress"
2026-03-01T11:40:02.733818Z  INFO scan_sources: tailwindcss_oxide::scanner: Discovering "/home/afdal/Laboratorium/PROJECT/extensionadminaksent/cypress/fixtures"
2026-03-01T11:40:02.734867Z  INFO scan_sources: tailwindcss_oxide::scanner: Discovering "/home/afdal/Laboratorium/PROJECT/extensionadminaksent/cypress/e2e"
2026-03-01T11:40:02.735036Z  INFO scan_sources: tailwindcss_oxide::scanner: Discovering "/home/afdal/Laboratorium/PROJECT/extensionadminaksent/cypress/support"
2026-03-01T11:40:02.735164Z  INFO scan_sources: tailwindcss_oxide::scanner: Discovering "/home/afdal/Laboratorium/PROJECT/extensionadminaksent/.vscode"
2026-03-01T11:40:02.735332Z  INFO scan_sources: tailwindcss_oxide::scanner: Discovering "/home/afdal/Laboratorium/PROJECT/extensionadminaksent/src"
2026-03-01T11:40:02.735415Z  INFO scan_sources: tailwindcss_oxide::scanner: Discovering "/home/afdal/Laboratorium/PROJECT/extensionadminaksent/src/hook"
2026-03-01T11:40:02.735483Z  INFO scan_sources: tailwindcss_oxide::scanner: Discovering "/home/afdal/Laboratorium/PROJECT/extensionadminaksent/src/hook/requests"
2026-03-01T11:40:02.735548Z  INFO scan_sources: tailwindcss_oxide::scanner: Discovering "/home/afdal/Laboratorium/PROJECT/extensionadminaksent/src/hook/requests/customer.ts"
2026-03-01T11:40:02.735604Z  INFO scan_sources: tailwindcss_oxide::scanner: Discovering "/home/afdal/Laboratorium/PROJECT/extensionadminaksent/src/components"
2026-03-01T11:40:02.735686Z  INFO scan_sources: tailwindcss_oxide::scanner: Discovering "/home/afdal/Laboratorium/PROJECT/extensionadminaksent/src/components/customer"
2026-03-01T11:40:02.735787Z  INFO scan_sources: tailwindcss_oxide::scanner: Discovering "/home/afdal/Laboratorium/PROJECT/extensionadminaksent/src/components/list"
2026-03-01T11:40:02.736164Z  INFO scan_sources: tailwindcss_oxide::scanner: Discovering "/home/afdal/Laboratorium/PROJECT/extensionadminaksent/src/components/toolbars"
2026-03-01T11:40:02.736318Z  INFO scan_sources: tailwindcss_oxide::scanner: Discovering "/home/afdal/Laboratorium/PROJECT/extensionadminaksent/src/theme"
2026-03-01T11:40:02.736450Z  INFO scan_sources: tailwindcss_oxide::scanner: Discovering "/home/afdal/Laboratorium/PROJECT/extensionadminaksent/src/utils"
2026-03-01T11:40:02.736602Z  INFO scan_sources: tailwindcss_oxide::scanner: Discovering "/home/afdal/Laboratorium/PROJECT/extensionadminaksent/src/databases"
2026-03-01T11:40:02.736692Z  INFO scan_sources: tailwindcss_oxide::scanner: Discovering "/home/afdal/Laboratorium/PROJECT/extensionadminaksent/src/databases/migrations"
2026-03-01T11:40:02.736841Z  INFO scan_sources: tailwindcss_oxide::scanner: Discovering "/home/afdal/Laboratorium/PROJECT/extensionadminaksent/src/databases/entities"
2026-03-01T11:40:02.736992Z  INFO scan_sources: tailwindcss_oxide::scanner: Discovering "/home/afdal/Laboratorium/PROJECT/extensionadminaksent/src/types"
2026-03-01T11:40:02.737081Z  INFO scan_sources: tailwindcss_oxide::scanner: Discovering "/home/afdal/Laboratorium/PROJECT/extensionadminaksent/src/pages"
2026-03-01T11:40:02.737146Z  INFO scan_sources: tailwindcss_oxide::scanner: Discovering "/home/afdal/Laboratorium/PROJECT/extensionadminaksent/src/pages/Customer"
2026-03-01T11:40:02.737254Z  INFO scan_sources: tailwindcss_oxide::scanner: Discovering "/home/afdal/Laboratorium/PROJECT/extensionadminaksent/src/pages/Home"
2026-03-01T11:40:02.737353Z  INFO scan_sources: tailwindcss_oxide::scanner: Discovering "/home/afdal/Laboratorium/PROJECT/extensionadminaksent/src/pages/Validation"
2026-03-01T11:40:02.737438Z  INFO scan_sources: tailwindcss_oxide::scanner: Discovering "/home/afdal/Laboratorium/PROJECT/extensionadminaksent/src/pages/Unpaid"
2026-03-01T11:40:02.737525Z  INFO scan_sources: tailwindcss_oxide::scanner: Discovering "/home/afdal/Laboratorium/PROJECT/extensionadminaksent/src/pages/Payment"
2026-03-01T11:40:02.737796Z  INFO scan_sources: tailwindcss_oxide::scanner: Discovering "/home/afdal/Laboratorium/PROJECT/extensionadminaksent/public"
2026-03-01T11:40:02.737918Z  INFO scan_sources: tailwindcss_oxide::scanner: Discovering "/home/afdal/Laboratorium/PROJECT/extensionadminaksent/public/assets"
2026-03-01T11:40:02.738153Z  INFO scan_sources: tailwindcss_oxide::scanner: Discovering "/home/afdal/Laboratorium/PROJECT/extensionadminaksent/android"
2026-03-01T11:40:02.738577Z  INFO scan_sources: tailwindcss_oxide::scanner: Discovering "/home/afdal/Laboratorium/PROJECT/extensionadminaksent/android/.kotlin"
2026-03-01T11:40:02.738669Z  INFO scan_sources: tailwindcss_oxide::scanner: Discovering "/home/afdal/Laboratorium/PROJECT/extensionadminaksent/android/.kotlin/sessions"
2026-03-01T11:40:02.739228Z  INFO scan_sources: tailwindcss_oxide::scanner: Discovering "/home/afdal/Laboratorium/PROJECT/extensionadminaksent/android/gradle"
2026-03-01T11:40:02.739330Z  INFO scan_sources: tailwindcss_oxide::scanner: Discovering "/home/afdal/Laboratorium/PROJECT/extensionadminaksent/android/gradle/wrapper"
2026-03-01T11:40:02.739455Z  INFO scan_sources: tailwindcss_oxide::scanner: Discovering "/home/afdal/Laboratorium/PROJECT/extensionadminaksent/android/app"
2026-03-01T11:40:02.739636Z  INFO scan_sources: tailwindcss_oxide::scanner: Discovering "/home/afdal/Laboratorium/PROJECT/extensionadminaksent/android/app/src"
2026-03-01T11:40:02.739724Z  INFO scan_sources: tailwindcss_oxide::scanner: Discovering "/home/afdal/Laboratorium/PROJECT/extensionadminaksent/android/app/src/main"
2026-03-01T11:40:02.739834Z  INFO scan_sources: tailwindcss_oxide::scanner: Discovering "/home/afdal/Laboratorium/PROJECT/extensionadminaksent/android/app/src/main/res"
2026-03-01T11:40:02.739930Z  INFO scan_sources: tailwindcss_oxide::scanner: Discovering "/home/afdal/Laboratorium/PROJECT/extensionadminaksent/android/app/src/main/res/drawable-land-xhdpi"
2026-03-01T11:40:02.740016Z  INFO scan_sources: tailwindcss_oxide::scanner: Discovering "/home/afdal/Laboratorium/PROJECT/extensionadminaksent/android/app/src/main/res/drawable-land-xxhdpi"
2026-03-01T11:40:02.740094Z  INFO scan_sources: tailwindcss_oxide::scanner: Discovering "/home/afdal/Laboratorium/PROJECT/extensionadminaksent/android/app/src/main/res/drawable-v24"
2026-03-01T11:40:02.740187Z  INFO scan_sources: tailwindcss_oxide::scanner: Discovering "/home/afdal/Laboratorium/PROJECT/extensionadminaksent/android/app/src/main/res/drawable-port-xxxhdpi"
2026-03-01T11:40:02.740268Z  INFO scan_sources: tailwindcss_oxide::scanner: Discovering "/home/afdal/Laboratorium/PROJECT/extensionadminaksent/android/app/src/main/res/drawable-land-xxxhdpi"
2026-03-01T11:40:02.740344Z  INFO scan_sources: tailwindcss_oxide::scanner: Discovering "/home/afdal/Laboratorium/PROJECT/extensionadminaksent/android/app/src/main/res/drawable-port-xxhdpi"
2026-03-01T11:40:02.740420Z  INFO scan_sources: tailwindcss_oxide::scanner: Discovering "/home/afdal/Laboratorium/PROJECT/extensionadminaksent/android/app/src/main/res/mipmap-hdpi"
2026-03-01T11:40:02.740507Z  INFO scan_sources: tailwindcss_oxide::scanner: Discovering "/home/afdal/Laboratorium/PROJECT/extensionadminaksent/android/app/src/main/res/drawable-land-hdpi"
2026-03-01T11:40:02.740587Z  INFO scan_sources: tailwindcss_oxide::scanner: Discovering "/home/afdal/Laboratorium/PROJECT/extensionadminaksent/android/app/src/main/res/xml"
2026-03-01T11:40:02.740685Z  INFO scan_sources: tailwindcss_oxide::scanner: Discovering "/home/afdal/Laboratorium/PROJECT/extensionadminaksent/android/app/src/main/res/mipmap-xhdpi"
2026-03-01T11:40:02.740773Z  INFO scan_sources: tailwindcss_oxide::scanner: Discovering "/home/afdal/Laboratorium/PROJECT/extensionadminaksent/android/app/src/main/res/drawable-land-mdpi"
2026-03-01T11:40:02.740865Z  INFO scan_sources: tailwindcss_oxide::scanner: Discovering "/home/afdal/Laboratorium/PROJECT/extensionadminaksent/android/app/src/main/res/drawable-port-hdpi"
2026-03-01T11:40:02.740948Z  INFO scan_sources: tailwindcss_oxide::scanner: Discovering "/home/afdal/Laboratorium/PROJECT/extensionadminaksent/android/app/src/main/res/mipmap-xxhdpi"
2026-03-01T11:40:02.741034Z  INFO scan_sources: tailwindcss_oxide::scanner: Discovering "/home/afdal/Laboratorium/PROJECT/extensionadminaksent/android/app/src/main/res/mipmap-mdpi"
2026-03-01T11:40:02.741121Z  INFO scan_sources: tailwindcss_oxide::scanner: Discovering "/home/afdal/Laboratorium/PROJECT/extensionadminaksent/android/app/src/main/res/drawable"
2026-03-01T11:40:02.741215Z  INFO scan_sources: tailwindcss_oxide::scanner: Discovering "/home/afdal/Laboratorium/PROJECT/extensionadminaksent/android/app/src/main/res/drawable-port-xhdpi"
2026-03-01T11:40:02.741305Z  INFO scan_sources: tailwindcss_oxide::scanner: Discovering "/home/afdal/Laboratorium/PROJECT/extensionadminaksent/android/app/src/main/res/mipmap-xxxhdpi"
2026-03-01T11:40:02.741391Z  INFO scan_sources: tailwindcss_oxide::scanner: Discovering "/home/afdal/Laboratorium/PROJECT/extensionadminaksent/android/app/src/main/res/layout"
2026-03-01T11:40:02.741480Z  INFO scan_sources: tailwindcss_oxide::scanner: Discovering "/home/afdal/Laboratorium/PROJECT/extensionadminaksent/android/app/src/main/res/mipmap-anydpi-v26"
2026-03-01T11:40:02.741580Z  INFO scan_sources: tailwindcss_oxide::scanner: Discovering "/home/afdal/Laboratorium/PROJECT/extensionadminaksent/android/app/src/main/res/drawable-port-mdpi"
2026-03-01T11:40:02.741654Z  INFO scan_sources: tailwindcss_oxide::scanner: Discovering "/home/afdal/Laboratorium/PROJECT/extensionadminaksent/android/app/src/main/res/values"
2026-03-01T11:40:02.741779Z  INFO scan_sources: tailwindcss_oxide::scanner: Discovering "/home/afdal/Laboratorium/PROJECT/extensionadminaksent/android/app/src/main/java"
2026-03-01T11:40:02.741861Z  INFO scan_sources: tailwindcss_oxide::scanner: Discovering "/home/afdal/Laboratorium/PROJECT/extensionadminaksent/android/app/src/main/java/io"
2026-03-01T11:40:02.741941Z  INFO scan_sources: tailwindcss_oxide::scanner: Discovering "/home/afdal/Laboratorium/PROJECT/extensionadminaksent/android/app/src/main/java/io/ionic"
2026-03-01T11:40:02.742014Z  INFO scan_sources: tailwindcss_oxide::scanner: Discovering "/home/afdal/Laboratorium/PROJECT/extensionadminaksent/android/app/src/main/java/io/ionic/starter"
2026-03-01T11:40:02.742134Z  INFO scan_sources: tailwindcss_oxide::scanner: Discovering "/home/afdal/Laboratorium/PROJECT/extensionadminaksent/android/app/src/main/assets"
2026-03-01T11:40:02.742285Z  INFO scan_sources: tailwindcss_oxide::scanner: Discovering "/home/afdal/Laboratorium/PROJECT/extensionadminaksent/android/app/src/androidTest"
2026-03-01T11:40:02.742352Z  INFO scan_sources: tailwindcss_oxide::scanner: Discovering "/home/afdal/Laboratorium/PROJECT/extensionadminaksent/android/app/src/androidTest/java"
2026-03-01T11:40:02.742414Z  INFO scan_sources: tailwindcss_oxide::scanner: Discovering "/home/afdal/Laboratorium/PROJECT/extensionadminaksent/android/app/src/androidTest/java/com"
2026-03-01T11:40:02.742481Z  INFO scan_sources: tailwindcss_oxide::scanner: Discovering "/home/afdal/Laboratorium/PROJECT/extensionadminaksent/android/app/src/androidTest/java/com/getcapacitor"
2026-03-01T11:40:02.742552Z  INFO scan_sources: tailwindcss_oxide::scanner: Discovering "/home/afdal/Laboratorium/PROJECT/extensionadminaksent/android/app/src/androidTest/java/com/getcapacitor/myapp"
2026-03-01T11:40:02.742675Z  INFO scan_sources: tailwindcss_oxide::scanner: Discovering "/home/afdal/Laboratorium/PROJECT/extensionadminaksent/android/app/src/test"
2026-03-01T11:40:02.742757Z  INFO scan_sources: tailwindcss_oxide::scanner: Discovering "/home/afdal/Laboratorium/PROJECT/extensionadminaksent/android/app/src/test/java"
2026-03-01T11:40:02.743102Z  INFO scan_sources: tailwindcss_oxide::scanner: Discovering "/home/afdal/Laboratorium/PROJECT/extensionadminaksent/android/app/src/test/java/com"
2026-03-01T11:40:02.743214Z  INFO scan_sources: tailwindcss_oxide::scanner: Discovering "/home/afdal/Laboratorium/PROJECT/extensionadminaksent/android/app/src/test/java/com/getcapacitor"
2026-03-01T11:40:02.743288Z  INFO scan_sources: tailwindcss_oxide::scanner: Discovering "/home/afdal/Laboratorium/PROJECT/extensionadminaksent/android/app/src/test/java/com/getcapacitor/myapp"
2026-03-01T11:40:02.743874Z  INFO scan_sources: tailwindcss_oxide::scanner: exit
2026-03-01T11:40:02.743905Z  INFO extract_candidates: tailwindcss_oxide::scanner: enter
2026-03-01T11:40:02.743916Z  INFO extract_candidates:read_all_files: tailwindcss_oxide::scanner: enter
2026-03-01T11:40:02.743925Z  INFO extract_candidates:read_all_files: tailwindcss_oxide::scanner: Reading 1 file(s)
2026-03-01T11:40:02.744024Z  INFO extract_candidates:read_all_files: tailwindcss_oxide::scanner: Reading "/home/afdal/Laboratorium/PROJECT/extensionadminaksent/src/hook/requests/customer.ts"
2026-03-01T11:40:02.744045Z  INFO extract_candidates:read_all_files: tailwindcss_oxide::scanner: exit
2026-03-01T11:40:02.744058Z  INFO extract_candidates:parse_all_blobs: tailwindcss_oxide::scanner: enter
2026-03-01T11:40:02.744068Z  INFO extract_candidates:parse_all_blobs:extract: tailwindcss_oxide::scanner: enter
2026-03-01T11:40:02.746274Z  INFO extract_candidates:parse_all_blobs:extract: tailwindcss_oxide::scanner: exit
2026-03-01T11:40:02.746322Z  INFO extract_candidates:parse_all_blobs: tailwindcss_oxide::scanner: exit
2026-03-01T11:40:02.746484Z  INFO extract_candidates: tailwindcss_oxide::scanner: exit
2026-03-01T11:40:02.747967Z  INFO get_files: tailwindcss_oxide::scanner: enter
2026-03-01T11:40:02.748005Z  INFO get_files:scan_sources: tailwindcss_oxide::scanner: enter
2026-03-01T11:40:02.748614Z  INFO get_files:scan_sources: tailwindcss_oxide::scanner: Discovering "/home/afdal/Laboratorium/PROJECT/extensionadminaksent/scripts"
2026-03-01T11:40:02.748685Z  INFO get_files:scan_sources: tailwindcss_oxide::scanner: Discovering "/home/afdal/Laboratorium/PROJECT/extensionadminaksent/cypress"
2026-03-01T11:40:02.748728Z  INFO get_files:scan_sources: tailwindcss_oxide::scanner: Discovering "/home/afdal/Laboratorium/PROJECT/extensionadminaksent/cypress/fixtures"
2026-03-01T11:40:02.748786Z  INFO get_files:scan_sources: tailwindcss_oxide::scanner: Discovering "/home/afdal/Laboratorium/PROJECT/extensionadminaksent/cypress/e2e"
2026-03-01T11:40:02.748875Z  INFO get_files:scan_sources: tailwindcss_oxide::scanner: Discovering "/home/afdal/Laboratorium/PROJECT/extensionadminaksent/cypress/support"
2026-03-01T11:40:02.748975Z  INFO get_files:scan_sources: tailwindcss_oxide::scanner: Discovering "/home/afdal/Laboratorium/PROJECT/extensionadminaksent/.vscode"
2026-03-01T11:40:02.749100Z  INFO get_files:scan_sources: tailwindcss_oxide::scanner: Discovering "/home/afdal/Laboratorium/PROJECT/extensionadminaksent/src"
2026-03-01T11:40:02.749163Z  INFO get_files:scan_sources: tailwindcss_oxide::scanner: Discovering "/home/afdal/Laboratorium/PROJECT/extensionadminaksent/src/hook"
2026-03-01T11:40:02.749230Z  INFO get_files:scan_sources: tailwindcss_oxide::scanner: Discovering "/home/afdal/Laboratorium/PROJECT/extensionadminaksent/src/hook/requests"
2026-03-01T11:40:02.749314Z  INFO get_files:scan_sources: tailwindcss_oxide::scanner: Discovering "/home/afdal/Laboratorium/PROJECT/extensionadminaksent/src/components"
2026-03-01T11:40:02.749385Z  INFO get_files:scan_sources: tailwindcss_oxide::scanner: Discovering "/home/afdal/Laboratorium/PROJECT/extensionadminaksent/src/components/customer"
2026-03-01T11:40:02.749464Z  INFO get_files:scan_sources: tailwindcss_oxide::scanner: Discovering "/home/afdal/Laboratorium/PROJECT/extensionadminaksent/src/components/list"
2026-03-01T11:40:02.749562Z  INFO get_files:scan_sources: tailwindcss_oxide::scanner: Discovering "/home/afdal/Laboratorium/PROJECT/extensionadminaksent/src/components/toolbars"
2026-03-01T11:40:02.749648Z  INFO get_files:scan_sources: tailwindcss_oxide::scanner: Discovering "/home/afdal/Laboratorium/PROJECT/extensionadminaksent/src/theme"
2026-03-01T11:40:02.749742Z  INFO get_files:scan_sources: tailwindcss_oxide::scanner: Discovering "/home/afdal/Laboratorium/PROJECT/extensionadminaksent/src/utils"
2026-03-01T11:40:02.749880Z  INFO get_files:scan_sources: tailwindcss_oxide::scanner: Discovering "/home/afdal/Laboratorium/PROJECT/extensionadminaksent/src/databases"
2026-03-01T11:40:02.749962Z  INFO get_files:scan_sources: tailwindcss_oxide::scanner: Discovering "/home/afdal/Laboratorium/PROJECT/extensionadminaksent/src/databases/migrations"
2026-03-01T11:40:02.750063Z  INFO get_files:scan_sources: tailwindcss_oxide::scanner: Discovering "/home/afdal/Laboratorium/PROJECT/extensionadminaksent/src/databases/entities"
2026-03-01T11:40:02.750187Z  INFO get_files:scan_sources: tailwindcss_oxide::scanner: Discovering "/home/afdal/Laboratorium/PROJECT/extensionadminaksent/src/types"
2026-03-01T11:40:02.750274Z  INFO get_files:scan_sources: tailwindcss_oxide::scanner: Discovering "/home/afdal/Laboratorium/PROJECT/extensionadminaksent/src/pages"
2026-03-01T11:40:02.750331Z  INFO get_files:scan_sources: tailwindcss_oxide::scanner: Discovering "/home/afdal/Laboratorium/PROJECT/extensionadminaksent/src/pages/Customer"
2026-03-01T11:40:02.750415Z  INFO get_files:scan_sources: tailwindcss_oxide::scanner: Discovering "/home/afdal/Laboratorium/PROJECT/extensionadminaksent/src/pages/Home"
2026-03-01T11:40:02.750496Z  INFO get_files:scan_sources: tailwindcss_oxide::scanner: Discovering "/home/afdal/Laboratorium/PROJECT/extensionadminaksent/src/pages/Validation"
2026-03-01T11:40:02.750569Z  INFO get_files:scan_sources: tailwindcss_oxide::scanner: Discovering "/home/afdal/Laboratorium/PROJECT/extensionadminaksent/src/pages/Unpaid"
2026-03-01T11:40:02.750636Z  INFO get_files:scan_sources: tailwindcss_oxide::scanner: Discovering "/home/afdal/Laboratorium/PROJECT/extensionadminaksent/src/pages/Payment"
2026-03-01T11:40:02.750876Z  INFO get_files:scan_sources: tailwindcss_oxide::scanner: Discovering "/home/afdal/Laboratorium/PROJECT/extensionadminaksent/public"
2026-03-01T11:40:02.750971Z  INFO get_files:scan_sources: tailwindcss_oxide::scanner: Discovering "/home/afdal/Laboratorium/PROJECT/extensionadminaksent/public/assets"
2026-03-01T11:40:02.751164Z  INFO get_files:scan_sources: tailwindcss_oxide::scanner: Discovering "/home/afdal/Laboratorium/PROJECT/extensionadminaksent/android"
2026-03-01T11:40:02.751537Z  INFO get_files:scan_sources: tailwindcss_oxide::scanner: Discovering "/home/afdal/Laboratorium/PROJECT/extensionadminaksent/android/.kotlin"
2026-03-01T11:40:02.751608Z  INFO get_files:scan_sources: tailwindcss_oxide::scanner: Discovering "/home/afdal/Laboratorium/PROJECT/extensionadminaksent/android/.kotlin/sessions"
2026-03-01T11:40:02.751863Z  INFO get_files:scan_sources: tailwindcss_oxide::scanner: Discovering "/home/afdal/Laboratorium/PROJECT/extensionadminaksent/android/gradle"
2026-03-01T11:40:02.751952Z  INFO get_files:scan_sources: tailwindcss_oxide::scanner: Discovering "/home/afdal/Laboratorium/PROJECT/extensionadminaksent/android/gradle/wrapper"
2026-03-01T11:40:02.752066Z  INFO get_files:scan_sources: tailwindcss_oxide::scanner: Discovering "/home/afdal/Laboratorium/PROJECT/extensionadminaksent/android/app"
2026-03-01T11:40:02.752243Z  INFO get_files:scan_sources: tailwindcss_oxide::scanner: Discovering "/home/afdal/Laboratorium/PROJECT/extensionadminaksent/android/app/src"
2026-03-01T11:40:02.752332Z  INFO get_files:scan_sources: tailwindcss_oxide::scanner: Discovering "/home/afdal/Laboratorium/PROJECT/extensionadminaksent/android/app/src/main"
2026-03-01T11:40:02.752431Z  INFO get_files:scan_sources: tailwindcss_oxide::scanner: Discovering "/home/afdal/Laboratorium/PROJECT/extensionadminaksent/android/app/src/main/res"
2026-03-01T11:40:02.752504Z  INFO get_files:scan_sources: tailwindcss_oxide::scanner: Discovering "/home/afdal/Laboratorium/PROJECT/extensionadminaksent/android/app/src/main/res/drawable-land-xhdpi"
2026-03-01T11:40:02.752597Z  INFO get_files:scan_sources: tailwindcss_oxide::scanner: Discovering "/home/afdal/Laboratorium/PROJECT/extensionadminaksent/android/app/src/main/res/drawable-land-xxhdpi"
2026-03-01T11:40:02.752664Z  INFO get_files:scan_sources: tailwindcss_oxide::scanner: Discovering "/home/afdal/Laboratorium/PROJECT/extensionadminaksent/android/app/src/main/res/drawable-v24"
2026-03-01T11:40:02.752743Z  INFO get_files:scan_sources: tailwindcss_oxide::scanner: Discovering "/home/afdal/Laboratorium/PROJECT/extensionadminaksent/android/app/src/main/res/drawable-port-xxxhdpi"
2026-03-01T11:40:02.754567Z  INFO get_files:scan_sources: tailwindcss_oxide::scanner: Discovering "/home/afdal/Laboratorium/PROJECT/extensionadminaksent/android/app/src/main/res/drawable-land-xxxhdpi"
2026-03-01T11:40:02.754714Z  INFO get_files:scan_sources: tailwindcss_oxide::scanner: Discovering "/home/afdal/Laboratorium/PROJECT/extensionadminaksent/android/app/src/main/res/drawable-port-xxhdpi"
2026-03-01T11:40:02.754841Z  INFO get_files:scan_sources: tailwindcss_oxide::scanner: Discovering "/home/afdal/Laboratorium/PROJECT/extensionadminaksent/android/app/src/main/res/mipmap-hdpi"
2026-03-01T11:40:02.754945Z  INFO get_files:scan_sources: tailwindcss_oxide::scanner: Discovering "/home/afdal/Laboratorium/PROJECT/extensionadminaksent/android/app/src/main/res/drawable-land-hdpi"
2026-03-01T11:40:02.755034Z  INFO get_files:scan_sources: tailwindcss_oxide::scanner: Discovering "/home/afdal/Laboratorium/PROJECT/extensionadminaksent/android/app/src/main/res/xml"
2026-03-01T11:40:02.755141Z  INFO get_files:scan_sources: tailwindcss_oxide::scanner: Discovering "/home/afdal/Laboratorium/PROJECT/extensionadminaksent/android/app/src/main/res/mipmap-xhdpi"
2026-03-01T11:40:02.755232Z  INFO get_files:scan_sources: tailwindcss_oxide::scanner: Discovering "/home/afdal/Laboratorium/PROJECT/extensionadminaksent/android/app/src/main/res/drawable-land-mdpi"
2026-03-01T11:40:02.755311Z  INFO get_files:scan_sources: tailwindcss_oxide::scanner: Discovering "/home/afdal/Laboratorium/PROJECT/extensionadminaksent/android/app/src/main/res/drawable-port-hdpi"
2026-03-01T11:40:02.755389Z  INFO get_files:scan_sources: tailwindcss_oxide::scanner: Discovering "/home/afdal/Laboratorium/PROJECT/extensionadminaksent/android/app/src/main/res/mipmap-xxhdpi"
2026-03-01T11:40:02.755480Z  INFO get_files:scan_sources: tailwindcss_oxide::scanner: Discovering "/home/afdal/Laboratorium/PROJECT/extensionadminaksent/android/app/src/main/res/mipmap-mdpi"
2026-03-01T11:40:02.755579Z  INFO get_files:scan_sources: tailwindcss_oxide::scanner: Discovering "/home/afdal/Laboratorium/PROJECT/extensionadminaksent/android/app/src/main/res/drawable"
2026-03-01T11:40:02.755682Z  INFO get_files:scan_sources: tailwindcss_oxide::scanner: Discovering "/home/afdal/Laboratorium/PROJECT/extensionadminaksent/android/app/src/main/res/drawable-port-xhdpi"
2026-03-01T11:40:02.755764Z  INFO get_files:scan_sources: tailwindcss_oxide::scanner: Discovering "/home/afdal/Laboratorium/PROJECT/extensionadminaksent/android/app/src/main/res/mipmap-xxxhdpi"
2026-03-01T11:40:02.757842Z  INFO get_files:scan_sources: tailwindcss_oxide::scanner: Discovering "/home/afdal/Laboratorium/PROJECT/extensionadminaksent/android/app/src/main/res/layout"
2026-03-01T11:40:02.757984Z  INFO get_files:scan_sources: tailwindcss_oxide::scanner: Discovering "/home/afdal/Laboratorium/PROJECT/extensionadminaksent/android/app/src/main/res/mipmap-anydpi-v26"
2026-03-01T11:40:02.758078Z  INFO get_files:scan_sources: tailwindcss_oxide::scanner: Discovering "/home/afdal/Laboratorium/PROJECT/extensionadminaksent/android/app/src/main/res/drawable-port-mdpi"
2026-03-01T11:40:02.758306Z  INFO get_files:scan_sources: tailwindcss_oxide::scanner: Discovering "/home/afdal/Laboratorium/PROJECT/extensionadminaksent/android/app/src/main/res/values"
2026-03-01T11:40:02.758438Z  INFO get_files:scan_sources: tailwindcss_oxide::scanner: Discovering "/home/afdal/Laboratorium/PROJECT/extensionadminaksent/android/app/src/main/java"
2026-03-01T11:40:02.758502Z  INFO get_files:scan_sources: tailwindcss_oxide::scanner: Discovering "/home/afdal/Laboratorium/PROJECT/extensionadminaksent/android/app/src/main/java/io"
2026-03-01T11:40:02.758574Z  INFO get_files:scan_sources: tailwindcss_oxide::scanner: Discovering "/home/afdal/Laboratorium/PROJECT/extensionadminaksent/android/app/src/main/java/io/ionic"
2026-03-01T11:40:02.758646Z  INFO get_files:scan_sources: tailwindcss_oxide::scanner: Discovering "/home/afdal/Laboratorium/PROJECT/extensionadminaksent/android/app/src/main/java/io/ionic/starter"
2026-03-01T11:40:02.758777Z  INFO get_files:scan_sources: tailwindcss_oxide::scanner: Discovering "/home/afdal/Laboratorium/PROJECT/extensionadminaksent/android/app/src/main/assets"
2026-03-01T11:40:02.758985Z  INFO get_files:scan_sources: tailwindcss_oxide::scanner: Discovering "/home/afdal/Laboratorium/PROJECT/extensionadminaksent/android/app/src/androidTest"
2026-03-01T11:40:02.759101Z  INFO get_files:scan_sources: tailwindcss_oxide::scanner: Discovering "/home/afdal/Laboratorium/PROJECT/extensionadminaksent/android/app/src/androidTest/java"
2026-03-01T11:40:02.759184Z  INFO get_files:scan_sources: tailwindcss_oxide::scanner: Discovering "/home/afdal/Laboratorium/PROJECT/extensionadminaksent/android/app/src/androidTest/java/com"
2026-03-01T11:40:02.759266Z  INFO get_files:scan_sources: tailwindcss_oxide::scanner: Discovering "/home/afdal/Laboratorium/PROJECT/extensionadminaksent/android/app/src/androidTest/java/com/getcapacitor"
2026-03-01T11:40:02.759340Z  INFO get_files:scan_sources: tailwindcss_oxide::scanner: Discovering "/home/afdal/Laboratorium/PROJECT/extensionadminaksent/android/app/src/androidTest/java/com/getcapacitor/myapp"
2026-03-01T11:40:02.759474Z  INFO get_files:scan_sources: tailwindcss_oxide::scanner: Discovering "/home/afdal/Laboratorium/PROJECT/extensionadminaksent/android/app/src/test"
2026-03-01T11:40:02.759546Z  INFO get_files:scan_sources: tailwindcss_oxide::scanner: Discovering "/home/afdal/Laboratorium/PROJECT/extensionadminaksent/android/app/src/test/java"
2026-03-01T11:40:02.759621Z  INFO get_files:scan_sources: tailwindcss_oxide::scanner: Discovering "/home/afdal/Laboratorium/PROJECT/extensionadminaksent/android/app/src/test/java/com"
2026-03-01T11:40:02.759688Z  INFO get_files:scan_sources: tailwindcss_oxide::scanner: Discovering "/home/afdal/Laboratorium/PROJECT/extensionadminaksent/android/app/src/test/java/com/getcapacitor"
2026-03-01T11:40:02.759761Z  INFO get_files:scan_sources: tailwindcss_oxide::scanner: Discovering "/home/afdal/Laboratorium/PROJECT/extensionadminaksent/android/app/src/test/java/com/getcapacitor/myapp"
2026-03-01T11:40:02.760218Z  INFO get_files:scan_sources: tailwindcss_oxide::scanner: exit
2026-03-01T11:40:02.761233Z  INFO get_files: tailwindcss_oxide::scanner: exit
2026-03-01T11:40:02.761504Z  INFO get_globs: tailwindcss_oxide::scanner: enter
2026-03-01T11:40:02.761526Z  INFO get_globs: tailwindcss_oxide::scanner: exit
2026-03-01T11:42:49.838722Z  INFO scan_sources: tailwindcss_oxide::scanner: enter
2026-03-01T11:42:49.839641Z  INFO scan_sources: tailwindcss_oxide::scanner: Discovering "/home/afdal/Laboratorium/PROJECT/extensionadminaksent/scripts"
2026-03-01T11:42:49.839744Z  INFO scan_sources: tailwindcss_oxide::scanner: Discovering "/home/afdal/Laboratorium/PROJECT/extensionadminaksent/cypress"
2026-03-01T11:42:49.839800Z  INFO scan_sources: tailwindcss_oxide::scanner: Discovering "/home/afdal/Laboratorium/PROJECT/extensionadminaksent/cypress/fixtures"
2026-03-01T11:42:49.839881Z  INFO scan_sources: tailwindcss_oxide::scanner: Discovering "/home/afdal/Laboratorium/PROJECT/extensionadminaksent/cypress/e2e"
2026-03-01T11:42:49.839953Z  INFO scan_sources: tailwindcss_oxide::scanner: Discovering "/home/afdal/Laboratorium/PROJECT/extensionadminaksent/cypress/support"
2026-03-01T11:42:49.840047Z  INFO scan_sources: tailwindcss_oxide::scanner: Discovering "/home/afdal/Laboratorium/PROJECT/extensionadminaksent/.vscode"
2026-03-01T11:42:49.840163Z  INFO scan_sources: tailwindcss_oxide::scanner: Discovering "/home/afdal/Laboratorium/PROJECT/extensionadminaksent/src"
2026-03-01T11:42:49.840219Z  INFO scan_sources: tailwindcss_oxide::scanner: Discovering "/home/afdal/Laboratorium/PROJECT/extensionadminaksent/src/hook"
2026-03-01T11:42:49.840271Z  INFO scan_sources: tailwindcss_oxide::scanner: Discovering "/home/afdal/Laboratorium/PROJECT/extensionadminaksent/src/hook/requests"
2026-03-01T11:42:49.840351Z  INFO scan_sources: tailwindcss_oxide::scanner: Discovering "/home/afdal/Laboratorium/PROJECT/extensionadminaksent/src/components"
2026-03-01T11:42:49.840426Z  INFO scan_sources: tailwindcss_oxide::scanner: Discovering "/home/afdal/Laboratorium/PROJECT/extensionadminaksent/src/components/customer"
2026-03-01T11:42:49.840504Z  INFO scan_sources: tailwindcss_oxide::scanner: Discovering "/home/afdal/Laboratorium/PROJECT/extensionadminaksent/src/components/list"
2026-03-01T11:42:49.840600Z  INFO scan_sources: tailwindcss_oxide::scanner: Discovering "/home/afdal/Laboratorium/PROJECT/extensionadminaksent/src/components/toolbars"
2026-03-01T11:42:49.840704Z  INFO scan_sources: tailwindcss_oxide::scanner: Discovering "/home/afdal/Laboratorium/PROJECT/extensionadminaksent/src/theme"
2026-03-01T11:42:49.840782Z  INFO scan_sources: tailwindcss_oxide::scanner: Discovering "/home/afdal/Laboratorium/PROJECT/extensionadminaksent/src/App.tsx"
2026-03-01T11:42:49.840821Z  INFO scan_sources: tailwindcss_oxide::scanner: Discovering "/home/afdal/Laboratorium/PROJECT/extensionadminaksent/src/utils"
2026-03-01T11:42:49.840940Z  INFO scan_sources: tailwindcss_oxide::scanner: Discovering "/home/afdal/Laboratorium/PROJECT/extensionadminaksent/src/databases"
2026-03-01T11:42:49.841008Z  INFO scan_sources: tailwindcss_oxide::scanner: Discovering "/home/afdal/Laboratorium/PROJECT/extensionadminaksent/src/databases/migrations"
2026-03-01T11:42:49.841101Z  INFO scan_sources: tailwindcss_oxide::scanner: Discovering "/home/afdal/Laboratorium/PROJECT/extensionadminaksent/src/databases/entities"
2026-03-01T11:42:49.841203Z  INFO scan_sources: tailwindcss_oxide::scanner: Discovering "/home/afdal/Laboratorium/PROJECT/extensionadminaksent/src/types"
2026-03-01T11:42:49.841273Z  INFO scan_sources: tailwindcss_oxide::scanner: Discovering "/home/afdal/Laboratorium/PROJECT/extensionadminaksent/src/pages"
2026-03-01T11:42:49.841485Z  INFO scan_sources: tailwindcss_oxide::scanner: Discovering "/home/afdal/Laboratorium/PROJECT/extensionadminaksent/src/pages/Customer"
2026-03-01T11:42:49.841595Z  INFO scan_sources: tailwindcss_oxide::scanner: Discovering "/home/afdal/Laboratorium/PROJECT/extensionadminaksent/src/pages/Home"
2026-03-01T11:42:49.841677Z  INFO scan_sources: tailwindcss_oxide::scanner: Discovering "/home/afdal/Laboratorium/PROJECT/extensionadminaksent/src/pages/Validation"
2026-03-01T11:42:49.841744Z  INFO scan_sources: tailwindcss_oxide::scanner: Discovering "/home/afdal/Laboratorium/PROJECT/extensionadminaksent/src/pages/Unpaid"
2026-03-01T11:42:49.841825Z  INFO scan_sources: tailwindcss_oxide::scanner: Discovering "/home/afdal/Laboratorium/PROJECT/extensionadminaksent/src/pages/Payment"
2026-03-01T11:42:49.842053Z  INFO scan_sources: tailwindcss_oxide::scanner: Discovering "/home/afdal/Laboratorium/PROJECT/extensionadminaksent/public"
2026-03-01T11:42:49.842135Z  INFO scan_sources: tailwindcss_oxide::scanner: Discovering "/home/afdal/Laboratorium/PROJECT/extensionadminaksent/public/assets"
2026-03-01T11:42:49.842330Z  INFO scan_sources: tailwindcss_oxide::scanner: Discovering "/home/afdal/Laboratorium/PROJECT/extensionadminaksent/android"
2026-03-01T11:42:49.842667Z  INFO scan_sources: tailwindcss_oxide::scanner: Discovering "/home/afdal/Laboratorium/PROJECT/extensionadminaksent/android/.kotlin"
2026-03-01T11:42:49.842733Z  INFO scan_sources: tailwindcss_oxide::scanner: Discovering "/home/afdal/Laboratorium/PROJECT/extensionadminaksent/android/.kotlin/sessions"
2026-03-01T11:42:49.842943Z  INFO scan_sources: tailwindcss_oxide::scanner: Discovering "/home/afdal/Laboratorium/PROJECT/extensionadminaksent/android/gradle"
2026-03-01T11:42:49.843012Z  INFO scan_sources: tailwindcss_oxide::scanner: Discovering "/home/afdal/Laboratorium/PROJECT/extensionadminaksent/android/gradle/wrapper"
2026-03-01T11:42:49.843124Z  INFO scan_sources: tailwindcss_oxide::scanner: Discovering "/home/afdal/Laboratorium/PROJECT/extensionadminaksent/android/app"
2026-03-01T11:42:49.843284Z  INFO scan_sources: tailwindcss_oxide::scanner: Discovering "/home/afdal/Laboratorium/PROJECT/extensionadminaksent/android/app/src"
2026-03-01T11:42:49.843375Z  INFO scan_sources: tailwindcss_oxide::scanner: Discovering "/home/afdal/Laboratorium/PROJECT/extensionadminaksent/android/app/src/main"
2026-03-01T11:42:49.843560Z  INFO scan_sources: tailwindcss_oxide::scanner: Discovering "/home/afdal/Laboratorium/PROJECT/extensionadminaksent/android/app/src/main/res"
2026-03-01T11:42:49.843707Z  INFO scan_sources: tailwindcss_oxide::scanner: Discovering "/home/afdal/Laboratorium/PROJECT/extensionadminaksent/android/app/src/main/res/drawable-land-xhdpi"
2026-03-01T11:42:49.843800Z  INFO scan_sources: tailwindcss_oxide::scanner: Discovering "/home/afdal/Laboratorium/PROJECT/extensionadminaksent/android/app/src/main/res/drawable-land-xxhdpi"
2026-03-01T11:42:49.843880Z  INFO scan_sources: tailwindcss_oxide::scanner: Discovering "/home/afdal/Laboratorium/PROJECT/extensionadminaksent/android/app/src/main/res/drawable-v24"
2026-03-01T11:42:49.843967Z  INFO scan_sources: tailwindcss_oxide::scanner: Discovering "/home/afdal/Laboratorium/PROJECT/extensionadminaksent/android/app/src/main/res/drawable-port-xxxhdpi"
2026-03-01T11:42:49.844034Z  INFO scan_sources: tailwindcss_oxide::scanner: Discovering "/home/afdal/Laboratorium/PROJECT/extensionadminaksent/android/app/src/main/res/drawable-land-xxxhdpi"
2026-03-01T11:42:49.844097Z  INFO scan_sources: tailwindcss_oxide::scanner: Discovering "/home/afdal/Laboratorium/PROJECT/extensionadminaksent/android/app/src/main/res/drawable-port-xxhdpi"
2026-03-01T11:42:49.844162Z  INFO scan_sources: tailwindcss_oxide::scanner: Discovering "/home/afdal/Laboratorium/PROJECT/extensionadminaksent/android/app/src/main/res/mipmap-hdpi"
2026-03-01T11:42:49.844234Z  INFO scan_sources: tailwindcss_oxide::scanner: Discovering "/home/afdal/Laboratorium/PROJECT/extensionadminaksent/android/app/src/main/res/drawable-land-hdpi"
2026-03-01T11:42:49.844301Z  INFO scan_sources: tailwindcss_oxide::scanner: Discovering "/home/afdal/Laboratorium/PROJECT/extensionadminaksent/android/app/src/main/res/xml"
2026-03-01T11:42:49.844384Z  INFO scan_sources: tailwindcss_oxide::scanner: Discovering "/home/afdal/Laboratorium/PROJECT/extensionadminaksent/android/app/src/main/res/mipmap-xhdpi"
2026-03-01T11:42:49.844459Z  INFO scan_sources: tailwindcss_oxide::scanner: Discovering "/home/afdal/Laboratorium/PROJECT/extensionadminaksent/android/app/src/main/res/drawable-land-mdpi"
2026-03-01T11:42:49.844532Z  INFO scan_sources: tailwindcss_oxide::scanner: Discovering "/home/afdal/Laboratorium/PROJECT/extensionadminaksent/android/app/src/main/res/drawable-port-hdpi"
2026-03-01T11:42:49.844604Z  INFO scan_sources: tailwindcss_oxide::scanner: Discovering "/home/afdal/Laboratorium/PROJECT/extensionadminaksent/android/app/src/main/res/mipmap-xxhdpi"
2026-03-01T11:42:49.844675Z  INFO scan_sources: tailwindcss_oxide::scanner: Discovering "/home/afdal/Laboratorium/PROJECT/extensionadminaksent/android/app/src/main/res/mipmap-mdpi"
2026-03-01T11:42:49.844744Z  INFO scan_sources: tailwindcss_oxide::scanner: Discovering "/home/afdal/Laboratorium/PROJECT/extensionadminaksent/android/app/src/main/res/drawable"
2026-03-01T11:42:49.845250Z  INFO scan_sources: tailwindcss_oxide::scanner: Discovering "/home/afdal/Laboratorium/PROJECT/extensionadminaksent/android/app/src/main/res/drawable-port-xhdpi"
2026-03-01T11:42:49.845565Z  INFO scan_sources: tailwindcss_oxide::scanner: Discovering "/home/afdal/Laboratorium/PROJECT/extensionadminaksent/android/app/src/main/res/mipmap-xxxhdpi"
2026-03-01T11:42:49.845761Z  INFO scan_sources: tailwindcss_oxide::scanner: Discovering "/home/afdal/Laboratorium/PROJECT/extensionadminaksent/android/app/src/main/res/layout"
2026-03-01T11:42:49.845955Z  INFO scan_sources: tailwindcss_oxide::scanner: Discovering "/home/afdal/Laboratorium/PROJECT/extensionadminaksent/android/app/src/main/res/mipmap-anydpi-v26"
2026-03-01T11:42:49.846220Z  INFO scan_sources: tailwindcss_oxide::scanner: Discovering "/home/afdal/Laboratorium/PROJECT/extensionadminaksent/android/app/src/main/res/drawable-port-mdpi"
2026-03-01T11:42:49.846397Z  INFO scan_sources: tailwindcss_oxide::scanner: Discovering "/home/afdal/Laboratorium/PROJECT/extensionadminaksent/android/app/src/main/res/values"
2026-03-01T11:42:49.846590Z  INFO scan_sources: tailwindcss_oxide::scanner: Discovering "/home/afdal/Laboratorium/PROJECT/extensionadminaksent/android/app/src/main/java"
2026-03-01T11:42:49.846735Z  INFO scan_sources: tailwindcss_oxide::scanner: Discovering "/home/afdal/Laboratorium/PROJECT/extensionadminaksent/android/app/src/main/java/io"
2026-03-01T11:42:49.846926Z  INFO scan_sources: tailwindcss_oxide::scanner: Discovering "/home/afdal/Laboratorium/PROJECT/extensionadminaksent/android/app/src/main/java/io/ionic"
2026-03-01T11:42:49.847179Z  INFO scan_sources: tailwindcss_oxide::scanner: Discovering "/home/afdal/Laboratorium/PROJECT/extensionadminaksent/android/app/src/main/java/io/ionic/starter"
2026-03-01T11:42:49.847469Z  INFO scan_sources: tailwindcss_oxide::scanner: Discovering "/home/afdal/Laboratorium/PROJECT/extensionadminaksent/android/app/src/main/assets"
2026-03-01T11:42:49.847750Z  INFO scan_sources: tailwindcss_oxide::scanner: Discovering "/home/afdal/Laboratorium/PROJECT/extensionadminaksent/android/app/src/androidTest"
2026-03-01T11:42:49.847841Z  INFO scan_sources: tailwindcss_oxide::scanner: Discovering "/home/afdal/Laboratorium/PROJECT/extensionadminaksent/android/app/src/androidTest/java"
2026-03-01T11:42:49.847910Z  INFO scan_sources: tailwindcss_oxide::scanner: Discovering "/home/afdal/Laboratorium/PROJECT/extensionadminaksent/android/app/src/androidTest/java/com"
2026-03-01T11:42:49.847986Z  INFO scan_sources: tailwindcss_oxide::scanner: Discovering "/home/afdal/Laboratorium/PROJECT/extensionadminaksent/android/app/src/androidTest/java/com/getcapacitor"
2026-03-01T11:42:49.848060Z  INFO scan_sources: tailwindcss_oxide::scanner: Discovering "/home/afdal/Laboratorium/PROJECT/extensionadminaksent/android/app/src/androidTest/java/com/getcapacitor/myapp"
2026-03-01T11:42:49.848189Z  INFO scan_sources: tailwindcss_oxide::scanner: Discovering "/home/afdal/Laboratorium/PROJECT/extensionadminaksent/android/app/src/test"
2026-03-01T11:42:49.848255Z  INFO scan_sources: tailwindcss_oxide::scanner: Discovering "/home/afdal/Laboratorium/PROJECT/extensionadminaksent/android/app/src/test/java"
2026-03-01T11:42:49.848322Z  INFO scan_sources: tailwindcss_oxide::scanner: Discovering "/home/afdal/Laboratorium/PROJECT/extensionadminaksent/android/app/src/test/java/com"
2026-03-01T11:42:49.848513Z  INFO scan_sources: tailwindcss_oxide::scanner: Discovering "/home/afdal/Laboratorium/PROJECT/extensionadminaksent/android/app/src/test/java/com/getcapacitor"
2026-03-01T11:42:49.848597Z  INFO scan_sources: tailwindcss_oxide::scanner: Discovering "/home/afdal/Laboratorium/PROJECT/extensionadminaksent/android/app/src/test/java/com/getcapacitor/myapp"
2026-03-01T11:42:49.849282Z  INFO scan_sources: tailwindcss_oxide::scanner: exit
2026-03-01T11:42:49.849355Z  INFO extract_candidates: tailwindcss_oxide::scanner: enter
2026-03-01T11:42:49.849372Z  INFO extract_candidates:read_all_files: tailwindcss_oxide::scanner: enter
2026-03-01T11:42:49.849378Z  INFO extract_candidates:read_all_files: tailwindcss_oxide::scanner: Reading 1 file(s)
2026-03-01T11:42:49.849496Z  INFO extract_candidates:read_all_files: tailwindcss_oxide::scanner: Reading "/home/afdal/Laboratorium/PROJECT/extensionadminaksent/src/App.tsx"
2026-03-01T11:42:49.849514Z  INFO extract_candidates:read_all_files: tailwindcss_oxide::scanner: exit
2026-03-01T11:42:49.849522Z  INFO extract_candidates:parse_all_blobs: tailwindcss_oxide::scanner: enter
2026-03-01T11:42:49.849528Z  INFO extract_candidates:parse_all_blobs:extract: tailwindcss_oxide::scanner: enter
2026-03-01T11:42:49.849706Z  INFO extract_candidates:parse_all_blobs:extract: tailwindcss_oxide::scanner: exit
2026-03-01T11:42:49.849725Z  INFO extract_candidates:parse_all_blobs: tailwindcss_oxide::scanner: exit
2026-03-01T11:42:49.849847Z  INFO extract_candidates: tailwindcss_oxide::scanner: exit
2026-03-01T11:42:49.853829Z  INFO get_files: tailwindcss_oxide::scanner: enter
2026-03-01T11:42:49.853884Z  INFO get_files:scan_sources: tailwindcss_oxide::scanner: enter
2026-03-01T11:42:49.855054Z  INFO get_files:scan_sources: tailwindcss_oxide::scanner: Discovering "/home/afdal/Laboratorium/PROJECT/extensionadminaksent/scripts"
2026-03-01T11:42:49.855189Z  INFO get_files:scan_sources: tailwindcss_oxide::scanner: Discovering "/home/afdal/Laboratorium/PROJECT/extensionadminaksent/cypress"
2026-03-01T11:42:49.855261Z  INFO get_files:scan_sources: tailwindcss_oxide::scanner: Discovering "/home/afdal/Laboratorium/PROJECT/extensionadminaksent/cypress/fixtures"
2026-03-01T11:42:49.855361Z  INFO get_files:scan_sources: tailwindcss_oxide::scanner: Discovering "/home/afdal/Laboratorium/PROJECT/extensionadminaksent/cypress/e2e"
2026-03-01T11:42:49.855451Z  INFO get_files:scan_sources: tailwindcss_oxide::scanner: Discovering "/home/afdal/Laboratorium/PROJECT/extensionadminaksent/cypress/support"
2026-03-01T11:42:49.855558Z  INFO get_files:scan_sources: tailwindcss_oxide::scanner: Discovering "/home/afdal/Laboratorium/PROJECT/extensionadminaksent/.vscode"
2026-03-01T11:42:49.855700Z  INFO get_files:scan_sources: tailwindcss_oxide::scanner: Discovering "/home/afdal/Laboratorium/PROJECT/extensionadminaksent/src"
2026-03-01T11:42:49.855765Z  INFO get_files:scan_sources: tailwindcss_oxide::scanner: Discovering "/home/afdal/Laboratorium/PROJECT/extensionadminaksent/src/hook"
2026-03-01T11:42:49.855847Z  INFO get_files:scan_sources: tailwindcss_oxide::scanner: Discovering "/home/afdal/Laboratorium/PROJECT/extensionadminaksent/src/hook/requests"
2026-03-01T11:42:49.855940Z  INFO get_files:scan_sources: tailwindcss_oxide::scanner: Discovering "/home/afdal/Laboratorium/PROJECT/extensionadminaksent/src/components"
2026-03-01T11:42:49.856021Z  INFO get_files:scan_sources: tailwindcss_oxide::scanner: Discovering "/home/afdal/Laboratorium/PROJECT/extensionadminaksent/src/components/customer"
2026-03-01T11:42:49.856099Z  INFO get_files:scan_sources: tailwindcss_oxide::scanner: Discovering "/home/afdal/Laboratorium/PROJECT/extensionadminaksent/src/components/list"
2026-03-01T11:42:49.856185Z  INFO get_files:scan_sources: tailwindcss_oxide::scanner: Discovering "/home/afdal/Laboratorium/PROJECT/extensionadminaksent/src/components/toolbars"
2026-03-01T11:42:49.856282Z  INFO get_files:scan_sources: tailwindcss_oxide::scanner: Discovering "/home/afdal/Laboratorium/PROJECT/extensionadminaksent/src/theme"
2026-03-01T11:42:49.856389Z  INFO get_files:scan_sources: tailwindcss_oxide::scanner: Discovering "/home/afdal/Laboratorium/PROJECT/extensionadminaksent/src/utils"
2026-03-01T11:42:49.856509Z  INFO get_files:scan_sources: tailwindcss_oxide::scanner: Discovering "/home/afdal/Laboratorium/PROJECT/extensionadminaksent/src/databases"
2026-03-01T11:42:49.856579Z  INFO get_files:scan_sources: tailwindcss_oxide::scanner: Discovering "/home/afdal/Laboratorium/PROJECT/extensionadminaksent/src/databases/migrations"
2026-03-01T11:42:49.856690Z  INFO get_files:scan_sources: tailwindcss_oxide::scanner: Discovering "/home/afdal/Laboratorium/PROJECT/extensionadminaksent/src/databases/entities"
2026-03-01T11:42:49.857037Z  INFO get_files:scan_sources: tailwindcss_oxide::scanner: Discovering "/home/afdal/Laboratorium/PROJECT/extensionadminaksent/src/types"
2026-03-01T11:42:49.857258Z  INFO get_files:scan_sources: tailwindcss_oxide::scanner: Discovering "/home/afdal/Laboratorium/PROJECT/extensionadminaksent/src/pages"
2026-03-01T11:42:49.857337Z  INFO get_files:scan_sources: tailwindcss_oxide::scanner: Discovering "/home/afdal/Laboratorium/PROJECT/extensionadminaksent/src/pages/Customer"
2026-03-01T11:42:49.857460Z  INFO get_files:scan_sources: tailwindcss_oxide::scanner: Discovering "/home/afdal/Laboratorium/PROJECT/extensionadminaksent/src/pages/Home"
2026-03-01T11:42:49.857565Z  INFO get_files:scan_sources: tailwindcss_oxide::scanner: Discovering "/home/afdal/Laboratorium/PROJECT/extensionadminaksent/src/pages/Validation"
2026-03-01T11:42:49.857651Z  INFO get_files:scan_sources: tailwindcss_oxide::scanner: Discovering "/home/afdal/Laboratorium/PROJECT/extensionadminaksent/src/pages/Unpaid"
2026-03-01T11:42:49.857734Z  INFO get_files:scan_sources: tailwindcss_oxide::scanner: Discovering "/home/afdal/Laboratorium/PROJECT/extensionadminaksent/src/pages/Payment"
2026-03-01T11:42:49.857988Z  INFO get_files:scan_sources: tailwindcss_oxide::scanner: Discovering "/home/afdal/Laboratorium/PROJECT/extensionadminaksent/public"
2026-03-01T11:42:49.858082Z  INFO get_files:scan_sources: tailwindcss_oxide::scanner: Discovering "/home/afdal/Laboratorium/PROJECT/extensionadminaksent/public/assets"
2026-03-01T11:42:49.858305Z  INFO get_files:scan_sources: tailwindcss_oxide::scanner: Discovering "/home/afdal/Laboratorium/PROJECT/extensionadminaksent/android"
2026-03-01T11:42:49.858820Z  INFO get_files:scan_sources: tailwindcss_oxide::scanner: Discovering "/home/afdal/Laboratorium/PROJECT/extensionadminaksent/android/.kotlin"
2026-03-01T11:42:49.859050Z  INFO get_files:scan_sources: tailwindcss_oxide::scanner: Discovering "/home/afdal/Laboratorium/PROJECT/extensionadminaksent/android/.kotlin/sessions"
2026-03-01T11:42:49.859298Z  INFO get_files:scan_sources: tailwindcss_oxide::scanner: Discovering "/home/afdal/Laboratorium/PROJECT/extensionadminaksent/android/gradle"
2026-03-01T11:42:49.859384Z  INFO get_files:scan_sources: tailwindcss_oxide::scanner: Discovering "/home/afdal/Laboratorium/PROJECT/extensionadminaksent/android/gradle/wrapper"
2026-03-01T11:42:49.859575Z  INFO get_files:scan_sources: tailwindcss_oxide::scanner: Discovering "/home/afdal/Laboratorium/PROJECT/extensionadminaksent/android/app"
2026-03-01T11:42:49.860588Z  INFO get_files:scan_sources: tailwindcss_oxide::scanner: Discovering "/home/afdal/Laboratorium/PROJECT/extensionadminaksent/android/app/src"
2026-03-01T11:42:49.861088Z  INFO get_files:scan_sources: tailwindcss_oxide::scanner: Discovering "/home/afdal/Laboratorium/PROJECT/extensionadminaksent/android/app/src/main"
2026-03-01T11:42:49.861413Z  INFO get_files:scan_sources: tailwindcss_oxide::scanner: Discovering "/home/afdal/Laboratorium/PROJECT/extensionadminaksent/android/app/src/main/res"
2026-03-01T11:42:49.861523Z  INFO get_files:scan_sources: tailwindcss_oxide::scanner: Discovering "/home/afdal/Laboratorium/PROJECT/extensionadminaksent/android/app/src/main/res/drawable-land-xhdpi"
2026-03-01T11:42:49.861600Z  INFO get_files:scan_sources: tailwindcss_oxide::scanner: Discovering "/home/afdal/Laboratorium/PROJECT/extensionadminaksent/android/app/src/main/res/drawable-land-xxhdpi"
2026-03-01T11:42:49.861668Z  INFO get_files:scan_sources: tailwindcss_oxide::scanner: Discovering "/home/afdal/Laboratorium/PROJECT/extensionadminaksent/android/app/src/main/res/drawable-v24"
2026-03-01T11:42:49.861753Z  INFO get_files:scan_sources: tailwindcss_oxide::scanner: Discovering "/home/afdal/Laboratorium/PROJECT/extensionadminaksent/android/app/src/main/res/drawable-port-xxxhdpi"
2026-03-01T11:42:49.861830Z  INFO get_files:scan_sources: tailwindcss_oxide::scanner: Discovering "/home/afdal/Laboratorium/PROJECT/extensionadminaksent/android/app/src/main/res/drawable-land-xxxhdpi"
2026-03-01T11:42:49.861981Z  INFO get_files:scan_sources: tailwindcss_oxide::scanner: Discovering "/home/afdal/Laboratorium/PROJECT/extensionadminaksent/android/app/src/main/res/drawable-port-xxhdpi"
2026-03-01T11:42:49.862054Z  INFO get_files:scan_sources: tailwindcss_oxide::scanner: Discovering "/home/afdal/Laboratorium/PROJECT/extensionadminaksent/android/app/src/main/res/mipmap-hdpi"
2026-03-01T11:42:49.862127Z  INFO get_files:scan_sources: tailwindcss_oxide::scanner: Discovering "/home/afdal/Laboratorium/PROJECT/extensionadminaksent/android/app/src/main/res/drawable-land-hdpi"
2026-03-01T11:42:49.862194Z  INFO get_files:scan_sources: tailwindcss_oxide::scanner: Discovering "/home/afdal/Laboratorium/PROJECT/extensionadminaksent/android/app/src/main/res/xml"
2026-03-01T11:42:49.862273Z  INFO get_files:scan_sources: tailwindcss_oxide::scanner: Discovering "/home/afdal/Laboratorium/PROJECT/extensionadminaksent/android/app/src/main/res/mipmap-xhdpi"
2026-03-01T11:42:49.862344Z  INFO get_files:scan_sources: tailwindcss_oxide::scanner: Discovering "/home/afdal/Laboratorium/PROJECT/extensionadminaksent/android/app/src/main/res/drawable-land-mdpi"
2026-03-01T11:42:49.862407Z  INFO get_files:scan_sources: tailwindcss_oxide::scanner: Discovering "/home/afdal/Laboratorium/PROJECT/extensionadminaksent/android/app/src/main/res/drawable-port-hdpi"
2026-03-01T11:42:49.862468Z  INFO get_files:scan_sources: tailwindcss_oxide::scanner: Discovering "/home/afdal/Laboratorium/PROJECT/extensionadminaksent/android/app/src/main/res/mipmap-xxhdpi"
2026-03-01T11:42:49.862551Z  INFO get_files:scan_sources: tailwindcss_oxide::scanner: Discovering "/home/afdal/Laboratorium/PROJECT/extensionadminaksent/android/app/src/main/res/mipmap-mdpi"
2026-03-01T11:42:49.862622Z  INFO get_files:scan_sources: tailwindcss_oxide::scanner: Discovering "/home/afdal/Laboratorium/PROJECT/extensionadminaksent/android/app/src/main/res/drawable"
2026-03-01T11:42:49.862703Z  INFO get_files:scan_sources: tailwindcss_oxide::scanner: Discovering "/home/afdal/Laboratorium/PROJECT/extensionadminaksent/android/app/src/main/res/drawable-port-xhdpi"
2026-03-01T11:42:49.862765Z  INFO get_files:scan_sources: tailwindcss_oxide::scanner: Discovering "/home/afdal/Laboratorium/PROJECT/extensionadminaksent/android/app/src/main/res/mipmap-xxxhdpi"
2026-03-01T11:42:49.862845Z  INFO get_files:scan_sources: tailwindcss_oxide::scanner: Discovering "/home/afdal/Laboratorium/PROJECT/extensionadminaksent/android/app/src/main/res/layout"
2026-03-01T11:42:49.862926Z  INFO get_files:scan_sources: tailwindcss_oxide::scanner: Discovering "/home/afdal/Laboratorium/PROJECT/extensionadminaksent/android/app/src/main/res/mipmap-anydpi-v26"
2026-03-01T11:42:49.863014Z  INFO get_files:scan_sources: tailwindcss_oxide::scanner: Discovering "/home/afdal/Laboratorium/PROJECT/extensionadminaksent/android/app/src/main/res/drawable-port-mdpi"
2026-03-01T11:42:49.863076Z  INFO get_files:scan_sources: tailwindcss_oxide::scanner: Discovering "/home/afdal/Laboratorium/PROJECT/extensionadminaksent/android/app/src/main/res/values"
2026-03-01T11:42:49.863188Z  INFO get_files:scan_sources: tailwindcss_oxide::scanner: Discovering "/home/afdal/Laboratorium/PROJECT/extensionadminaksent/android/app/src/main/java"
2026-03-01T11:42:49.863249Z  INFO get_files:scan_sources: tailwindcss_oxide::scanner: Discovering "/home/afdal/Laboratorium/PROJECT/extensionadminaksent/android/app/src/main/java/io"
2026-03-01T11:42:49.863305Z  INFO get_files:scan_sources: tailwindcss_oxide::scanner: Discovering "/home/afdal/Laboratorium/PROJECT/extensionadminaksent/android/app/src/main/java/io/ionic"
2026-03-01T11:42:49.863368Z  INFO get_files:scan_sources: tailwindcss_oxide::scanner: Discovering "/home/afdal/Laboratorium/PROJECT/extensionadminaksent/android/app/src/main/java/io/ionic/starter"
2026-03-01T11:42:49.863463Z  INFO get_files:scan_sources: tailwindcss_oxide::scanner: Discovering "/home/afdal/Laboratorium/PROJECT/extensionadminaksent/android/app/src/main/assets"
2026-03-01T11:42:49.863603Z  INFO get_files:scan_sources: tailwindcss_oxide::scanner: Discovering "/home/afdal/Laboratorium/PROJECT/extensionadminaksent/android/app/src/androidTest"
2026-03-01T11:42:49.863689Z  INFO get_files:scan_sources: tailwindcss_oxide::scanner: Discovering "/home/afdal/Laboratorium/PROJECT/extensionadminaksent/android/app/src/androidTest/java"
2026-03-01T11:42:49.863746Z  INFO get_files:scan_sources: tailwindcss_oxide::scanner: Discovering "/home/afdal/Laboratorium/PROJECT/extensionadminaksent/android/app/src/androidTest/java/com"
2026-03-01T11:42:49.863802Z  INFO get_files:scan_sources: tailwindcss_oxide::scanner: Discovering "/home/afdal/Laboratorium/PROJECT/extensionadminaksent/android/app/src/androidTest/java/com/getcapacitor"
2026-03-01T11:42:49.863876Z  INFO get_files:scan_sources: tailwindcss_oxide::scanner: Discovering "/home/afdal/Laboratorium/PROJECT/extensionadminaksent/android/app/src/androidTest/java/com/getcapacitor/myapp"
2026-03-01T11:42:49.863982Z  INFO get_files:scan_sources: tailwindcss_oxide::scanner: Discovering "/home/afdal/Laboratorium/PROJECT/extensionadminaksent/android/app/src/test"
2026-03-01T11:42:49.864059Z  INFO get_files:scan_sources: tailwindcss_oxide::scanner: Discovering "/home/afdal/Laboratorium/PROJECT/extensionadminaksent/android/app/src/test/java"
2026-03-01T11:42:49.864115Z  INFO get_files:scan_sources: tailwindcss_oxide::scanner: Discovering "/home/afdal/Laboratorium/PROJECT/extensionadminaksent/android/app/src/test/java/com"
2026-03-01T11:42:49.864182Z  INFO get_files:scan_sources: tailwindcss_oxide::scanner: Discovering "/home/afdal/Laboratorium/PROJECT/extensionadminaksent/android/app/src/test/java/com/getcapacitor"
2026-03-01T11:42:49.864281Z  INFO get_files:scan_sources: tailwindcss_oxide::scanner: Discovering "/home/afdal/Laboratorium/PROJECT/extensionadminaksent/android/app/src/test/java/com/getcapacitor/myapp"
2026-03-01T11:42:49.865595Z  INFO get_files:scan_sources: tailwindcss_oxide::scanner: exit
2026-03-01T11:42:49.867127Z  INFO get_files: tailwindcss_oxide::scanner: exit
2026-03-01T11:42:49.867398Z  INFO get_globs: tailwindcss_oxide::scanner: enter
2026-03-01T11:42:49.867421Z  INFO get_globs: tailwindcss_oxide::scanner: exit
2026-03-01T11:43:56.829019Z  INFO scan_sources: tailwindcss_oxide::scanner: enter
2026-03-01T11:43:56.830000Z  INFO scan_sources: tailwindcss_oxide::scanner: Discovering "/home/afdal/Laboratorium/PROJECT/extensionadminaksent/scripts"
2026-03-01T11:43:56.830248Z  INFO scan_sources: tailwindcss_oxide::scanner: Discovering "/home/afdal/Laboratorium/PROJECT/extensionadminaksent/cypress"
2026-03-01T11:43:56.830398Z  INFO scan_sources: tailwindcss_oxide::scanner: Discovering "/home/afdal/Laboratorium/PROJECT/extensionadminaksent/cypress/fixtures"
2026-03-01T11:43:56.832046Z  INFO scan_sources: tailwindcss_oxide::scanner: Discovering "/home/afdal/Laboratorium/PROJECT/extensionadminaksent/cypress/e2e"
2026-03-01T11:43:56.832259Z  INFO scan_sources: tailwindcss_oxide::scanner: Discovering "/home/afdal/Laboratorium/PROJECT/extensionadminaksent/cypress/support"
2026-03-01T11:43:56.832378Z  INFO scan_sources: tailwindcss_oxide::scanner: Discovering "/home/afdal/Laboratorium/PROJECT/extensionadminaksent/.vscode"
2026-03-01T11:43:56.832505Z  INFO scan_sources: tailwindcss_oxide::scanner: Discovering "/home/afdal/Laboratorium/PROJECT/extensionadminaksent/src"
2026-03-01T11:43:56.832569Z  INFO scan_sources: tailwindcss_oxide::scanner: Discovering "/home/afdal/Laboratorium/PROJECT/extensionadminaksent/src/hook"
2026-03-01T11:43:56.832637Z  INFO scan_sources: tailwindcss_oxide::scanner: Discovering "/home/afdal/Laboratorium/PROJECT/extensionadminaksent/src/hook/requests"
2026-03-01T11:43:56.832724Z  INFO scan_sources: tailwindcss_oxide::scanner: Discovering "/home/afdal/Laboratorium/PROJECT/extensionadminaksent/src/components"
2026-03-01T11:43:56.832795Z  INFO scan_sources: tailwindcss_oxide::scanner: Discovering "/home/afdal/Laboratorium/PROJECT/extensionadminaksent/src/components/customer"
2026-03-01T11:43:56.833037Z  INFO scan_sources: tailwindcss_oxide::scanner: Discovering "/home/afdal/Laboratorium/PROJECT/extensionadminaksent/src/components/customer/DetailCardCustomer.tsx"
2026-03-01T11:43:56.833212Z  INFO scan_sources: tailwindcss_oxide::scanner: Discovering "/home/afdal/Laboratorium/PROJECT/extensionadminaksent/src/components/list"
2026-03-01T11:43:56.834621Z  INFO scan_sources: tailwindcss_oxide::scanner: Discovering "/home/afdal/Laboratorium/PROJECT/extensionadminaksent/src/components/toolbars"
2026-03-01T11:43:56.834893Z  INFO scan_sources: tailwindcss_oxide::scanner: Discovering "/home/afdal/Laboratorium/PROJECT/extensionadminaksent/src/theme"
2026-03-01T11:43:56.835080Z  INFO scan_sources: tailwindcss_oxide::scanner: Discovering "/home/afdal/Laboratorium/PROJECT/extensionadminaksent/src/utils"
2026-03-01T11:43:56.835271Z  INFO scan_sources: tailwindcss_oxide::scanner: Discovering "/home/afdal/Laboratorium/PROJECT/extensionadminaksent/src/databases"
2026-03-01T11:43:56.835424Z  INFO scan_sources: tailwindcss_oxide::scanner: Discovering "/home/afdal/Laboratorium/PROJECT/extensionadminaksent/src/databases/migrations"
2026-03-01T11:43:56.835532Z  INFO scan_sources: tailwindcss_oxide::scanner: Discovering "/home/afdal/Laboratorium/PROJECT/extensionadminaksent/src/databases/entities"
2026-03-01T11:43:56.835640Z  INFO scan_sources: tailwindcss_oxide::scanner: Discovering "/home/afdal/Laboratorium/PROJECT/extensionadminaksent/src/types"
2026-03-01T11:43:56.835709Z  INFO scan_sources: tailwindcss_oxide::scanner: Discovering "/home/afdal/Laboratorium/PROJECT/extensionadminaksent/src/pages"
2026-03-01T11:43:56.835787Z  INFO scan_sources: tailwindcss_oxide::scanner: Discovering "/home/afdal/Laboratorium/PROJECT/extensionadminaksent/src/pages/Customer"
2026-03-01T11:43:56.835879Z  INFO scan_sources: tailwindcss_oxide::scanner: Discovering "/home/afdal/Laboratorium/PROJECT/extensionadminaksent/src/pages/Home"
2026-03-01T11:43:56.835957Z  INFO scan_sources: tailwindcss_oxide::scanner: Discovering "/home/afdal/Laboratorium/PROJECT/extensionadminaksent/src/pages/Validation"
2026-03-01T11:43:56.836023Z  INFO scan_sources: tailwindcss_oxide::scanner: Discovering "/home/afdal/Laboratorium/PROJECT/extensionadminaksent/src/pages/Unpaid"
2026-03-01T11:43:56.836089Z  INFO scan_sources: tailwindcss_oxide::scanner: Discovering "/home/afdal/Laboratorium/PROJECT/extensionadminaksent/src/pages/Payment"
2026-03-01T11:43:56.836294Z  INFO scan_sources: tailwindcss_oxide::scanner: Discovering "/home/afdal/Laboratorium/PROJECT/extensionadminaksent/public"
2026-03-01T11:43:56.836372Z  INFO scan_sources: tailwindcss_oxide::scanner: Discovering "/home/afdal/Laboratorium/PROJECT/extensionadminaksent/public/assets"
2026-03-01T11:43:56.836534Z  INFO scan_sources: tailwindcss_oxide::scanner: Discovering "/home/afdal/Laboratorium/PROJECT/extensionadminaksent/android"
2026-03-01T11:43:56.836875Z  INFO scan_sources: tailwindcss_oxide::scanner: Discovering "/home/afdal/Laboratorium/PROJECT/extensionadminaksent/android/.kotlin"
2026-03-01T11:43:56.836949Z  INFO scan_sources: tailwindcss_oxide::scanner: Discovering "/home/afdal/Laboratorium/PROJECT/extensionadminaksent/android/.kotlin/sessions"
2026-03-01T11:43:56.837146Z  INFO scan_sources: tailwindcss_oxide::scanner: Discovering "/home/afdal/Laboratorium/PROJECT/extensionadminaksent/android/gradle"
2026-03-01T11:43:56.837203Z  INFO scan_sources: tailwindcss_oxide::scanner: Discovering "/home/afdal/Laboratorium/PROJECT/extensionadminaksent/android/gradle/wrapper"
2026-03-01T11:43:56.837293Z  INFO scan_sources: tailwindcss_oxide::scanner: Discovering "/home/afdal/Laboratorium/PROJECT/extensionadminaksent/android/app"
2026-03-01T11:43:56.837441Z  INFO scan_sources: tailwindcss_oxide::scanner: Discovering "/home/afdal/Laboratorium/PROJECT/extensionadminaksent/android/app/src"
2026-03-01T11:43:56.837515Z  INFO scan_sources: tailwindcss_oxide::scanner: Discovering "/home/afdal/Laboratorium/PROJECT/extensionadminaksent/android/app/src/main"
2026-03-01T11:43:56.837594Z  INFO scan_sources: tailwindcss_oxide::scanner: Discovering "/home/afdal/Laboratorium/PROJECT/extensionadminaksent/android/app/src/main/res"
2026-03-01T11:43:56.837660Z  INFO scan_sources: tailwindcss_oxide::scanner: Discovering "/home/afdal/Laboratorium/PROJECT/extensionadminaksent/android/app/src/main/res/drawable-land-xhdpi"
2026-03-01T11:43:56.837725Z  INFO scan_sources: tailwindcss_oxide::scanner: Discovering "/home/afdal/Laboratorium/PROJECT/extensionadminaksent/android/app/src/main/res/drawable-land-xxhdpi"
2026-03-01T11:43:56.837786Z  INFO scan_sources: tailwindcss_oxide::scanner: Discovering "/home/afdal/Laboratorium/PROJECT/extensionadminaksent/android/app/src/main/res/drawable-v24"
2026-03-01T11:43:56.838238Z  INFO scan_sources: tailwindcss_oxide::scanner: Discovering "/home/afdal/Laboratorium/PROJECT/extensionadminaksent/android/app/src/main/res/drawable-port-xxxhdpi"
2026-03-01T11:43:56.838480Z  INFO scan_sources: tailwindcss_oxide::scanner: Discovering "/home/afdal/Laboratorium/PROJECT/extensionadminaksent/android/app/src/main/res/drawable-land-xxxhdpi"
2026-03-01T11:43:56.838632Z  INFO scan_sources: tailwindcss_oxide::scanner: Discovering "/home/afdal/Laboratorium/PROJECT/extensionadminaksent/android/app/src/main/res/drawable-port-xxhdpi"
2026-03-01T11:43:56.838767Z  INFO scan_sources: tailwindcss_oxide::scanner: Discovering "/home/afdal/Laboratorium/PROJECT/extensionadminaksent/android/app/src/main/res/mipmap-hdpi"
2026-03-01T11:43:56.838919Z  INFO scan_sources: tailwindcss_oxide::scanner: Discovering "/home/afdal/Laboratorium/PROJECT/extensionadminaksent/android/app/src/main/res/drawable-land-hdpi"
2026-03-01T11:43:56.839088Z  INFO scan_sources: tailwindcss_oxide::scanner: Discovering "/home/afdal/Laboratorium/PROJECT/extensionadminaksent/android/app/src/main/res/xml"
2026-03-01T11:43:56.839254Z  INFO scan_sources: tailwindcss_oxide::scanner: Discovering "/home/afdal/Laboratorium/PROJECT/extensionadminaksent/android/app/src/main/res/mipmap-xhdpi"
2026-03-01T11:43:56.839404Z  INFO scan_sources: tailwindcss_oxide::scanner: Discovering "/home/afdal/Laboratorium/PROJECT/extensionadminaksent/android/app/src/main/res/drawable-land-mdpi"
2026-03-01T11:43:56.839577Z  INFO scan_sources: tailwindcss_oxide::scanner: Discovering "/home/afdal/Laboratorium/PROJECT/extensionadminaksent/android/app/src/main/res/drawable-port-hdpi"
2026-03-01T11:43:56.839742Z  INFO scan_sources: tailwindcss_oxide::scanner: Discovering "/home/afdal/Laboratorium/PROJECT/extensionadminaksent/android/app/src/main/res/mipmap-xxhdpi"
2026-03-01T11:43:56.839911Z  INFO scan_sources: tailwindcss_oxide::scanner: Discovering "/home/afdal/Laboratorium/PROJECT/extensionadminaksent/android/app/src/main/res/mipmap-mdpi"
2026-03-01T11:43:56.840068Z  INFO scan_sources: tailwindcss_oxide::scanner: Discovering "/home/afdal/Laboratorium/PROJECT/extensionadminaksent/android/app/src/main/res/drawable"
2026-03-01T11:43:56.840232Z  INFO scan_sources: tailwindcss_oxide::scanner: Discovering "/home/afdal/Laboratorium/PROJECT/extensionadminaksent/android/app/src/main/res/drawable-port-xhdpi"
2026-03-01T11:43:56.840381Z  INFO scan_sources: tailwindcss_oxide::scanner: Discovering "/home/afdal/Laboratorium/PROJECT/extensionadminaksent/android/app/src/main/res/mipmap-xxxhdpi"
2026-03-01T11:43:56.840527Z  INFO scan_sources: tailwindcss_oxide::scanner: Discovering "/home/afdal/Laboratorium/PROJECT/extensionadminaksent/android/app/src/main/res/layout"
2026-03-01T11:43:56.840673Z  INFO scan_sources: tailwindcss_oxide::scanner: Discovering "/home/afdal/Laboratorium/PROJECT/extensionadminaksent/android/app/src/main/res/mipmap-anydpi-v26"
2026-03-01T11:43:56.840903Z  INFO scan_sources: tailwindcss_oxide::scanner: Discovering "/home/afdal/Laboratorium/PROJECT/extensionadminaksent/android/app/src/main/res/drawable-port-mdpi"
2026-03-01T11:43:56.841097Z  INFO scan_sources: tailwindcss_oxide::scanner: Discovering "/home/afdal/Laboratorium/PROJECT/extensionadminaksent/android/app/src/main/res/values"
2026-03-01T11:43:56.841315Z  INFO scan_sources: tailwindcss_oxide::scanner: Discovering "/home/afdal/Laboratorium/PROJECT/extensionadminaksent/android/app/src/main/java"
2026-03-01T11:43:56.841463Z  INFO scan_sources: tailwindcss_oxide::scanner: Discovering "/home/afdal/Laboratorium/PROJECT/extensionadminaksent/android/app/src/main/java/io"
2026-03-01T11:43:56.841610Z  INFO scan_sources: tailwindcss_oxide::scanner: Discovering "/home/afdal/Laboratorium/PROJECT/extensionadminaksent/android/app/src/main/java/io/ionic"
2026-03-01T11:43:56.841763Z  INFO scan_sources: tailwindcss_oxide::scanner: Discovering "/home/afdal/Laboratorium/PROJECT/extensionadminaksent/android/app/src/main/java/io/ionic/starter"
2026-03-01T11:43:56.841946Z  INFO scan_sources: tailwindcss_oxide::scanner: Discovering "/home/afdal/Laboratorium/PROJECT/extensionadminaksent/android/app/src/main/assets"
2026-03-01T11:43:56.842159Z  INFO scan_sources: tailwindcss_oxide::scanner: Discovering "/home/afdal/Laboratorium/PROJECT/extensionadminaksent/android/app/src/androidTest"
2026-03-01T11:43:56.842287Z  INFO scan_sources: tailwindcss_oxide::scanner: Discovering "/home/afdal/Laboratorium/PROJECT/extensionadminaksent/android/app/src/androidTest/java"
2026-03-01T11:43:56.842485Z  INFO scan_sources: tailwindcss_oxide::scanner: Discovering "/home/afdal/Laboratorium/PROJECT/extensionadminaksent/android/app/src/androidTest/java/com"
2026-03-01T11:43:56.842630Z  INFO scan_sources: tailwindcss_oxide::scanner: Discovering "/home/afdal/Laboratorium/PROJECT/extensionadminaksent/android/app/src/androidTest/java/com/getcapacitor"
2026-03-01T11:43:56.842765Z  INFO scan_sources: tailwindcss_oxide::scanner: Discovering "/home/afdal/Laboratorium/PROJECT/extensionadminaksent/android/app/src/androidTest/java/com/getcapacitor/myapp"
2026-03-01T11:43:56.842976Z  INFO scan_sources: tailwindcss_oxide::scanner: Discovering "/home/afdal/Laboratorium/PROJECT/extensionadminaksent/android/app/src/test"
2026-03-01T11:43:56.843142Z  INFO scan_sources: tailwindcss_oxide::scanner: Discovering "/home/afdal/Laboratorium/PROJECT/extensionadminaksent/android/app/src/test/java"
2026-03-01T11:43:56.843282Z  INFO scan_sources: tailwindcss_oxide::scanner: Discovering "/home/afdal/Laboratorium/PROJECT/extensionadminaksent/android/app/src/test/java/com"
2026-03-01T11:43:56.843405Z  INFO scan_sources: tailwindcss_oxide::scanner: Discovering "/home/afdal/Laboratorium/PROJECT/extensionadminaksent/android/app/src/test/java/com/getcapacitor"
2026-03-01T11:43:56.843530Z  INFO scan_sources: tailwindcss_oxide::scanner: Discovering "/home/afdal/Laboratorium/PROJECT/extensionadminaksent/android/app/src/test/java/com/getcapacitor/myapp"
2026-03-01T11:43:56.844120Z  INFO scan_sources: tailwindcss_oxide::scanner: exit
2026-03-01T11:43:56.844260Z  INFO extract_candidates: tailwindcss_oxide::scanner: enter
2026-03-01T11:43:56.844329Z  INFO extract_candidates:read_all_files: tailwindcss_oxide::scanner: enter
2026-03-01T11:43:56.844389Z  INFO extract_candidates:read_all_files: tailwindcss_oxide::scanner: Reading 1 file(s)
2026-03-01T11:43:56.844508Z  INFO extract_candidates:read_all_files: tailwindcss_oxide::scanner: Reading "/home/afdal/Laboratorium/PROJECT/extensionadminaksent/src/components/customer/DetailCardCustomer.tsx"
2026-03-01T11:43:56.844589Z  INFO extract_candidates:read_all_files: tailwindcss_oxide::scanner: exit
2026-03-01T11:43:56.844650Z  INFO extract_candidates:parse_all_blobs: tailwindcss_oxide::scanner: enter
2026-03-01T11:43:56.844706Z  INFO extract_candidates:parse_all_blobs:extract: tailwindcss_oxide::scanner: enter
2026-03-01T11:43:56.849848Z  INFO extract_candidates:parse_all_blobs:extract: tailwindcss_oxide::scanner: exit
2026-03-01T11:43:56.850829Z  INFO extract_candidates:parse_all_blobs: tailwindcss_oxide::scanner: exit
2026-03-01T11:43:56.858934Z  INFO extract_candidates: tailwindcss_oxide::scanner: exit
2026-03-01T11:43:56.861138Z  INFO get_files: tailwindcss_oxide::scanner: enter
2026-03-01T11:43:56.861182Z  INFO get_files:scan_sources: tailwindcss_oxide::scanner: enter
2026-03-01T11:43:56.866273Z  INFO get_files:scan_sources: tailwindcss_oxide::scanner: Discovering "/home/afdal/Laboratorium/PROJECT/extensionadminaksent/scripts"
2026-03-01T11:43:56.866641Z  INFO get_files:scan_sources: tailwindcss_oxide::scanner: Discovering "/home/afdal/Laboratorium/PROJECT/extensionadminaksent/cypress"
2026-03-01T11:43:56.866713Z  INFO get_files:scan_sources: tailwindcss_oxide::scanner: Discovering "/home/afdal/Laboratorium/PROJECT/extensionadminaksent/cypress/fixtures"
2026-03-01T11:43:56.866783Z  INFO get_files:scan_sources: tailwindcss_oxide::scanner: Discovering "/home/afdal/Laboratorium/PROJECT/extensionadminaksent/cypress/e2e"
2026-03-01T11:43:56.866870Z  INFO get_files:scan_sources: tailwindcss_oxide::scanner: Discovering "/home/afdal/Laboratorium/PROJECT/extensionadminaksent/cypress/support"
2026-03-01T11:43:56.866965Z  INFO get_files:scan_sources: tailwindcss_oxide::scanner: Discovering "/home/afdal/Laboratorium/PROJECT/extensionadminaksent/.vscode"
2026-03-01T11:43:56.867075Z  INFO get_files:scan_sources: tailwindcss_oxide::scanner: Discovering "/home/afdal/Laboratorium/PROJECT/extensionadminaksent/src"
2026-03-01T11:43:56.867128Z  INFO get_files:scan_sources: tailwindcss_oxide::scanner: Discovering "/home/afdal/Laboratorium/PROJECT/extensionadminaksent/src/hook"
2026-03-01T11:43:56.867181Z  INFO get_files:scan_sources: tailwindcss_oxide::scanner: Discovering "/home/afdal/Laboratorium/PROJECT/extensionadminaksent/src/hook/requests"
2026-03-01T11:43:56.867259Z  INFO get_files:scan_sources: tailwindcss_oxide::scanner: Discovering "/home/afdal/Laboratorium/PROJECT/extensionadminaksent/src/components"
2026-03-01T11:43:56.867330Z  INFO get_files:scan_sources: tailwindcss_oxide::scanner: Discovering "/home/afdal/Laboratorium/PROJECT/extensionadminaksent/src/components/customer"
2026-03-01T11:43:56.867420Z  INFO get_files:scan_sources: tailwindcss_oxide::scanner: Discovering "/home/afdal/Laboratorium/PROJECT/extensionadminaksent/src/components/list"
2026-03-01T11:43:56.867498Z  INFO get_files:scan_sources: tailwindcss_oxide::scanner: Discovering "/home/afdal/Laboratorium/PROJECT/extensionadminaksent/src/components/toolbars"
2026-03-01T11:43:56.867580Z  INFO get_files:scan_sources: tailwindcss_oxide::scanner: Discovering "/home/afdal/Laboratorium/PROJECT/extensionadminaksent/src/theme"
2026-03-01T11:43:56.867672Z  INFO get_files:scan_sources: tailwindcss_oxide::scanner: Discovering "/home/afdal/Laboratorium/PROJECT/extensionadminaksent/src/utils"
2026-03-01T11:43:56.867790Z  INFO get_files:scan_sources: tailwindcss_oxide::scanner: Discovering "/home/afdal/Laboratorium/PROJECT/extensionadminaksent/src/databases"
2026-03-01T11:43:56.867860Z  INFO get_files:scan_sources: tailwindcss_oxide::scanner: Discovering "/home/afdal/Laboratorium/PROJECT/extensionadminaksent/src/databases/migrations"
2026-03-01T11:43:56.867958Z  INFO get_files:scan_sources: tailwindcss_oxide::scanner: Discovering "/home/afdal/Laboratorium/PROJECT/extensionadminaksent/src/databases/entities"
2026-03-01T11:43:56.868061Z  INFO get_files:scan_sources: tailwindcss_oxide::scanner: Discovering "/home/afdal/Laboratorium/PROJECT/extensionadminaksent/src/types"
2026-03-01T11:43:56.868124Z  INFO get_files:scan_sources: tailwindcss_oxide::scanner: Discovering "/home/afdal/Laboratorium/PROJECT/extensionadminaksent/src/pages"
2026-03-01T11:43:56.868171Z  INFO get_files:scan_sources: tailwindcss_oxide::scanner: Discovering "/home/afdal/Laboratorium/PROJECT/extensionadminaksent/src/pages/Customer"
2026-03-01T11:43:56.868257Z  INFO get_files:scan_sources: tailwindcss_oxide::scanner: Discovering "/home/afdal/Laboratorium/PROJECT/extensionadminaksent/src/pages/Home"
2026-03-01T11:43:56.868334Z  INFO get_files:scan_sources: tailwindcss_oxide::scanner: Discovering "/home/afdal/Laboratorium/PROJECT/extensionadminaksent/src/pages/Validation"
2026-03-01T11:43:56.868397Z  INFO get_files:scan_sources: tailwindcss_oxide::scanner: Discovering "/home/afdal/Laboratorium/PROJECT/extensionadminaksent/src/pages/Unpaid"
2026-03-01T11:43:56.868461Z  INFO get_files:scan_sources: tailwindcss_oxide::scanner: Discovering "/home/afdal/Laboratorium/PROJECT/extensionadminaksent/src/pages/Payment"
2026-03-01T11:43:56.868657Z  INFO get_files:scan_sources: tailwindcss_oxide::scanner: Discovering "/home/afdal/Laboratorium/PROJECT/extensionadminaksent/public"
2026-03-01T11:43:56.868735Z  INFO get_files:scan_sources: tailwindcss_oxide::scanner: Discovering "/home/afdal/Laboratorium/PROJECT/extensionadminaksent/public/assets"
2026-03-01T11:43:56.870184Z  INFO get_files:scan_sources: tailwindcss_oxide::scanner: Discovering "/home/afdal/Laboratorium/PROJECT/extensionadminaksent/android"
2026-03-01T11:43:56.872577Z  INFO get_files:scan_sources: tailwindcss_oxide::scanner: Discovering "/home/afdal/Laboratorium/PROJECT/extensionadminaksent/android/.kotlin"
2026-03-01T11:43:56.872661Z  INFO get_files:scan_sources: tailwindcss_oxide::scanner: Discovering "/home/afdal/Laboratorium/PROJECT/extensionadminaksent/android/.kotlin/sessions"
2026-03-01T11:43:56.872870Z  INFO get_files:scan_sources: tailwindcss_oxide::scanner: Discovering "/home/afdal/Laboratorium/PROJECT/extensionadminaksent/android/gradle"
2026-03-01T11:43:56.872927Z  INFO get_files:scan_sources: tailwindcss_oxide::scanner: Discovering "/home/afdal/Laboratorium/PROJECT/extensionadminaksent/android/gradle/wrapper"
2026-03-01T11:43:56.873017Z  INFO get_files:scan_sources: tailwindcss_oxide::scanner: Discovering "/home/afdal/Laboratorium/PROJECT/extensionadminaksent/android/app"
2026-03-01T11:43:56.873157Z  INFO get_files:scan_sources: tailwindcss_oxide::scanner: Discovering "/home/afdal/Laboratorium/PROJECT/extensionadminaksent/android/app/src"
2026-03-01T11:43:56.873231Z  INFO get_files:scan_sources: tailwindcss_oxide::scanner: Discovering "/home/afdal/Laboratorium/PROJECT/extensionadminaksent/android/app/src/main"
2026-03-01T11:43:56.873331Z  INFO get_files:scan_sources: tailwindcss_oxide::scanner: Discovering "/home/afdal/Laboratorium/PROJECT/extensionadminaksent/android/app/src/main/res"
2026-03-01T11:43:56.873397Z  INFO get_files:scan_sources: tailwindcss_oxide::scanner: Discovering "/home/afdal/Laboratorium/PROJECT/extensionadminaksent/android/app/src/main/res/drawable-land-xhdpi"
2026-03-01T11:43:56.873462Z  INFO get_files:scan_sources: tailwindcss_oxide::scanner: Discovering "/home/afdal/Laboratorium/PROJECT/extensionadminaksent/android/app/src/main/res/drawable-land-xxhdpi"
2026-03-01T11:43:56.873522Z  INFO get_files:scan_sources: tailwindcss_oxide::scanner: Discovering "/home/afdal/Laboratorium/PROJECT/extensionadminaksent/android/app/src/main/res/drawable-v24"
2026-03-01T11:43:56.873594Z  INFO get_files:scan_sources: tailwindcss_oxide::scanner: Discovering "/home/afdal/Laboratorium/PROJECT/extensionadminaksent/android/app/src/main/res/drawable-port-xxxhdpi"
2026-03-01T11:43:56.873654Z  INFO get_files:scan_sources: tailwindcss_oxide::scanner: Discovering "/home/afdal/Laboratorium/PROJECT/extensionadminaksent/android/app/src/main/res/drawable-land-xxxhdpi"
2026-03-01T11:43:56.873711Z  INFO get_files:scan_sources: tailwindcss_oxide::scanner: Discovering "/home/afdal/Laboratorium/PROJECT/extensionadminaksent/android/app/src/main/res/drawable-port-xxhdpi"
2026-03-01T11:43:56.873767Z  INFO get_files:scan_sources: tailwindcss_oxide::scanner: Discovering "/home/afdal/Laboratorium/PROJECT/extensionadminaksent/android/app/src/main/res/mipmap-hdpi"
2026-03-01T11:43:56.873845Z  INFO get_files:scan_sources: tailwindcss_oxide::scanner: Discovering "/home/afdal/Laboratorium/PROJECT/extensionadminaksent/android/app/src/main/res/drawable-land-hdpi"
2026-03-01T11:43:56.873909Z  INFO get_files:scan_sources: tailwindcss_oxide::scanner: Discovering "/home/afdal/Laboratorium/PROJECT/extensionadminaksent/android/app/src/main/res/xml"
2026-03-01T11:43:56.873985Z  INFO get_files:scan_sources: tailwindcss_oxide::scanner: Discovering "/home/afdal/Laboratorium/PROJECT/extensionadminaksent/android/app/src/main/res/mipmap-xhdpi"
2026-03-01T11:43:56.874052Z  INFO get_files:scan_sources: tailwindcss_oxide::scanner: Discovering "/home/afdal/Laboratorium/PROJECT/extensionadminaksent/android/app/src/main/res/drawable-land-mdpi"
2026-03-01T11:43:56.874113Z  INFO get_files:scan_sources: tailwindcss_oxide::scanner: Discovering "/home/afdal/Laboratorium/PROJECT/extensionadminaksent/android/app/src/main/res/drawable-port-hdpi"
2026-03-01T11:43:56.874173Z  INFO get_files:scan_sources: tailwindcss_oxide::scanner: Discovering "/home/afdal/Laboratorium/PROJECT/extensionadminaksent/android/app/src/main/res/mipmap-xxhdpi"
2026-03-01T11:43:56.874240Z  INFO get_files:scan_sources: tailwindcss_oxide::scanner: Discovering "/home/afdal/Laboratorium/PROJECT/extensionadminaksent/android/app/src/main/res/mipmap-mdpi"
2026-03-01T11:43:56.874306Z  INFO get_files:scan_sources: tailwindcss_oxide::scanner: Discovering "/home/afdal/Laboratorium/PROJECT/extensionadminaksent/android/app/src/main/res/drawable"
2026-03-01T11:43:56.874378Z  INFO get_files:scan_sources: tailwindcss_oxide::scanner: Discovering "/home/afdal/Laboratorium/PROJECT/extensionadminaksent/android/app/src/main/res/drawable-port-xhdpi"
2026-03-01T11:43:56.874436Z  INFO get_files:scan_sources: tailwindcss_oxide::scanner: Discovering "/home/afdal/Laboratorium/PROJECT/extensionadminaksent/android/app/src/main/res/mipmap-xxxhdpi"
2026-03-01T11:43:56.874501Z  INFO get_files:scan_sources: tailwindcss_oxide::scanner: Discovering "/home/afdal/Laboratorium/PROJECT/extensionadminaksent/android/app/src/main/res/layout"
2026-03-01T11:43:56.874572Z  INFO get_files:scan_sources: tailwindcss_oxide::scanner: Discovering "/home/afdal/Laboratorium/PROJECT/extensionadminaksent/android/app/src/main/res/mipmap-anydpi-v26"
2026-03-01T11:43:56.874653Z  INFO get_files:scan_sources: tailwindcss_oxide::scanner: Discovering "/home/afdal/Laboratorium/PROJECT/extensionadminaksent/android/app/src/main/res/drawable-port-mdpi"
2026-03-01T11:43:56.874721Z  INFO get_files:scan_sources: tailwindcss_oxide::scanner: Discovering "/home/afdal/Laboratorium/PROJECT/extensionadminaksent/android/app/src/main/res/values"
2026-03-01T11:43:56.878670Z  INFO get_files:scan_sources: tailwindcss_oxide::scanner: Discovering "/home/afdal/Laboratorium/PROJECT/extensionadminaksent/android/app/src/main/java"
2026-03-01T11:43:56.878949Z  INFO get_files:scan_sources: tailwindcss_oxide::scanner: Discovering "/home/afdal/Laboratorium/PROJECT/extensionadminaksent/android/app/src/main/java/io"
2026-03-01T11:43:56.879028Z  INFO get_files:scan_sources: tailwindcss_oxide::scanner: Discovering "/home/afdal/Laboratorium/PROJECT/extensionadminaksent/android/app/src/main/java/io/ionic"
2026-03-01T11:43:56.879086Z  INFO get_files:scan_sources: tailwindcss_oxide::scanner: Discovering "/home/afdal/Laboratorium/PROJECT/extensionadminaksent/android/app/src/main/java/io/ionic/starter"
2026-03-01T11:43:56.879184Z  INFO get_files:scan_sources: tailwindcss_oxide::scanner: Discovering "/home/afdal/Laboratorium/PROJECT/extensionadminaksent/android/app/src/main/assets"
2026-03-01T11:43:56.879305Z  INFO get_files:scan_sources: tailwindcss_oxide::scanner: Discovering "/home/afdal/Laboratorium/PROJECT/extensionadminaksent/android/app/src/androidTest"
2026-03-01T11:43:56.879353Z  INFO get_files:scan_sources: tailwindcss_oxide::scanner: Discovering "/home/afdal/Laboratorium/PROJECT/extensionadminaksent/android/app/src/androidTest/java"
2026-03-01T11:43:56.879401Z  INFO get_files:scan_sources: tailwindcss_oxide::scanner: Discovering "/home/afdal/Laboratorium/PROJECT/extensionadminaksent/android/app/src/androidTest/java/com"
2026-03-01T11:43:56.879451Z  INFO get_files:scan_sources: tailwindcss_oxide::scanner: Discovering "/home/afdal/Laboratorium/PROJECT/extensionadminaksent/android/app/src/androidTest/java/com/getcapacitor"
2026-03-01T11:43:56.879501Z  INFO get_files:scan_sources: tailwindcss_oxide::scanner: Discovering "/home/afdal/Laboratorium/PROJECT/extensionadminaksent/android/app/src/androidTest/java/com/getcapacitor/myapp"
2026-03-01T11:43:56.879592Z  INFO get_files:scan_sources: tailwindcss_oxide::scanner: Discovering "/home/afdal/Laboratorium/PROJECT/extensionadminaksent/android/app/src/test"
2026-03-01T11:43:56.879641Z  INFO get_files:scan_sources: tailwindcss_oxide::scanner: Discovering "/home/afdal/Laboratorium/PROJECT/extensionadminaksent/android/app/src/test/java"
2026-03-01T11:43:56.879688Z  INFO get_files:scan_sources: tailwindcss_oxide::scanner: Discovering "/home/afdal/Laboratorium/PROJECT/extensionadminaksent/android/app/src/test/java/com"
2026-03-01T11:43:56.879743Z  INFO get_files:scan_sources: tailwindcss_oxide::scanner: Discovering "/home/afdal/Laboratorium/PROJECT/extensionadminaksent/android/app/src/test/java/com/getcapacitor"
2026-03-01T11:43:56.879792Z  INFO get_files:scan_sources: tailwindcss_oxide::scanner: Discovering "/home/afdal/Laboratorium/PROJECT/extensionadminaksent/android/app/src/test/java/com/getcapacitor/myapp"
2026-03-01T11:43:56.880364Z  INFO get_files:scan_sources: tailwindcss_oxide::scanner: exit
2026-03-01T11:43:56.881040Z  INFO get_files: tailwindcss_oxide::scanner: exit
2026-03-01T11:43:56.881475Z  INFO get_globs: tailwindcss_oxide::scanner: enter
2026-03-01T11:43:56.882372Z  INFO get_globs: tailwindcss_oxide::scanner: exit
2026-03-01T11:44:16.260172Z  INFO scan_sources: tailwindcss_oxide::scanner: enter
2026-03-01T11:44:16.260920Z  INFO scan_sources: tailwindcss_oxide::scanner: Discovering "/home/afdal/Laboratorium/PROJECT/extensionadminaksent/scripts"
2026-03-01T11:44:16.261032Z  INFO scan_sources: tailwindcss_oxide::scanner: Discovering "/home/afdal/Laboratorium/PROJECT/extensionadminaksent/cypress"
2026-03-01T11:44:16.261091Z  INFO scan_sources: tailwindcss_oxide::scanner: Discovering "/home/afdal/Laboratorium/PROJECT/extensionadminaksent/cypress/fixtures"
2026-03-01T11:44:16.261161Z  INFO scan_sources: tailwindcss_oxide::scanner: Discovering "/home/afdal/Laboratorium/PROJECT/extensionadminaksent/cypress/e2e"
2026-03-01T11:44:16.261242Z  INFO scan_sources: tailwindcss_oxide::scanner: Discovering "/home/afdal/Laboratorium/PROJECT/extensionadminaksent/cypress/support"
2026-03-01T11:44:16.261331Z  INFO scan_sources: tailwindcss_oxide::scanner: Discovering "/home/afdal/Laboratorium/PROJECT/extensionadminaksent/.vscode"
2026-03-01T11:44:16.261451Z  INFO scan_sources: tailwindcss_oxide::scanner: Discovering "/home/afdal/Laboratorium/PROJECT/extensionadminaksent/src"
2026-03-01T11:44:16.261506Z  INFO scan_sources: tailwindcss_oxide::scanner: Discovering "/home/afdal/Laboratorium/PROJECT/extensionadminaksent/src/hook"
2026-03-01T11:44:16.261558Z  INFO scan_sources: tailwindcss_oxide::scanner: Discovering "/home/afdal/Laboratorium/PROJECT/extensionadminaksent/src/hook/requests"
2026-03-01T11:44:16.261631Z  INFO scan_sources: tailwindcss_oxide::scanner: Discovering "/home/afdal/Laboratorium/PROJECT/extensionadminaksent/src/components"
2026-03-01T11:44:16.261697Z  INFO scan_sources: tailwindcss_oxide::scanner: Discovering "/home/afdal/Laboratorium/PROJECT/extensionadminaksent/src/components/customer"
2026-03-01T11:44:16.261767Z  INFO scan_sources: tailwindcss_oxide::scanner: Discovering "/home/afdal/Laboratorium/PROJECT/extensionadminaksent/src/components/list"
2026-03-01T11:44:16.261863Z  INFO scan_sources: tailwindcss_oxide::scanner: Discovering "/home/afdal/Laboratorium/PROJECT/extensionadminaksent/src/components/toolbars"
2026-03-01T11:44:16.261956Z  INFO scan_sources: tailwindcss_oxide::scanner: Discovering "/home/afdal/Laboratorium/PROJECT/extensionadminaksent/src/theme"
2026-03-01T11:44:16.262051Z  INFO scan_sources: tailwindcss_oxide::scanner: Discovering "/home/afdal/Laboratorium/PROJECT/extensionadminaksent/src/utils"
2026-03-01T11:44:16.262164Z  INFO scan_sources: tailwindcss_oxide::scanner: Discovering "/home/afdal/Laboratorium/PROJECT/extensionadminaksent/src/databases"
2026-03-01T11:44:16.262228Z  INFO scan_sources: tailwindcss_oxide::scanner: Discovering "/home/afdal/Laboratorium/PROJECT/extensionadminaksent/src/databases/migrations"
2026-03-01T11:44:16.262325Z  INFO scan_sources: tailwindcss_oxide::scanner: Discovering "/home/afdal/Laboratorium/PROJECT/extensionadminaksent/src/databases/entities"
2026-03-01T11:44:16.262569Z  INFO scan_sources: tailwindcss_oxide::scanner: Discovering "/home/afdal/Laboratorium/PROJECT/extensionadminaksent/src/types"
2026-03-01T11:44:16.262760Z  INFO scan_sources: tailwindcss_oxide::scanner: Discovering "/home/afdal/Laboratorium/PROJECT/extensionadminaksent/src/pages"
2026-03-01T11:44:16.262930Z  INFO scan_sources: tailwindcss_oxide::scanner: Discovering "/home/afdal/Laboratorium/PROJECT/extensionadminaksent/src/pages/Customer"
2026-03-01T11:44:16.263089Z  INFO scan_sources: tailwindcss_oxide::scanner: Discovering "/home/afdal/Laboratorium/PROJECT/extensionadminaksent/src/pages/Customer/Customer.tsx"
2026-03-01T11:44:16.263248Z  INFO scan_sources: tailwindcss_oxide::scanner: Discovering "/home/afdal/Laboratorium/PROJECT/extensionadminaksent/src/pages/Home"
2026-03-01T11:44:16.263434Z  INFO scan_sources: tailwindcss_oxide::scanner: Discovering "/home/afdal/Laboratorium/PROJECT/extensionadminaksent/src/pages/Validation"
2026-03-01T11:44:16.263608Z  INFO scan_sources: tailwindcss_oxide::scanner: Discovering "/home/afdal/Laboratorium/PROJECT/extensionadminaksent/src/pages/Unpaid"
2026-03-01T11:44:16.263783Z  INFO scan_sources: tailwindcss_oxide::scanner: Discovering "/home/afdal/Laboratorium/PROJECT/extensionadminaksent/src/pages/Payment"
2026-03-01T11:44:16.264138Z  INFO scan_sources: tailwindcss_oxide::scanner: Discovering "/home/afdal/Laboratorium/PROJECT/extensionadminaksent/public"
2026-03-01T11:44:16.264354Z  INFO scan_sources: tailwindcss_oxide::scanner: Discovering "/home/afdal/Laboratorium/PROJECT/extensionadminaksent/public/assets"
2026-03-01T11:44:16.264701Z  INFO scan_sources: tailwindcss_oxide::scanner: Discovering "/home/afdal/Laboratorium/PROJECT/extensionadminaksent/android"
2026-03-01T11:44:16.265225Z  INFO scan_sources: tailwindcss_oxide::scanner: Discovering "/home/afdal/Laboratorium/PROJECT/extensionadminaksent/android/.kotlin"
2026-03-01T11:44:16.265478Z  INFO scan_sources: tailwindcss_oxide::scanner: Discovering "/home/afdal/Laboratorium/PROJECT/extensionadminaksent/android/.kotlin/sessions"
2026-03-01T11:44:16.265838Z  INFO scan_sources: tailwindcss_oxide::scanner: Discovering "/home/afdal/Laboratorium/PROJECT/extensionadminaksent/android/gradle"
2026-03-01T11:44:16.266043Z  INFO scan_sources: tailwindcss_oxide::scanner: Discovering "/home/afdal/Laboratorium/PROJECT/extensionadminaksent/android/gradle/wrapper"
2026-03-01T11:44:16.266272Z  INFO scan_sources: tailwindcss_oxide::scanner: Discovering "/home/afdal/Laboratorium/PROJECT/extensionadminaksent/android/app"
2026-03-01T11:44:16.266596Z  INFO scan_sources: tailwindcss_oxide::scanner: Discovering "/home/afdal/Laboratorium/PROJECT/extensionadminaksent/android/app/src"
2026-03-01T11:44:16.266852Z  INFO scan_sources: tailwindcss_oxide::scanner: Discovering "/home/afdal/Laboratorium/PROJECT/extensionadminaksent/android/app/src/main"
2026-03-01T11:44:16.267106Z  INFO scan_sources: tailwindcss_oxide::scanner: Discovering "/home/afdal/Laboratorium/PROJECT/extensionadminaksent/android/app/src/main/res"
2026-03-01T11:44:16.267308Z  INFO scan_sources: tailwindcss_oxide::scanner: Discovering "/home/afdal/Laboratorium/PROJECT/extensionadminaksent/android/app/src/main/res/drawable-land-xhdpi"
2026-03-01T11:44:16.267390Z  INFO scan_sources: tailwindcss_oxide::scanner: Discovering "/home/afdal/Laboratorium/PROJECT/extensionadminaksent/android/app/src/main/res/drawable-land-xxhdpi"
2026-03-01T11:44:16.267457Z  INFO scan_sources: tailwindcss_oxide::scanner: Discovering "/home/afdal/Laboratorium/PROJECT/extensionadminaksent/android/app/src/main/res/drawable-v24"
2026-03-01T11:44:16.267539Z  INFO scan_sources: tailwindcss_oxide::scanner: Discovering "/home/afdal/Laboratorium/PROJECT/extensionadminaksent/android/app/src/main/res/drawable-port-xxxhdpi"
2026-03-01T11:44:16.267605Z  INFO scan_sources: tailwindcss_oxide::scanner: Discovering "/home/afdal/Laboratorium/PROJECT/extensionadminaksent/android/app/src/main/res/drawable-land-xxxhdpi"
2026-03-01T11:44:16.267667Z  INFO scan_sources: tailwindcss_oxide::scanner: Discovering "/home/afdal/Laboratorium/PROJECT/extensionadminaksent/android/app/src/main/res/drawable-port-xxhdpi"
2026-03-01T11:44:16.267731Z  INFO scan_sources: tailwindcss_oxide::scanner: Discovering "/home/afdal/Laboratorium/PROJECT/extensionadminaksent/android/app/src/main/res/mipmap-hdpi"
2026-03-01T11:44:16.267963Z  INFO scan_sources: tailwindcss_oxide::scanner: Discovering "/home/afdal/Laboratorium/PROJECT/extensionadminaksent/android/app/src/main/res/drawable-land-hdpi"
2026-03-01T11:44:16.268172Z  INFO scan_sources: tailwindcss_oxide::scanner: Discovering "/home/afdal/Laboratorium/PROJECT/extensionadminaksent/android/app/src/main/res/xml"
2026-03-01T11:44:16.268392Z  INFO scan_sources: tailwindcss_oxide::scanner: Discovering "/home/afdal/Laboratorium/PROJECT/extensionadminaksent/android/app/src/main/res/mipmap-xhdpi"
2026-03-01T11:44:16.268605Z  INFO scan_sources: tailwindcss_oxide::scanner: Discovering "/home/afdal/Laboratorium/PROJECT/extensionadminaksent/android/app/src/main/res/drawable-land-mdpi"
2026-03-01T11:44:16.268806Z  INFO scan_sources: tailwindcss_oxide::scanner: Discovering "/home/afdal/Laboratorium/PROJECT/extensionadminaksent/android/app/src/main/res/drawable-port-hdpi"
2026-03-01T11:44:16.268925Z  INFO scan_sources: tailwindcss_oxide::scanner: Discovering "/home/afdal/Laboratorium/PROJECT/extensionadminaksent/android/app/src/main/res/mipmap-xxhdpi"
2026-03-01T11:44:16.269016Z  INFO scan_sources: tailwindcss_oxide::scanner: Discovering "/home/afdal/Laboratorium/PROJECT/extensionadminaksent/android/app/src/main/res/mipmap-mdpi"
2026-03-01T11:44:16.269100Z  INFO scan_sources: tailwindcss_oxide::scanner: Discovering "/home/afdal/Laboratorium/PROJECT/extensionadminaksent/android/app/src/main/res/drawable"
2026-03-01T11:44:16.269190Z  INFO scan_sources: tailwindcss_oxide::scanner: Discovering "/home/afdal/Laboratorium/PROJECT/extensionadminaksent/android/app/src/main/res/drawable-port-xhdpi"
2026-03-01T11:44:16.269447Z  INFO scan_sources: tailwindcss_oxide::scanner: Discovering "/home/afdal/Laboratorium/PROJECT/extensionadminaksent/android/app/src/main/res/mipmap-xxxhdpi"
2026-03-01T11:44:16.269683Z  INFO scan_sources: tailwindcss_oxide::scanner: Discovering "/home/afdal/Laboratorium/PROJECT/extensionadminaksent/android/app/src/main/res/layout"
2026-03-01T11:44:16.269929Z  INFO scan_sources: tailwindcss_oxide::scanner: Discovering "/home/afdal/Laboratorium/PROJECT/extensionadminaksent/android/app/src/main/res/mipmap-anydpi-v26"
2026-03-01T11:44:16.270159Z  INFO scan_sources: tailwindcss_oxide::scanner: Discovering "/home/afdal/Laboratorium/PROJECT/extensionadminaksent/android/app/src/main/res/drawable-port-mdpi"
2026-03-01T11:44:16.270242Z  INFO scan_sources: tailwindcss_oxide::scanner: Discovering "/home/afdal/Laboratorium/PROJECT/extensionadminaksent/android/app/src/main/res/values"
2026-03-01T11:44:16.270372Z  INFO scan_sources: tailwindcss_oxide::scanner: Discovering "/home/afdal/Laboratorium/PROJECT/extensionadminaksent/android/app/src/main/java"
2026-03-01T11:44:16.270438Z  INFO scan_sources: tailwindcss_oxide::scanner: Discovering "/home/afdal/Laboratorium/PROJECT/extensionadminaksent/android/app/src/main/java/io"
2026-03-01T11:44:16.270508Z  INFO scan_sources: tailwindcss_oxide::scanner: Discovering "/home/afdal/Laboratorium/PROJECT/extensionadminaksent/android/app/src/main/java/io/ionic"
2026-03-01T11:44:16.270579Z  INFO scan_sources: tailwindcss_oxide::scanner: Discovering "/home/afdal/Laboratorium/PROJECT/extensionadminaksent/android/app/src/main/java/io/ionic/starter"
2026-03-01T11:44:16.270840Z  INFO scan_sources: tailwindcss_oxide::scanner: Discovering "/home/afdal/Laboratorium/PROJECT/extensionadminaksent/android/app/src/main/assets"
2026-03-01T11:44:16.271133Z  INFO scan_sources: tailwindcss_oxide::scanner: Discovering "/home/afdal/Laboratorium/PROJECT/extensionadminaksent/android/app/src/androidTest"
2026-03-01T11:44:16.271336Z  INFO scan_sources: tailwindcss_oxide::scanner: Discovering "/home/afdal/Laboratorium/PROJECT/extensionadminaksent/android/app/src/androidTest/java"
2026-03-01T11:44:16.271625Z  INFO scan_sources: tailwindcss_oxide::scanner: Discovering "/home/afdal/Laboratorium/PROJECT/extensionadminaksent/android/app/src/androidTest/java/com"
2026-03-01T11:44:16.271694Z  INFO scan_sources: tailwindcss_oxide::scanner: Discovering "/home/afdal/Laboratorium/PROJECT/extensionadminaksent/android/app/src/androidTest/java/com/getcapacitor"
2026-03-01T11:44:16.271752Z  INFO scan_sources: tailwindcss_oxide::scanner: Discovering "/home/afdal/Laboratorium/PROJECT/extensionadminaksent/android/app/src/androidTest/java/com/getcapacitor/myapp"
2026-03-01T11:44:16.271870Z  INFO scan_sources: tailwindcss_oxide::scanner: Discovering "/home/afdal/Laboratorium/PROJECT/extensionadminaksent/android/app/src/test"
2026-03-01T11:44:16.271931Z  INFO scan_sources: tailwindcss_oxide::scanner: Discovering "/home/afdal/Laboratorium/PROJECT/extensionadminaksent/android/app/src/test/java"
2026-03-01T11:44:16.271980Z  INFO scan_sources: tailwindcss_oxide::scanner: Discovering "/home/afdal/Laboratorium/PROJECT/extensionadminaksent/android/app/src/test/java/com"
2026-03-01T11:44:16.272031Z  INFO scan_sources: tailwindcss_oxide::scanner: Discovering "/home/afdal/Laboratorium/PROJECT/extensionadminaksent/android/app/src/test/java/com/getcapacitor"
2026-03-01T11:44:16.272080Z  INFO scan_sources: tailwindcss_oxide::scanner: Discovering "/home/afdal/Laboratorium/PROJECT/extensionadminaksent/android/app/src/test/java/com/getcapacitor/myapp"
2026-03-01T11:44:16.272523Z  INFO scan_sources: tailwindcss_oxide::scanner: exit
2026-03-01T11:44:16.272537Z  INFO extract_candidates: tailwindcss_oxide::scanner: enter
2026-03-01T11:44:16.272547Z  INFO extract_candidates:read_all_files: tailwindcss_oxide::scanner: enter
2026-03-01T11:44:16.272554Z  INFO extract_candidates:read_all_files: tailwindcss_oxide::scanner: Reading 1 file(s)
2026-03-01T11:44:16.272636Z  INFO extract_candidates:read_all_files: tailwindcss_oxide::scanner: Reading "/home/afdal/Laboratorium/PROJECT/extensionadminaksent/src/pages/Customer/Customer.tsx"
2026-03-01T11:44:16.272648Z  INFO extract_candidates:read_all_files: tailwindcss_oxide::scanner: exit
2026-03-01T11:44:16.272654Z  INFO extract_candidates:parse_all_blobs: tailwindcss_oxide::scanner: enter
2026-03-01T11:44:16.272660Z  INFO extract_candidates:parse_all_blobs:extract: tailwindcss_oxide::scanner: enter
2026-03-01T11:44:16.273210Z  INFO extract_candidates:parse_all_blobs:extract: tailwindcss_oxide::scanner: exit
2026-03-01T11:44:16.273243Z  INFO extract_candidates:parse_all_blobs: tailwindcss_oxide::scanner: exit
2026-03-01T11:44:16.273455Z  INFO extract_candidates: tailwindcss_oxide::scanner: exit
2026-03-01T11:44:16.274753Z  INFO get_files: tailwindcss_oxide::scanner: enter
2026-03-01T11:44:16.274790Z  INFO get_files:scan_sources: tailwindcss_oxide::scanner: enter
2026-03-01T11:44:16.275684Z  INFO get_files:scan_sources: tailwindcss_oxide::scanner: Discovering "/home/afdal/Laboratorium/PROJECT/extensionadminaksent/scripts"
2026-03-01T11:44:16.275832Z  INFO get_files:scan_sources: tailwindcss_oxide::scanner: Discovering "/home/afdal/Laboratorium/PROJECT/extensionadminaksent/cypress"
2026-03-01T11:44:16.275902Z  INFO get_files:scan_sources: tailwindcss_oxide::scanner: Discovering "/home/afdal/Laboratorium/PROJECT/extensionadminaksent/cypress/fixtures"
2026-03-01T11:44:16.275973Z  INFO get_files:scan_sources: tailwindcss_oxide::scanner: Discovering "/home/afdal/Laboratorium/PROJECT/extensionadminaksent/cypress/e2e"
2026-03-01T11:44:16.276045Z  INFO get_files:scan_sources: tailwindcss_oxide::scanner: Discovering "/home/afdal/Laboratorium/PROJECT/extensionadminaksent/cypress/support"
2026-03-01T11:44:16.276135Z  INFO get_files:scan_sources: tailwindcss_oxide::scanner: Discovering "/home/afdal/Laboratorium/PROJECT/extensionadminaksent/.vscode"
2026-03-01T11:44:16.276261Z  INFO get_files:scan_sources: tailwindcss_oxide::scanner: Discovering "/home/afdal/Laboratorium/PROJECT/extensionadminaksent/src"
2026-03-01T11:44:16.276323Z  INFO get_files:scan_sources: tailwindcss_oxide::scanner: Discovering "/home/afdal/Laboratorium/PROJECT/extensionadminaksent/src/hook"
2026-03-01T11:44:16.276378Z  INFO get_files:scan_sources: tailwindcss_oxide::scanner: Discovering "/home/afdal/Laboratorium/PROJECT/extensionadminaksent/src/hook/requests"
2026-03-01T11:44:16.276455Z  INFO get_files:scan_sources: tailwindcss_oxide::scanner: Discovering "/home/afdal/Laboratorium/PROJECT/extensionadminaksent/src/components"
2026-03-01T11:44:16.276523Z  INFO get_files:scan_sources: tailwindcss_oxide::scanner: Discovering "/home/afdal/Laboratorium/PROJECT/extensionadminaksent/src/components/customer"
2026-03-01T11:44:16.276593Z  INFO get_files:scan_sources: tailwindcss_oxide::scanner: Discovering "/home/afdal/Laboratorium/PROJECT/extensionadminaksent/src/components/list"
2026-03-01T11:44:16.276677Z  INFO get_files:scan_sources: tailwindcss_oxide::scanner: Discovering "/home/afdal/Laboratorium/PROJECT/extensionadminaksent/src/components/toolbars"
2026-03-01T11:44:16.276763Z  INFO get_files:scan_sources: tailwindcss_oxide::scanner: Discovering "/home/afdal/Laboratorium/PROJECT/extensionadminaksent/src/theme"
2026-03-01T11:44:16.276876Z  INFO get_files:scan_sources: tailwindcss_oxide::scanner: Discovering "/home/afdal/Laboratorium/PROJECT/extensionadminaksent/src/utils"
2026-03-01T11:44:16.276999Z  INFO get_files:scan_sources: tailwindcss_oxide::scanner: Discovering "/home/afdal/Laboratorium/PROJECT/extensionadminaksent/src/databases"
2026-03-01T11:44:16.277064Z  INFO get_files:scan_sources: tailwindcss_oxide::scanner: Discovering "/home/afdal/Laboratorium/PROJECT/extensionadminaksent/src/databases/migrations"
2026-03-01T11:44:16.277162Z  INFO get_files:scan_sources: tailwindcss_oxide::scanner: Discovering "/home/afdal/Laboratorium/PROJECT/extensionadminaksent/src/databases/entities"
2026-03-01T11:44:16.277267Z  INFO get_files:scan_sources: tailwindcss_oxide::scanner: Discovering "/home/afdal/Laboratorium/PROJECT/extensionadminaksent/src/types"
2026-03-01T11:44:16.277394Z  INFO get_files:scan_sources: tailwindcss_oxide::scanner: Discovering "/home/afdal/Laboratorium/PROJECT/extensionadminaksent/src/pages"
2026-03-01T11:44:16.277459Z  INFO get_files:scan_sources: tailwindcss_oxide::scanner: Discovering "/home/afdal/Laboratorium/PROJECT/extensionadminaksent/src/pages/Customer"
2026-03-01T11:44:16.277557Z  INFO get_files:scan_sources: tailwindcss_oxide::scanner: Discovering "/home/afdal/Laboratorium/PROJECT/extensionadminaksent/src/pages/Home"
2026-03-01T11:44:16.277649Z  INFO get_files:scan_sources: tailwindcss_oxide::scanner: Discovering "/home/afdal/Laboratorium/PROJECT/extensionadminaksent/src/pages/Validation"
2026-03-01T11:44:16.277719Z  INFO get_files:scan_sources: tailwindcss_oxide::scanner: Discovering "/home/afdal/Laboratorium/PROJECT/extensionadminaksent/src/pages/Unpaid"
2026-03-01T11:44:16.277793Z  INFO get_files:scan_sources: tailwindcss_oxide::scanner: Discovering "/home/afdal/Laboratorium/PROJECT/extensionadminaksent/src/pages/Payment"
2026-03-01T11:44:16.278041Z  INFO get_files:scan_sources: tailwindcss_oxide::scanner: Discovering "/home/afdal/Laboratorium/PROJECT/extensionadminaksent/public"
2026-03-01T11:44:16.278141Z  INFO get_files:scan_sources: tailwindcss_oxide::scanner: Discovering "/home/afdal/Laboratorium/PROJECT/extensionadminaksent/public/assets"
2026-03-01T11:44:16.278320Z  INFO get_files:scan_sources: tailwindcss_oxide::scanner: Discovering "/home/afdal/Laboratorium/PROJECT/extensionadminaksent/android"
2026-03-01T11:44:16.278699Z  INFO get_files:scan_sources: tailwindcss_oxide::scanner: Discovering "/home/afdal/Laboratorium/PROJECT/extensionadminaksent/android/.kotlin"
2026-03-01T11:44:16.278771Z  INFO get_files:scan_sources: tailwindcss_oxide::scanner: Discovering "/home/afdal/Laboratorium/PROJECT/extensionadminaksent/android/.kotlin/sessions"
2026-03-01T11:44:16.278978Z  INFO get_files:scan_sources: tailwindcss_oxide::scanner: Discovering "/home/afdal/Laboratorium/PROJECT/extensionadminaksent/android/gradle"
2026-03-01T11:44:16.279039Z  INFO get_files:scan_sources: tailwindcss_oxide::scanner: Discovering "/home/afdal/Laboratorium/PROJECT/extensionadminaksent/android/gradle/wrapper"
2026-03-01T11:44:16.279128Z  INFO get_files:scan_sources: tailwindcss_oxide::scanner: Discovering "/home/afdal/Laboratorium/PROJECT/extensionadminaksent/android/app"
2026-03-01T11:44:16.279286Z  INFO get_files:scan_sources: tailwindcss_oxide::scanner: Discovering "/home/afdal/Laboratorium/PROJECT/extensionadminaksent/android/app/src"
2026-03-01T11:44:16.279359Z  INFO get_files:scan_sources: tailwindcss_oxide::scanner: Discovering "/home/afdal/Laboratorium/PROJECT/extensionadminaksent/android/app/src/main"
2026-03-01T11:44:16.279437Z  INFO get_files:scan_sources: tailwindcss_oxide::scanner: Discovering "/home/afdal/Laboratorium/PROJECT/extensionadminaksent/android/app/src/main/res"
2026-03-01T11:44:16.279500Z  INFO get_files:scan_sources: tailwindcss_oxide::scanner: Discovering "/home/afdal/Laboratorium/PROJECT/extensionadminaksent/android/app/src/main/res/drawable-land-xhdpi"
2026-03-01T11:44:16.279571Z  INFO get_files:scan_sources: tailwindcss_oxide::scanner: Discovering "/home/afdal/Laboratorium/PROJECT/extensionadminaksent/android/app/src/main/res/drawable-land-xxhdpi"
2026-03-01T11:44:16.279633Z  INFO get_files:scan_sources: tailwindcss_oxide::scanner: Discovering "/home/afdal/Laboratorium/PROJECT/extensionadminaksent/android/app/src/main/res/drawable-v24"
2026-03-01T11:44:16.279710Z  INFO get_files:scan_sources: tailwindcss_oxide::scanner: Discovering "/home/afdal/Laboratorium/PROJECT/extensionadminaksent/android/app/src/main/res/drawable-port-xxxhdpi"
2026-03-01T11:44:16.279773Z  INFO get_files:scan_sources: tailwindcss_oxide::scanner: Discovering "/home/afdal/Laboratorium/PROJECT/extensionadminaksent/android/app/src/main/res/drawable-land-xxxhdpi"
2026-03-01T11:44:16.279847Z  INFO get_files:scan_sources: tailwindcss_oxide::scanner: Discovering "/home/afdal/Laboratorium/PROJECT/extensionadminaksent/android/app/src/main/res/drawable-port-xxhdpi"
2026-03-01T11:44:16.279929Z  INFO get_files:scan_sources: tailwindcss_oxide::scanner: Discovering "/home/afdal/Laboratorium/PROJECT/extensionadminaksent/android/app/src/main/res/mipmap-hdpi"
2026-03-01T11:44:16.280003Z  INFO get_files:scan_sources: tailwindcss_oxide::scanner: Discovering "/home/afdal/Laboratorium/PROJECT/extensionadminaksent/android/app/src/main/res/drawable-land-hdpi"
2026-03-01T11:44:16.280071Z  INFO get_files:scan_sources: tailwindcss_oxide::scanner: Discovering "/home/afdal/Laboratorium/PROJECT/extensionadminaksent/android/app/src/main/res/xml"
2026-03-01T11:44:16.280155Z  INFO get_files:scan_sources: tailwindcss_oxide::scanner: Discovering "/home/afdal/Laboratorium/PROJECT/extensionadminaksent/android/app/src/main/res/mipmap-xhdpi"
2026-03-01T11:44:16.280231Z  INFO get_files:scan_sources: tailwindcss_oxide::scanner: Discovering "/home/afdal/Laboratorium/PROJECT/extensionadminaksent/android/app/src/main/res/drawable-land-mdpi"
2026-03-01T11:44:16.280303Z  INFO get_files:scan_sources: tailwindcss_oxide::scanner: Discovering "/home/afdal/Laboratorium/PROJECT/extensionadminaksent/android/app/src/main/res/drawable-port-hdpi"
2026-03-01T11:44:16.280365Z  INFO get_files:scan_sources: tailwindcss_oxide::scanner: Discovering "/home/afdal/Laboratorium/PROJECT/extensionadminaksent/android/app/src/main/res/mipmap-xxhdpi"
2026-03-01T11:44:16.280434Z  INFO get_files:scan_sources: tailwindcss_oxide::scanner: Discovering "/home/afdal/Laboratorium/PROJECT/extensionadminaksent/android/app/src/main/res/mipmap-mdpi"
2026-03-01T11:44:16.280506Z  INFO get_files:scan_sources: tailwindcss_oxide::scanner: Discovering "/home/afdal/Laboratorium/PROJECT/extensionadminaksent/android/app/src/main/res/drawable"
2026-03-01T11:44:16.280585Z  INFO get_files:scan_sources: tailwindcss_oxide::scanner: Discovering "/home/afdal/Laboratorium/PROJECT/extensionadminaksent/android/app/src/main/res/drawable-port-xhdpi"
2026-03-01T11:44:16.280662Z  INFO get_files:scan_sources: tailwindcss_oxide::scanner: Discovering "/home/afdal/Laboratorium/PROJECT/extensionadminaksent/android/app/src/main/res/mipmap-xxxhdpi"
2026-03-01T11:44:16.280739Z  INFO get_files:scan_sources: tailwindcss_oxide::scanner: Discovering "/home/afdal/Laboratorium/PROJECT/extensionadminaksent/android/app/src/main/res/layout"
2026-03-01T11:44:16.280830Z  INFO get_files:scan_sources: tailwindcss_oxide::scanner: Discovering "/home/afdal/Laboratorium/PROJECT/extensionadminaksent/android/app/src/main/res/mipmap-anydpi-v26"
2026-03-01T11:44:16.280935Z  INFO get_files:scan_sources: tailwindcss_oxide::scanner: Discovering "/home/afdal/Laboratorium/PROJECT/extensionadminaksent/android/app/src/main/res/drawable-port-mdpi"
2026-03-01T11:44:16.281001Z  INFO get_files:scan_sources: tailwindcss_oxide::scanner: Discovering "/home/afdal/Laboratorium/PROJECT/extensionadminaksent/android/app/src/main/res/values"
2026-03-01T11:44:16.281131Z  INFO get_files:scan_sources: tailwindcss_oxide::scanner: Discovering "/home/afdal/Laboratorium/PROJECT/extensionadminaksent/android/app/src/main/java"
2026-03-01T11:44:16.281195Z  INFO get_files:scan_sources: tailwindcss_oxide::scanner: Discovering "/home/afdal/Laboratorium/PROJECT/extensionadminaksent/android/app/src/main/java/io"
2026-03-01T11:44:16.281261Z  INFO get_files:scan_sources: tailwindcss_oxide::scanner: Discovering "/home/afdal/Laboratorium/PROJECT/extensionadminaksent/android/app/src/main/java/io/ionic"
2026-03-01T11:44:16.281336Z  INFO get_files:scan_sources: tailwindcss_oxide::scanner: Discovering "/home/afdal/Laboratorium/PROJECT/extensionadminaksent/android/app/src/main/java/io/ionic/starter"
2026-03-01T11:44:16.281468Z  INFO get_files:scan_sources: tailwindcss_oxide::scanner: Discovering "/home/afdal/Laboratorium/PROJECT/extensionadminaksent/android/app/src/main/assets"
2026-03-01T11:44:16.281623Z  INFO get_files:scan_sources: tailwindcss_oxide::scanner: Discovering "/home/afdal/Laboratorium/PROJECT/extensionadminaksent/android/app/src/androidTest"
2026-03-01T11:44:16.281693Z  INFO get_files:scan_sources: tailwindcss_oxide::scanner: Discovering "/home/afdal/Laboratorium/PROJECT/extensionadminaksent/android/app/src/androidTest/java"
2026-03-01T11:44:16.281781Z  INFO get_files:scan_sources: tailwindcss_oxide::scanner: Discovering "/home/afdal/Laboratorium/PROJECT/extensionadminaksent/android/app/src/androidTest/java/com"
2026-03-01T11:44:16.281863Z  INFO get_files:scan_sources: tailwindcss_oxide::scanner: Discovering "/home/afdal/Laboratorium/PROJECT/extensionadminaksent/android/app/src/androidTest/java/com/getcapacitor"
2026-03-01T11:44:16.281941Z  INFO get_files:scan_sources: tailwindcss_oxide::scanner: Discovering "/home/afdal/Laboratorium/PROJECT/extensionadminaksent/android/app/src/androidTest/java/com/getcapacitor/myapp"
2026-03-01T11:44:16.282066Z  INFO get_files:scan_sources: tailwindcss_oxide::scanner: Discovering "/home/afdal/Laboratorium/PROJECT/extensionadminaksent/android/app/src/test"
2026-03-01T11:44:16.282143Z  INFO get_files:scan_sources: tailwindcss_oxide::scanner: Discovering "/home/afdal/Laboratorium/PROJECT/extensionadminaksent/android/app/src/test/java"
2026-03-01T11:44:16.282224Z  INFO get_files:scan_sources: tailwindcss_oxide::scanner: Discovering "/home/afdal/Laboratorium/PROJECT/extensionadminaksent/android/app/src/test/java/com"
2026-03-01T11:44:16.282307Z  INFO get_files:scan_sources: tailwindcss_oxide::scanner: Discovering "/home/afdal/Laboratorium/PROJECT/extensionadminaksent/android/app/src/test/java/com/getcapacitor"
2026-03-01T11:44:16.282381Z  INFO get_files:scan_sources: tailwindcss_oxide::scanner: Discovering "/home/afdal/Laboratorium/PROJECT/extensionadminaksent/android/app/src/test/java/com/getcapacitor/myapp"
2026-03-01T11:44:16.282980Z  INFO get_files:scan_sources: tailwindcss_oxide::scanner: exit
2026-03-01T11:44:16.284041Z  INFO get_files: tailwindcss_oxide::scanner: exit
2026-03-01T11:44:16.284435Z  INFO get_globs: tailwindcss_oxide::scanner: enter
2026-03-01T11:44:16.284549Z  INFO get_globs: tailwindcss_oxide::scanner: exit
2026-03-01T11:47:35.863626Z  INFO scan_sources: tailwindcss_oxide::scanner: enter
2026-03-01T11:47:35.865156Z  INFO scan_sources: tailwindcss_oxide::scanner: Discovering "/home/afdal/Laboratorium/PROJECT/extensionadminaksent/scripts"
2026-03-01T11:47:35.865616Z  INFO scan_sources: tailwindcss_oxide::scanner: Discovering "/home/afdal/Laboratorium/PROJECT/extensionadminaksent/cypress"
2026-03-01T11:47:35.865935Z  INFO scan_sources: tailwindcss_oxide::scanner: Discovering "/home/afdal/Laboratorium/PROJECT/extensionadminaksent/cypress/fixtures"
2026-03-01T11:47:35.866293Z  INFO scan_sources: tailwindcss_oxide::scanner: Discovering "/home/afdal/Laboratorium/PROJECT/extensionadminaksent/cypress/e2e"
2026-03-01T11:47:35.866650Z  INFO scan_sources: tailwindcss_oxide::scanner: Discovering "/home/afdal/Laboratorium/PROJECT/extensionadminaksent/cypress/support"
2026-03-01T11:47:35.866955Z  INFO scan_sources: tailwindcss_oxide::scanner: Discovering "/home/afdal/Laboratorium/PROJECT/extensionadminaksent/.vscode"
2026-03-01T11:47:35.867117Z  INFO scan_sources: tailwindcss_oxide::scanner: Discovering "/home/afdal/Laboratorium/PROJECT/extensionadminaksent/src"
2026-03-01T11:47:35.867194Z  INFO scan_sources: tailwindcss_oxide::scanner: Discovering "/home/afdal/Laboratorium/PROJECT/extensionadminaksent/src/hook"
2026-03-01T11:47:35.867262Z  INFO scan_sources: tailwindcss_oxide::scanner: Discovering "/home/afdal/Laboratorium/PROJECT/extensionadminaksent/src/hook/requests"
2026-03-01T11:47:35.867357Z  INFO scan_sources: tailwindcss_oxide::scanner: Discovering "/home/afdal/Laboratorium/PROJECT/extensionadminaksent/src/components"
2026-03-01T11:47:35.867439Z  INFO scan_sources: tailwindcss_oxide::scanner: Discovering "/home/afdal/Laboratorium/PROJECT/extensionadminaksent/src/components/customer"
2026-03-01T11:47:35.867526Z  INFO scan_sources: tailwindcss_oxide::scanner: Discovering "/home/afdal/Laboratorium/PROJECT/extensionadminaksent/src/components/list"
2026-03-01T11:47:35.867626Z  INFO scan_sources: tailwindcss_oxide::scanner: Discovering "/home/afdal/Laboratorium/PROJECT/extensionadminaksent/src/components/toolbars"
2026-03-01T11:47:35.867747Z  INFO scan_sources: tailwindcss_oxide::scanner: Discovering "/home/afdal/Laboratorium/PROJECT/extensionadminaksent/src/theme"
2026-03-01T11:47:35.867892Z  INFO scan_sources: tailwindcss_oxide::scanner: Discovering "/home/afdal/Laboratorium/PROJECT/extensionadminaksent/src/utils"
2026-03-01T11:47:35.868037Z  INFO scan_sources: tailwindcss_oxide::scanner: Discovering "/home/afdal/Laboratorium/PROJECT/extensionadminaksent/src/databases"
2026-03-01T11:47:35.868115Z  INFO scan_sources: tailwindcss_oxide::scanner: Discovering "/home/afdal/Laboratorium/PROJECT/extensionadminaksent/src/databases/migrations"
2026-03-01T11:47:35.868227Z  INFO scan_sources: tailwindcss_oxide::scanner: Discovering "/home/afdal/Laboratorium/PROJECT/extensionadminaksent/src/databases/entities"
2026-03-01T11:47:35.868351Z  INFO scan_sources: tailwindcss_oxide::scanner: Discovering "/home/afdal/Laboratorium/PROJECT/extensionadminaksent/src/types"
2026-03-01T11:47:35.868428Z  INFO scan_sources: tailwindcss_oxide::scanner: Discovering "/home/afdal/Laboratorium/PROJECT/extensionadminaksent/src/pages"
2026-03-01T11:47:35.868487Z  INFO scan_sources: tailwindcss_oxide::scanner: Discovering "/home/afdal/Laboratorium/PROJECT/extensionadminaksent/src/pages/Customer"
2026-03-01T11:47:35.868591Z  INFO scan_sources: tailwindcss_oxide::scanner: Discovering "/home/afdal/Laboratorium/PROJECT/extensionadminaksent/src/pages/Home"
2026-03-01T11:47:35.868680Z  INFO scan_sources: tailwindcss_oxide::scanner: Discovering "/home/afdal/Laboratorium/PROJECT/extensionadminaksent/src/pages/Validation"
2026-03-01T11:47:35.868756Z  INFO scan_sources: tailwindcss_oxide::scanner: Discovering "/home/afdal/Laboratorium/PROJECT/extensionadminaksent/src/pages/Unpaid"
2026-03-01T11:47:35.870828Z  INFO scan_sources: tailwindcss_oxide::scanner: Discovering "/home/afdal/Laboratorium/PROJECT/extensionadminaksent/src/pages/Payment"
2026-03-01T11:47:35.871275Z  INFO scan_sources: tailwindcss_oxide::scanner: Discovering "/home/afdal/Laboratorium/PROJECT/extensionadminaksent/src/pages/Payment/Payment.tsx"
2026-03-01T11:47:35.871679Z  INFO scan_sources: tailwindcss_oxide::scanner: Discovering "/home/afdal/Laboratorium/PROJECT/extensionadminaksent/public"
2026-03-01T11:47:35.872419Z  INFO scan_sources: tailwindcss_oxide::scanner: Discovering "/home/afdal/Laboratorium/PROJECT/extensionadminaksent/public/assets"
2026-03-01T11:47:35.873725Z  INFO scan_sources: tailwindcss_oxide::scanner: Discovering "/home/afdal/Laboratorium/PROJECT/extensionadminaksent/android"
2026-03-01T11:47:35.875111Z  INFO scan_sources: tailwindcss_oxide::scanner: Discovering "/home/afdal/Laboratorium/PROJECT/extensionadminaksent/android/.kotlin"
2026-03-01T11:47:35.875501Z  INFO scan_sources: tailwindcss_oxide::scanner: Discovering "/home/afdal/Laboratorium/PROJECT/extensionadminaksent/android/.kotlin/sessions"
2026-03-01T11:47:35.876005Z  INFO scan_sources: tailwindcss_oxide::scanner: Discovering "/home/afdal/Laboratorium/PROJECT/extensionadminaksent/android/gradle"
2026-03-01T11:47:35.876397Z  INFO scan_sources: tailwindcss_oxide::scanner: Discovering "/home/afdal/Laboratorium/PROJECT/extensionadminaksent/android/gradle/wrapper"
2026-03-01T11:47:35.876804Z  INFO scan_sources: tailwindcss_oxide::scanner: Discovering "/home/afdal/Laboratorium/PROJECT/extensionadminaksent/android/app"
2026-03-01T11:47:35.877271Z  INFO scan_sources: tailwindcss_oxide::scanner: Discovering "/home/afdal/Laboratorium/PROJECT/extensionadminaksent/android/app/src"
2026-03-01T11:47:35.877589Z  INFO scan_sources: tailwindcss_oxide::scanner: Discovering "/home/afdal/Laboratorium/PROJECT/extensionadminaksent/android/app/src/main"
2026-03-01T11:47:35.877938Z  INFO scan_sources: tailwindcss_oxide::scanner: Discovering "/home/afdal/Laboratorium/PROJECT/extensionadminaksent/android/app/src/main/res"
2026-03-01T11:47:35.878272Z  INFO scan_sources: tailwindcss_oxide::scanner: Discovering "/home/afdal/Laboratorium/PROJECT/extensionadminaksent/android/app/src/main/res/drawable-land-xhdpi"
2026-03-01T11:47:35.878591Z  INFO scan_sources: tailwindcss_oxide::scanner: Discovering "/home/afdal/Laboratorium/PROJECT/extensionadminaksent/android/app/src/main/res/drawable-land-xxhdpi"
2026-03-01T11:47:35.878904Z  INFO scan_sources: tailwindcss_oxide::scanner: Discovering "/home/afdal/Laboratorium/PROJECT/extensionadminaksent/android/app/src/main/res/drawable-v24"
2026-03-01T11:47:35.879285Z  INFO scan_sources: tailwindcss_oxide::scanner: Discovering "/home/afdal/Laboratorium/PROJECT/extensionadminaksent/android/app/src/main/res/drawable-port-xxxhdpi"
2026-03-01T11:47:35.879682Z  INFO scan_sources: tailwindcss_oxide::scanner: Discovering "/home/afdal/Laboratorium/PROJECT/extensionadminaksent/android/app/src/main/res/drawable-land-xxxhdpi"
2026-03-01T11:47:35.880382Z  INFO scan_sources: tailwindcss_oxide::scanner: Discovering "/home/afdal/Laboratorium/PROJECT/extensionadminaksent/android/app/src/main/res/drawable-port-xxhdpi"
2026-03-01T11:47:35.880825Z  INFO scan_sources: tailwindcss_oxide::scanner: Discovering "/home/afdal/Laboratorium/PROJECT/extensionadminaksent/android/app/src/main/res/mipmap-hdpi"
2026-03-01T11:47:35.881243Z  INFO scan_sources: tailwindcss_oxide::scanner: Discovering "/home/afdal/Laboratorium/PROJECT/extensionadminaksent/android/app/src/main/res/drawable-land-hdpi"
2026-03-01T11:47:35.881704Z  INFO scan_sources: tailwindcss_oxide::scanner: Discovering "/home/afdal/Laboratorium/PROJECT/extensionadminaksent/android/app/src/main/res/xml"
2026-03-01T11:47:35.882044Z  INFO scan_sources: tailwindcss_oxide::scanner: Discovering "/home/afdal/Laboratorium/PROJECT/extensionadminaksent/android/app/src/main/res/mipmap-xhdpi"
2026-03-01T11:47:35.882367Z  INFO scan_sources: tailwindcss_oxide::scanner: Discovering "/home/afdal/Laboratorium/PROJECT/extensionadminaksent/android/app/src/main/res/drawable-land-mdpi"
2026-03-01T11:47:35.882659Z  INFO scan_sources: tailwindcss_oxide::scanner: Discovering "/home/afdal/Laboratorium/PROJECT/extensionadminaksent/android/app/src/main/res/drawable-port-hdpi"
2026-03-01T11:47:35.882959Z  INFO scan_sources: tailwindcss_oxide::scanner: Discovering "/home/afdal/Laboratorium/PROJECT/extensionadminaksent/android/app/src/main/res/mipmap-xxhdpi"
2026-03-01T11:47:35.883263Z  INFO scan_sources: tailwindcss_oxide::scanner: Discovering "/home/afdal/Laboratorium/PROJECT/extensionadminaksent/android/app/src/main/res/mipmap-mdpi"
2026-03-01T11:47:35.883550Z  INFO scan_sources: tailwindcss_oxide::scanner: Discovering "/home/afdal/Laboratorium/PROJECT/extensionadminaksent/android/app/src/main/res/drawable"
2026-03-01T11:47:35.883857Z  INFO scan_sources: tailwindcss_oxide::scanner: Discovering "/home/afdal/Laboratorium/PROJECT/extensionadminaksent/android/app/src/main/res/drawable-port-xhdpi"
2026-03-01T11:47:35.884142Z  INFO scan_sources: tailwindcss_oxide::scanner: Discovering "/home/afdal/Laboratorium/PROJECT/extensionadminaksent/android/app/src/main/res/mipmap-xxxhdpi"
2026-03-01T11:47:35.884614Z  INFO scan_sources: tailwindcss_oxide::scanner: Discovering "/home/afdal/Laboratorium/PROJECT/extensionadminaksent/android/app/src/main/res/layout"
2026-03-01T11:47:35.884966Z  INFO scan_sources: tailwindcss_oxide::scanner: Discovering "/home/afdal/Laboratorium/PROJECT/extensionadminaksent/android/app/src/main/res/mipmap-anydpi-v26"
2026-03-01T11:47:35.885169Z  INFO scan_sources: tailwindcss_oxide::scanner: Discovering "/home/afdal/Laboratorium/PROJECT/extensionadminaksent/android/app/src/main/res/drawable-port-mdpi"
2026-03-01T11:47:35.885489Z  INFO scan_sources: tailwindcss_oxide::scanner: Discovering "/home/afdal/Laboratorium/PROJECT/extensionadminaksent/android/app/src/main/res/values"
2026-03-01T11:47:35.885883Z  INFO scan_sources: tailwindcss_oxide::scanner: Discovering "/home/afdal/Laboratorium/PROJECT/extensionadminaksent/android/app/src/main/java"
2026-03-01T11:47:35.886240Z  INFO scan_sources: tailwindcss_oxide::scanner: Discovering "/home/afdal/Laboratorium/PROJECT/extensionadminaksent/android/app/src/main/java/io"
2026-03-01T11:47:35.886561Z  INFO scan_sources: tailwindcss_oxide::scanner: Discovering "/home/afdal/Laboratorium/PROJECT/extensionadminaksent/android/app/src/main/java/io/ionic"
2026-03-01T11:47:35.886769Z  INFO scan_sources: tailwindcss_oxide::scanner: Discovering "/home/afdal/Laboratorium/PROJECT/extensionadminaksent/android/app/src/main/java/io/ionic/starter"
2026-03-01T11:47:35.887172Z  INFO scan_sources: tailwindcss_oxide::scanner: Discovering "/home/afdal/Laboratorium/PROJECT/extensionadminaksent/android/app/src/main/assets"
2026-03-01T11:47:35.887601Z  INFO scan_sources: tailwindcss_oxide::scanner: Discovering "/home/afdal/Laboratorium/PROJECT/extensionadminaksent/android/app/src/androidTest"
2026-03-01T11:47:35.887675Z  INFO scan_sources: tailwindcss_oxide::scanner: Discovering "/home/afdal/Laboratorium/PROJECT/extensionadminaksent/android/app/src/androidTest/java"
2026-03-01T11:47:35.887742Z  INFO scan_sources: tailwindcss_oxide::scanner: Discovering "/home/afdal/Laboratorium/PROJECT/extensionadminaksent/android/app/src/androidTest/java/com"
2026-03-01T11:47:35.887818Z  INFO scan_sources: tailwindcss_oxide::scanner: Discovering "/home/afdal/Laboratorium/PROJECT/extensionadminaksent/android/app/src/androidTest/java/com/getcapacitor"
2026-03-01T11:47:35.887894Z  INFO scan_sources: tailwindcss_oxide::scanner: Discovering "/home/afdal/Laboratorium/PROJECT/extensionadminaksent/android/app/src/androidTest/java/com/getcapacitor/myapp"
2026-03-01T11:47:35.888029Z  INFO scan_sources: tailwindcss_oxide::scanner: Discovering "/home/afdal/Laboratorium/PROJECT/extensionadminaksent/android/app/src/test"
2026-03-01T11:47:35.888105Z  INFO scan_sources: tailwindcss_oxide::scanner: Discovering "/home/afdal/Laboratorium/PROJECT/extensionadminaksent/android/app/src/test/java"
2026-03-01T11:47:35.888172Z  INFO scan_sources: tailwindcss_oxide::scanner: Discovering "/home/afdal/Laboratorium/PROJECT/extensionadminaksent/android/app/src/test/java/com"
2026-03-01T11:47:35.888239Z  INFO scan_sources: tailwindcss_oxide::scanner: Discovering "/home/afdal/Laboratorium/PROJECT/extensionadminaksent/android/app/src/test/java/com/getcapacitor"
2026-03-01T11:47:35.888307Z  INFO scan_sources: tailwindcss_oxide::scanner: Discovering "/home/afdal/Laboratorium/PROJECT/extensionadminaksent/android/app/src/test/java/com/getcapacitor/myapp"
2026-03-01T11:47:35.889180Z  INFO scan_sources: tailwindcss_oxide::scanner: exit
2026-03-01T11:47:35.889472Z  INFO extract_candidates: tailwindcss_oxide::scanner: enter
2026-03-01T11:47:35.889721Z  INFO extract_candidates:read_all_files: tailwindcss_oxide::scanner: enter
2026-03-01T11:47:35.889963Z  INFO extract_candidates:read_all_files: tailwindcss_oxide::scanner: Reading 1 file(s)
2026-03-01T11:47:35.890318Z  INFO extract_candidates:read_all_files: tailwindcss_oxide::scanner: Reading "/home/afdal/Laboratorium/PROJECT/extensionadminaksent/src/pages/Payment/Payment.tsx"
2026-03-01T11:47:35.890622Z  INFO extract_candidates:read_all_files: tailwindcss_oxide::scanner: exit
2026-03-01T11:47:35.890721Z  INFO extract_candidates:parse_all_blobs: tailwindcss_oxide::scanner: enter
2026-03-01T11:47:35.890799Z  INFO extract_candidates:parse_all_blobs:extract: tailwindcss_oxide::scanner: enter
2026-03-01T11:47:35.893014Z  INFO extract_candidates:parse_all_blobs:extract: tailwindcss_oxide::scanner: exit
2026-03-01T11:47:35.893548Z  INFO extract_candidates:parse_all_blobs: tailwindcss_oxide::scanner: exit
2026-03-01T11:47:35.894416Z  INFO extract_candidates: tailwindcss_oxide::scanner: exit
2026-03-01T11:47:35.897518Z  INFO get_files: tailwindcss_oxide::scanner: enter
2026-03-01T11:47:35.897767Z  INFO get_files:scan_sources: tailwindcss_oxide::scanner: enter
2026-03-01T11:47:35.898856Z  INFO get_files:scan_sources: tailwindcss_oxide::scanner: Discovering "/home/afdal/Laboratorium/PROJECT/extensionadminaksent/scripts"
2026-03-01T11:47:35.899194Z  INFO get_files:scan_sources: tailwindcss_oxide::scanner: Discovering "/home/afdal/Laboratorium/PROJECT/extensionadminaksent/cypress"
2026-03-01T11:47:35.899375Z  INFO get_files:scan_sources: tailwindcss_oxide::scanner: Discovering "/home/afdal/Laboratorium/PROJECT/extensionadminaksent/cypress/fixtures"
2026-03-01T11:47:35.899563Z  INFO get_files:scan_sources: tailwindcss_oxide::scanner: Discovering "/home/afdal/Laboratorium/PROJECT/extensionadminaksent/cypress/e2e"
2026-03-01T11:47:35.899745Z  INFO get_files:scan_sources: tailwindcss_oxide::scanner: Discovering "/home/afdal/Laboratorium/PROJECT/extensionadminaksent/cypress/support"
2026-03-01T11:47:35.899967Z  INFO get_files:scan_sources: tailwindcss_oxide::scanner: Discovering "/home/afdal/Laboratorium/PROJECT/extensionadminaksent/.vscode"
2026-03-01T11:47:35.900199Z  INFO get_files:scan_sources: tailwindcss_oxide::scanner: Discovering "/home/afdal/Laboratorium/PROJECT/extensionadminaksent/src"
2026-03-01T11:47:35.900359Z  INFO get_files:scan_sources: tailwindcss_oxide::scanner: Discovering "/home/afdal/Laboratorium/PROJECT/extensionadminaksent/src/hook"
2026-03-01T11:47:35.900512Z  INFO get_files:scan_sources: tailwindcss_oxide::scanner: Discovering "/home/afdal/Laboratorium/PROJECT/extensionadminaksent/src/hook/requests"
2026-03-01T11:47:35.900686Z  INFO get_files:scan_sources: tailwindcss_oxide::scanner: Discovering "/home/afdal/Laboratorium/PROJECT/extensionadminaksent/src/components"
2026-03-01T11:47:35.900854Z  INFO get_files:scan_sources: tailwindcss_oxide::scanner: Discovering "/home/afdal/Laboratorium/PROJECT/extensionadminaksent/src/components/customer"
2026-03-01T11:47:35.900988Z  INFO get_files:scan_sources: tailwindcss_oxide::scanner: Discovering "/home/afdal/Laboratorium/PROJECT/extensionadminaksent/src/components/list"
2026-03-01T11:47:35.901116Z  INFO get_files:scan_sources: tailwindcss_oxide::scanner: Discovering "/home/afdal/Laboratorium/PROJECT/extensionadminaksent/src/components/toolbars"
2026-03-01T11:47:35.901205Z  INFO get_files:scan_sources: tailwindcss_oxide::scanner: Discovering "/home/afdal/Laboratorium/PROJECT/extensionadminaksent/src/theme"
2026-03-01T11:47:35.901298Z  INFO get_files:scan_sources: tailwindcss_oxide::scanner: Discovering "/home/afdal/Laboratorium/PROJECT/extensionadminaksent/src/utils"
2026-03-01T11:47:35.901405Z  INFO get_files:scan_sources: tailwindcss_oxide::scanner: Discovering "/home/afdal/Laboratorium/PROJECT/extensionadminaksent/src/databases"
2026-03-01T11:47:35.901465Z  INFO get_files:scan_sources: tailwindcss_oxide::scanner: Discovering "/home/afdal/Laboratorium/PROJECT/extensionadminaksent/src/databases/migrations"
2026-03-01T11:47:35.901552Z  INFO get_files:scan_sources: tailwindcss_oxide::scanner: Discovering "/home/afdal/Laboratorium/PROJECT/extensionadminaksent/src/databases/entities"
2026-03-01T11:47:35.901650Z  INFO get_files:scan_sources: tailwindcss_oxide::scanner: Discovering "/home/afdal/Laboratorium/PROJECT/extensionadminaksent/src/types"
2026-03-01T11:47:35.901712Z  INFO get_files:scan_sources: tailwindcss_oxide::scanner: Discovering "/home/afdal/Laboratorium/PROJECT/extensionadminaksent/src/pages"
2026-03-01T11:47:35.901760Z  INFO get_files:scan_sources: tailwindcss_oxide::scanner: Discovering "/home/afdal/Laboratorium/PROJECT/extensionadminaksent/src/pages/Customer"
2026-03-01T11:47:35.901862Z  INFO get_files:scan_sources: tailwindcss_oxide::scanner: Discovering "/home/afdal/Laboratorium/PROJECT/extensionadminaksent/src/pages/Home"
2026-03-01T11:47:35.901967Z  INFO get_files:scan_sources: tailwindcss_oxide::scanner: Discovering "/home/afdal/Laboratorium/PROJECT/extensionadminaksent/src/pages/Validation"
2026-03-01T11:47:35.902059Z  INFO get_files:scan_sources: tailwindcss_oxide::scanner: Discovering "/home/afdal/Laboratorium/PROJECT/extensionadminaksent/src/pages/Unpaid"
2026-03-01T11:47:35.902152Z  INFO get_files:scan_sources: tailwindcss_oxide::scanner: Discovering "/home/afdal/Laboratorium/PROJECT/extensionadminaksent/src/pages/Payment"
2026-03-01T11:47:35.902386Z  INFO get_files:scan_sources: tailwindcss_oxide::scanner: Discovering "/home/afdal/Laboratorium/PROJECT/extensionadminaksent/public"
2026-03-01T11:47:35.902478Z  INFO get_files:scan_sources: tailwindcss_oxide::scanner: Discovering "/home/afdal/Laboratorium/PROJECT/extensionadminaksent/public/assets"
2026-03-01T11:47:35.902705Z  INFO get_files:scan_sources: tailwindcss_oxide::scanner: Discovering "/home/afdal/Laboratorium/PROJECT/extensionadminaksent/android"
2026-03-01T11:47:35.903140Z  INFO get_files:scan_sources: tailwindcss_oxide::scanner: Discovering "/home/afdal/Laboratorium/PROJECT/extensionadminaksent/android/.kotlin"
2026-03-01T11:47:35.903220Z  INFO get_files:scan_sources: tailwindcss_oxide::scanner: Discovering "/home/afdal/Laboratorium/PROJECT/extensionadminaksent/android/.kotlin/sessions"
2026-03-01T11:47:35.903464Z  INFO get_files:scan_sources: tailwindcss_oxide::scanner: Discovering "/home/afdal/Laboratorium/PROJECT/extensionadminaksent/android/gradle"
2026-03-01T11:47:35.903540Z  INFO get_files:scan_sources: tailwindcss_oxide::scanner: Discovering "/home/afdal/Laboratorium/PROJECT/extensionadminaksent/android/gradle/wrapper"
2026-03-01T11:47:35.903653Z  INFO get_files:scan_sources: tailwindcss_oxide::scanner: Discovering "/home/afdal/Laboratorium/PROJECT/extensionadminaksent/android/app"
2026-03-01T11:47:35.903852Z  INFO get_files:scan_sources: tailwindcss_oxide::scanner: Discovering "/home/afdal/Laboratorium/PROJECT/extensionadminaksent/android/app/src"
2026-03-01T11:47:35.903971Z  INFO get_files:scan_sources: tailwindcss_oxide::scanner: Discovering "/home/afdal/Laboratorium/PROJECT/extensionadminaksent/android/app/src/main"
2026-03-01T11:47:35.904082Z  INFO get_files:scan_sources: tailwindcss_oxide::scanner: Discovering "/home/afdal/Laboratorium/PROJECT/extensionadminaksent/android/app/src/main/res"
2026-03-01T11:47:35.904173Z  INFO get_files:scan_sources: tailwindcss_oxide::scanner: Discovering "/home/afdal/Laboratorium/PROJECT/extensionadminaksent/android/app/src/main/res/drawable-land-xhdpi"
2026-03-01T11:47:35.904267Z  INFO get_files:scan_sources: tailwindcss_oxide::scanner: Discovering "/home/afdal/Laboratorium/PROJECT/extensionadminaksent/android/app/src/main/res/drawable-land-xxhdpi"
2026-03-01T11:47:35.904348Z  INFO get_files:scan_sources: tailwindcss_oxide::scanner: Discovering "/home/afdal/Laboratorium/PROJECT/extensionadminaksent/android/app/src/main/res/drawable-v24"
2026-03-01T11:47:35.904450Z  INFO get_files:scan_sources: tailwindcss_oxide::scanner: Discovering "/home/afdal/Laboratorium/PROJECT/extensionadminaksent/android/app/src/main/res/drawable-port-xxxhdpi"
2026-03-01T11:47:35.904530Z  INFO get_files:scan_sources: tailwindcss_oxide::scanner: Discovering "/home/afdal/Laboratorium/PROJECT/extensionadminaksent/android/app/src/main/res/drawable-land-xxxhdpi"
2026-03-01T11:47:35.904611Z  INFO get_files:scan_sources: tailwindcss_oxide::scanner: Discovering "/home/afdal/Laboratorium/PROJECT/extensionadminaksent/android/app/src/main/res/drawable-port-xxhdpi"
2026-03-01T11:47:35.904684Z  INFO get_files:scan_sources: tailwindcss_oxide::scanner: Discovering "/home/afdal/Laboratorium/PROJECT/extensionadminaksent/android/app/src/main/res/mipmap-hdpi"
2026-03-01T11:47:35.904772Z  INFO get_files:scan_sources: tailwindcss_oxide::scanner: Discovering "/home/afdal/Laboratorium/PROJECT/extensionadminaksent/android/app/src/main/res/drawable-land-hdpi"
2026-03-01T11:47:35.904914Z  INFO get_files:scan_sources: tailwindcss_oxide::scanner: Discovering "/home/afdal/Laboratorium/PROJECT/extensionadminaksent/android/app/src/main/res/xml"
2026-03-01T11:47:35.905019Z  INFO get_files:scan_sources: tailwindcss_oxide::scanner: Discovering "/home/afdal/Laboratorium/PROJECT/extensionadminaksent/android/app/src/main/res/mipmap-xhdpi"
2026-03-01T11:47:35.905112Z  INFO get_files:scan_sources: tailwindcss_oxide::scanner: Discovering "/home/afdal/Laboratorium/PROJECT/extensionadminaksent/android/app/src/main/res/drawable-land-mdpi"
2026-03-01T11:47:35.905189Z  INFO get_files:scan_sources: tailwindcss_oxide::scanner: Discovering "/home/afdal/Laboratorium/PROJECT/extensionadminaksent/android/app/src/main/res/drawable-port-hdpi"
2026-03-01T11:47:35.905264Z  INFO get_files:scan_sources: tailwindcss_oxide::scanner: Discovering "/home/afdal/Laboratorium/PROJECT/extensionadminaksent/android/app/src/main/res/mipmap-xxhdpi"
2026-03-01T11:47:35.905363Z  INFO get_files:scan_sources: tailwindcss_oxide::scanner: Discovering "/home/afdal/Laboratorium/PROJECT/extensionadminaksent/android/app/src/main/res/mipmap-mdpi"
2026-03-01T11:47:35.905450Z  INFO get_files:scan_sources: tailwindcss_oxide::scanner: Discovering "/home/afdal/Laboratorium/PROJECT/extensionadminaksent/android/app/src/main/res/drawable"
2026-03-01T11:47:35.905546Z  INFO get_files:scan_sources: tailwindcss_oxide::scanner: Discovering "/home/afdal/Laboratorium/PROJECT/extensionadminaksent/android/app/src/main/res/drawable-port-xhdpi"
2026-03-01T11:47:35.905622Z  INFO get_files:scan_sources: tailwindcss_oxide::scanner: Discovering "/home/afdal/Laboratorium/PROJECT/extensionadminaksent/android/app/src/main/res/mipmap-xxxhdpi"
2026-03-01T11:47:35.905708Z  INFO get_files:scan_sources: tailwindcss_oxide::scanner: Discovering "/home/afdal/Laboratorium/PROJECT/extensionadminaksent/android/app/src/main/res/layout"
2026-03-01T11:47:35.905799Z  INFO get_files:scan_sources: tailwindcss_oxide::scanner: Discovering "/home/afdal/Laboratorium/PROJECT/extensionadminaksent/android/app/src/main/res/mipmap-anydpi-v26"
2026-03-01T11:47:35.905915Z  INFO get_files:scan_sources: tailwindcss_oxide::scanner: Discovering "/home/afdal/Laboratorium/PROJECT/extensionadminaksent/android/app/src/main/res/drawable-port-mdpi"
2026-03-01T11:47:35.905998Z  INFO get_files:scan_sources: tailwindcss_oxide::scanner: Discovering "/home/afdal/Laboratorium/PROJECT/extensionadminaksent/android/app/src/main/res/values"
2026-03-01T11:47:35.906133Z  INFO get_files:scan_sources: tailwindcss_oxide::scanner: Discovering "/home/afdal/Laboratorium/PROJECT/extensionadminaksent/android/app/src/main/java"
2026-03-01T11:47:35.906200Z  INFO get_files:scan_sources: tailwindcss_oxide::scanner: Discovering "/home/afdal/Laboratorium/PROJECT/extensionadminaksent/android/app/src/main/java/io"
2026-03-01T11:47:35.906274Z  INFO get_files:scan_sources: tailwindcss_oxide::scanner: Discovering "/home/afdal/Laboratorium/PROJECT/extensionadminaksent/android/app/src/main/java/io/ionic"
2026-03-01T11:47:35.906345Z  INFO get_files:scan_sources: tailwindcss_oxide::scanner: Discovering "/home/afdal/Laboratorium/PROJECT/extensionadminaksent/android/app/src/main/java/io/ionic/starter"
2026-03-01T11:47:35.906464Z  INFO get_files:scan_sources: tailwindcss_oxide::scanner: Discovering "/home/afdal/Laboratorium/PROJECT/extensionadminaksent/android/app/src/main/assets"
2026-03-01T11:47:35.906625Z  INFO get_files:scan_sources: tailwindcss_oxide::scanner: Discovering "/home/afdal/Laboratorium/PROJECT/extensionadminaksent/android/app/src/androidTest"
2026-03-01T11:47:35.906697Z  INFO get_files:scan_sources: tailwindcss_oxide::scanner: Discovering "/home/afdal/Laboratorium/PROJECT/extensionadminaksent/android/app/src/androidTest/java"
2026-03-01T11:47:35.906762Z  INFO get_files:scan_sources: tailwindcss_oxide::scanner: Discovering "/home/afdal/Laboratorium/PROJECT/extensionadminaksent/android/app/src/androidTest/java/com"
2026-03-01T11:47:35.906848Z  INFO get_files:scan_sources: tailwindcss_oxide::scanner: Discovering "/home/afdal/Laboratorium/PROJECT/extensionadminaksent/android/app/src/androidTest/java/com/getcapacitor"
2026-03-01T11:47:35.906923Z  INFO get_files:scan_sources: tailwindcss_oxide::scanner: Discovering "/home/afdal/Laboratorium/PROJECT/extensionadminaksent/android/app/src/androidTest/java/com/getcapacitor/myapp"
2026-03-01T11:47:35.907040Z  INFO get_files:scan_sources: tailwindcss_oxide::scanner: Discovering "/home/afdal/Laboratorium/PROJECT/extensionadminaksent/android/app/src/test"
2026-03-01T11:47:35.907106Z  INFO get_files:scan_sources: tailwindcss_oxide::scanner: Discovering "/home/afdal/Laboratorium/PROJECT/extensionadminaksent/android/app/src/test/java"
2026-03-01T11:47:35.907172Z  INFO get_files:scan_sources: tailwindcss_oxide::scanner: Discovering "/home/afdal/Laboratorium/PROJECT/extensionadminaksent/android/app/src/test/java/com"
2026-03-01T11:47:35.907238Z  INFO get_files:scan_sources: tailwindcss_oxide::scanner: Discovering "/home/afdal/Laboratorium/PROJECT/extensionadminaksent/android/app/src/test/java/com/getcapacitor"
2026-03-01T11:47:35.907325Z  INFO get_files:scan_sources: tailwindcss_oxide::scanner: Discovering "/home/afdal/Laboratorium/PROJECT/extensionadminaksent/android/app/src/test/java/com/getcapacitor/myapp"
2026-03-01T11:47:35.907796Z  INFO get_files:scan_sources: tailwindcss_oxide::scanner: exit
2026-03-01T11:47:35.908796Z  INFO get_files: tailwindcss_oxide::scanner: exit
2026-03-01T11:47:35.909111Z  INFO get_globs: tailwindcss_oxide::scanner: enter
2026-03-01T11:47:35.909146Z  INFO get_globs: tailwindcss_oxide::scanner: exit
2026-03-01T11:47:56.567721Z  INFO scan_sources: tailwindcss_oxide::scanner: enter
2026-03-01T11:47:56.568790Z  INFO scan_sources: tailwindcss_oxide::scanner: Discovering "/home/afdal/Laboratorium/PROJECT/extensionadminaksent/scripts"
2026-03-01T11:47:56.568940Z  INFO scan_sources: tailwindcss_oxide::scanner: Discovering "/home/afdal/Laboratorium/PROJECT/extensionadminaksent/cypress"
2026-03-01T11:47:56.569022Z  INFO scan_sources: tailwindcss_oxide::scanner: Discovering "/home/afdal/Laboratorium/PROJECT/extensionadminaksent/cypress/fixtures"
2026-03-01T11:47:56.569121Z  INFO scan_sources: tailwindcss_oxide::scanner: Discovering "/home/afdal/Laboratorium/PROJECT/extensionadminaksent/cypress/e2e"
2026-03-01T11:47:56.569226Z  INFO scan_sources: tailwindcss_oxide::scanner: Discovering "/home/afdal/Laboratorium/PROJECT/extensionadminaksent/cypress/support"
2026-03-01T11:47:56.569359Z  INFO scan_sources: tailwindcss_oxide::scanner: Discovering "/home/afdal/Laboratorium/PROJECT/extensionadminaksent/.vscode"
2026-03-01T11:47:56.569519Z  INFO scan_sources: tailwindcss_oxide::scanner: Discovering "/home/afdal/Laboratorium/PROJECT/extensionadminaksent/src"
2026-03-01T11:47:56.569603Z  INFO scan_sources: tailwindcss_oxide::scanner: Discovering "/home/afdal/Laboratorium/PROJECT/extensionadminaksent/src/hook"
2026-03-01T11:47:56.569685Z  INFO scan_sources: tailwindcss_oxide::scanner: Discovering "/home/afdal/Laboratorium/PROJECT/extensionadminaksent/src/hook/requests"
2026-03-01T11:47:56.569795Z  INFO scan_sources: tailwindcss_oxide::scanner: Discovering "/home/afdal/Laboratorium/PROJECT/extensionadminaksent/src/components"
2026-03-01T11:47:56.569901Z  INFO scan_sources: tailwindcss_oxide::scanner: Discovering "/home/afdal/Laboratorium/PROJECT/extensionadminaksent/src/components/customer"
2026-03-01T11:47:56.570007Z  INFO scan_sources: tailwindcss_oxide::scanner: Discovering "/home/afdal/Laboratorium/PROJECT/extensionadminaksent/src/components/list"
2026-03-01T11:47:56.570122Z  INFO scan_sources: tailwindcss_oxide::scanner: Discovering "/home/afdal/Laboratorium/PROJECT/extensionadminaksent/src/components/toolbars"
2026-03-01T11:47:56.570240Z  INFO scan_sources: tailwindcss_oxide::scanner: Discovering "/home/afdal/Laboratorium/PROJECT/extensionadminaksent/src/theme"
2026-03-01T11:47:56.570375Z  INFO scan_sources: tailwindcss_oxide::scanner: Discovering "/home/afdal/Laboratorium/PROJECT/extensionadminaksent/src/utils"
2026-03-01T11:47:56.570530Z  INFO scan_sources: tailwindcss_oxide::scanner: Discovering "/home/afdal/Laboratorium/PROJECT/extensionadminaksent/src/databases"
2026-03-01T11:47:56.570623Z  INFO scan_sources: tailwindcss_oxide::scanner: Discovering "/home/afdal/Laboratorium/PROJECT/extensionadminaksent/src/databases/migrations"
2026-03-01T11:47:56.570757Z  INFO scan_sources: tailwindcss_oxide::scanner: Discovering "/home/afdal/Laboratorium/PROJECT/extensionadminaksent/src/databases/entities"
2026-03-01T11:47:56.570944Z  INFO scan_sources: tailwindcss_oxide::scanner: Discovering "/home/afdal/Laboratorium/PROJECT/extensionadminaksent/src/types"
2026-03-01T11:47:56.571046Z  INFO scan_sources: tailwindcss_oxide::scanner: Discovering "/home/afdal/Laboratorium/PROJECT/extensionadminaksent/src/pages"
2026-03-01T11:47:56.571124Z  INFO scan_sources: tailwindcss_oxide::scanner: Discovering "/home/afdal/Laboratorium/PROJECT/extensionadminaksent/src/pages/Customer"
2026-03-01T11:47:56.571250Z  INFO scan_sources: tailwindcss_oxide::scanner: Discovering "/home/afdal/Laboratorium/PROJECT/extensionadminaksent/src/pages/Home"
2026-03-01T11:47:56.571377Z  INFO scan_sources: tailwindcss_oxide::scanner: Discovering "/home/afdal/Laboratorium/PROJECT/extensionadminaksent/src/pages/Validation"
2026-03-01T11:47:56.571475Z  INFO scan_sources: tailwindcss_oxide::scanner: Discovering "/home/afdal/Laboratorium/PROJECT/extensionadminaksent/src/pages/Unpaid"
2026-03-01T11:47:56.571569Z  INFO scan_sources: tailwindcss_oxide::scanner: Discovering "/home/afdal/Laboratorium/PROJECT/extensionadminaksent/src/pages/Payment"
2026-03-01T11:47:56.571640Z  INFO scan_sources: tailwindcss_oxide::scanner: Discovering "/home/afdal/Laboratorium/PROJECT/extensionadminaksent/src/pages/Payment/Payment.tsx"
2026-03-01T11:47:56.571910Z  INFO scan_sources: tailwindcss_oxide::scanner: Discovering "/home/afdal/Laboratorium/PROJECT/extensionadminaksent/public"
2026-03-01T11:47:56.572021Z  INFO scan_sources: tailwindcss_oxide::scanner: Discovering "/home/afdal/Laboratorium/PROJECT/extensionadminaksent/public/assets"
2026-03-01T11:47:56.572240Z  INFO scan_sources: tailwindcss_oxide::scanner: Discovering "/home/afdal/Laboratorium/PROJECT/extensionadminaksent/android"
2026-03-01T11:47:56.572677Z  INFO scan_sources: tailwindcss_oxide::scanner: Discovering "/home/afdal/Laboratorium/PROJECT/extensionadminaksent/android/.kotlin"
2026-03-01T11:47:56.572752Z  INFO scan_sources: tailwindcss_oxide::scanner: Discovering "/home/afdal/Laboratorium/PROJECT/extensionadminaksent/android/.kotlin/sessions"
2026-03-01T11:47:56.572999Z  INFO scan_sources: tailwindcss_oxide::scanner: Discovering "/home/afdal/Laboratorium/PROJECT/extensionadminaksent/android/gradle"
2026-03-01T11:47:56.573081Z  INFO scan_sources: tailwindcss_oxide::scanner: Discovering "/home/afdal/Laboratorium/PROJECT/extensionadminaksent/android/gradle/wrapper"
2026-03-01T11:47:56.573204Z  INFO scan_sources: tailwindcss_oxide::scanner: Discovering "/home/afdal/Laboratorium/PROJECT/extensionadminaksent/android/app"
2026-03-01T11:47:56.573385Z  INFO scan_sources: tailwindcss_oxide::scanner: Discovering "/home/afdal/Laboratorium/PROJECT/extensionadminaksent/android/app/src"
2026-03-01T11:47:56.573492Z  INFO scan_sources: tailwindcss_oxide::scanner: Discovering "/home/afdal/Laboratorium/PROJECT/extensionadminaksent/android/app/src/main"
2026-03-01T11:47:56.573606Z  INFO scan_sources: tailwindcss_oxide::scanner: Discovering "/home/afdal/Laboratorium/PROJECT/extensionadminaksent/android/app/src/main/res"
2026-03-01T11:47:56.573701Z  INFO scan_sources: tailwindcss_oxide::scanner: Discovering "/home/afdal/Laboratorium/PROJECT/extensionadminaksent/android/app/src/main/res/drawable-land-xhdpi"
2026-03-01T11:47:56.573799Z  INFO scan_sources: tailwindcss_oxide::scanner: Discovering "/home/afdal/Laboratorium/PROJECT/extensionadminaksent/android/app/src/main/res/drawable-land-xxhdpi"
2026-03-01T11:47:56.574390Z  INFO scan_sources: tailwindcss_oxide::scanner: Discovering "/home/afdal/Laboratorium/PROJECT/extensionadminaksent/android/app/src/main/res/drawable-v24"
2026-03-01T11:47:56.574714Z  INFO scan_sources: tailwindcss_oxide::scanner: Discovering "/home/afdal/Laboratorium/PROJECT/extensionadminaksent/android/app/src/main/res/drawable-port-xxxhdpi"
2026-03-01T11:47:56.574838Z  INFO scan_sources: tailwindcss_oxide::scanner: Discovering "/home/afdal/Laboratorium/PROJECT/extensionadminaksent/android/app/src/main/res/drawable-land-xxxhdpi"
2026-03-01T11:47:56.574939Z  INFO scan_sources: tailwindcss_oxide::scanner: Discovering "/home/afdal/Laboratorium/PROJECT/extensionadminaksent/android/app/src/main/res/drawable-port-xxhdpi"
2026-03-01T11:47:56.575024Z  INFO scan_sources: tailwindcss_oxide::scanner: Discovering "/home/afdal/Laboratorium/PROJECT/extensionadminaksent/android/app/src/main/res/mipmap-hdpi"
2026-03-01T11:47:56.575112Z  INFO scan_sources: tailwindcss_oxide::scanner: Discovering "/home/afdal/Laboratorium/PROJECT/extensionadminaksent/android/app/src/main/res/drawable-land-hdpi"
2026-03-01T11:47:56.575190Z  INFO scan_sources: tailwindcss_oxide::scanner: Discovering "/home/afdal/Laboratorium/PROJECT/extensionadminaksent/android/app/src/main/res/xml"
2026-03-01T11:47:56.575306Z  INFO scan_sources: tailwindcss_oxide::scanner: Discovering "/home/afdal/Laboratorium/PROJECT/extensionadminaksent/android/app/src/main/res/mipmap-xhdpi"
2026-03-01T11:47:56.575395Z  INFO scan_sources: tailwindcss_oxide::scanner: Discovering "/home/afdal/Laboratorium/PROJECT/extensionadminaksent/android/app/src/main/res/drawable-land-mdpi"
2026-03-01T11:47:56.575470Z  INFO scan_sources: tailwindcss_oxide::scanner: Discovering "/home/afdal/Laboratorium/PROJECT/extensionadminaksent/android/app/src/main/res/drawable-port-hdpi"
2026-03-01T11:47:56.575545Z  INFO scan_sources: tailwindcss_oxide::scanner: Discovering "/home/afdal/Laboratorium/PROJECT/extensionadminaksent/android/app/src/main/res/mipmap-xxhdpi"
2026-03-01T11:47:56.575629Z  INFO scan_sources: tailwindcss_oxide::scanner: Discovering "/home/afdal/Laboratorium/PROJECT/extensionadminaksent/android/app/src/main/res/mipmap-mdpi"
2026-03-01T11:47:56.575713Z  INFO scan_sources: tailwindcss_oxide::scanner: Discovering "/home/afdal/Laboratorium/PROJECT/extensionadminaksent/android/app/src/main/res/drawable"
2026-03-01T11:47:56.575817Z  INFO scan_sources: tailwindcss_oxide::scanner: Discovering "/home/afdal/Laboratorium/PROJECT/extensionadminaksent/android/app/src/main/res/drawable-port-xhdpi"
2026-03-01T11:47:56.575900Z  INFO scan_sources: tailwindcss_oxide::scanner: Discovering "/home/afdal/Laboratorium/PROJECT/extensionadminaksent/android/app/src/main/res/mipmap-xxxhdpi"
2026-03-01T11:47:56.575994Z  INFO scan_sources: tailwindcss_oxide::scanner: Discovering "/home/afdal/Laboratorium/PROJECT/extensionadminaksent/android/app/src/main/res/layout"
2026-03-01T11:47:56.576093Z  INFO scan_sources: tailwindcss_oxide::scanner: Discovering "/home/afdal/Laboratorium/PROJECT/extensionadminaksent/android/app/src/main/res/mipmap-anydpi-v26"
2026-03-01T11:47:56.576220Z  INFO scan_sources: tailwindcss_oxide::scanner: Discovering "/home/afdal/Laboratorium/PROJECT/extensionadminaksent/android/app/src/main/res/drawable-port-mdpi"
2026-03-01T11:47:56.576313Z  INFO scan_sources: tailwindcss_oxide::scanner: Discovering "/home/afdal/Laboratorium/PROJECT/extensionadminaksent/android/app/src/main/res/values"
2026-03-01T11:47:56.576463Z  INFO scan_sources: tailwindcss_oxide::scanner: Discovering "/home/afdal/Laboratorium/PROJECT/extensionadminaksent/android/app/src/main/java"
2026-03-01T11:47:56.576544Z  INFO scan_sources: tailwindcss_oxide::scanner: Discovering "/home/afdal/Laboratorium/PROJECT/extensionadminaksent/android/app/src/main/java/io"
2026-03-01T11:47:56.576627Z  INFO scan_sources: tailwindcss_oxide::scanner: Discovering "/home/afdal/Laboratorium/PROJECT/extensionadminaksent/android/app/src/main/java/io/ionic"
2026-03-01T11:47:56.576712Z  INFO scan_sources: tailwindcss_oxide::scanner: Discovering "/home/afdal/Laboratorium/PROJECT/extensionadminaksent/android/app/src/main/java/io/ionic/starter"
2026-03-01T11:47:56.576851Z  INFO scan_sources: tailwindcss_oxide::scanner: Discovering "/home/afdal/Laboratorium/PROJECT/extensionadminaksent/android/app/src/main/assets"
2026-03-01T11:47:56.577027Z  INFO scan_sources: tailwindcss_oxide::scanner: Discovering "/home/afdal/Laboratorium/PROJECT/extensionadminaksent/android/app/src/androidTest"
2026-03-01T11:47:56.577113Z  INFO scan_sources: tailwindcss_oxide::scanner: Discovering "/home/afdal/Laboratorium/PROJECT/extensionadminaksent/android/app/src/androidTest/java"
2026-03-01T11:47:56.577191Z  INFO scan_sources: tailwindcss_oxide::scanner: Discovering "/home/afdal/Laboratorium/PROJECT/extensionadminaksent/android/app/src/androidTest/java/com"
2026-03-01T11:47:56.577275Z  INFO scan_sources: tailwindcss_oxide::scanner: Discovering "/home/afdal/Laboratorium/PROJECT/extensionadminaksent/android/app/src/androidTest/java/com/getcapacitor"
2026-03-01T11:47:56.577358Z  INFO scan_sources: tailwindcss_oxide::scanner: Discovering "/home/afdal/Laboratorium/PROJECT/extensionadminaksent/android/app/src/androidTest/java/com/getcapacitor/myapp"
2026-03-01T11:47:56.577510Z  INFO scan_sources: tailwindcss_oxide::scanner: Discovering "/home/afdal/Laboratorium/PROJECT/extensionadminaksent/android/app/src/test"
2026-03-01T11:47:56.577593Z  INFO scan_sources: tailwindcss_oxide::scanner: Discovering "/home/afdal/Laboratorium/PROJECT/extensionadminaksent/android/app/src/test/java"
2026-03-01T11:47:56.577673Z  INFO scan_sources: tailwindcss_oxide::scanner: Discovering "/home/afdal/Laboratorium/PROJECT/extensionadminaksent/android/app/src/test/java/com"
2026-03-01T11:47:56.577742Z  INFO scan_sources: tailwindcss_oxide::scanner: Discovering "/home/afdal/Laboratorium/PROJECT/extensionadminaksent/android/app/src/test/java/com/getcapacitor"
2026-03-01T11:47:56.577866Z  INFO scan_sources: tailwindcss_oxide::scanner: Discovering "/home/afdal/Laboratorium/PROJECT/extensionadminaksent/android/app/src/test/java/com/getcapacitor/myapp"
2026-03-01T11:47:56.578387Z  INFO scan_sources: tailwindcss_oxide::scanner: exit
2026-03-01T11:47:56.578407Z  INFO extract_candidates: tailwindcss_oxide::scanner: enter
2026-03-01T11:47:56.578418Z  INFO extract_candidates:read_all_files: tailwindcss_oxide::scanner: enter
2026-03-01T11:47:56.578425Z  INFO extract_candidates:read_all_files: tailwindcss_oxide::scanner: Reading 1 file(s)
2026-03-01T11:47:56.578509Z  INFO extract_candidates:read_all_files: tailwindcss_oxide::scanner: Reading "/home/afdal/Laboratorium/PROJECT/extensionadminaksent/src/pages/Payment/Payment.tsx"
2026-03-01T11:47:56.578535Z  INFO extract_candidates:read_all_files: tailwindcss_oxide::scanner: exit
2026-03-01T11:47:56.578548Z  INFO extract_candidates:parse_all_blobs: tailwindcss_oxide::scanner: enter
2026-03-01T11:47:56.578557Z  INFO extract_candidates:parse_all_blobs:extract: tailwindcss_oxide::scanner: enter
2026-03-01T11:47:56.581646Z  INFO extract_candidates:parse_all_blobs:extract: tailwindcss_oxide::scanner: exit
2026-03-01T11:47:56.581958Z  INFO extract_candidates:parse_all_blobs: tailwindcss_oxide::scanner: exit
2026-03-01T11:47:56.582434Z  INFO extract_candidates: tailwindcss_oxide::scanner: exit
2026-03-01T11:47:56.583888Z  INFO get_files: tailwindcss_oxide::scanner: enter
2026-03-01T11:47:56.583921Z  INFO get_files:scan_sources: tailwindcss_oxide::scanner: enter
2026-03-01T11:47:56.584625Z  INFO get_files:scan_sources: tailwindcss_oxide::scanner: Discovering "/home/afdal/Laboratorium/PROJECT/extensionadminaksent/scripts"
2026-03-01T11:47:56.584738Z  INFO get_files:scan_sources: tailwindcss_oxide::scanner: Discovering "/home/afdal/Laboratorium/PROJECT/extensionadminaksent/cypress"
2026-03-01T11:47:56.584805Z  INFO get_files:scan_sources: tailwindcss_oxide::scanner: Discovering "/home/afdal/Laboratorium/PROJECT/extensionadminaksent/cypress/fixtures"
2026-03-01T11:47:56.584902Z  INFO get_files:scan_sources: tailwindcss_oxide::scanner: Discovering "/home/afdal/Laboratorium/PROJECT/extensionadminaksent/cypress/e2e"
2026-03-01T11:47:56.584987Z  INFO get_files:scan_sources: tailwindcss_oxide::scanner: Discovering "/home/afdal/Laboratorium/PROJECT/extensionadminaksent/cypress/support"
2026-03-01T11:47:56.585094Z  INFO get_files:scan_sources: tailwindcss_oxide::scanner: Discovering "/home/afdal/Laboratorium/PROJECT/extensionadminaksent/.vscode"
2026-03-01T11:47:56.585276Z  INFO get_files:scan_sources: tailwindcss_oxide::scanner: Discovering "/home/afdal/Laboratorium/PROJECT/extensionadminaksent/src"
2026-03-01T11:47:56.585357Z  INFO get_files:scan_sources: tailwindcss_oxide::scanner: Discovering "/home/afdal/Laboratorium/PROJECT/extensionadminaksent/src/hook"
2026-03-01T11:47:56.585432Z  INFO get_files:scan_sources: tailwindcss_oxide::scanner: Discovering "/home/afdal/Laboratorium/PROJECT/extensionadminaksent/src/hook/requests"
2026-03-01T11:47:56.585536Z  INFO get_files:scan_sources: tailwindcss_oxide::scanner: Discovering "/home/afdal/Laboratorium/PROJECT/extensionadminaksent/src/components"
2026-03-01T11:47:56.585635Z  INFO get_files:scan_sources: tailwindcss_oxide::scanner: Discovering "/home/afdal/Laboratorium/PROJECT/extensionadminaksent/src/components/customer"
2026-03-01T11:47:56.585749Z  INFO get_files:scan_sources: tailwindcss_oxide::scanner: Discovering "/home/afdal/Laboratorium/PROJECT/extensionadminaksent/src/components/list"
2026-03-01T11:47:56.585867Z  INFO get_files:scan_sources: tailwindcss_oxide::scanner: Discovering "/home/afdal/Laboratorium/PROJECT/extensionadminaksent/src/components/toolbars"
2026-03-01T11:47:56.585990Z  INFO get_files:scan_sources: tailwindcss_oxide::scanner: Discovering "/home/afdal/Laboratorium/PROJECT/extensionadminaksent/src/theme"
2026-03-01T11:47:56.586123Z  INFO get_files:scan_sources: tailwindcss_oxide::scanner: Discovering "/home/afdal/Laboratorium/PROJECT/extensionadminaksent/src/utils"
2026-03-01T11:47:56.586277Z  INFO get_files:scan_sources: tailwindcss_oxide::scanner: Discovering "/home/afdal/Laboratorium/PROJECT/extensionadminaksent/src/databases"
2026-03-01T11:47:56.586365Z  INFO get_files:scan_sources: tailwindcss_oxide::scanner: Discovering "/home/afdal/Laboratorium/PROJECT/extensionadminaksent/src/databases/migrations"
2026-03-01T11:47:56.586479Z  INFO get_files:scan_sources: tailwindcss_oxide::scanner: Discovering "/home/afdal/Laboratorium/PROJECT/extensionadminaksent/src/databases/entities"
2026-03-01T11:47:56.586605Z  INFO get_files:scan_sources: tailwindcss_oxide::scanner: Discovering "/home/afdal/Laboratorium/PROJECT/extensionadminaksent/src/types"
2026-03-01T11:47:56.586687Z  INFO get_files:scan_sources: tailwindcss_oxide::scanner: Discovering "/home/afdal/Laboratorium/PROJECT/extensionadminaksent/src/pages"
2026-03-01T11:47:56.586747Z  INFO get_files:scan_sources: tailwindcss_oxide::scanner: Discovering "/home/afdal/Laboratorium/PROJECT/extensionadminaksent/src/pages/Customer"
2026-03-01T11:47:56.586856Z  INFO get_files:scan_sources: tailwindcss_oxide::scanner: Discovering "/home/afdal/Laboratorium/PROJECT/extensionadminaksent/src/pages/Home"
2026-03-01T11:47:56.586959Z  INFO get_files:scan_sources: tailwindcss_oxide::scanner: Discovering "/home/afdal/Laboratorium/PROJECT/extensionadminaksent/src/pages/Validation"
2026-03-01T11:47:56.587042Z  INFO get_files:scan_sources: tailwindcss_oxide::scanner: Discovering "/home/afdal/Laboratorium/PROJECT/extensionadminaksent/src/pages/Unpaid"
2026-03-01T11:47:56.587123Z  INFO get_files:scan_sources: tailwindcss_oxide::scanner: Discovering "/home/afdal/Laboratorium/PROJECT/extensionadminaksent/src/pages/Payment"
2026-03-01T11:47:56.587384Z  INFO get_files:scan_sources: tailwindcss_oxide::scanner: Discovering "/home/afdal/Laboratorium/PROJECT/extensionadminaksent/public"
2026-03-01T11:47:56.587471Z  INFO get_files:scan_sources: tailwindcss_oxide::scanner: Discovering "/home/afdal/Laboratorium/PROJECT/extensionadminaksent/public/assets"
2026-03-01T11:47:56.587676Z  INFO get_files:scan_sources: tailwindcss_oxide::scanner: Discovering "/home/afdal/Laboratorium/PROJECT/extensionadminaksent/android"
2026-03-01T11:47:56.588076Z  INFO get_files:scan_sources: tailwindcss_oxide::scanner: Discovering "/home/afdal/Laboratorium/PROJECT/extensionadminaksent/android/.kotlin"
2026-03-01T11:47:56.588149Z  INFO get_files:scan_sources: tailwindcss_oxide::scanner: Discovering "/home/afdal/Laboratorium/PROJECT/extensionadminaksent/android/.kotlin/sessions"
2026-03-01T11:47:56.588377Z  INFO get_files:scan_sources: tailwindcss_oxide::scanner: Discovering "/home/afdal/Laboratorium/PROJECT/extensionadminaksent/android/gradle"
2026-03-01T11:47:56.588449Z  INFO get_files:scan_sources: tailwindcss_oxide::scanner: Discovering "/home/afdal/Laboratorium/PROJECT/extensionadminaksent/android/gradle/wrapper"
2026-03-01T11:47:56.588562Z  INFO get_files:scan_sources: tailwindcss_oxide::scanner: Discovering "/home/afdal/Laboratorium/PROJECT/extensionadminaksent/android/app"
2026-03-01T11:47:56.588736Z  INFO get_files:scan_sources: tailwindcss_oxide::scanner: Discovering "/home/afdal/Laboratorium/PROJECT/extensionadminaksent/android/app/src"
2026-03-01T11:47:56.588841Z  INFO get_files:scan_sources: tailwindcss_oxide::scanner: Discovering "/home/afdal/Laboratorium/PROJECT/extensionadminaksent/android/app/src/main"
2026-03-01T11:47:56.588956Z  INFO get_files:scan_sources: tailwindcss_oxide::scanner: Discovering "/home/afdal/Laboratorium/PROJECT/extensionadminaksent/android/app/src/main/res"
2026-03-01T11:47:56.589038Z  INFO get_files:scan_sources: tailwindcss_oxide::scanner: Discovering "/home/afdal/Laboratorium/PROJECT/extensionadminaksent/android/app/src/main/res/drawable-land-xhdpi"
2026-03-01T11:47:56.589122Z  INFO get_files:scan_sources: tailwindcss_oxide::scanner: Discovering "/home/afdal/Laboratorium/PROJECT/extensionadminaksent/android/app/src/main/res/drawable-land-xxhdpi"
2026-03-01T11:47:56.589203Z  INFO get_files:scan_sources: tailwindcss_oxide::scanner: Discovering "/home/afdal/Laboratorium/PROJECT/extensionadminaksent/android/app/src/main/res/drawable-v24"
2026-03-01T11:47:56.589295Z  INFO get_files:scan_sources: tailwindcss_oxide::scanner: Discovering "/home/afdal/Laboratorium/PROJECT/extensionadminaksent/android/app/src/main/res/drawable-port-xxxhdpi"
2026-03-01T11:47:56.589372Z  INFO get_files:scan_sources: tailwindcss_oxide::scanner: Discovering "/home/afdal/Laboratorium/PROJECT/extensionadminaksent/android/app/src/main/res/drawable-land-xxxhdpi"
2026-03-01T11:47:56.589446Z  INFO get_files:scan_sources: tailwindcss_oxide::scanner: Discovering "/home/afdal/Laboratorium/PROJECT/extensionadminaksent/android/app/src/main/res/drawable-port-xxhdpi"
2026-03-01T11:47:56.589522Z  INFO get_files:scan_sources: tailwindcss_oxide::scanner: Discovering "/home/afdal/Laboratorium/PROJECT/extensionadminaksent/android/app/src/main/res/mipmap-hdpi"
2026-03-01T11:47:56.589609Z  INFO get_files:scan_sources: tailwindcss_oxide::scanner: Discovering "/home/afdal/Laboratorium/PROJECT/extensionadminaksent/android/app/src/main/res/drawable-land-hdpi"
2026-03-01T11:47:56.589687Z  INFO get_files:scan_sources: tailwindcss_oxide::scanner: Discovering "/home/afdal/Laboratorium/PROJECT/extensionadminaksent/android/app/src/main/res/xml"
2026-03-01T11:47:56.589781Z  INFO get_files:scan_sources: tailwindcss_oxide::scanner: Discovering "/home/afdal/Laboratorium/PROJECT/extensionadminaksent/android/app/src/main/res/mipmap-xhdpi"
2026-03-01T11:47:56.589877Z  INFO get_files:scan_sources: tailwindcss_oxide::scanner: Discovering "/home/afdal/Laboratorium/PROJECT/extensionadminaksent/android/app/src/main/res/drawable-land-mdpi"
2026-03-01T11:47:56.589958Z  INFO get_files:scan_sources: tailwindcss_oxide::scanner: Discovering "/home/afdal/Laboratorium/PROJECT/extensionadminaksent/android/app/src/main/res/drawable-port-hdpi"
2026-03-01T11:47:56.590032Z  INFO get_files:scan_sources: tailwindcss_oxide::scanner: Discovering "/home/afdal/Laboratorium/PROJECT/extensionadminaksent/android/app/src/main/res/mipmap-xxhdpi"
2026-03-01T11:47:56.590119Z  INFO get_files:scan_sources: tailwindcss_oxide::scanner: Discovering "/home/afdal/Laboratorium/PROJECT/extensionadminaksent/android/app/src/main/res/mipmap-mdpi"
2026-03-01T11:47:56.590205Z  INFO get_files:scan_sources: tailwindcss_oxide::scanner: Discovering "/home/afdal/Laboratorium/PROJECT/extensionadminaksent/android/app/src/main/res/drawable"
2026-03-01T11:47:56.590297Z  INFO get_files:scan_sources: tailwindcss_oxide::scanner: Discovering "/home/afdal/Laboratorium/PROJECT/extensionadminaksent/android/app/src/main/res/drawable-port-xhdpi"
2026-03-01T11:47:56.590373Z  INFO get_files:scan_sources: tailwindcss_oxide::scanner: Discovering "/home/afdal/Laboratorium/PROJECT/extensionadminaksent/android/app/src/main/res/mipmap-xxxhdpi"
2026-03-01T11:47:56.590459Z  INFO get_files:scan_sources: tailwindcss_oxide::scanner: Discovering "/home/afdal/Laboratorium/PROJECT/extensionadminaksent/android/app/src/main/res/layout"
2026-03-01T11:47:56.590548Z  INFO get_files:scan_sources: tailwindcss_oxide::scanner: Discovering "/home/afdal/Laboratorium/PROJECT/extensionadminaksent/android/app/src/main/res/mipmap-anydpi-v26"
2026-03-01T11:47:56.590654Z  INFO get_files:scan_sources: tailwindcss_oxide::scanner: Discovering "/home/afdal/Laboratorium/PROJECT/extensionadminaksent/android/app/src/main/res/drawable-port-mdpi"
2026-03-01T11:47:56.590739Z  INFO get_files:scan_sources: tailwindcss_oxide::scanner: Discovering "/home/afdal/Laboratorium/PROJECT/extensionadminaksent/android/app/src/main/res/values"
2026-03-01T11:47:56.590878Z  INFO get_files:scan_sources: tailwindcss_oxide::scanner: Discovering "/home/afdal/Laboratorium/PROJECT/extensionadminaksent/android/app/src/main/java"
2026-03-01T11:47:56.590946Z  INFO get_files:scan_sources: tailwindcss_oxide::scanner: Discovering "/home/afdal/Laboratorium/PROJECT/extensionadminaksent/android/app/src/main/java/io"
2026-03-01T11:47:56.591014Z  INFO get_files:scan_sources: tailwindcss_oxide::scanner: Discovering "/home/afdal/Laboratorium/PROJECT/extensionadminaksent/android/app/src/main/java/io/ionic"
2026-03-01T11:47:56.591084Z  INFO get_files:scan_sources: tailwindcss_oxide::scanner: Discovering "/home/afdal/Laboratorium/PROJECT/extensionadminaksent/android/app/src/main/java/io/ionic/starter"
2026-03-01T11:47:56.591197Z  INFO get_files:scan_sources: tailwindcss_oxide::scanner: Discovering "/home/afdal/Laboratorium/PROJECT/extensionadminaksent/android/app/src/main/assets"
2026-03-01T11:47:56.591349Z  INFO get_files:scan_sources: tailwindcss_oxide::scanner: Discovering "/home/afdal/Laboratorium/PROJECT/extensionadminaksent/android/app/src/androidTest"
2026-03-01T11:47:56.591414Z  INFO get_files:scan_sources: tailwindcss_oxide::scanner: Discovering "/home/afdal/Laboratorium/PROJECT/extensionadminaksent/android/app/src/androidTest/java"
2026-03-01T11:47:56.591479Z  INFO get_files:scan_sources: tailwindcss_oxide::scanner: Discovering "/home/afdal/Laboratorium/PROJECT/extensionadminaksent/android/app/src/androidTest/java/com"
2026-03-01T11:47:56.591553Z  INFO get_files:scan_sources: tailwindcss_oxide::scanner: Discovering "/home/afdal/Laboratorium/PROJECT/extensionadminaksent/android/app/src/androidTest/java/com/getcapacitor"
2026-03-01T11:47:56.591621Z  INFO get_files:scan_sources: tailwindcss_oxide::scanner: Discovering "/home/afdal/Laboratorium/PROJECT/extensionadminaksent/android/app/src/androidTest/java/com/getcapacitor/myapp"
2026-03-01T11:47:56.591737Z  INFO get_files:scan_sources: tailwindcss_oxide::scanner: Discovering "/home/afdal/Laboratorium/PROJECT/extensionadminaksent/android/app/src/test"
2026-03-01T11:47:56.591805Z  INFO get_files:scan_sources: tailwindcss_oxide::scanner: Discovering "/home/afdal/Laboratorium/PROJECT/extensionadminaksent/android/app/src/test/java"
2026-03-01T11:47:56.591881Z  INFO get_files:scan_sources: tailwindcss_oxide::scanner: Discovering "/home/afdal/Laboratorium/PROJECT/extensionadminaksent/android/app/src/test/java/com"
2026-03-01T11:47:56.591950Z  INFO get_files:scan_sources: tailwindcss_oxide::scanner: Discovering "/home/afdal/Laboratorium/PROJECT/extensionadminaksent/android/app/src/test/java/com/getcapacitor"
2026-03-01T11:47:56.592015Z  INFO get_files:scan_sources: tailwindcss_oxide::scanner: Discovering "/home/afdal/Laboratorium/PROJECT/extensionadminaksent/android/app/src/test/java/com/getcapacitor/myapp"
2026-03-01T11:47:56.592481Z  INFO get_files:scan_sources: tailwindcss_oxide::scanner: exit
2026-03-01T11:47:56.592678Z  INFO get_files: tailwindcss_oxide::scanner: exit
2026-03-01T11:47:56.592969Z  INFO get_globs: tailwindcss_oxide::scanner: enter
2026-03-01T11:47:56.592991Z  INFO get_globs: tailwindcss_oxide::scanner: exit
